sample_id,sequence_id,frame_index,timestamp_s,backend,variant,homography_backend,homography_requested,homography_fallback_used,object_expected,object_detected,condition,l1_hit,l1_miss,l2_success,l2_fail,l2_latency_ms,l3_success,l3_fail,l3_latency_ms,matches,inliers,inlier_ratio,reprojection_error,quadrilateral_area,geometry_valid,top1,top2,top1_score,top2_score,top1_top2_margin,final_candidate,l3_best_candidate,l3_corrected_top1,score,threshold_used,true_positive,true_negative,false_positive,false_negative,total_latency_ms,cpu_percent,ram_mb,fps,time_to_first_detection,time_to_trigger,miss_streak,longest_miss_streak
negatives/aucune_plaque/20260823T132011Z/frame_0000.jpg,20260823T132011Z,0,0.0,akaze,C,magsac,magsac,False,,,aucune_plaque,False,True,False,True,1579.0618049941259,False,True,0.0012219970813021064,0,0,0.0,,,False,,,,,,,,False,0.0,,False,True,False,False,1588.5869720077608,368.2691475560851,1877.09375,0.6294902436069548,,,0,0
negatives/aucune_plaque/20260823T132011Z/frame_0001.jpg,20260823T132011Z,1,0.5,akaze,C,magsac,magsac,False,,,aucune_plaque,False,True,False,True,1599.459871998988,False,True,0.001371008693240583,0,0,0.0,,,False,,,,,,,,False,0.0,,False,True,False,False,1609.25687100098,371.36432353914495,1877.09375,0.6214048347533145,,,0,0
negatives/aucune_plaque/20260823T132011Z/frame_0002.jpg,20260823T132011Z,2,1.0,akaze,C,magsac,magsac,False,,,aucune_plaque,False,True,False,True,1599.5365010021487,False,True,0.0009260111255571246,0,0,0.0,,,False,,,,,,,,False,0.0,,False,True,False,False,1609.3006290029734,370.80594591558855,1877.09375,0.6213879383242026,,,0,0
negatives/aucune_plaque/20260823T132011Z/frame_0003.jpg,20260823T132011Z,3,1.5,akaze,C,magsac,magsac,False,,,aucune_plaque,False,True,False,True,1560.5013000022154,False,True,0.0008700008038431406,0,0,0.0,,,False,,,,,,,,False,0.0,,False,True,False,False,1569.9010050011566,370.6475853868074,1877.09375,0.636982839563991,,,0,0
negatives/aucune_plaque/20260823T132011Z/frame_0004.jpg,20260823T132011Z,4,2.0,akaze,C,magsac,magsac,False,,,aucune_plaque,False,True,False,True,1561.992567993002,False,True,0.0007959897629916668,0,0,0.0,,,False,,,,,,,,False,0.0,,False,True,False,False,1571.7628269921988,367.6136767439072,1877.09375,0.6362283054585585,,,0,0
negatives/aucune_plaque/20260823T132011Z/frame_0005.jpg,20260823T132011Z,5,2.5,akaze,C,magsac,magsac,False,,,aucune_plaque,False,True,True,False,1579.6875399973942,False,True,15.720612995210104,80,7,0.0875,0.0015322741819545627,5142.313345515024,True,plate_vampire,,0.5384615384615384,,,,plate_vampire,False,0.01375,0.2,False,True,False,False,1605.0680409971392,368.80046264721307,1877.09375,0.6230265474470202,,,0,0
negatives/aucune_plaque/20260823T132011Z/frame_0006.jpg,20260823T132011Z,6,3.0,akaze,C,magsac,magsac,False,,,aucune_plaque,False,True,False,True,1543.3754719997523,False,True,0.0011669908417388797,0,0,0.0,,,False,,,,,,,,False,0.0,,False,True,False,False,1553.1708040070953,370.1169216012209,1877.09375,0.6438441911347129,,,0,0
negatives/aucune_plaque/20260823T132011Z/frame_0007.jpg,20260823T132011Z,7,3.5,akaze,C,magsac,magsac,False,,,aucune_plaque,False,True,False,True,1580.8658660098445,False,True,0.0008700008038431406,0,0,0.0,,,False,,,,,,,,False,0.0,,False,True,False,False,1590.292645007139,370.84144547329623,1877.09375,0.6288150820162479,,,0,0
negatives/aucune_plaque/20260823T132011Z/frame_0008.jpg,20260823T132011Z,8,4.0,akaze,C,magsac,magsac,False,,,aucune_plaque,False,True,False,True,1564.5520529942587,False,True,0.0007410126272588968,0,0,0.0,,,False,,,,,,,,False,0.0,,False,True,False,False,1574.164831006783,370.6077948183348,1877.09375,0.6352574903864632,,,0,0
negatives/aucune_plaque/20260823T132011Z/frame_0009.jpg,20260823T132011Z,9,4.5,akaze,C,magsac,magsac,False,,,aucune_plaque,False,True,False,True,1537.3343200044474,False,True,0.0009630020940676332,0,0,0.0,,,False,,,,,,,,False,0.0,,False,True,False,False,1546.9834319956135,369.9098255123536,1877.09375,0.646419334116589,,,0,0
negatives/aucune_plaque/20260823T132011Z/frame_0010.jpg,20260823T132011Z,10,5.0,akaze,C,magsac,magsac,False,,,aucune_plaque,False,True,False,True,1524.87487399776,False,True,0.0007220078259706497,0,0,0.0,,,False,,,,,,,,False,0.0,,False,True,False,False,1534.5607069903053,369.9230789072889,1877.09375,0.6516522907466297,,,0,0
negatives/aucune_plaque/20260823T132011Z/frame_0011.jpg,20260823T132011Z,11,5.5,akaze,C,magsac,magsac,False,,,aucune_plaque,True,False,False,True,2.5719480036059394,False,True,0.002111002686433494,0,0,0.0,,,False,,,,,,,,False,0.0,,False,True,False,False,12.415149991284125,250.01070483873332,1877.09375,80.54675140469793,,,0,0
negatives/aucune_plaque/20260823T132011Z/frame_0012.jpg,20260823T132011Z,12,6.0,akaze,C,magsac,magsac,False,,,aucune_plaque,True,False,False,True,2.635985001688823,False,True,0.0023890024749562144,0,0,0.0,,,False,,,,,,,,False,0.0,,False,True,False,False,12.545112011139281,246.39049832760884,1877.09375,79.71232134970673,,,0,0
negatives/aucune_plaque/20260823T132011Z/frame_0013.jpg,20260823T132011Z,13,6.5,akaze,C,magsac,magsac,False,,,aucune_plaque,False,True,True,False,1499.5569449965842,False,True,9.461519002798013,64,7,0.109375,0.0011254326673224568,1258.104392213747,True,plate_vampire,,0.5384615384615384,,,,plate_vampire,False,0.00875,0.2,False,True,False,False,1518.262893994688,368.1520435695733,1877.09375,0.658647460828677,,,0,0
negatives/aucune_plaque/20260823T132011Z/frame_0014.jpg,20260823T132011Z,14,7.0,akaze,C,magsac,magsac,False,,,aucune_plaque,False,True,True,False,1516.6979010100476,False,True,14.027753000846133,48,6,0.125,0.08198990672826767,1869.9604353019968,True,plate_chaudron,,0.5,,,,plate_chaudron,False,0.01,0.2,False,True,False,False,1540.171451997594,368.3644484931574,1877.09375,0.6492783635893299,,,0,0
negatives/aucune_plaque/20260823T132011Z/frame_0015.jpg,20260823T132011Z,15,7.5,akaze,C,magsac,magsac,False,,,aucune_plaque,False,True,False,True,1504.6658040082548,False,True,0.000833999365568161,0,0,0.0,,,False,,,,,,,,False,0.0,,False,True,False,False,1513.889455003664,368.6989802030479,1877.09375,0.6605502117045791,,,0,0
negatives/aucune_plaque/20260823T132011Z/frame_0016.jpg,20260823T132011Z,16,8.0,akaze,C,magsac,magsac,False,,,aucune_plaque,False,True,False,True,1495.6674669956556,False,True,0.0008700008038431406,0,0,0.0,,,False,,,,,,,,False,0.0,,False,True,False,False,1505.2558189927367,369.1926259895633,1877.09375,0.6643389033162245,,,0,0
negatives/aucune_plaque/20260823T132011Z/frame_0017.jpg,20260823T132011Z,17,8.5,akaze,C,magsac,magsac,False,,,aucune_plaque,False,True,False,True,1511.4185610000277,False,True,0.0009630020940676332,0,0,0.0,,,False,,,,,,,,False,0.0,,False,True,False,False,1520.706600000267,369.48022583705733,1877.09375,0.6575890444611896,,,0,0
negatives/aucune_plaque/20260823T132011Z/frame_0018.jpg,20260823T132011Z,18,9.0,akaze,C,magsac,magsac,False,,,aucune_plaque,False,True,True,False,1512.6874420093372,False,True,20.531362999463454,82,8,0.0975609756097561,0.11834767460823059,836.512889157515,True,plate_bois,,0.5714285714285714,,,,plate_bois,False,0.005312084993359893,0.2,False,True,False,False,1542.8706200036686,367.92358266479164,1877.09375,0.648142486501961,,,0,0
negatives/aucune_plaque/20260823T132011Z/frame_0019.jpg,20260823T132011Z,19,9.5,akaze,C,magsac,magsac,False,,,aucune_plaque,False,True,True,False,1532.7794190088753,False,True,21.445394988404587,95,8,0.08421052631578947,0.021229390054941177,1341.9073611260392,True,plate_bois,,0.5714285714285714,,,,plate_bois,False,0.013215859030837005,0.2,False,True,False,False,1563.6254619894316,368.05235837473765,1877.09375,0.6395393425786762,,,0,0
plate_bougie/frontal/20260823T135503Z/frame_0000.jpg,20260823T135503Z,0,0.0,akaze,C,magsac,magsac,False,plate_bougie,plate_bougie,frontal,False,True,True,False,2358.556071005296,True,False,23.983491002582014,173,80,0.4624277456647399,1.074865698814392,255934.29218589538,True,plate_bougie,,0.9302325581395349,,,plate_bougie,plate_bougie,False,0.30875,0.2,True,False,False,False,2392.8877060097875,378.1949479397334,1877.09375,0.4179051100009746,0.0,,0,0
plate_bougie/frontal/20260823T135503Z/frame_0001.jpg,20260823T135503Z,1,0.5,akaze,C,magsac,magsac,False,plate_bougie,,frontal,True,False,False,True,828.9009500003885,False,True,0.000833999365568161,0,0,0.0,,,False,,,,,,,,False,0.0,,False,False,False,True,839.0754650026793,357.7393176417593,1877.09375,1.1917879162356473,,,1,1
plate_bougie/frontal/20260823T135503Z/frame_0002.jpg,20260823T135503Z,2,1.0,akaze,C,magsac,magsac,False,plate_bougie,,frontal,True,False,False,True,832.0691910048481,False,True,0.0008150091161951423,0,0,0.0,,,False,,,,,,,,False,0.0,,False,False,False,True,842.356426990591,356.1886588458969,1877.09375,1.1871459253568084,,,2,2
plate_bougie/frontal/20260823T135503Z/frame_0003.jpg,20260823T135503Z,3,1.5,akaze,C,magsac,magsac,False,plate_bougie,,frontal,True,False,False,True,807.6924420020077,False,True,0.0008700008038431406,0,0,0.0,,,False,,,,,,,,False,0.0,,False,False,False,True,817.7302919939393,355.4294391996837,1877.09375,1.2228970967452084,,,3,3
plate_bougie/frontal/20260823T135503Z/frame_0004.jpg,20260823T135503Z,4,2.0,akaze,C,magsac,magsac,False,plate_bougie,plate_bougie,frontal,False,True,True,False,2348.1833889964037,True,False,24.257842000224628,173,83,0.4797687861271676,1.0066227912902832,249687.5810988922,True,plate_bougie,,0.9325842696629213,,,plate_bougie,plate_bougie,False,0.34875,0.2,True,False,False,False,2382.317729003262,378.05722403653755,1877.09375,0.41975929063768924,,,0,3
plate_bougie/frontal/20260823T135503Z/frame_0005.jpg,20260823T135503Z,5,2.5,akaze,C,magsac,magsac,False,plate_bougie,plate_bougie,frontal,False,True,True,False,2324.417544004973,True,False,24.04776800540276,186,89,0.478494623655914,1.1448843479156494,249427.718595376,True,plate_bougie,,0.9368421052631579,,,plate_bougie,plate_bougie,False,0.36625,0.2,True,False,False,False,2358.788864003145,377.5902619314777,1877.09375,0.4239463799667432,,,0,3
plate_bougie/frontal/20260823T135503Z/frame_0006.jpg,20260823T135503Z,6,3.0,akaze,C,magsac,magsac,False,plate_bougie,,frontal,True,False,False,True,830.6127160030883,False,True,0.0008520000847056508,0,0,0.0,,,False,,,,,,,,False,0.0,,False,False,False,True,840.9958049887791,356.1627298533264,1877.09375,1.1890665733027554,,,1,3
plate_bougie/frontal/20260823T135503Z/frame_0007.jpg,20260823T135503Z,7,3.5,akaze,C,magsac,magsac,False,plate_bougie,,frontal,True,False,False,True,873.2166740082903,False,True,0.0009450013749301434,0,0,0.0,,,False,,,,,,,,False,0.0,,False,False,False,True,883.2929669879377,358.8885381721008,1877.09375,1.1321272073636426,,,2,3
plate_bougie/frontal/20260823T135503Z/frame_0008.jpg,20260823T135503Z,8,4.0,akaze,C,magsac,magsac,False,plate_bougie,,frontal,True,False,False,True,812.5441539887106,False,True,0.00100000761449337,0,0,0.0,,,False,,,,,,,,False,0.0,,False,False,False,True,822.8301320050377,356.06550332093,1877.09375,1.215317671416872,,,3,3
plate_bougie/frontal/20260823T135503Z/frame_0009.jpg,20260823T135503Z,9,4.5,akaze,C,magsac,magsac,False,plate_bougie,,frontal,True,False,False,True,813.1980579928495,False,True,0.0008890056051313877,0,0,0.0,,,False,,,,,,,,False,0.0,,False,False,False,True,823.2047780038556,355.89254001952384,1877.09375,1.2147645722184042,,,4,4
plate_bougie/frontal/20260823T135503Z/frame_0010.jpg,20260823T135503Z,10,5.0,akaze,C,magsac,magsac,False,plate_bougie,plate_bougie,frontal,False,True,True,False,2337.469300007797,True,False,23.77499199064914,173,90,0.5202312138728323,1.1606545448303223,245421.51844192483,True,plate_bougie,,0.9375,,,plate_bougie,plate_bougie,False,0.36375,0.2,True,False,False,False,2371.760046997224,377.65938495086147,1877.09375,0.4216278123354232,,,0,4
plate_bougie/frontal/20260823T135503Z/frame_0011.jpg,20260823T135503Z,11,5.5,akaze,C,magsac,magsac,False,plate_bougie,,frontal,True,False,False,True,787.3649109969847,False,True,0.0012959935702383518,0,0,0.0,,,False,,,,,,,,False,0.0,,False,False,False,True,797.2238160000416,355.0689122914831,1877.09375,1.2543528930399488,,,1,4
plate_bougie/frontal/20260823T135503Z/frame_0012.jpg,20260823T135503Z,12,6.0,akaze,C,magsac,magsac,False,plate_bougie,,frontal,True,False,False,True,848.0258189956658,False,True,0.0006479967851191759,0,0,0.0,,,False,,,,,,,,False,0.0,,False,False,False,True,858.1367040023906,356.6833657998949,1877.09375,1.1653154973280506,,,2,4
plate_bougie/frontal/20260823T135503Z/frame_0013.jpg,20260823T135503Z,13,6.5,akaze,C,magsac,magsac,False,plate_bougie,,frontal,True,False,False,True,822.3410420032451,False,True,0.0006860063876956701,0,0,0.0,,,False,,,,,,,,False,0.0,,False,False,False,True,832.2248730110005,356.01462694577,1877.09375,1.2015983088585023,,,3,4
plate_bougie/frontal/20260823T135503Z/frame_0014.jpg,20260823T135503Z,14,7.0,akaze,C,magsac,magsac,False,plate_bougie,plate_bougie,frontal,False,True,True,False,2327.9998540092492,True,False,23.993880007765256,153,80,0.5228758169934641,0.9922291040420532,244768.38531113695,True,plate_bougie,,0.9302325581395349,,,plate_bougie,plate_bougie,False,0.355,0.2,True,False,False,False,2362.3839329957264,377.5207820555452,1877.09375,0.42330121959977324,,,0,4
plate_bougie/frontal/20260823T135503Z/frame_0015.jpg,20260823T135503Z,15,7.5,akaze,C,magsac,magsac,False,plate_bougie,,frontal,True,False,False,True,837.5251380057307,False,True,0.0007959897629916668,0,0,0.0,,,False,,,,,,,,False,0.0,,False,False,False,True,847.4236359907081,355.792526305351,1877.09375,1.180047331144968,,,1,4
plate_bougie/frontal/20260823T135503Z/frame_0016.jpg,20260823T135503Z,16,8.0,akaze,C,magsac,magsac,False,plate_bougie,,frontal,True,False,False,True,828.3851169981062,False,True,0.001148000592365861,0,0,0.0,,,False,,,,,,,,False,0.0,,False,False,False,True,838.518392003607,354.6310773094173,1877.09375,1.1925796852356918,,,2,4
plate_bougie/frontal/20260823T135503Z/frame_0017.jpg,20260823T135503Z,17,8.5,akaze,C,magsac,magsac,False,plate_bougie,,frontal,True,False,False,True,807.337443009601,False,True,0.0008329952834174037,0,0,0.0,,,False,,,,,,,,False,0.0,,False,False,False,True,817.2886249958538,354.74312554083554,1877.09375,1.223557956658302,,,3,4
plate_bougie/frontal/20260823T135503Z/frame_0018.jpg,20260823T135503Z,18,9.0,akaze,C,magsac,magsac,False,plate_bougie,,frontal,True,False,False,True,845.6938869931037,False,True,0.0010190124157816172,0,0,0.0,,,False,,,,,,,,False,0.0,,False,False,False,True,855.8685689931735,356.21597409360123,1877.09375,1.1684036968157152,,,4,4
plate_bougie/frontal/20260823T135503Z/frame_0019.jpg,20260823T135503Z,19,9.5,akaze,C,magsac,magsac,False,plate_bougie,,frontal,True,False,False,True,848.9752380119171,False,True,0.000667001586407423,0,0,0.0,,,False,,,,,,,,False,0.0,,False,False,False,True,858.8736630044878,355.7726158828586,1877.09375,1.164315595033882,,,5,5
plate_bougie/main_sur_bord/20260823T135543Z/frame_0000.jpg,20260823T135543Z,0,0.0,akaze,C,magsac,magsac,False,plate_bougie,,main_sur_bord,False,True,True,False,2293.8907900097547,False,True,24.682060990016907,151,73,0.48344370860927155,0.8798307776451111,320826.40852710156,True,plate_bougie,,0.9240506329113924,,,,plate_bougie,False,0.17125,0.2,False,False,False,True,2329.10388300661,376.77632457818027,1877.09375,0.4293496770565308,,,1,1
plate_bougie/main_sur_bord/20260823T135543Z/frame_0001.jpg,20260823T135543Z,1,0.5,akaze,C,magsac,magsac,False,plate_bougie,,main_sur_bord,False,True,True,False,2273.8771830045152,False,True,24.38328499556519,170,71,0.4176470588235294,1.0679395198822021,320232.2489408272,True,plate_bougie,,0.922077922077922,,,,plate_bougie,False,0.15625,0.2,False,False,False,True,2308.4037429944146,376.95413388614776,1877.09375,0.4331997827653928,,,2,2
plate_bougie/main_sur_bord/20260823T135543Z/frame_0002.jpg,20260823T135543Z,2,1.0,akaze,C,magsac,magsac,False,plate_bougie,,main_sur_bord,False,True,True,False,2328.3933109923964,False,True,24.32687701366376,167,74,0.4431137724550898,0.8545593023300171,320723.85805653455,True,plate_bougie,,0.925,,,,plate_bougie,False,0.165,0.2,False,False,False,True,2363.2587760075694,377.1966733181608,1877.09375,0.4231445198267179,,,3,3
plate_bougie/main_sur_bord/20260823T135543Z/frame_0003.jpg,20260823T135543Z,3,1.5,akaze,C,magsac,magsac,False,plate_bougie,,main_sur_bord,False,True,True,False,2292.860256988206,False,True,23.96147299441509,165,76,0.46060606060606063,1.2466241121292114,326104.3183205231,True,plate_bougie,,0.926829268292683,,,,plate_bougie,False,0.15375,0.2,False,False,False,True,2327.193058008561,376.8576660118138,1877.09375,0.4297022099471738,,,4,4
plate_bougie/main_sur_bord/20260823T135543Z/frame_0004.jpg,20260823T135543Z,4,2.0,akaze,C,magsac,magsac,False,plate_bougie,,main_sur_bord,False,True,True,False,2266.1602629959816,False,True,27.709043002687395,45,8,0.17777777777777778,0.8981938362121582,2884.150058024312,True,plate_bois,,0.5714285714285714,,,,plate_bois,False,0.012016021361815754,0.2,False,False,False,True,2304.25856099464,376.6606234177789,1877.09375,0.4339790754941785,,,5,5
plate_bougie/main_sur_bord/20260823T135543Z/frame_0005.jpg,20260823T135543Z,5,2.5,akaze,C,magsac,magsac,False,plate_bougie,,main_sur_bord,False,True,False,True,2297.5502659974154,False,True,0.0009259965736418962,0,0,0.0,,,False,,,,,,,,False,0.0,,False,False,False,True,2307.8589649958303,378.23912940086444,1877.09375,0.43330204105509834,,,6,6
plate_bougie/main_sur_bord/20260823T135543Z/frame_0006.jpg,20260823T135543Z,6,3.0,akaze,C,magsac,magsac,False,plate_bougie,,main_sur_bord,False,True,False,True,2335.741914997925,False,True,0.0009630020940676332,0,0,0.0,,,False,,,,,,,,False,0.0,,False,False,False,True,2346.296686999267,378.86564044757444,1877.09375,0.4262035596525191,,,7,7
plate_bougie/main_sur_bord/20260823T135543Z/frame_0007.jpg,20260823T135543Z,7,3.5,akaze,C,magsac,magsac,False,plate_bougie,,main_sur_bord,False,True,False,True,2263.1772409949917,False,True,0.0007780035957694054,0,0,0.0,,,False,,,,,,,,False,0.0,,False,False,False,True,2273.3303860004526,377.99939414517917,1877.09375,0.43988326824739893,,,8,8
plate_bougie/main_sur_bord/20260823T135543Z/frame_0008.jpg,20260823T135543Z,8,4.0,akaze,C,magsac,magsac,False,plate_bougie,,main_sur_bord,False,True,True,False,2137.2330249869265,False,True,23.316680002608337,154,60,0.38961038961038963,1.1075724363327026,316354.2562561208,True,plate_bougie,,0.9090909090909091,,,,plate_bougie,False,0.13625,0.2,False,False,False,True,2170.684201992117,375.3817874346683,1877.09375,0.4606842391363346,,,9,9
plate_bougie/main_sur_bord/20260823T135543Z/frame_0009.jpg,20260823T135543Z,9,4.5,akaze,C,magsac,magsac,False,plate_bougie,,main_sur_bord,False,True,True,False,2267.8486020013224,False,True,24.519913000403903,155,70,0.45161290322580644,1.0329582691192627,314516.73356358206,True,plate_bougie,,0.9210526315789473,,,,plate_bougie,False,0.1525,0.2,False,False,False,True,2302.6733080041595,376.2992642456223,1877.09375,0.4342778441579059,,,10,10
plate_bougie/main_sur_bord/20260823T135543Z/frame_0010.jpg,20260823T135543Z,10,5.0,akaze,C,magsac,magsac,False,plate_bougie,,main_sur_bord,False,True,True,False,2315.204975006054,False,True,23.999990997253917,164,70,0.4268292682926829,1.0592117309570312,315205.9297312953,True,plate_bougie,,0.9210526315789473,,,,plate_bougie,False,0.15125,0.2,False,False,False,True,2349.7391080018133,376.98890620809993,1877.09375,0.4255791617863426,,,11,11
plate_bougie/main_sur_bord/20260823T135543Z/frame_0011.jpg,20260823T135543Z,11,5.5,akaze,C,magsac,magsac,False,plate_bougie,,main_sur_bord,False,True,True,False,2288.3635930047603,False,True,23.708436987362802,156,72,0.46153846153846156,0.996056318283081,317327.4881974775,True,plate_bougie,,0.9230769230769231,,,,plate_bougie,False,0.1325,0.2,False,False,False,True,2322.269304000656,376.86487591783487,1877.09375,0.43061327912196246,,,12,12
plate_bougie/main_sur_bord/20260823T135543Z/frame_0012.jpg,20260823T135543Z,12,6.0,akaze,C,magsac,magsac,False,plate_bougie,,main_sur_bord,False,True,True,False,2297.337707001134,False,True,24.56354298919905,151,71,0.47019867549668876,1.0085102319717407,322987.6775783235,True,plate_bougie,,0.922077922077922,,,,plate_bougie,False,0.16375,0.2,False,False,False,True,2332.3507079912815,375.99855373177417,1877.09375,0.42875198681472826,,,13,13
plate_bougie/main_sur_bord/20260823T135543Z/frame_0013.jpg,20260823T135543Z,13,6.5,akaze,C,magsac,magsac,False,plate_bougie,,main_sur_bord,False,True,True,False,2209.9640450032894,False,True,23.586270996020176,141,53,0.375886524822695,1.0558465719223022,318274.9809666651,True,plate_bougie,,0.8983050847457628,,,,plate_bougie,False,0.1175,0.2,False,False,False,True,2243.5761840024497,375.9616745419522,1877.09375,0.4457169794947815,,,14,14
plate_bougie/main_sur_bord/20260823T135543Z/frame_0014.jpg,20260823T135543Z,14,7.0,akaze,C,magsac,magsac,False,plate_bougie,,main_sur_bord,False,True,True,False,2282.9930480074836,False,True,24.353859000257216,162,68,0.41975308641975306,0.9483922719955444,319720.9876764874,True,plate_bougie,,0.918918918918919,,,,plate_bougie,False,0.1525,0.2,False,False,False,True,2317.786512998282,376.67257778225274,1877.09375,0.43144612085364276,,,15,15
plate_bougie/main_sur_bord/20260823T135543Z/frame_0015.jpg,20260823T135543Z,15,7.5,akaze,C,magsac,magsac,False,plate_bougie,,main_sur_bord,False,True,True,False,2290.418190008495,False,True,24.00967600988224,155,64,0.4129032258064516,0.9399197101593018,319926.9452960214,True,plate_bougie,,0.9142857142857143,,,,plate_bougie,False,0.1625,0.2,False,False,False,True,2324.6640650031622,376.25016868784127,1877.09375,0.43016968131205646,,,16,16
plate_bougie/main_sur_bord/20260823T135543Z/frame_0016.jpg,20260823T135543Z,16,8.0,akaze,C,magsac,magsac,False,plate_bougie,,main_sur_bord,False,True,True,False,2317.384922003839,False,True,23.86991800449323,159,61,0.3836477987421384,0.9444351196289062,317456.8226885688,True,plate_bougie,,0.9104477611940298,,,,plate_bougie,False,0.15,0.2,False,False,False,True,2352.0567579980707,376.9903859610548,1877.09375,0.4251598081549443,,,17,17
plate_bougie/main_sur_bord/20260823T135543Z/frame_0017.jpg,20260823T135543Z,17,8.5,akaze,C,magsac,magsac,False,plate_bougie,,main_sur_bord,False,True,False,True,2256.3950899930205,False,True,0.0008889910532161593,0,0,0.0,,,False,,,,,,,,False,0.0,,False,False,False,True,2266.275439003948,377.3908367801512,1877.09375,0.44125263098624523,,,18,18
plate_bougie/main_sur_bord/20260823T135543Z/frame_0018.jpg,20260823T135543Z,18,9.0,akaze,C,magsac,magsac,False,plate_bougie,,main_sur_bord,False,True,False,True,2233.6194239906035,False,True,0.0012030068319290876,0,0,0.0,,,False,,,,,,,,False,0.0,,False,False,False,True,2244.239010993624,377.286286109572,1877.09375,0.4455853387724758,,,19,19
plate_bougie/main_sur_bord/20260823T135543Z/frame_0019.jpg,20260823T135543Z,19,9.5,akaze,C,magsac,magsac,False,plate_bougie,,main_sur_bord,False,True,False,True,2201.7453860025853,False,True,0.0008890056051313877,0,0,0.0,,,False,,,,,,,,False,0.0,,False,False,False,True,2211.7150870035402,377.05164620901337,1877.09375,0.4521378028644787,,,20,20
plate_bougie/occlusion_angle/20260823T135620Z/frame_0000.jpg,20260823T135620Z,0,0.0,akaze,C,magsac,magsac,False,plate_bougie,plate_bougie,occlusion_angle,False,True,True,False,2383.742036006879,True,False,24.48156200989615,187,109,0.5828877005347594,1.164963722229004,325242.42308685544,True,plate_bougie,,0.9478260869565217,,,plate_bougie,plate_bougie,False,0.315,0.2,True,False,False,False,2418.7650550011313,376.6093681635301,1877.09375,0.41343411917265865,0.0,,0,0
plate_bougie/occlusion_angle/20260823T135620Z/frame_0001.jpg,20260823T135620Z,1,0.5,akaze,C,magsac,magsac,False,plate_bougie,plate_bougie,occlusion_angle,False,True,True,False,2268.3125549956458,True,False,24.397117987973616,170,100,0.5882352941176471,1.3020939826965332,325065.66591878625,True,plate_bougie,,0.9433962264150944,,,plate_bougie,plate_bougie,False,0.28,0.2,True,False,False,False,2302.7499120071298,376.28926622984466,1877.09375,0.4342633973345273,,,0,0
plate_bougie/occlusion_angle/20260823T135620Z/frame_0002.jpg,20260823T135620Z,2,1.0,akaze,C,magsac,magsac,False,plate_bougie,,occlusion_angle,False,True,False,True,2180.7822459959425,False,True,0.0010189978638663888,0,0,0.0,,,False,,,,,,,,False,0.0,,False,False,False,True,2190.9100390039384,376.921159426263,1877.09375,0.45643133775343586,,,1,1
plate_bougie/occlusion_angle/20260823T135620Z/frame_0003.jpg,20260823T135620Z,3,1.5,akaze,C,magsac,magsac,False,plate_bougie,,occlusion_angle,False,True,False,True,2300.550812011352,False,True,0.0008149945642799139,0,0,0.0,,,False,,,,,,,,False,0.0,,False,False,False,True,2310.7018459995743,377.86296670494704,1877.09375,0.43276894495551643,,,2,2
plate_bougie/occlusion_angle/20260823T135620Z/frame_0004.jpg,20260823T135620Z,4,2.0,akaze,C,magsac,magsac,False,plate_bougie,,occlusion_angle,False,True,False,True,2245.0959839916322,False,True,0.0008890056051313877,0,0,0.0,,,False,,,,,,,,False,0.0,,False,False,False,True,2255.2341100090416,377.74904650434917,1877.09375,0.44341294571674905,,,3,3
plate_bougie/occlusion_angle/20260823T135620Z/frame_0005.jpg,20260823T135620Z,5,2.5,akaze,C,magsac,magsac,False,plate_bougie,,occlusion_angle,False,True,False,True,2274.952644002042,False,True,0.0008700008038431406,0,0,0.0,,,False,,,,,,,,False,0.0,,False,False,False,True,2285.223954997491,377.5588344035817,1877.09375,0.4375938725012612,,,4,4
plate_bougie/occlusion_angle/20260823T135620Z/frame_0006.jpg,20260823T135620Z,6,3.0,akaze,C,magsac,magsac,False,plate_bougie,,occlusion_angle,False,True,True,False,2255.3986640123185,False,True,18.276394010172226,63,7,0.1111111111111111,0.0004536764172371477,711.1976435959805,True,plate_chaudron,,0.5384615384615384,,,,plate_chaudron,False,0.01375,0.2,False,False,False,True,2284.1500909999013,376.37308112430736,1877.09375,0.4377996016725169,,,5,5
plate_bougie/occlusion_angle/20260823T135620Z/frame_0007.jpg,20260823T135620Z,7,3.5,akaze,C,magsac,magsac,False,plate_bougie,,occlusion_angle,False,True,False,True,2316.8426970078144,False,True,0.0006479967851191759,0,0,0.0,,,False,,,,,,,,False,0.0,,False,False,False,True,2327.0310090010753,378.2063832822769,1877.09375,0.42973213340602195,,,6,6
plate_bougie/occlusion_angle/20260823T135620Z/frame_0008.jpg,20260823T135620Z,8,4.0,akaze,C,magsac,magsac,False,plate_bougie,,occlusion_angle,False,True,False,True,2312.6389929966535,False,True,0.0010189978638663888,0,0,0.0,,,False,,,,,,,,False,0.0,,False,False,False,True,2323.0671729979804,377.61344325137117,1877.09375,0.43046538284533253,,,7,7
plate_bougie/occlusion_angle/20260823T135620Z/frame_0009.jpg,20260823T135620Z,9,4.5,akaze,C,magsac,magsac,False,plate_bougie,,occlusion_angle,False,True,False,True,2231.2042209960055,False,True,0.0008150091161951423,0,0,0.0,,,False,,,,,,,,False,0.0,,False,False,False,True,2241.131549992133,377.4711705803123,1877.09375,0.44620316911049257,,,8,8
plate_bougie/occlusion_angle/20260823T135620Z/frame_0010.jpg,20260823T135620Z,10,5.0,akaze,C,magsac,magsac,False,plate_bougie,plate_bougie,occlusion_angle,False,True,True,False,2355.3530430071987,True,False,24.44190099777188,205,116,0.5658536585365853,1.06099534034729,327387.57991316804,True,plate_bougie,,0.9508196721311475,,,plate_bougie,plate_bougie,False,0.3125,0.2,True,False,False,False,2390.216899002553,376.67405480051445,1877.09375,0.4183720734370609,,,0,8
plate_bougie/occlusion_angle/20260823T135620Z/frame_0011.jpg,20260823T135620Z,11,5.5,akaze,C,magsac,magsac,False,plate_bougie,plate_bougie,occlusion_angle,False,True,True,False,2406.631121993996,True,False,24.166922012227587,189,111,0.5873015873015873,0.9938929677009583,326707.83445458434,True,plate_bougie,plate_chaudron,0.9487179487179487,0.5714285714285714,0.3772893772893773,plate_bougie,plate_bougie,False,0.31125,0.2,True,False,False,False,2441.072631001589,376.9487481502952,1877.09375,0.409655979629616,,,0,8
plate_bougie/occlusion_angle/20260823T135620Z/frame_0012.jpg,20260823T135620Z,12,6.0,akaze,C,magsac,magsac,False,plate_bougie,plate_bougie,occlusion_angle,False,True,True,False,2435.481009000796,True,False,24.690047997864895,208,119,0.5721153846153846,1.0205668210983276,325626.63236920064,True,plate_bougie,,0.952,,,plate_bougie,plate_bougie,False,0.3175,0.2,True,False,False,False,2470.656640987727,377.59689477815544,1877.09375,0.40475069801695185,,,0,8
plate_bougie/occlusion_angle/20260823T135620Z/frame_0013.jpg,20260823T135620Z,13,6.5,akaze,C,magsac,magsac,False,plate_bougie,plate_bougie,occlusion_angle,False,True,True,False,2423.179069010075,True,False,24.58851199480705,206,108,0.5242718446601942,1.11691415309906,326985.2869695154,True,plate_bougie,plate_cellule,0.9473684210526315,0.6,0.34736842105263155,plate_bougie,plate_bougie,False,0.3025,0.2,True,False,False,False,2458.135963010136,376.92380341948393,1877.09375,0.40681232244592347,,,0,8
plate_bougie/occlusion_angle/20260823T135620Z/frame_0014.jpg,20260823T135620Z,14,7.0,akaze,C,magsac,magsac,False,plate_bougie,plate_bougie,occlusion_angle,False,True,True,False,2430.072035000194,True,False,25.033304002135992,202,118,0.5841584158415841,0.9826238751411438,322337.3370109356,True,plate_bougie,,0.9516129032258065,,,plate_bougie,plate_bougie,False,0.315,0.2,True,False,False,False,2465.708498013555,377.8994249120204,1877.09375,0.40556294501382806,,,0,8
plate_bougie/occlusion_angle/20260823T135620Z/frame_0015.jpg,20260823T135620Z,15,7.5,akaze,C,magsac,magsac,False,plate_bougie,plate_bougie,occlusion_angle,False,True,True,False,2454.511399992043,True,False,24.85825101030059,187,111,0.5935828877005348,1.0680744647979736,321336.23175049137,True,plate_bougie,plate_chaudron,0.9487179487179487,0.5384615384615384,0.41025641025641024,plate_bougie,plate_bougie,False,0.305,0.2,True,False,False,False,2489.707200002158,377.34695626023233,1877.09375,0.4016536563010836,,,0,8
plate_bougie/occlusion_angle/20260823T135620Z/frame_0016.jpg,20260823T135620Z,16,8.0,akaze,C,magsac,magsac,False,plate_bougie,plate_bougie,occlusion_angle,False,True,True,False,2480.2168309979606,True,False,24.381938987062313,199,114,0.5728643216080402,1.1125566959381104,328341.8360903857,True,plate_bougie,,0.95,,,plate_bougie,plate_bougie,False,0.30625,0.2,True,False,False,False,2515.1217259990517,378.27574211028445,1877.09375,0.3975950705140452,,,0,8
plate_bougie/occlusion_angle/20260823T135620Z/frame_0017.jpg,20260823T135620Z,17,8.5,akaze,C,magsac,magsac,False,plate_bougie,plate_bougie,occlusion_angle,False,True,True,False,2504.3783290020656,True,False,24.589198001194745,204,118,0.5784313725490197,0.9705415964126587,332048.5570459606,True,plate_bougie,plate_chaudron,0.9516129032258065,0.5,0.4516129032258065,plate_bougie,plate_bougie,False,0.3025,0.2,True,False,False,False,2539.267464992008,377.78488773848926,1877.09375,0.3938143633101475,,,0,8
plate_bougie/occlusion_angle/20260823T135620Z/frame_0018.jpg,20260823T135620Z,18,9.0,akaze,C,magsac,magsac,False,plate_bougie,plate_bougie,occlusion_angle,False,True,True,False,2475.922237994382,True,False,24.54114299325738,196,116,0.5918367346938775,0.9924150705337524,332802.6188458464,True,plate_bougie,plate_bois,0.9508196721311475,0.5,0.4508196721311475,plate_bougie,plate_bougie,False,0.32125,0.2,True,False,False,False,2511.058186995797,377.863723634051,1877.09375,0.39823848175991067,,,0,8
plate_bougie/occlusion_angle/20260823T135620Z/frame_0019.jpg,20260823T135620Z,19,9.5,akaze,C,magsac,magsac,False,plate_bougie,plate_bougie,occlusion_angle,False,True,True,False,2461.239612006466,True,False,24.61416101141367,196,111,0.5663265306122449,0.944780707359314,334998.0949680733,True,plate_bougie,,0.9487179487179487,,,plate_bougie,plate_bougie,False,0.31,0.2,True,False,False,False,2496.2362660007784,377.935917504898,1877.09375,0.40060310541121197,,,0,8
plate_cellule/frontal/20260823T132156Z/frame_0000.jpg,20260823T132156Z,0,0.0,akaze,C,magsac,magsac,False,plate_cellule,,frontal,True,False,True,False,1345.771707012318,False,True,37.536246003583074,59,10,0.1694915254237288,0.34151318669319153,1569.1502914008452,True,plate_vampire,plate_chaudron,0.625,0.5384615384615384,0.08653846153846156,,plate_chaudron,False,0.01375,0.2,False,False,False,True,1393.8675379904453,368.2216288930587,1877.09375,0.717428286938737,,,1,1
plate_cellule/frontal/20260823T132156Z/frame_0001.jpg,20260823T132156Z,1,0.5,akaze,C,magsac,magsac,False,plate_cellule,,frontal,True,False,True,False,1247.509049004293,False,True,14.754403993720189,49,7,0.14285714285714285,0.00020471813331823796,1510.8951815748587,True,plate_bougie,,0.5384615384615384,,,,plate_bougie,False,0.0125,0.2,False,False,False,True,1272.5454659957904,368.1857763984651,1877.09375,0.7858265395786715,,,2,2
plate_cellule/frontal/20260823T132156Z/frame_0002.jpg,20260823T132156Z,2,1.0,akaze,C,magsac,magsac,False,plate_cellule,,frontal,False,True,True,False,2530.0950439996086,False,True,35.054099003900774,137,43,0.31386861313868614,1.2585104703903198,191803.08718005734,True,plate_bois,,0.8775510204081632,,,,plate_bois,False,0.02461139896373057,0.2,False,False,False,True,2576.0528550017625,378.82393775625235,1877.09375,0.38819079276978413,,,3,3
plate_cellule/frontal/20260823T132156Z/frame_0003.jpg,20260823T132156Z,3,1.5,akaze,C,magsac,magsac,False,plate_cellule,,frontal,True,False,False,True,1160.566884005675,False,True,0.0007219932740554214,0,0,0.0,,,False,,,,,,,,False,0.0,,False,False,False,True,1170.8275459968718,366.8556053951531,1877.09375,0.8540967484229927,,,4,4
plate_cellule/frontal/20260823T132156Z/frame_0004.jpg,20260823T132156Z,4,2.0,akaze,C,magsac,magsac,False,plate_cellule,plate_cellule,frontal,True,False,True,False,1092.0946030091727,True,False,24.349996994715184,236,130,0.5508474576271186,0.9152447581291199,248849.79248393705,True,plate_cellule,plate_chaudron,0.9558823529411765,0.6470588235294118,0.3088235294117647,plate_cellule,plate_cellule,False,0.245,0.2,True,False,False,False,1126.7709829990054,361.41809697309606,1877.09375,0.8874917929980832,2.0,,0,4
plate_cellule/frontal/20260823T132156Z/frame_0005.jpg,20260823T132156Z,5,2.5,akaze,C,magsac,magsac,False,plate_cellule,plate_cellule,frontal,True,False,True,False,1041.9916620012373,True,False,24.210923991631716,221,121,0.5475113122171946,0.9015048146247864,248127.4052766764,True,plate_cellule,plate_vampire,0.952755905511811,0.5714285714285714,0.3813273340832396,plate_cellule,plate_cellule,False,0.2625,0.2,True,False,False,False,1076.357303012628,360.35360331962727,1877.09375,0.9290595206638996,,,0,4
plate_cellule/frontal/20260823T132156Z/frame_0006.jpg,20260823T132156Z,6,3.0,akaze,C,magsac,magsac,False,plate_cellule,,frontal,True,False,False,True,1121.5840500080958,False,True,0.0006299960659816861,0,0,0.0,,,False,,,,,,,,False,0.0,,False,False,False,True,1131.8806920025963,365.5937881296156,1877.09375,0.8834853417551769,,,1,4
plate_cellule/frontal/20260823T132156Z/frame_0007.jpg,20260823T132156Z,7,3.5,akaze,C,magsac,magsac,False,plate_cellule,,frontal,True,False,False,True,1100.826417998178,False,True,0.0007409980753436685,0,0,0.0,,,False,,,,,,,,False,0.0,,False,False,False,True,1111.0508389974711,365.2216585931726,1877.09375,0.9000488230604505,,,2,4
plate_cellule/frontal/20260823T132156Z/frame_0008.jpg,20260823T132156Z,8,4.0,akaze,C,magsac,magsac,False,plate_cellule,,frontal,True,False,False,True,1099.96226200019,False,True,0.0007040071068331599,0,0,0.0,,,False,,,,,,,,False,0.0,,False,False,False,True,1110.3616450127447,365.11725420355583,1877.09375,0.900607477294951,,,3,4
plate_cellule/frontal/20260823T132156Z/frame_0009.jpg,20260823T132156Z,9,4.5,akaze,C,magsac,magsac,False,plate_cellule,,frontal,True,False,False,True,1090.567783001461,False,True,0.0006860063876956701,0,0,0.0,,,False,,,,,,,,False,0.0,,False,False,False,True,1100.7418889930705,365.6246608077724,1877.09375,0.9084781909360908,,,4,4
plate_cellule/frontal/20260823T132156Z/frame_0010.jpg,20260823T132156Z,10,5.0,akaze,C,magsac,magsac,False,plate_cellule,,frontal,True,False,False,True,1085.8240819943603,False,True,0.0007039925549179316,0,0,0.0,,,False,,,,,,,,False,0.0,,False,False,False,True,1096.2226310075494,365.4464450636258,1877.09375,0.9122234587338247,,,5,5
plate_cellule/frontal/20260823T132156Z/frame_0011.jpg,20260823T132156Z,11,5.5,akaze,C,magsac,magsac,False,plate_cellule,,frontal,True,False,False,True,1066.9435269956011,False,True,0.0006850023055449128,0,0,0.0,,,False,,,,,,,,False,0.0,,False,False,False,True,1077.1311150019756,365.0559793728341,1877.09375,0.9283920834448887,,,6,6
plate_cellule/frontal/20260823T132156Z/frame_0012.jpg,20260823T132156Z,12,6.0,akaze,C,magsac,magsac,False,plate_cellule,,frontal,True,False,False,True,1085.8717930095736,False,True,0.0006860063876956701,0,0,0.0,,,False,,,,,,,,False,0.0,,False,False,False,True,1096.2435089895735,365.47769433936617,1877.09375,0.9122060854177529,,,7,7
plate_cellule/frontal/20260823T132156Z/frame_0013.jpg,20260823T132156Z,13,6.5,akaze,C,magsac,magsac,False,plate_cellule,,frontal,True,False,False,True,1049.4315210089553,False,True,0.0005740002961829305,0,0,0.0,,,False,,,,,,,,False,0.0,,False,False,False,True,1059.851477999473,364.1554596201575,1877.09375,0.9435284289904036,,,8,8
plate_cellule/frontal/20260823T132156Z/frame_0014.jpg,20260823T132156Z,14,7.0,akaze,C,magsac,magsac,False,plate_cellule,,frontal,True,False,False,True,1028.1409110029927,False,True,0.0008880015229806304,0,0,0.0,,,False,,,,,,,,False,0.0,,False,False,False,True,1038.408962005633,363.11276115311404,1877.09375,0.9630117194564192,,,9,9
plate_cellule/frontal/20260823T132156Z/frame_0015.jpg,20260823T132156Z,15,7.5,akaze,C,magsac,magsac,False,plate_cellule,,frontal,True,False,False,True,1051.3146620069165,False,True,0.0007589987944811583,0,0,0.0,,,False,,,,,,,,False,0.0,,False,False,False,True,1061.5053430083208,364.54182604803447,1877.09375,0.9420583764241697,,,10,10
plate_cellule/frontal/20260823T132156Z/frame_0016.jpg,20260823T132156Z,16,8.0,akaze,C,magsac,magsac,False,plate_cellule,,frontal,True,False,False,True,1078.9763960056007,False,True,0.000833999365568161,0,0,0.0,,,False,,,,,,,,False,0.0,,False,False,False,True,1090.5012160073966,364.25453522584854,1877.09375,0.9170095230716526,,,11,11
plate_cellule/frontal/20260823T132156Z/frame_0017.jpg,20260823T132156Z,17,8.5,akaze,C,magsac,magsac,False,plate_cellule,,frontal,True,False,True,False,1093.6691569950199,False,True,10.94319399271626,90,7,0.07777777777777778,0.0013037115568295121,706.7795562537467,True,plate_chaudron,,0.5384615384615384,,,,plate_chaudron,False,0.00625,0.2,False,False,False,True,1114.8614199919393,363.76026008948133,1877.09375,0.8969724685667482,,,12,12
plate_cellule/frontal/20260823T132156Z/frame_0018.jpg,20260823T132156Z,18,9.0,akaze,C,magsac,magsac,False,plate_cellule,,frontal,True,False,True,False,1095.820922011626,False,True,7.428127995808609,70,7,0.1,0.0002460405812598765,991.5557079385035,True,plate_vampire,,0.5384615384615384,,,,plate_vampire,False,0.00125,0.2,False,False,False,True,1113.6992289975751,363.5052249828645,1877.09375,0.8979084962643692,,,13,13
plate_cellule/frontal/20260823T132156Z/frame_0019.jpg,20260823T132156Z,19,9.5,akaze,C,magsac,magsac,False,plate_cellule,,frontal,True,False,False,True,1114.513580003404,False,True,0.001148000592365861,0,0,0.0,,,False,,,,,,,,False,0.0,,False,False,False,True,1124.5881310023833,366.04850625008544,1877.09375,0.8892144354294992,,,14,14
plate_cellule/main_sur_bord/20260823T132507Z/frame_0000.jpg,20260823T132507Z,0,0.0,akaze,C,magsac,magsac,False,plate_cellule,,main_sur_bord,False,True,True,False,2537.306209007511,False,True,25.21449099003803,272,165,0.6066176470588235,0.7287240624427795,355459.6384360315,True,plate_cellule,plate_bois,0.9649122807017544,0.6470588235294118,0.3178534571723426,,plate_cellule,False,0.19125,0.2,False,False,False,True,2573.323877004441,377.73650992254176,1877.09375,0.38860246428214146,,,1,1
plate_cellule/main_sur_bord/20260823T132507Z/frame_0001.jpg,20260823T132507Z,1,0.5,akaze,C,magsac,magsac,False,plate_cellule,plate_cellule,main_sur_bord,False,True,True,False,2451.077666992205,True,False,24.966919008875266,252,159,0.6309523809523809,0.7097052335739136,366426.308153503,True,plate_cellule,,0.9636363636363636,,,plate_cellule,plate_cellule,False,0.21875,0.2,True,False,False,False,2486.46619200008,377.5015362042657,1877.09375,0.40217719557876375,0.5,,0,1
plate_cellule/main_sur_bord/20260823T132507Z/frame_0002.jpg,20260823T132507Z,2,1.0,akaze,C,magsac,magsac,False,plate_cellule,,main_sur_bord,False,True,False,True,2458.952736997162,False,True,0.0009069917723536491,0,0,0.0,,,False,,,,,,,,False,0.0,,False,False,False,True,2469.7290799958864,378.67281750659043,1877.09375,0.40490271103001535,,,1,1
plate_cellule/main_sur_bord/20260823T132507Z/frame_0003.jpg,20260823T132507Z,3,1.5,akaze,C,magsac,magsac,False,plate_cellule,,main_sur_bord,False,True,True,False,2516.413500008639,False,True,17.862715001683682,64,6,0.09375,0.00033799532684497535,765.9637879012153,True,plate_chaudron,,0.5,,,,plate_chaudron,False,0.00625,0.2,False,False,False,True,2544.9048730079085,378.31041246821815,1877.09375,0.3929419958310923,,,2,2
plate_cellule/main_sur_bord/20260823T132507Z/frame_0004.jpg,20260823T132507Z,4,2.0,akaze,C,magsac,magsac,False,plate_cellule,plate_cellule,main_sur_bord,False,True,True,False,2492.391462001251,True,False,24.937271999078803,258,153,0.5930232558139535,0.730995774269104,369697.517625649,True,plate_cellule,,0.9622641509433962,,,plate_cellule,plate_cellule,False,0.20625,0.2,True,False,False,False,2528.2585759996437,377.6499333429465,1877.09375,0.3955291636278191,,,0,2
plate_cellule/main_sur_bord/20260823T132507Z/frame_0005.jpg,20260823T132507Z,5,2.5,akaze,C,magsac,magsac,False,plate_cellule,plate_cellule,main_sur_bord,False,True,True,False,2463.846401995397,True,False,24.60381200944539,272,162,0.5955882352941176,0.7292814254760742,367023.074242432,True,plate_cellule,plate_dague,0.9642857142857143,0.5,0.4642857142857143,plate_cellule,plate_cellule,False,0.20625,0.2,True,False,False,False,2498.848133996944,377.07868772835053,1877.09375,0.40018438351452973,,,0,2
plate_cellule/main_sur_bord/20260823T132507Z/frame_0006.jpg,20260823T132507Z,6,3.0,akaze,C,magsac,magsac,False,plate_cellule,plate_cellule,main_sur_bord,False,True,True,False,2492.5299960013945,True,False,24.849272987921722,266,167,0.6278195488721805,0.6824960708618164,364716.1166510786,True,plate_cellule,,0.9653179190751445,,,plate_cellule,plate_cellule,False,0.22,0.2,True,False,False,False,2528.1117429985898,377.71953496302683,1877.09375,0.39555213600404443,,,0,2
plate_cellule/main_sur_bord/20260823T132507Z/frame_0007.jpg,20260823T132507Z,7,3.5,akaze,C,magsac,magsac,False,plate_cellule,plate_cellule,main_sur_bord,False,True,True,False,2467.380114001571,True,False,24.605201004305854,253,164,0.6482213438735178,0.6878356337547302,356653.0285433357,True,plate_cellule,,0.9647058823529412,,,plate_cellule,plate_cellule,False,0.2375,0.2,True,False,False,False,2502.525402000174,377.5349843581444,1877.09375,0.39959634343800776,,,0,2
plate_cellule/main_sur_bord/20260823T132507Z/frame_0008.jpg,20260823T132507Z,8,4.0,akaze,C,magsac,magsac,False,plate_cellule,plate_cellule,main_sur_bord,False,True,True,False,2485.9553610003786,True,False,25.233270003809594,259,162,0.6254826254826255,0.6580021381378174,357978.4413275237,True,plate_cellule,,0.9642857142857143,,,plate_cellule,plate_cellule,False,0.21,0.2,True,False,False,False,2522.0333820034284,377.4887475294754,1877.09375,0.39650545751524896,,,0,2
plate_cellule/main_sur_bord/20260823T132507Z/frame_0009.jpg,20260823T132507Z,9,4.5,akaze,C,magsac,magsac,False,plate_cellule,plate_cellule,main_sur_bord,False,True,True,False,2534.7216929949354,True,False,24.535388001822866,279,172,0.6164874551971327,0.6330069303512573,354980.24765070283,True,plate_cellule,plate_dague,0.9662921348314607,0.5384615384615384,0.42783059636992227,plate_cellule,plate_cellule,False,0.21125,0.2,True,False,False,False,2569.8619250033516,377.65691053566627,1877.09375,0.38912596442265895,,,0,2
plate_cellule/main_sur_bord/20260823T132507Z/frame_0010.jpg,20260823T132507Z,10,5.0,akaze,C,magsac,magsac,False,plate_cellule,plate_cellule,main_sur_bord,False,True,True,False,2387.546886006021,True,False,24.62451599421911,261,168,0.6436781609195402,0.8147676587104797,377366.75727352354,True,plate_cellule,,0.9655172413793104,,,plate_cellule,plate_cellule,False,0.20125,0.2,True,False,False,False,2422.6492299931124,376.4894037931366,1877.09375,0.4127712702357836,,,0,2
plate_cellule/main_sur_bord/20260823T132507Z/frame_0011.jpg,20260823T132507Z,11,5.5,akaze,C,magsac,magsac,False,plate_cellule,,main_sur_bord,False,True,True,False,2357.8907949995482,False,True,6.935354991583154,57,6,0.10526315789473684,0.0008113582152873278,1559.6286704810336,True,plate_chaudron,,0.5,,,,plate_chaudron,False,0.0025,0.2,False,False,False,True,2375.0529600074515,377.3166600028945,1877.09375,0.4210432427565163,,,1,2
plate_cellule/main_sur_bord/20260823T132507Z/frame_0012.jpg,20260823T132507Z,12,6.0,akaze,C,magsac,magsac,False,plate_cellule,,main_sur_bord,False,True,False,True,2310.4129299899796,False,True,0.0010369985830038786,0,0,0.0,,,False,,,,,,,,False,0.0,,False,False,False,True,2321.137644990813,377.5438381223058,1877.09375,0.430823222465102,,,2,2
plate_cellule/main_sur_bord/20260823T132507Z/frame_0013.jpg,20260823T132507Z,13,6.5,akaze,C,magsac,magsac,False,plate_cellule,plate_cellule,main_sur_bord,False,True,True,False,2271.9866249972256,True,False,24.56442500988487,236,136,0.576271186440678,0.9397541284561157,312522.78198917466,True,plate_cellule,plate_vampire,0.9577464788732394,0.5,0.4577464788732394,plate_cellule,plate_cellule,False,0.2075,0.2,True,False,False,False,2306.9644709903514,375.4631848873506,1877.09375,0.4334700480110612,,,0,2
plate_cellule/main_sur_bord/20260823T132507Z/frame_0014.jpg,20260823T132507Z,14,7.0,akaze,C,magsac,magsac,False,plate_cellule,plate_cellule,main_sur_bord,False,True,True,False,2228.474080999149,True,False,24.412185986875556,221,137,0.6199095022624435,1.0712779760360718,284966.95992155327,True,plate_cellule,,0.958041958041958,,,plate_cellule,plate_cellule,False,0.21,0.2,True,False,False,False,2263.4098349954,375.0814924782392,1877.09375,0.4418112816064671,,,0,2
plate_cellule/main_sur_bord/20260823T132507Z/frame_0015.jpg,20260823T132507Z,15,7.5,akaze,C,magsac,magsac,False,plate_cellule,plate_cellule,main_sur_bord,False,True,True,False,2321.336225999403,True,False,24.681943003088236,272,170,0.625,0.78520667552948,291139.39934650157,True,plate_cellule,,0.9659090909090909,,,plate_cellule,plate_cellule,False,0.22,0.2,True,False,False,False,2356.449551996775,376.1460555983146,1877.09375,0.4243672431487592,,,0,2
plate_cellule/main_sur_bord/20260823T132507Z/frame_0016.jpg,20260823T132507Z,16,8.0,akaze,C,magsac,magsac,False,plate_cellule,,main_sur_bord,False,True,False,True,2310.416916006943,False,True,0.0010740041034296155,0,0,0.0,,,False,,,,,,,,False,0.0,,False,False,False,True,2320.9880759968655,377.6847388255116,1877.09375,0.43085098555299534,,,1,2
plate_cellule/main_sur_bord/20260823T132507Z/frame_0017.jpg,20260823T132507Z,17,8.5,akaze,C,magsac,magsac,False,plate_cellule,,main_sur_bord,False,True,False,True,2218.207979996805,False,True,0.0007780035957694054,0,0,0.0,,,False,,,,,,,,False,0.0,,False,False,False,True,2228.585122997174,376.74144547408946,1877.09375,0.4487151913924304,,,2,2
plate_cellule/main_sur_bord/20260823T132507Z/frame_0018.jpg,20260823T132507Z,18,9.0,akaze,C,magsac,magsac,False,plate_cellule,plate_cellule,main_sur_bord,False,True,True,False,2340.6800869997824,True,False,24.413223000010476,246,153,0.6219512195121951,0.6673776507377625,316293.70433838805,True,plate_cellule,,0.9622641509433962,,,plate_cellule,plate_cellule,False,0.2425,0.2,True,False,False,False,2375.7190809992608,376.5047940869248,1877.09375,0.420925187661239,,,0,2
plate_cellule/main_sur_bord/20260823T132507Z/frame_0019.jpg,20260823T132507Z,19,9.5,akaze,C,magsac,magsac,False,plate_cellule,plate_cellule,main_sur_bord,False,True,True,False,2337.144517005072,True,False,24.437703992589377,256,164,0.640625,0.7033047676086426,306850.2436567865,True,plate_cellule,,0.9647058823529412,,,plate_cellule,plate_cellule,False,0.2375,0.2,True,False,False,False,2371.8927910085768,376.5630719423072,1877.09375,0.42160421575158114,,,0,2
plate_cellule/occlusion_angle/20260823T132607Z/frame_0000.jpg,20260823T132607Z,0,0.0,akaze,C,magsac,magsac,False,plate_cellule,plate_cellule,occlusion_angle,False,True,True,False,2702.855922994786,True,False,24.78233199508395,228,133,0.5833333333333334,1.0421091318130493,261606.41715990007,True,plate_cellule,plate_bois,0.9568345323741008,0.8421052631578947,0.11472926921620608,plate_cellule,plate_cellule,False,0.225,0.2,True,False,False,False,2738.5213200032013,378.78723595213637,1877.09375,0.36516056774713407,0.0,,0,0
plate_cellule/occlusion_angle/20260823T132607Z/frame_0001.jpg,20260823T132607Z,1,0.5,akaze,C,magsac,magsac,False,plate_cellule,plate_cellule,occlusion_angle,False,True,True,False,2728.1594359956216,True,False,59.91434499446768,211,123,0.5829383886255924,1.007716417312622,260540.45375189552,True,plate_cellule,plate_bois,0.9534883720930233,0.8636363636363636,0.08985200845665964,plate_cellule,plate_cellule,False,0.22875,0.2,True,False,False,False,2798.6262580088805,378.5881983233479,1877.09375,0.35731816534568756,,,0,0
plate_cellule/occlusion_angle/20260823T132607Z/frame_0002.jpg,20260823T132607Z,2,1.0,akaze,C,magsac,magsac,False,plate_cellule,,occlusion_angle,False,True,True,False,2688.285497992183,False,True,24.649518003570847,214,135,0.6308411214953271,1.1160526275634766,265632.7682892547,True,plate_cellule,plate_bois,0.9574468085106383,0.8536585365853658,0.10378827192527251,,plate_cellule,False,0.175,0.2,False,False,False,True,2723.689268997987,379.13019783636867,1877.09375,0.3671490765787274,,,1,1
plate_cellule/occlusion_angle/20260823T132607Z/frame_0003.jpg,20260823T132607Z,3,1.5,akaze,C,magsac,magsac,False,plate_cellule,plate_cellule,occlusion_angle,False,True,True,False,2698.617532994831,True,False,24.943737997091375,244,153,0.6270491803278688,1.1144282817840576,280134.3540058932,True,plate_cellule,plate_chaudron,0.9622641509433962,0.5,0.46226415094339623,plate_cellule,plate_cellule,False,0.21375,0.2,True,False,False,False,2734.1445990023203,379.20438124535514,1877.09375,0.36574510373917185,,,0,1
plate_cellule/occlusion_angle/20260823T132607Z/frame_0004.jpg,20260823T132607Z,4,2.0,akaze,C,magsac,magsac,False,plate_cellule,plate_cellule,occlusion_angle,False,True,True,False,2689.140105008846,True,False,25.17021899984684,263,159,0.6045627376425855,1.0789477825164795,287842.70511272195,True,plate_cellule,,0.9636363636363636,,,plate_cellule,plate_cellule,False,0.2175,0.2,True,False,False,False,2725.101149000693,378.9257495189356,1877.09375,0.3669588559553852,,,0,1
plate_cellule/occlusion_angle/20260823T132607Z/frame_0005.jpg,20260823T132607Z,5,2.5,akaze,C,magsac,magsac,False,plate_cellule,plate_cellule,occlusion_angle,False,True,True,False,2772.8528849984286,True,False,24.53151899680961,257,170,0.6614785992217899,1.0223605632781982,279236.8193583046,True,plate_cellule,,0.9659090909090909,,,plate_cellule,plate_cellule,False,0.24625,0.2,True,False,False,False,2807.9374369990546,379.22487815043206,1877.09375,0.356133290871586,,,0,1
plate_cellule/occlusion_angle/20260823T132607Z/frame_0006.jpg,20260823T132607Z,6,3.0,akaze,C,magsac,magsac,False,plate_cellule,plate_cellule,occlusion_angle,False,True,True,False,2758.641437991173,True,False,24.808868998661637,256,153,0.59765625,1.0637003183364868,276671.5757793472,True,plate_cellule,plate_bois,0.9622641509433962,0.8536585365853658,0.1086056143580304,plate_cellule,plate_cellule,False,0.215,0.2,True,False,False,False,2794.2063749942463,379.10551714426555,1877.09375,0.35788337216217936,,,0,1
plate_cellule/occlusion_angle/20260823T132607Z/frame_0007.jpg,20260823T132607Z,7,3.5,akaze,C,magsac,magsac,False,plate_cellule,plate_cellule,occlusion_angle,False,True,True,False,2780.5651090020547,True,False,25.091256000450812,254,161,0.6338582677165354,0.9627524614334106,277747.0182256351,True,plate_cellule,plate_bois,0.9640718562874252,0.8421052631578947,0.12196659312953051,plate_cellule,plate_cellule,False,0.215,0.2,True,False,False,False,2816.4513210067526,379.7740799644474,1877.09375,0.3550567313347158,,,0,1
plate_cellule/occlusion_angle/20260823T132607Z/frame_0008.jpg,20260823T132607Z,8,4.0,akaze,C,magsac,magsac,False,plate_cellule,plate_cellule,occlusion_angle,False,True,True,False,2725.6366509973304,True,False,25.034331003553234,247,149,0.6032388663967612,1.1426717042922974,281072.39903979655,True,plate_cellule,plate_chaudron,0.9612903225806452,0.5,0.4612903225806452,plate_cellule,plate_cellule,False,0.24375,0.2,True,False,False,False,2761.572734991205,379.272545542184,1877.09375,0.3621124974653926,,,0,1
plate_cellule/occlusion_angle/20260823T132607Z/frame_0009.jpg,20260823T132607Z,9,4.5,akaze,C,magsac,magsac,False,plate_cellule,plate_cellule,occlusion_angle,False,True,True,False,2763.0265399930067,True,False,24.601575001724996,253,160,0.6324110671936759,1.0254260301589966,277633.9249621606,True,plate_cellule,plate_dague,0.963855421686747,0.5384615384615384,0.42539388322520855,plate_cellule,plate_cellule,False,0.2425,0.2,True,False,False,False,2798.1353890063474,379.28029939854525,1877.09375,0.35738084866404995,,,0,1
plate_cellule/occlusion_angle/20260823T132607Z/frame_0010.jpg,20260823T132607Z,10,5.0,akaze,C,magsac,magsac,False,plate_cellule,plate_cellule,occlusion_angle,False,True,True,False,2747.365343006095,True,False,24.675612003193237,235,153,0.6510638297872341,1.083450436592102,278995.16469771555,True,plate_cellule,,0.9622641509433962,,,plate_cellule,plate_cellule,False,0.2225,0.2,True,False,False,False,2782.8115230076946,379.6886278370792,1877.09375,0.3593488066770647,,,0,1
plate_cellule/occlusion_angle/20260823T132607Z/frame_0011.jpg,20260823T132607Z,11,5.5,akaze,C,magsac,magsac,False,plate_cellule,plate_cellule,occlusion_angle,False,True,True,False,2776.792717006174,True,False,24.960776994703338,252,165,0.6547619047619048,1.0794488191604614,279985.3977731976,True,plate_cellule,,0.9649122807017544,,,plate_cellule,plate_cellule,False,0.225,0.2,True,False,False,False,2812.3932109883754,379.75554887812444,1877.09375,0.3555690563086533,,,0,1
plate_cellule/occlusion_angle/20260823T132607Z/frame_0012.jpg,20260823T132607Z,12,6.0,akaze,C,magsac,magsac,False,plate_cellule,plate_cellule,occlusion_angle,False,True,True,False,2727.337920005084,True,False,24.849629000527784,262,152,0.5801526717557252,1.1204776763916016,278453.0407002574,True,plate_cellule,,0.9620253164556962,,,plate_cellule,plate_cellule,False,0.23375,0.2,True,False,False,False,2762.932636993355,379.81228074455015,1877.09375,0.36193426745583196,,,0,1
plate_cellule/occlusion_angle/20260823T132607Z/frame_0013.jpg,20260823T132607Z,13,6.5,akaze,C,magsac,magsac,False,plate_cellule,plate_cellule,occlusion_angle,False,True,True,False,2735.5378789943643,True,False,24.78029701160267,266,165,0.6203007518796992,1.0227954387664795,276751.5959882842,True,plate_cellule,plate_chaudron,0.9649122807017544,0.5384615384615384,0.42645074224021595,plate_cellule,plate_cellule,False,0.2325,0.2,True,False,False,False,2770.7629130018177,379.11772500302476,1877.09375,0.36091142815124866,,,0,1
plate_cellule/occlusion_angle/20260823T132607Z/frame_0014.jpg,20260823T132607Z,14,7.0,akaze,C,magsac,magsac,False,plate_cellule,plate_cellule,occlusion_angle,False,True,True,False,2706.6425569937564,True,False,25.047628005268052,267,156,0.5842696629213483,1.0013022422790527,274569.17438501003,True,plate_cellule,,0.9629629629629629,,,plate_cellule,plate_cellule,False,0.22875,0.2,True,False,False,False,2742.4453649873612,379.28227201156704,1877.09375,0.3646380754807156,,,0,1
plate_cellule/occlusion_angle/20260823T132607Z/frame_0015.jpg,20260823T132607Z,15,7.5,akaze,C,magsac,magsac,False,plate_cellule,plate_cellule,occlusion_angle,False,True,True,False,2679.419741005404,True,False,24.927574006142095,265,166,0.6264150943396226,1.223893642425537,281415.8323871839,True,plate_cellule,plate_vampire,0.9651162790697675,0.5384615384615384,0.42665474060822905,plate_cellule,plate_cellule,False,0.2275,0.2,True,False,False,False,2714.749571008724,378.7270165100295,1877.09375,0.36835810222761295,,,0,1
plate_cellule/occlusion_angle/20260823T132607Z/frame_0016.jpg,20260823T132607Z,16,8.0,akaze,C,magsac,magsac,False,plate_cellule,plate_cellule,occlusion_angle,False,True,True,False,2704.6101650048513,True,False,24.751667995587923,242,154,0.6363636363636364,1.1606485843658447,282203.9984645431,True,plate_cellule,plate_bois,0.9625,0.8378378378378378,0.1246621621621622,plate_cellule,plate_cellule,False,0.21625,0.2,True,False,False,False,2739.9978829926113,379.3581520452548,1877.09375,0.36496378563176307,,,0,1
plate_cellule/occlusion_angle/20260823T132607Z/frame_0017.jpg,20260823T132607Z,17,8.5,akaze,C,magsac,magsac,False,plate_cellule,plate_cellule,occlusion_angle,False,True,True,False,2744.4616660068277,True,False,24.541614009649493,260,157,0.6038461538461538,1.0327918529510498,285445.44982906076,True,plate_cellule,,0.9631901840490797,,,plate_cellule,plate_cellule,False,0.235,0.2,True,False,False,False,2779.6097379905405,378.4151049421775,1877.09375,0.3597627344344133,,,0,1
plate_cellule/occlusion_angle/20260823T132607Z/frame_0018.jpg,20260823T132607Z,18,9.0,akaze,C,magsac,magsac,False,plate_cellule,plate_cellule,occlusion_angle,False,True,True,False,2739.106761000585,True,False,25.129016998107545,263,153,0.5817490494296578,1.0949852466583252,283075.1772319438,True,plate_cellule,,0.9622641509433962,,,plate_cellule,plate_cellule,False,0.2075,0.2,True,False,False,False,2775.1207900000736,379.65037950653834,1877.09375,0.360344675303295,,,0,1
plate_cellule/occlusion_angle/20260823T132607Z/frame_0019.jpg,20260823T132607Z,19,9.5,akaze,C,magsac,magsac,False,plate_cellule,plate_cellule,occlusion_angle,False,True,True,False,2643.9619839948136,True,False,25.083221000386402,248,140,0.5645161290322581,1.4145214557647705,279709.1616802354,True,plate_cellule,,0.958904109589041,,,plate_cellule,plate_cellule,False,0.2325,0.2,True,False,False,False,2679.8753469920484,378.7056996658968,1877.09375,0.3731516845074239,,,0,1
plate_chaudron/frontal/20260823T135713Z/frame_0000.jpg,20260823T135713Z,0,0.0,akaze,C,magsac,magsac,False,plate_chaudron,plate_chaudron,frontal,True,False,True,False,1689.2117890092777,True,False,25.42575700499583,301,207,0.6877076411960132,0.9283371567726135,300669.55969275744,True,plate_chaudron,,0.971830985915493,,,plate_chaudron,plate_chaudron,False,0.31375,0.2,True,False,False,False,1724.8886179877445,373.1326843879613,1877.09375,0.5797475788127121,0.0,,0,0
plate_chaudron/frontal/20260823T135713Z/frame_0001.jpg,20260823T135713Z,1,0.5,akaze,C,magsac,magsac,False,plate_chaudron,plate_chaudron,frontal,True,False,True,False,1636.1037640017457,True,False,25.50308899662923,293,198,0.6757679180887372,0.9458646774291992,300544.091414795,True,plate_chaudron,,0.9705882352941176,,,plate_chaudron,plate_chaudron,False,0.33375,0.2,True,False,False,False,1671.5518170094583,373.0025179928092,1877.09375,0.5982464855855208,,,0,0
plate_chaudron/frontal/20260823T135713Z/frame_0002.jpg,20260823T135713Z,2,1.0,akaze,C,magsac,magsac,False,plate_chaudron,plate_chaudron,frontal,True,False,True,False,1655.3701090015238,True,False,26.505952002480626,299,200,0.6688963210702341,0.9036276340484619,299323.45654669026,True,plate_chaudron,,0.970873786407767,,,plate_chaudron,plate_chaudron,False,0.33375,0.2,True,False,False,False,1692.0037460076855,372.87324327066074,1877.09375,0.5910152399836694,,,0,0
plate_chaudron/frontal/20260823T135713Z/frame_0003.jpg,20260823T135713Z,3,1.5,akaze,C,magsac,magsac,False,plate_chaudron,plate_chaudron,frontal,True,False,True,False,1654.2951240116963,True,False,26.013269991381094,305,202,0.6622950819672131,0.9947766065597534,298142.2525667401,True,plate_chaudron,,0.9711538461538461,,,plate_chaudron,plate_chaudron,False,0.33125,0.2,True,False,False,False,1690.149506990565,372.9390527837642,1877.09375,0.5916636344086348,,,0,0
plate_chaudron/frontal/20260823T135713Z/frame_0004.jpg,20260823T135713Z,4,2.0,akaze,C,magsac,magsac,False,plate_chaudron,plate_chaudron,frontal,True,False,True,False,1651.0600059991702,True,False,25.554255989845842,308,209,0.6785714285714286,0.9208366870880127,296404.7568538846,True,plate_chaudron,,0.9720930232558139,,,plate_chaudron,plate_chaudron,False,0.33625,0.2,True,False,False,False,1687.416998000117,372.9611072105339,1877.09375,0.5926217415050187,,,0,0
plate_chaudron/frontal/20260823T135713Z/frame_0005.jpg,20260823T135713Z,5,2.5,akaze,C,magsac,magsac,False,plate_chaudron,plate_chaudron,frontal,False,True,True,False,2638.2935420115246,True,False,25.305684001068585,272,184,0.6764705882352942,0.9648032188415527,300034.1341584354,True,plate_chaudron,,0.968421052631579,,,plate_chaudron,plate_chaudron,False,0.30625,0.2,True,False,False,False,2674.2937020026147,378.78515715810755,1877.09375,0.37393050705356756,,,0,0
plate_chaudron/frontal/20260823T135713Z/frame_0006.jpg,20260823T135713Z,6,3.0,akaze,C,magsac,magsac,False,plate_chaudron,,frontal,True,False,False,True,1711.9528520124732,False,True,0.0010369985830038786,0,0,0.0,,,False,,,,,,,,False,0.0,,False,False,False,True,1722.1413880033651,375.60907321898196,1877.09375,0.5806724157296926,,,1,1
plate_chaudron/frontal/20260823T135713Z/frame_0007.jpg,20260823T135713Z,7,3.5,akaze,C,magsac,magsac,False,plate_chaudron,plate_chaudron,frontal,True,False,True,False,1628.7469910021173,True,False,26.047047998872586,319,205,0.6426332288401254,0.9843635559082031,297935.45267924655,True,plate_chaudron,,0.9715639810426541,,,plate_chaudron,plate_chaudron,False,0.3275,0.2,True,False,False,False,1664.5989680109778,372.78127766801606,1877.09375,0.6007452961447499,,,0,1
plate_chaudron/frontal/20260823T135713Z/frame_0008.jpg,20260823T135713Z,8,4.0,akaze,C,magsac,magsac,False,plate_chaudron,plate_chaudron,frontal,True,False,True,False,1661.1240369966254,True,False,25.422405000426807,309,212,0.686084142394822,0.9721047878265381,300192.54654454807,True,plate_chaudron,,0.9724770642201835,,,plate_chaudron,plate_chaudron,False,0.33,0.2,True,False,False,False,1696.5052759915125,372.8197902186516,1877.09375,0.5894470321735699,,,0,1
plate_chaudron/frontal/20260823T135713Z/frame_0009.jpg,20260823T135713Z,9,4.5,akaze,C,magsac,magsac,False,plate_chaudron,plate_chaudron,frontal,True,False,True,False,1619.5110350090545,True,False,25.719384997501038,291,198,0.6804123711340206,0.9239151477813721,298919.71760577755,True,plate_chaudron,,0.9705882352941176,,,plate_chaudron,plate_chaudron,False,0.32375,0.2,True,False,False,False,1654.9177559936652,372.29748165344256,1877.09375,0.6042596354883921,,,0,1
plate_chaudron/frontal/20260823T135713Z/frame_0010.jpg,20260823T135713Z,10,5.0,akaze,C,magsac,magsac,False,plate_chaudron,plate_chaudron,frontal,True,False,True,False,1622.3839650047012,True,False,26.076751993969083,313,208,0.6645367412140575,0.9587945938110352,298864.06450396264,True,plate_chaudron,plate_vampire,0.9719626168224299,0.5384615384615384,0.43350107836089147,plate_chaudron,plate_chaudron,False,0.33625,0.2,True,False,False,False,1658.4776249947026,371.9917615421491,1877.09375,0.6029626115716781,,,0,1
plate_chaudron/frontal/20260823T135713Z/frame_0011.jpg,20260823T135713Z,11,5.5,akaze,C,magsac,magsac,False,plate_chaudron,,frontal,True,False,False,True,1641.4673129911534,False,True,0.000833999365568161,0,0,0.0,,,False,,,,,,,,False,0.0,,False,False,False,True,1651.1641489923932,373.59706294279886,1877.09375,0.6056333046052631,,,1,1
plate_chaudron/frontal/20260823T135713Z/frame_0012.jpg,20260823T135713Z,12,6.0,akaze,C,magsac,magsac,False,plate_chaudron,plate_chaudron,frontal,True,False,True,False,1628.1182679958874,True,False,25.671459996374324,304,211,0.694078947368421,0.987861156463623,298824.389502179,True,plate_chaudron,,0.9723502304147466,,,plate_chaudron,plate_chaudron,False,0.31125,0.2,True,False,False,False,1663.8190240046242,372.76377000859793,1877.09375,0.6010269059149913,,,0,1
plate_chaudron/frontal/20260823T135713Z/frame_0013.jpg,20260823T135713Z,13,6.5,akaze,C,magsac,magsac,False,plate_chaudron,plate_chaudron,frontal,False,True,True,False,2468.6099890095647,True,False,25.408868998056278,261,179,0.685823754789272,1.0666561126708984,294530.6488932476,True,plate_chaudron,,0.9675675675675676,,,plate_chaudron,plate_chaudron,False,0.285,0.2,True,False,False,False,2504.258524000761,377.14985982802006,1877.09375,0.39931979482789853,,,0,1
plate_chaudron/frontal/20260823T135713Z/frame_0014.jpg,20260823T135713Z,14,7.0,akaze,C,magsac,magsac,False,plate_chaudron,plate_chaudron,frontal,True,False,True,False,1609.2172189964913,True,False,25.863292001304217,318,219,0.6886792452830188,0.971432089805603,293639.3826912791,True,plate_chaudron,,0.9733333333333334,,,plate_chaudron,plate_chaudron,False,0.30875,0.2,True,False,False,False,1644.9579009931767,372.1532157329855,1877.09375,0.6079182934689269,,,0,1
plate_chaudron/frontal/20260823T135713Z/frame_0015.jpg,20260823T135713Z,15,7.5,akaze,C,magsac,magsac,False,plate_chaudron,plate_chaudron,frontal,True,False,True,False,1591.4908740087412,True,False,25.363537002704106,293,205,0.6996587030716723,0.9632298946380615,295876.8614635202,True,plate_chaudron,,0.9715639810426541,,,plate_chaudron,plate_chaudron,False,0.32625,0.2,True,False,False,False,1626.5690799918957,372.57926776956174,1877.09375,0.6147909807832954,,,0,1
plate_chaudron/frontal/20260823T135713Z/frame_0016.jpg,20260823T135713Z,16,8.0,akaze,C,magsac,magsac,False,plate_chaudron,plate_chaudron,frontal,True,False,True,False,1562.5580369960517,True,False,25.866366006084718,296,201,0.6790540540540541,0.9951131939888,293330.0877776828,True,plate_chaudron,,0.9710144927536232,,,plate_chaudron,plate_chaudron,False,0.30125,0.2,True,False,False,False,1598.218054001336,371.3665893174159,1877.09375,0.6256968487475014,,,0,1
plate_chaudron/frontal/20260823T135713Z/frame_0017.jpg,20260823T135713Z,17,8.5,akaze,C,magsac,magsac,False,plate_chaudron,,frontal,True,False,False,True,1581.9977890059818,False,True,0.0012410018825903535,0,0,0.0,,,False,,,,,,,,False,0.0,,False,False,False,True,1591.6717369982507,374.02399424564743,1877.09375,0.6282702499234608,,,1,1
plate_chaudron/frontal/20260823T135713Z/frame_0018.jpg,20260823T135713Z,18,9.0,akaze,C,magsac,magsac,False,plate_chaudron,,frontal,True,False,False,True,1665.4356090002693,False,True,0.0008520000847056508,0,0,0.0,,,False,,,,,,,,False,0.0,,False,False,False,True,1675.4541099944618,375.8256538593417,1877.09375,0.5968531122605951,,,2,2
plate_chaudron/frontal/20260823T135713Z/frame_0019.jpg,20260823T135713Z,19,9.5,akaze,C,magsac,magsac,False,plate_chaudron,,frontal,True,False,False,True,1644.5240659959381,False,True,0.0011849915608763695,0,0,0.0,,,False,,,,,,,,False,0.0,,False,False,False,True,1654.2487160040764,374.93939164010726,1877.09375,0.6045040206623535,,,3,3
plate_chaudron/main_sur_bord/20260823T135744Z/frame_0000.jpg,20260823T135744Z,0,0.0,akaze,C,magsac,magsac,False,plate_chaudron,,main_sur_bord,False,True,False,True,2770.970847006538,False,True,0.000981992343440652,0,0,0.0,,,False,,,,,,,,False,0.0,,False,False,False,True,2782.1100799919805,380.8538735113739,1877.09375,0.35943940794854623,,,1,1
plate_chaudron/main_sur_bord/20260823T135744Z/frame_0001.jpg,20260823T135744Z,1,0.5,akaze,C,magsac,magsac,False,plate_chaudron,,main_sur_bord,False,True,False,True,2767.303039014223,False,True,0.0011490046745166183,0,0,0.0,,,False,,,,,,,,False,0.0,,False,False,False,True,2778.1951450015185,381.0978195699837,1877.09375,0.3599459173338428,,,2,2
plate_chaudron/main_sur_bord/20260823T135744Z/frame_0002.jpg,20260823T135744Z,2,1.0,akaze,C,magsac,magsac,False,plate_chaudron,,main_sur_bord,False,True,True,False,2795.0930389924906,False,True,22.64198199554812,46,7,0.15217391304347827,0.0006724695558659732,6336.968790932908,True,plate_vampire,,0.5384615384615384,,,,plate_vampire,False,0.0125,0.2,False,False,False,True,2828.8921999919694,379.8306453681922,1877.09375,0.353495265744958,,,3,3
plate_chaudron/main_sur_bord/20260823T135744Z/frame_0003.jpg,20260823T135744Z,3,1.5,akaze,C,magsac,magsac,False,plate_chaudron,,main_sur_bord,False,True,True,False,2735.1846230012598,False,True,33.971381999435835,73,8,0.1095890410958904,0.10274436324834824,1157.3814151640981,True,plate_bois,,0.5714285714285714,,,,plate_bois,False,0.01455026455026455,0.2,False,False,False,True,2780.06496198941,379.63234533366676,1877.09375,0.35970382479278523,,,4,4
plate_chaudron/main_sur_bord/20260823T135744Z/frame_0004.jpg,20260823T135744Z,4,2.0,akaze,C,magsac,magsac,False,plate_chaudron,,main_sur_bord,False,True,False,True,2795.1279249973595,False,True,0.0008149945642799139,0,0,0.0,,,False,,,,,,,,False,0.0,,False,False,False,True,2806.75906300894,380.9679661116653,1877.09375,0.35628280787591593,,,5,5
plate_chaudron/main_sur_bord/20260823T135744Z/frame_0005.jpg,20260823T135744Z,5,2.5,akaze,C,magsac,magsac,False,plate_chaudron,,main_sur_bord,False,True,False,True,2770.43362200493,False,True,0.0009820068953558803,0,0,0.0,,,False,,,,,,,,False,0.0,,False,False,False,True,2781.714650991489,380.5115579424131,1877.09375,0.3594905033280711,,,6,6
plate_chaudron/main_sur_bord/20260823T135744Z/frame_0006.jpg,20260823T135744Z,6,3.0,akaze,C,magsac,magsac,False,plate_chaudron,,main_sur_bord,False,True,False,True,2710.8538879983826,False,True,0.0006290065357461572,0,0,0.0,,,False,,,,,,,,False,0.0,,False,False,False,True,2721.8441410077503,380.37717494604857,1877.09375,0.36739796556821014,,,7,7
plate_chaudron/main_sur_bord/20260823T135744Z/frame_0007.jpg,20260823T135744Z,7,3.5,akaze,C,magsac,magsac,False,plate_chaudron,,main_sur_bord,False,True,False,True,2685.5479219957488,False,True,0.0007220078259706497,0,0,0.0,,,False,,,,,,,,False,0.0,,False,False,False,True,2696.35339899105,380.04512835129844,1877.09375,0.3708712664942921,,,8,8
plate_chaudron/main_sur_bord/20260823T135744Z/frame_0008.jpg,20260823T135744Z,8,4.0,akaze,C,magsac,magsac,False,plate_chaudron,,main_sur_bord,False,True,False,True,2686.2764319957932,False,True,0.000833999365568161,0,0,0.0,,,False,,,,,,,,False,0.0,,False,False,False,True,2697.1453900041524,380.26356992138955,1877.09375,0.3707623636849849,,,9,9
plate_chaudron/main_sur_bord/20260823T135744Z/frame_0009.jpg,20260823T135744Z,9,4.5,akaze,C,magsac,magsac,False,plate_chaudron,,main_sur_bord,False,True,False,True,2777.2803050029324,False,True,0.0008890056051313877,0,0,0.0,,,False,,,,,,,,False,0.0,,False,False,False,True,2788.222670002142,380.8000139024712,1877.09375,0.3586514128727143,,,10,10
plate_chaudron/main_sur_bord/20260823T135744Z/frame_0010.jpg,20260823T135744Z,10,5.0,akaze,C,magsac,magsac,False,plate_chaudron,plate_chaudron,main_sur_bord,False,True,True,False,2772.047342004953,True,False,25.48081499116961,243,142,0.5843621399176955,1.1780319213867188,372731.01457716315,True,plate_chaudron,plate_vampire,0.9594594594594594,0.5,0.45945945945945943,plate_chaudron,plate_chaudron,False,0.27875,0.2,True,False,False,False,2808.6858720052987,379.2607617025775,1877.09375,0.3560383914652715,5.0,,0,10
plate_chaudron/main_sur_bord/20260823T135744Z/frame_0011.jpg,20260823T135744Z,11,5.5,akaze,C,magsac,magsac,False,plate_chaudron,plate_chaudron,main_sur_bord,False,True,True,False,2758.0502560012974,True,False,25.530277998768725,229,133,0.5807860262008734,1.2668681144714355,374459.9256144813,True,plate_chaudron,,0.9568345323741008,,,plate_chaudron,plate_chaudron,False,0.28,0.2,True,False,False,False,2794.59438099002,379.08842252974483,1877.09375,0.35783368305698,,,0,10
plate_chaudron/main_sur_bord/20260823T135744Z/frame_0012.jpg,20260823T135744Z,12,6.0,akaze,C,magsac,magsac,False,plate_chaudron,,main_sur_bord,False,True,False,True,2755.104071999085,False,True,0.0008890056051313877,0,0,0.0,,,False,,,,,,,,False,0.0,,False,False,False,True,2766.116714992677,380.6961633225159,1877.09375,0.3615176447833465,,,1,10
plate_chaudron/main_sur_bord/20260823T135744Z/frame_0013.jpg,20260823T135744Z,13,6.5,akaze,C,magsac,magsac,False,plate_chaudron,,main_sur_bord,False,True,True,False,2291.224055996281,False,True,25.232724990928546,164,71,0.4329268292682927,1.5575636625289917,371714.507855312,True,plate_chaudron,,0.922077922077922,,,,plate_chaudron,False,0.18375,0.2,False,False,False,True,2327.0641490089474,375.3554644258461,1877.09375,0.42972601353765044,,,2,10
plate_chaudron/main_sur_bord/20260823T135744Z/frame_0014.jpg,20260823T135744Z,14,7.0,akaze,C,magsac,magsac,False,plate_chaudron,,main_sur_bord,False,True,False,True,2807.360687002074,False,True,0.0010560033842921257,0,0,0.0,,,False,,,,,,,,False,0.0,,False,False,False,True,2818.4429399989313,380.71032433262394,1877.09375,0.3548058347423486,,,3,10
plate_chaudron/main_sur_bord/20260823T135744Z/frame_0015.jpg,20260823T135744Z,15,7.5,akaze,C,magsac,magsac,False,plate_chaudron,,main_sur_bord,False,True,False,True,2746.0202950023813,False,True,0.0009259965736418962,0,0,0.0,,,False,,,,,,,,False,0.0,,False,False,False,True,2757.1196030039573,380.20957954013636,1877.09375,0.36269735955976395,,,4,10
plate_chaudron/main_sur_bord/20260823T135744Z/frame_0016.jpg,20260823T135744Z,16,8.0,akaze,C,magsac,magsac,False,plate_chaudron,,main_sur_bord,False,True,False,True,1655.2644659968792,False,True,0.0010929943528026342,0,0,0.0,,,False,,,,,,,,False,0.0,,False,False,False,True,1664.6015090082074,368.57848895352737,1877.09375,0.6007443791131811,,,5,10
plate_chaudron/main_sur_bord/20260823T135744Z/frame_0017.jpg,20260823T135744Z,17,8.5,akaze,C,magsac,magsac,False,plate_chaudron,,main_sur_bord,False,True,False,True,2563.2861019985285,False,True,0.0007229973562061787,0,0,0.0,,,False,,,,,,,,False,0.0,,False,False,False,True,2573.7178410054184,379.44800212384484,1877.09375,0.3885429801463208,,,6,10
plate_chaudron/main_sur_bord/20260823T135744Z/frame_0018.jpg,20260823T135744Z,18,9.0,akaze,C,magsac,magsac,False,plate_chaudron,,main_sur_bord,False,True,True,False,2209.8807750007836,False,True,17.138135997811332,99,8,0.08080808080808081,0.03840528056025505,1751.650749327615,True,plate_bois,,0.5714285714285714,,,,plate_bois,False,0.007342143906020558,0.2,False,False,False,True,2237.436817988055,375.17418018303437,1877.09375,0.44693999489076913,,,7,10
plate_chaudron/main_sur_bord/20260823T135744Z/frame_0019.jpg,20260823T135744Z,19,9.5,akaze,C,magsac,magsac,False,plate_chaudron,,main_sur_bord,False,True,False,True,2053.1637859967304,False,True,0.0008889910532161593,0,0,0.0,,,False,,,,,,,,False,0.0,,False,False,False,True,2063.1755469948985,374.52885820864395,1877.09375,0.4846897305740861,,,8,10
plate_chaudron/occlusion_angle/20260823T135821Z/frame_0000.jpg,20260823T135821Z,0,0.0,akaze,C,magsac,magsac,False,plate_chaudron,plate_chaudron,occlusion_angle,False,True,True,False,2814.042238998809,True,False,25.823535994277336,246,161,0.6544715447154471,1.1534991264343262,330245.35332831816,True,plate_chaudron,plate_dague,0.9640718562874252,0.5,0.4640718562874252,plate_chaudron,plate_chaudron,False,0.27375,0.2,True,False,False,False,2850.6549570010975,379.38509504417027,1877.09375,0.3507965766056811,0.0,,0,0
plate_chaudron/occlusion_angle/20260823T135821Z/frame_0001.jpg,20260823T135821Z,1,0.5,akaze,C,magsac,magsac,False,plate_chaudron,plate_chaudron,occlusion_angle,False,True,True,False,2915.031936005107,True,False,25.82157299912069,272,190,0.6985294117647058,0.9247502088546753,327670.55048195436,True,plate_chaudron,,0.9693877551020408,,,plate_chaudron,plate_chaudron,False,0.30375,0.2,True,False,False,False,2952.0639840047807,380.1062953512854,1877.09375,0.3387460452816461,,,0,0
plate_chaudron/occlusion_angle/20260823T135821Z/frame_0002.jpg,20260823T135821Z,2,1.0,akaze,C,magsac,magsac,False,plate_chaudron,plate_chaudron,occlusion_angle,False,True,True,False,2735.8034280041466,True,False,25.383372994838282,220,149,0.6772727272727272,1.1000720262527466,335856.605527267,True,plate_chaudron,,0.9612903225806452,,,plate_chaudron,plate_chaudron,False,0.24875,0.2,True,False,False,False,2771.7815400101244,379.13520377805344,1877.09375,0.3607787935539636,,,0,0
plate_chaudron/occlusion_angle/20260823T135821Z/frame_0003.jpg,20260823T135821Z,3,1.5,akaze,C,magsac,magsac,False,plate_chaudron,plate_chaudron,occlusion_angle,False,True,True,False,2778.447581004002,True,False,25.473982997937128,230,153,0.6652173913043479,1.053635835647583,328883.7552841093,True,plate_chaudron,,0.9622641509433962,,,plate_chaudron,plate_chaudron,False,0.25375,0.2,True,False,False,False,2814.4822109898087,379.5427107440549,1877.09375,0.35530514142006814,,,0,0
plate_chaudron/occlusion_angle/20260823T135821Z/frame_0004.jpg,20260823T135821Z,4,2.0,akaze,C,magsac,magsac,False,plate_chaudron,plate_chaudron,occlusion_angle,False,True,True,False,2924.225736001972,True,False,25.854998995782807,250,179,0.716,0.8749837279319763,328164.5126564922,True,plate_chaudron,,0.9675675675675676,,,plate_chaudron,plate_chaudron,False,0.31875,0.2,True,False,False,False,2961.1981920024846,380.2985642235842,1877.09375,0.3377011382422055,,,0,0
plate_chaudron/occlusion_angle/20260823T135821Z/frame_0005.jpg,20260823T135821Z,5,2.5,akaze,C,magsac,magsac,False,plate_chaudron,plate_chaudron,occlusion_angle,False,True,True,False,2750.596942001721,True,False,25.19009700336028,249,157,0.6305220883534136,0.9759783148765564,322674.6741939706,True,plate_chaudron,,0.9631901840490797,,,plate_chaudron,plate_chaudron,False,0.2775,0.2,True,False,False,False,2786.724368997966,378.9103935240222,1877.09375,0.3588442442047378,,,0,0
plate_chaudron/occlusion_angle/20260823T135821Z/frame_0006.jpg,20260823T135821Z,6,3.0,akaze,C,magsac,magsac,False,plate_chaudron,plate_chaudron,occlusion_angle,False,True,True,False,2839.2322120052995,True,False,25.400465994607657,269,172,0.6394052044609665,1.1210823059082031,327359.2286496612,True,plate_chaudron,,0.9662921348314607,,,plate_chaudron,plate_chaudron,False,0.295,0.2,True,False,False,False,2875.725672012777,380.0824135408441,1877.09375,0.3477383151432801,,,0,0
plate_chaudron/occlusion_angle/20260823T135821Z/frame_0007.jpg,20260823T135821Z,7,3.5,akaze,C,magsac,magsac,False,plate_chaudron,plate_chaudron,occlusion_angle,False,True,True,False,2829.0749299922027,True,False,25.352984986966476,248,157,0.6330645161290323,1.078823208808899,327285.5454639029,True,plate_chaudron,,0.9631901840490797,,,plate_chaudron,plate_chaudron,False,0.2825,0.2,True,False,False,False,2865.184930997202,379.71694923766415,1877.09375,0.34901761110825014,,,0,0
plate_chaudron/occlusion_angle/20260823T135821Z/frame_0008.jpg,20260823T135821Z,8,4.0,akaze,C,magsac,magsac,False,plate_chaudron,plate_chaudron,occlusion_angle,False,True,True,False,2738.7473519920604,True,False,25.224319004337303,229,141,0.6157205240174672,1.3596227169036865,328718.1062844793,True,plate_chaudron,,0.9591836734693877,,,plate_chaudron,plate_chaudron,False,0.2425,0.2,True,False,False,False,2774.658760987222,379.3070469413511,1877.09375,0.3604046789682348,,,0,0
plate_chaudron/occlusion_angle/20260823T135821Z/frame_0009.jpg,20260823T135821Z,9,4.5,akaze,C,magsac,magsac,False,plate_chaudron,plate_chaudron,occlusion_angle,False,True,True,False,2915.6652679957915,True,False,25.61929900548421,235,163,0.6936170212765957,0.7748849391937256,325127.1547729721,True,plate_chaudron,,0.9644970414201184,,,plate_chaudron,plate_chaudron,False,0.2675,0.2,True,False,False,False,2952.2415430110414,380.1767160810498,1877.09375,0.3387256718093883,,,0,0
plate_chaudron/occlusion_angle/20260823T135821Z/frame_0010.jpg,20260823T135821Z,10,5.0,akaze,C,magsac,magsac,False,plate_chaudron,plate_chaudron,occlusion_angle,False,True,True,False,2803.0210159922717,True,False,25.248855992686003,251,156,0.6215139442231076,1.029719352722168,321069.4598340605,True,plate_chaudron,plate_bois,0.9629629629629629,0.5,0.4629629629629629,plate_chaudron,plate_chaudron,False,0.2625,0.2,True,False,False,False,2839.364867002587,379.21470565938876,1877.09375,0.3521914395791138,,,0,0
plate_chaudron/occlusion_angle/20260823T135821Z/frame_0011.jpg,20260823T135821Z,11,5.5,akaze,C,magsac,magsac,False,plate_chaudron,plate_chaudron,occlusion_angle,False,True,True,False,2804.160931002116,True,False,25.581705995136872,254,162,0.6377952755905512,0.9812623262405396,320812.29917284346,True,plate_chaudron,,0.9642857142857143,,,plate_chaudron,plate_chaudron,False,0.28625,0.2,True,False,False,False,2840.709799012984,379.34767182991334,1877.09375,0.35202469479545356,,,0,0
plate_chaudron/occlusion_angle/20260823T135821Z/frame_0012.jpg,20260823T135821Z,12,6.0,akaze,C,magsac,magsac,False,plate_chaudron,plate_chaudron,occlusion_angle,False,True,True,False,2822.934070994961,True,False,27.26075000828132,244,154,0.6311475409836066,0.7999082207679749,327751.1318494046,True,plate_chaudron,plate_bougie,0.9625,0.5,0.4625,plate_chaudron,plate_chaudron,False,0.25875,0.2,True,False,False,False,2861.416740997811,377.2003109982527,1877.09375,0.3494772312163407,,,0,0
plate_chaudron/occlusion_angle/20260823T135821Z/frame_0013.jpg,20260823T135821Z,13,6.5,akaze,C,magsac,magsac,False,plate_chaudron,plate_chaudron,occlusion_angle,False,True,True,False,2904.6686890069395,True,False,26.06290600670036,234,161,0.688034188034188,0.8755343556404114,331745.25156278023,True,plate_chaudron,,0.9640718562874252,,,plate_chaudron,plate_chaudron,False,0.2775,0.2,True,False,False,False,2944.6282550052274,378.5131487159532,1877.09375,0.3396014414723548,,,0,0
plate_chaudron/occlusion_angle/20260823T135821Z/frame_0014.jpg,20260823T135821Z,14,7.0,akaze,C,magsac,magsac,False,plate_chaudron,plate_chaudron,occlusion_angle,False,True,True,False,2857.57033599657,True,False,25.881242007017136,234,158,0.6752136752136753,1.095078468322754,331543.8754887583,True,plate_chaudron,,0.9634146341463414,,,plate_chaudron,plate_chaudron,False,0.27625,0.2,True,False,False,False,2894.6315359935397,379.29988302402444,1877.09375,0.34546711302126565,,,0,0
plate_chaudron/occlusion_angle/20260823T135821Z/frame_0015.jpg,20260823T135821Z,15,7.5,akaze,C,magsac,magsac,False,plate_chaudron,plate_chaudron,occlusion_angle,False,True,True,False,2785.1521459961077,True,False,25.352801007102244,229,149,0.6506550218340611,1.2628214359283447,343745.30412754207,True,plate_chaudron,,0.9612903225806452,,,plate_chaudron,plate_chaudron,False,0.255,0.2,True,False,False,False,2821.6514230007306,379.0036284364031,1877.09375,0.354402387144098,,,0,0
plate_chaudron/occlusion_angle/20260823T135821Z/frame_0016.jpg,20260823T135821Z,16,8.0,akaze,C,magsac,magsac,False,plate_chaudron,plate_chaudron,occlusion_angle,False,True,True,False,2695.575222998741,True,False,25.607835996197537,205,119,0.5804878048780487,1.1891528367996216,347535.0146523026,True,plate_chaudron,plate_vampire,0.952,0.5,0.45199999999999996,plate_chaudron,plate_chaudron,False,0.22625,0.2,True,False,False,False,2731.9945939962054,378.0675684973306,1877.09375,0.3660329351301011,,,0,0
plate_chaudron/occlusion_angle/20260823T135821Z/frame_0017.jpg,20260823T135821Z,17,8.5,akaze,C,magsac,magsac,False,plate_chaudron,plate_chaudron,occlusion_angle,False,True,True,False,2807.253777005826,True,False,25.630596006521955,240,148,0.6166666666666667,1.0834463834762573,351614.24474661966,True,plate_chaudron,,0.961038961038961,,,plate_chaudron,plate_chaudron,False,0.29375,0.2,True,False,False,False,2843.910165000125,379.35653435099323,1877.09375,0.3516285473103037,,,0,0
plate_chaudron/occlusion_angle/20260823T135821Z/frame_0018.jpg,20260823T135821Z,18,9.0,akaze,C,magsac,magsac,False,plate_chaudron,plate_chaudron,occlusion_angle,False,True,True,False,2767.2084650112083,True,False,26.138000001083128,221,141,0.6380090497737556,1.1510142087936401,358637.7446417078,True,plate_chaudron,,0.9591836734693877,,,plate_chaudron,plate_chaudron,False,0.2725,0.2,True,False,False,False,2804.499940990354,378.9315075987184,1877.09375,0.3565698060406697,,,0,0
plate_chaudron/occlusion_angle/20260823T135821Z/frame_0019.jpg,20260823T135821Z,19,9.5,akaze,C,magsac,magsac,False,plate_chaudron,plate_chaudron,occlusion_angle,False,True,True,False,2826.3441329909256,True,False,27.103936998173594,243,159,0.654320987654321,1.1583575010299683,364556.8570025135,True,plate_chaudron,,0.9636363636363636,,,plate_chaudron,plate_chaudron,False,0.28625,0.2,True,False,False,False,2864.6703620033804,379.35800544953264,1877.09375,0.3490803037109859,,,0,0
plate_dague/frontal/20260823T135916Z/frame_0000.jpg,20260823T135916Z,0,0.0,akaze,C,magsac,magsac,False,plate_dague,plate_dague,frontal,True,False,True,False,1526.73103500274,True,False,25.003025992191397,275,173,0.6290909090909091,0.9736636281013489,352465.95095288206,True,plate_dague,,0.9664804469273743,,,plate_dague,plate_dague,False,0.4475,0.2,True,False,False,False,1561.3927340018563,369.84245361507857,1877.09375,0.6404538577792633,0.0,,0,0
plate_dague/frontal/20260823T135916Z/frame_0001.jpg,20260823T135916Z,1,0.5,akaze,C,magsac,magsac,False,plate_dague,plate_dague,frontal,True,False,True,False,1531.1453780013835,True,False,25.125507003394887,275,173,0.6290909090909091,0.9736636281013489,352465.95095288206,True,plate_dague,,0.9664804469273743,,,plate_dague,plate_dague,False,0.4475,0.2,True,False,False,False,1565.8237250027014,369.5843042606901,1877.09375,0.6386414920353022,,,0,0
plate_dague/frontal/20260823T135916Z/frame_0002.jpg,20260823T135916Z,2,1.0,akaze,C,magsac,magsac,False,plate_dague,,frontal,True,False,True,False,1550.095248996513,False,True,17.15397099906113,58,6,0.10344827586206896,0.00046387873589992523,987.2608494227752,True,plate_chaudron,,0.5,,,,plate_chaudron,False,0.01875,0.2,False,False,False,True,1576.9794469961198,370.8617515047658,1877.09375,0.6341236735233496,,,1,1
plate_dague/frontal/20260823T135916Z/frame_0003.jpg,20260823T135916Z,3,1.5,akaze,C,magsac,magsac,False,plate_dague,,frontal,False,True,False,True,2258.3171610021964,False,True,0.0009629875421524048,0,0,0.0,,,False,,,,,,,,False,0.0,,False,False,False,True,2268.3191260002786,375.83563349979113,1877.09375,0.44085507569796734,,,2,2
plate_dague/frontal/20260823T135916Z/frame_0004.jpg,20260823T135916Z,4,2.0,akaze,C,magsac,magsac,False,plate_dague,,frontal,True,False,True,False,1567.5256739923498,False,True,12.185710002086125,94,10,0.10638297872340426,0.027126336470246315,1826.3083839309402,True,plate_bois,,0.625,,,,plate_bois,False,0.001394700139470014,0.2,False,False,False,True,1589.418850999209,371.6545052480333,1877.09375,0.6291607774573309,,,3,3
plate_dague/frontal/20260823T135916Z/frame_0005.jpg,20260823T135916Z,5,2.5,akaze,C,magsac,magsac,False,plate_dague,,frontal,True,False,False,True,1568.915741998353,False,True,0.0013520038919523358,0,0,0.0,,,False,,,,,,,,False,0.0,,False,False,False,True,1578.4392849891447,372.5511566978239,1877.09375,0.633537196843702,,,4,4
plate_dague/frontal/20260823T135916Z/frame_0006.jpg,20260823T135916Z,6,3.0,akaze,C,magsac,magsac,False,plate_dague,,frontal,True,False,False,True,1551.1577599972952,False,True,0.0010549993021413684,0,0,0.0,,,False,,,,,,,,False,0.0,,False,False,False,True,1560.8786919910926,372.4639039427138,1877.09375,0.6406647775583233,,,5,5
plate_dague/frontal/20260823T135916Z/frame_0007.jpg,20260823T135916Z,7,3.5,akaze,C,magsac,magsac,False,plate_dague,,frontal,True,False,False,True,1567.9357389890356,False,True,0.0007040071068331599,0,0,0.0,,,False,,,,,,,,False,0.0,,False,False,False,True,1577.5054679979803,372.3080332934641,1877.09375,0.633912224259422,,,6,6
plate_dague/frontal/20260823T135916Z/frame_0008.jpg,20260823T135916Z,8,4.0,akaze,C,magsac,magsac,False,plate_dague,plate_dague,frontal,False,True,True,False,2295.9922260051826,True,False,25.08132300863508,231,161,0.696969696969697,0.903964102268219,342889.6239341889,True,plate_dague,plate_chaudron,0.9640718562874252,0.5,0.4640718562874252,plate_dague,plate_dague,False,0.465,0.2,True,False,False,False,2330.4149079922354,375.129375160568,1877.09375,0.42910813716925117,,,0,6
plate_dague/frontal/20260823T135916Z/frame_0009.jpg,20260823T135916Z,9,4.5,akaze,C,magsac,magsac,False,plate_dague,,frontal,False,True,False,True,2265.922298989608,False,True,0.0009259965736418962,0,0,0.0,,,False,,,,,,,,False,0.0,,False,False,False,True,2275.0936789961997,376.4865458102431,1877.09375,0.4395423402702313,,,1,6
plate_dague/frontal/20260823T135916Z/frame_0010.jpg,20260823T135916Z,10,5.0,akaze,C,magsac,magsac,False,plate_dague,,frontal,True,False,False,True,1547.0012750010937,False,True,0.0010560033842921257,0,0,0.0,,,False,,,,,,,,False,0.0,,False,False,False,True,1556.676188003621,372.443079599961,1877.09375,0.6423943577388838,,,2,6
plate_dague/frontal/20260823T135916Z/frame_0011.jpg,20260823T135916Z,11,5.5,akaze,C,magsac,magsac,False,plate_dague,,frontal,True,False,False,True,1537.1167379926192,False,True,0.00100000761449337,0,0,0.0,,,False,,,,,,,,False,0.0,,False,False,False,True,1546.5848000021651,372.0864785424065,1877.09375,0.6465859486001673,,,3,6
plate_dague/frontal/20260823T135916Z/frame_0012.jpg,20260823T135916Z,12,6.0,akaze,C,magsac,magsac,False,plate_dague,,frontal,True,False,False,True,1534.703739991528,False,True,0.0009259965736418962,0,0,0.0,,,False,,,,,,,,False,0.0,,False,False,False,True,1544.3242290057242,372.64430026492295,1877.09375,0.6475324165857489,,,4,6
plate_dague/frontal/20260823T135916Z/frame_0013.jpg,20260823T135916Z,13,6.5,akaze,C,magsac,magsac,False,plate_dague,,frontal,True,False,False,True,1523.1936219934141,False,True,0.000814005034044385,0,0,0.0,,,False,,,,,,,,False,0.0,,False,False,False,True,1532.818628998939,372.0019160208214,1877.09375,0.6523929061673038,,,5,6
plate_dague/frontal/20260823T135916Z/frame_0014.jpg,20260823T135916Z,14,7.0,akaze,C,magsac,magsac,False,plate_dague,plate_dague,frontal,True,False,True,False,1539.8830080084736,True,False,24.683789000846446,246,167,0.6788617886178862,0.874915599822998,166662.92545517677,True,plate_dague,,0.9653179190751445,,,plate_dague,plate_dague,False,0.44625,0.2,True,False,False,False,1574.2348399944603,369.93452374745357,1877.09375,0.6352292393703591,,,0,6
plate_dague/frontal/20260823T135916Z/frame_0015.jpg,20260823T135916Z,15,7.5,akaze,C,magsac,magsac,False,plate_dague,plate_dague,frontal,True,False,True,False,1458.3028100023512,True,False,25.07626799342688,242,149,0.6157024793388429,1.0716639757156372,334959.44478432427,True,plate_dague,,0.9612903225806452,,,plate_dague,plate_dague,False,0.42875,0.2,True,False,False,False,1492.9008249891922,368.1514832735012,1877.09375,0.6698368593956933,,,0,6
plate_dague/frontal/20260823T135916Z/frame_0016.jpg,20260823T135916Z,16,8.0,akaze,C,magsac,magsac,False,plate_dague,plate_dague,frontal,False,True,True,False,2275.057355000172,True,False,25.124692998360842,260,170,0.6538461538461539,0.9325718283653259,330829.3363067275,True,plate_dague,,0.9659090909090909,,,plate_dague,plate_dague,False,0.45375,0.2,True,False,False,False,2309.5471859996906,375.22334103119437,1877.09375,0.4329853081426213,,,0,6
plate_dague/frontal/20260823T135916Z/frame_0017.jpg,20260823T135916Z,17,8.5,akaze,C,magsac,magsac,False,plate_dague,plate_dague,frontal,True,False,True,False,1518.4875809936784,True,False,25.121693004621193,240,170,0.7083333333333334,0.9620113968849182,338858.5798449464,True,plate_dague,,0.9659090909090909,,,plate_dague,plate_dague,False,0.435,0.2,True,False,False,False,1553.1151710019913,369.8357852170338,1877.09375,0.6438672538076172,,,0,6
plate_dague/frontal/20260823T135916Z/frame_0018.jpg,20260823T135916Z,18,9.0,akaze,C,magsac,magsac,False,plate_dague,,frontal,False,True,True,False,2327.8609620028874,False,True,39.243667997652665,49,7,0.14285714285714285,0.8861185908317566,10302.19911866833,True,plate_bougie,plate_vampire,0.5384615384615384,0.5384615384615384,0.0,,plate_bougie,False,0.015,0.2,False,False,False,True,2376.489693997428,374.77234159676306,1877.09375,0.42078869625473847,,,1,6
plate_dague/frontal/20260823T135916Z/frame_0019.jpg,20260823T135916Z,19,9.5,akaze,C,magsac,magsac,False,plate_dague,plate_dague,frontal,True,False,True,False,1518.7752740021097,True,False,24.56355000322219,279,175,0.6272401433691757,0.9031888842582703,161070.68652538932,True,plate_dague,,0.9668508287292817,,,plate_dague,plate_dague,False,0.4625,0.2,True,False,False,False,1552.8440899943234,369.5348911699883,1877.09375,0.6439796541349206,,,0,6
plate_dague/main_sur_bord/20260823T135957Z/frame_0000.jpg,20260823T135957Z,0,0.0,akaze,C,magsac,magsac,False,plate_dague,plate_dague,main_sur_bord,False,True,True,False,2640.488667995669,True,False,24.61112299351953,203,138,0.6798029556650246,0.9212244749069214,126452.74609404395,True,plate_dague,,0.9583333333333334,,,plate_dague,plate_dague,False,0.43125,0.2,True,False,False,False,2675.612273000297,378.2463583429312,1877.09375,0.37374623000912244,0.0,,0,0
plate_dague/main_sur_bord/20260823T135957Z/frame_0001.jpg,20260823T135957Z,1,0.5,akaze,C,magsac,magsac,False,plate_dague,plate_dague,main_sur_bord,False,True,True,False,2439.4082970102318,True,False,24.60453100502491,178,97,0.5449438202247191,1.200600504875183,129444.26784141036,True,plate_dague,,0.941747572815534,,,plate_dague,plate_dague,False,0.33125,0.2,True,False,False,False,2474.4780129985884,376.4230777186269,1877.09375,0.40412563568839055,,,0,0
plate_dague/main_sur_bord/20260823T135957Z/frame_0002.jpg,20260823T135957Z,2,1.0,akaze,C,magsac,magsac,False,plate_dague,,main_sur_bord,False,True,True,False,2228.019051006413,False,True,16.57597700250335,109,52,0.47706422018348627,1.810503363609314,129214.20630728919,True,plate_dague,,0.896551724137931,,,,plate_dague,False,0.095,0.2,False,False,False,True,2254.7149369929684,374.9065998681618,1877.09375,0.44351504644470213,,,1,1
plate_dague/main_sur_bord/20260823T135957Z/frame_0003.jpg,20260823T135957Z,3,1.5,akaze,C,magsac,magsac,False,plate_dague,,main_sur_bord,False,True,False,True,2228.133501994307,False,True,0.0007409980753436685,0,0,0.0,,,False,,,,,,,,False,0.0,,False,False,False,True,2238.1102290091803,375.8468007057881,1877.09375,0.4468055179045867,,,2,2
plate_dague/main_sur_bord/20260823T135957Z/frame_0004.jpg,20260823T135957Z,4,2.0,akaze,C,magsac,magsac,False,plate_dague,,main_sur_bord,False,True,False,True,2583.6412200005725,False,True,0.0008709903340786695,0,0,0.0,,,False,,,,,,,,False,0.0,,False,False,False,True,2594.1790170036256,379.225640463438,1877.09375,0.38547840894767454,,,3,3
plate_dague/main_sur_bord/20260823T135957Z/frame_0005.jpg,20260823T135957Z,5,2.5,akaze,C,magsac,magsac,False,plate_dague,,main_sur_bord,False,True,False,True,2552.3284699884243,False,True,0.0010559888323768973,0,0,0.0,,,False,,,,,,,,False,0.0,,False,False,False,True,2562.9322289896663,378.6660372922014,1877.09375,0.3901780892560745,,,4,4
plate_dague/main_sur_bord/20260823T135957Z/frame_0006.jpg,20260823T135957Z,6,3.0,akaze,C,magsac,magsac,False,plate_dague,,main_sur_bord,False,True,False,True,2148.076536002918,False,True,0.0007219932740554214,0,0,0.0,,,False,,,,,,,,False,0.0,,False,False,False,True,2158.1734280043747,375.06449917163377,1877.09375,0.46335479207742936,,,5,5
plate_dague/main_sur_bord/20260823T135957Z/frame_0007.jpg,20260823T135957Z,7,3.5,akaze,C,magsac,magsac,False,plate_dague,,main_sur_bord,True,False,False,True,170.42654698889237,False,True,0.0008520000847056508,0,0,0.0,,,False,,,,,,,,False,0.0,,False,False,False,True,179.77622199396137,209.10023018094313,1877.09375,5.562470881347088,,,6,6
plate_dague/main_sur_bord/20260823T135957Z/frame_0008.jpg,20260823T135957Z,8,4.0,akaze,C,magsac,magsac,False,plate_dague,,main_sur_bord,True,False,False,True,176.44033800752368,False,True,0.0010549993021413684,0,0,0.0,,,False,,,,,,,,False,0.0,,False,False,False,True,186.74293300136924,215.57655464101578,1877.09375,5.354954985057816,,,7,7
plate_dague/main_sur_bord/20260823T135957Z/frame_0009.jpg,20260823T135957Z,9,4.5,akaze,C,magsac,magsac,False,plate_dague,,main_sur_bord,True,False,False,True,177.29873899952509,False,True,0.0009069917723536491,0,0,0.0,,,False,,,,,,,,False,0.0,,False,False,False,True,187.15631900704466,220.9858978816284,1877.09375,5.343127099878255,,,8,8
plate_dague/main_sur_bord/20260823T135957Z/frame_0010.jpg,20260823T135957Z,10,5.0,akaze,C,magsac,magsac,False,plate_dague,,main_sur_bord,True,False,False,True,179.1194120014552,False,True,0.0010560033842921257,0,0,0.0,,,False,,,,,,,,False,0.0,,False,False,False,True,189.09465600154363,221.20045687415782,1877.09375,5.28835674759543,,,9,9
plate_dague/main_sur_bord/20260823T135957Z/frame_0011.jpg,20260823T135957Z,11,5.5,akaze,C,magsac,magsac,False,plate_dague,,main_sur_bord,True,False,False,True,180.19864498637617,False,True,0.0010560033842921257,0,0,0.0,,,False,,,,,,,,False,0.0,,False,False,False,True,189.90055899485014,221.05845671131158,1877.09375,5.265913935656813,,,10,10
plate_dague/main_sur_bord/20260823T135957Z/frame_0012.jpg,20260823T135957Z,12,6.0,akaze,C,magsac,magsac,False,plate_dague,,main_sur_bord,True,False,False,True,178.4782129980158,False,True,0.0008150091161951423,0,0,0.0,,,False,,,,,,,,False,0.0,,False,False,False,True,188.44542000442743,219.5460542315995,1877.09375,5.3065763019154595,,,11,11
plate_dague/main_sur_bord/20260823T135957Z/frame_0013.jpg,20260823T135957Z,13,6.5,akaze,C,magsac,magsac,False,plate_dague,,main_sur_bord,True,False,False,True,186.5798039943911,False,True,0.0007960043149068952,0,0,0.0,,,False,,,,,,,,False,0.0,,False,False,False,True,196.36627299769316,227.37385508424245,1877.09375,5.092524213726599,,,12,12
plate_dague/main_sur_bord/20260823T135957Z/frame_0014.jpg,20260823T135957Z,14,7.0,akaze,C,magsac,magsac,False,plate_dague,,main_sur_bord,False,True,False,True,1870.4309180029668,False,True,0.0009259965736418962,0,0,0.0,,,False,,,,,,,,False,0.0,,False,False,False,True,1879.9749439931475,370.49009308632986,1877.09375,0.5319219828940683,,,13,13
plate_dague/main_sur_bord/20260823T135957Z/frame_0015.jpg,20260823T135957Z,15,7.5,akaze,C,magsac,magsac,False,plate_dague,,main_sur_bord,True,False,False,True,180.3795150044607,False,True,0.0007409980753436685,0,0,0.0,,,False,,,,,,,,False,0.0,,False,False,False,True,190.2576870052144,229.35286077987024,1877.09375,5.256029418525376,,,14,14
plate_dague/main_sur_bord/20260823T135957Z/frame_0016.jpg,20260823T135957Z,16,8.0,akaze,C,magsac,magsac,False,plate_dague,,main_sur_bord,False,True,False,True,1918.0018879997078,False,True,0.0010560033842921257,0,0,0.0,,,False,,,,,,,,False,0.0,,False,False,False,True,1927.7783750003437,372.28606945021994,1877.09375,0.5187318277703067,,,15,15
plate_dague/main_sur_bord/20260823T135957Z/frame_0017.jpg,20260823T135957Z,17,8.5,akaze,C,magsac,magsac,False,plate_dague,,main_sur_bord,False,True,False,True,1902.5140579906292,False,True,0.0008149945642799139,0,0,0.0,,,False,,,,,,,,False,0.0,,False,False,False,True,1912.1091760025593,372.29954739730084,1877.09375,0.5229826897701482,,,16,16
plate_dague/main_sur_bord/20260823T135957Z/frame_0018.jpg,20260823T135957Z,18,9.0,akaze,C,magsac,magsac,False,plate_dague,,main_sur_bord,True,False,False,True,178.53365799237508,False,True,0.000833999365568161,0,0,0.0,,,False,,,,,,,,False,0.0,,False,False,False,True,188.36195999756455,223.87691283612213,1877.09375,5.308927556354424,,,17,17
plate_dague/main_sur_bord/20260823T135957Z/frame_0019.jpg,20260823T135957Z,19,9.5,akaze,C,magsac,magsac,False,plate_dague,,main_sur_bord,True,False,False,True,181.14851000427734,False,True,0.0011850061127915978,0,0,0.0,,,False,,,,,,,,False,0.0,,False,False,False,True,190.63888900564052,222.3494000677464,1877.09375,5.245519448922159,,,18,18
plate_dague/occlusion_angle/20260823T140102Z/frame_0000.jpg,20260823T140102Z,0,0.0,akaze,C,magsac,magsac,False,plate_dague,,occlusion_angle,False,True,False,True,2639.492414004053,False,True,0.0009070063242688775,0,0,0.0,,,False,,,,,,,,False,0.0,,False,False,False,True,2650.0315430021146,379.360371560372,1877.09375,0.37735399891396765,,,1,1
plate_dague/occlusion_angle/20260823T140102Z/frame_0001.jpg,20260823T140102Z,1,0.5,akaze,C,magsac,magsac,False,plate_dague,plate_dague,occlusion_angle,False,True,True,False,2671.48262700357,True,False,25.218990005669184,239,158,0.6610878661087866,1.0822319984436035,294448.20584371424,True,plate_dague,,0.9634146341463414,,,plate_dague,plate_dague,False,0.4325,0.2,True,False,False,False,2707.299302011961,378.55048532623,1877.09375,0.3693717939707805,0.5,,0,1
plate_dague/occlusion_angle/20260823T140102Z/frame_0002.jpg,20260823T140102Z,2,1.0,akaze,C,magsac,magsac,False,plate_dague,plate_dague,occlusion_angle,False,True,True,False,2647.738600993762,True,False,24.950473991339095,229,156,0.6812227074235808,1.0757884979248047,141429.35860057757,True,plate_dague,,0.9629629629629629,,,plate_dague,plate_dague,False,0.43,0.2,True,False,False,False,2683.1891869951505,378.00246934352117,1877.09375,0.3726908280812952,,,0,1
plate_dague/occlusion_angle/20260823T140102Z/frame_0003.jpg,20260823T140102Z,3,1.5,akaze,C,magsac,magsac,False,plate_dague,plate_dague,occlusion_angle,False,True,True,False,2631.729019994964,True,False,25.378231002832763,230,154,0.6695652173913044,1.0470730066299438,290468.3413263077,True,plate_dague,plate_cellule,0.9625,0.5714285714285714,0.3910714285714286,plate_dague,plate_dague,False,0.41875,0.2,True,False,False,False,2667.5142140011303,377.55690133299953,1877.09375,0.37488085152508066,,,0,1
plate_dague/occlusion_angle/20260823T140102Z/frame_0004.jpg,20260823T140102Z,4,2.0,akaze,C,magsac,magsac,False,plate_dague,plate_dague,occlusion_angle,False,True,True,False,2609.9684789951425,True,False,24.581644000136293,216,141,0.6527777777777778,1.1322096586227417,141800.00837267935,True,plate_dague,plate_vampire,0.9591836734693877,0.5,0.4591836734693877,plate_dague,plate_dague,False,0.4075,0.2,True,False,False,False,2644.826217001537,377.5940728280413,1877.09375,0.37809667552891585,,,0,1
plate_dague/occlusion_angle/20260823T140102Z/frame_0005.jpg,20260823T140102Z,5,2.5,akaze,C,magsac,magsac,False,plate_dague,plate_dague,occlusion_angle,False,True,True,False,2599.691895011347,True,False,25.3718599997228,235,150,0.6382978723404256,1.126857042312622,300526.8076142758,True,plate_dague,,0.9615384615384616,,,plate_dague,plate_dague,False,0.41875,0.2,True,False,False,False,2635.3052580088843,377.7176185471839,1877.09375,0.37946268158534097,,,0,1
plate_dague/occlusion_angle/20260823T140102Z/frame_0006.jpg,20260823T140102Z,6,3.0,akaze,C,magsac,magsac,False,plate_dague,plate_dague,occlusion_angle,False,True,True,False,2481.6186539974296,True,False,24.378015994443558,186,113,0.6075268817204301,1.1830321550369263,150451.9897688912,True,plate_dague,plate_bois,0.9495798319327731,0.5384615384615384,0.41111829347123463,plate_dague,plate_dague,False,0.30625,0.2,True,False,False,False,2516.0584149998613,376.6099967516271,1877.09375,0.39744705211864295,,,0,1
plate_dague/occlusion_angle/20260823T140102Z/frame_0007.jpg,20260823T140102Z,7,3.5,akaze,C,magsac,magsac,False,plate_dague,plate_dague,occlusion_angle,False,True,True,False,2475.6965569977183,True,False,24.88569699926302,201,127,0.6318407960199005,1.266745686531067,304925.46989586286,True,plate_dague,,0.9548872180451128,,,plate_dague,plate_dague,False,0.38,0.2,True,False,False,False,2510.6554800004233,376.7434846137674,1877.09375,0.39830235887236565,,,0,1
plate_dague/occlusion_angle/20260823T140102Z/frame_0008.jpg,20260823T140102Z,8,4.0,akaze,C,magsac,magsac,False,plate_dague,plate_dague,occlusion_angle,False,True,True,False,2413.9849039929686,True,False,24.047647006227635,130,66,0.5076923076923077,1.097330093383789,107747.02758870658,True,plate_dague,,0.9166666666666666,,,plate_dague,plate_dague,False,0.31875,0.2,True,False,False,False,2448.1886660068994,376.2180911907749,1877.09375,0.4084652518349588,,,0,1
plate_dague/occlusion_angle/20260823T140102Z/frame_0009.jpg,20260823T140102Z,9,4.5,akaze,C,magsac,magsac,False,plate_dague,plate_dague,occlusion_angle,False,True,True,False,2564.9148450029315,True,False,24.912215987569652,173,99,0.5722543352601156,1.3326762914657593,237881.75097201014,True,plate_dague,,0.9428571428571428,,,plate_dague,plate_dague,False,0.395,0.2,True,False,False,False,2600.1305999961914,377.61052141051226,1877.09375,0.3845960660597067,,,0,1
plate_dague/occlusion_angle/20260823T140102Z/frame_0010.jpg,20260823T140102Z,10,5.0,akaze,C,magsac,magsac,False,plate_dague,plate_dague,occlusion_angle,False,True,True,False,2361.811545008095,True,False,23.22811700287275,150,80,0.5333333333333333,1.3637628555297852,125318.64833778364,True,plate_dague,plate_bois,0.9302325581395349,0.6666666666666666,0.26356589147286824,plate_dague,plate_dague,False,0.25375,0.2,True,False,False,False,2395.110145997023,375.35565030382656,1877.09375,0.41751733283386244,,,0,1
plate_dague/occlusion_angle/20260823T140102Z/frame_0011.jpg,20260823T140102Z,11,5.5,akaze,C,magsac,magsac,False,plate_dague,plate_dague,occlusion_angle,False,True,True,False,2586.4332710043527,True,False,24.99149300274439,218,137,0.6284403669724771,1.0764826536178589,286155.2126106983,True,plate_dague,,0.958041958041958,,,plate_dague,plate_dague,False,0.41125,0.2,True,False,False,False,2621.4810090023093,377.6573752013487,1877.09375,0.3814637590606017,,,0,1
plate_dague/occlusion_angle/20260823T140102Z/frame_0012.jpg,20260823T140102Z,12,6.0,akaze,C,magsac,magsac,False,plate_dague,plate_dague,occlusion_angle,False,True,True,False,2446.2291070085485,True,False,24.146109994035214,181,117,0.6464088397790055,1.3021570444107056,134206.82324667834,True,plate_dague,,0.9512195121951219,,,plate_dague,plate_dague,False,0.33625,0.2,True,False,False,False,2481.949506996898,376.58487111243994,1877.09375,0.40290908303367423,,,0,1
plate_dague/occlusion_angle/20260823T140102Z/frame_0013.jpg,20260823T140102Z,13,6.5,akaze,C,magsac,magsac,False,plate_dague,plate_dague,occlusion_angle,False,True,True,False,2651.366619000328,True,False,24.5734220079612,215,147,0.6837209302325581,1.0741780996322632,135468.50312268815,True,plate_dague,,0.9607843137254902,,,plate_dague,plate_dague,False,0.43125,0.2,True,False,False,False,2686.1875069880625,378.29168781273296,1877.09375,0.37227483092618074,,,0,1
plate_dague/occlusion_angle/20260823T140102Z/frame_0014.jpg,20260823T140102Z,14,7.0,akaze,C,magsac,magsac,False,plate_dague,,occlusion_angle,False,True,True,False,2409.9895440012915,False,True,22.20329000556376,150,82,0.5466666666666666,1.382305383682251,129799.76022534631,True,plate_dague,,0.9318181818181818,,,,plate_dague,False,0.18375,0.2,False,False,False,True,2442.338449996896,376.4843348804363,1877.09375,0.4094436624871835,,,1,1
plate_dague/occlusion_angle/20260823T140102Z/frame_0015.jpg,20260823T140102Z,15,7.5,akaze,C,magsac,magsac,False,plate_dague,plate_dague,occlusion_angle,False,True,True,False,2682.2150549996877,True,False,24.763587993220426,221,124,0.5610859728506787,0.9800840616226196,259719.65292314027,True,plate_dague,,0.9538461538461539,,,plate_dague,plate_dague,False,0.42625,0.2,True,False,False,False,2717.2136650042376,378.6282509360159,1877.09375,0.3680240582031816,,,0,1
plate_dague/occlusion_angle/20260823T140102Z/frame_0016.jpg,20260823T140102Z,16,8.0,akaze,C,magsac,magsac,False,plate_dague,plate_dague,occlusion_angle,False,True,True,False,2507.044390004012,True,False,24.622422002721578,158,84,0.5316455696202531,1.5287411212921143,268630.4228959091,True,plate_dague,,0.9333333333333333,,,plate_dague,plate_dague,False,0.28,0.2,True,False,False,False,2541.920593008399,376.83415478621777,1877.09375,0.39340331981672405,,,0,1
plate_dague/occlusion_angle/20260823T140102Z/frame_0017.jpg,20260823T140102Z,17,8.5,akaze,C,magsac,magsac,False,plate_dague,,occlusion_angle,False,True,True,False,2348.2196099939756,False,True,20.038046000991017,143,57,0.3986013986013986,1.6389329433441162,128232.97762520704,True,plate_dague,,0.9047619047619048,,,,plate_dague,False,0.1875,0.2,False,False,False,True,2378.193791999365,375.6992342700679,1877.09375,0.4204871795411141,,,1,1
plate_dague/occlusion_angle/20260823T140102Z/frame_0018.jpg,20260823T140102Z,18,9.0,akaze,C,magsac,magsac,False,plate_dague,plate_dague,occlusion_angle,False,True,True,False,2406.165976994089,True,False,22.49028900405392,150,69,0.46,1.7096043825149536,127791.72476248967,True,plate_dague,,0.92,,,plate_dague,plate_dague,False,0.2125,0.2,True,False,False,False,2438.9062319969526,376.05672836754894,1877.09375,0.4100198633635906,,,0,1
plate_dague/occlusion_angle/20260823T140102Z/frame_0019.jpg,20260823T140102Z,19,9.5,akaze,C,magsac,magsac,False,plate_dague,plate_dague,occlusion_angle,False,True,True,False,2657.814505000715,True,False,24.380257993470877,178,112,0.6292134831460674,1.1841144561767578,127266.30123308068,True,plate_dague,,0.9491525423728814,,,plate_dague,plate_dague,False,0.38375,0.2,True,False,False,False,2692.4951360124396,378.3424042535699,1877.09375,0.37140271364834876,,,0,1
plate_vampire/frontal/20260823T135229Z/frame_0000.jpg,20260823T135229Z,0,0.0,akaze,C,magsac,magsac,False,plate_vampire,,frontal,True,False,True,False,2127.481144008925,False,True,14.539066993165761,54,7,0.12962962962962962,3.0517578125e-05,4148.73812910961,True,plate_bougie,,0.5384615384615384,,,,plate_bougie,False,0.02625,0.2,False,False,False,True,2152.442193997558,377.7316592600247,1877.09375,0.4645885509904358,,,1,1
plate_vampire/frontal/20260823T135229Z/frame_0001.jpg,20260823T135229Z,1,0.5,akaze,C,magsac,magsac,False,plate_vampire,,frontal,True,False,False,True,2089.3130810000002,False,True,0.0009259965736418962,0,0,0.0,,,False,,,,,,,,False,0.0,,False,False,False,True,2099.430307993316,378.4425722421081,1877.09375,0.4763196931056135,,,2,2
plate_vampire/frontal/20260823T135229Z/frame_0002.jpg,20260823T135229Z,2,1.0,akaze,C,magsac,magsac,False,plate_vampire,,frontal,True,False,False,True,2047.2683960106224,False,True,0.000833999365568161,0,0,0.0,,,False,,,,,,,,False,0.0,,False,False,False,True,2057.6890649972484,378.06006827424113,1877.09375,0.4859820742651112,,,3,3
plate_vampire/frontal/20260823T135229Z/frame_0003.jpg,20260823T135229Z,3,1.5,akaze,C,magsac,magsac,False,plate_vampire,,frontal,True,False,False,True,2026.5564900037134,False,True,0.0008330098353326321,0,0,0.0,,,False,,,,,,,,False,0.0,,False,False,False,True,2036.7810309980996,378.177749093884,1877.09375,0.4909707940033015,,,4,4
plate_vampire/frontal/20260823T135229Z/frame_0004.jpg,20260823T135229Z,4,2.0,akaze,C,magsac,magsac,False,plate_vampire,,frontal,True,False,False,True,2122.3123719973955,False,True,0.0009259965736418962,0,0,0.0,,,False,,,,,,,,False,0.0,,False,False,False,True,2132.731522011454,378.60407775961005,1877.09375,0.468882271246624,,,5,5
plate_vampire/frontal/20260823T135229Z/frame_0005.jpg,20260823T135229Z,5,2.5,akaze,C,magsac,magsac,False,plate_vampire,,frontal,True,False,False,True,2099.8139409930445,False,True,0.0010549993021413684,0,0,0.0,,,False,,,,,,,,False,0.0,,False,False,False,True,2110.2819249936147,378.22894696992387,1877.09375,0.4738703337010413,,,6,6
plate_vampire/frontal/20260823T135229Z/frame_0006.jpg,20260823T135229Z,6,3.0,akaze,C,magsac,magsac,False,plate_vampire,,frontal,True,False,True,False,2059.5689289912116,False,True,17.657878997852094,65,8,0.12307692307692308,0.5188208222389221,2037.8243304410717,True,plate_bougie,,0.5714285714285714,,,,plate_bougie,False,0.0125,0.2,False,False,False,True,2087.589846996707,376.94843617489084,1877.09375,0.47902129886224604,,,7,7
plate_vampire/frontal/20260823T135229Z/frame_0007.jpg,20260823T135229Z,7,3.5,akaze,C,magsac,magsac,False,plate_vampire,,frontal,False,True,False,True,3030.342320998898,False,True,0.00100000761449337,0,0,0.0,,,False,,,,,,,,False,0.0,,False,False,False,True,3041.3861340057338,381.5270886277429,1877.09375,0.32879744824867896,,,8,8
plate_vampire/frontal/20260823T135229Z/frame_0008.jpg,20260823T135229Z,8,4.0,akaze,C,magsac,magsac,False,plate_vampire,,frontal,True,False,False,True,2068.1566999992356,False,True,0.00100000761449337,0,0,0.0,,,False,,,,,,,,False,0.0,,False,False,False,True,2078.7783679988934,377.8145058609907,1877.09375,0.48105176357142676,,,9,9
plate_vampire/frontal/20260823T135229Z/frame_0009.jpg,20260823T135229Z,9,4.5,akaze,C,magsac,magsac,False,plate_vampire,,frontal,False,True,False,True,3086.1044400080573,False,True,0.0008889910532161593,0,0,0.0,,,False,,,,,,,,False,0.0,,False,False,False,True,3097.380492006778,381.91076994017845,1877.09375,0.32285345716505914,,,10,10
plate_vampire/frontal/20260823T135229Z/frame_0010.jpg,20260823T135229Z,10,5.0,akaze,C,magsac,magsac,False,plate_vampire,,frontal,False,True,True,False,3070.083398008137,False,True,17.601027007913217,65,6,0.09230769230769231,3.68379769497551e-05,4453.263185101561,True,plate_bougie,,0.5,,,,plate_bougie,False,0.00875,0.2,False,False,False,True,3099.17793799832,380.58100047711326,1877.09375,0.32266621020343045,,,11,11
plate_vampire/frontal/20260823T135229Z/frame_0011.jpg,20260823T135229Z,11,5.5,akaze,C,magsac,magsac,False,plate_vampire,,frontal,False,True,False,True,3033.697012986522,False,True,0.0007780035957694054,0,0,0.0,,,False,,,,,,,,False,0.0,,False,False,False,True,3045.0638420006726,381.61362158387533,1877.09375,0.3284003396601953,,,12,12
plate_vampire/frontal/20260823T135229Z/frame_0012.jpg,20260823T135229Z,12,6.0,akaze,C,magsac,magsac,False,plate_vampire,,frontal,False,True,False,True,2965.9659919998376,False,True,0.0009630020940676332,0,0,0.0,,,False,,,,,,,,False,0.0,,False,False,False,True,2977.3125799983973,381.29407551175035,1877.09375,0.3358733667126541,,,13,13
plate_vampire/frontal/20260823T135229Z/frame_0013.jpg,20260823T135229Z,13,6.5,akaze,C,magsac,magsac,False,plate_vampire,,frontal,False,True,True,False,3017.83577700553,False,True,24.263703991891816,81,7,0.08641975308641975,0.000152587890625,2454.245611067803,True,plate_bois,,0.5384615384615384,,,,plate_bois,False,0.009247027741083224,0.2,False,False,False,True,3053.43125500076,380.57927192459806,1877.09375,0.327500413956348,,,14,14
plate_vampire/frontal/20260823T135229Z/frame_0014.jpg,20260823T135229Z,14,7.0,akaze,C,magsac,magsac,False,plate_vampire,,frontal,False,True,True,False,2996.094346002792,False,True,29.36209501058329,106,6,0.05660377358490566,0.14216074347496033,22898.111765345326,True,plate_bois,,0.5,,,,plate_bois,False,0.00801068090787717,0.2,False,False,False,True,3036.9371959968703,380.60992104928215,1877.09375,0.32927911756560097,,,15,15
plate_vampire/frontal/20260823T135229Z/frame_0015.jpg,20260823T135229Z,15,7.5,akaze,C,magsac,magsac,False,plate_vampire,,frontal,True,False,False,True,2136.036497002351,False,True,0.0007219932740554214,0,0,0.0,,,False,,,,,,,,False,0.0,,False,False,False,True,2146.366000000853,378.5227499875027,1877.09375,0.46590376478177653,,,16,16
plate_vampire/frontal/20260823T135229Z/frame_0016.jpg,20260823T135229Z,16,8.0,akaze,C,magsac,magsac,False,plate_vampire,,frontal,True,False,False,True,2159.454305001418,False,True,0.0008700008038431406,0,0,0.0,,,False,,,,,,,,False,0.0,,False,False,False,True,2170.039696007734,378.66104427107706,1877.09375,0.4608210632458568,,,17,17
plate_vampire/frontal/20260823T135229Z/frame_0017.jpg,20260823T135229Z,17,8.5,akaze,C,magsac,magsac,False,plate_vampire,,frontal,True,False,False,True,2170.4962180083385,False,True,0.0007229973562061787,0,0,0.0,,,False,,,,,,,,False,0.0,,False,False,False,True,2180.953646005946,378.89457119518636,1877.09375,0.4585150178828118,,,18,18
plate_vampire/frontal/20260823T135229Z/frame_0018.jpg,20260823T135229Z,18,9.0,akaze,C,magsac,magsac,False,plate_vampire,,frontal,False,True,False,True,2911.427779996302,False,True,0.0009630020940676332,0,0,0.0,,,False,,,,,,,,False,0.0,,False,False,False,True,2922.658980009146,380.9797826281159,1877.09375,0.34215418454221114,,,19,19
plate_vampire/frontal/20260823T135229Z/frame_0019.jpg,20260823T135229Z,19,9.5,akaze,C,magsac,magsac,False,plate_vampire,,frontal,False,True,False,True,3103.9820659934776,False,True,0.0011669908417388797,0,0,0.0,,,False,,,,,,,,False,0.0,,False,False,False,True,3115.583079008502,381.83759400136233,1877.09375,0.32096720730626077,,,20,20
plate_vampire/main_sur_bord/20260823T135336Z/frame_0000.jpg,20260823T135336Z,0,0.0,akaze,C,magsac,magsac,False,plate_vampire,,main_sur_bord,False,True,False,True,2657.695539004635,False,True,0.000943997292779386,0,0,0.0,,,False,,,,,,,,False,0.0,,False,False,False,True,2668.576853000559,379.42543718069965,1877.09375,0.3747315723268737,,,1,1
plate_vampire/main_sur_bord/20260823T135336Z/frame_0001.jpg,20260823T135336Z,1,0.5,akaze,C,magsac,magsac,False,plate_vampire,,main_sur_bord,False,True,False,True,2938.6394979956094,False,True,0.0007780035957694054,0,0,0.0,,,False,,,,,,,,False,0.0,,False,False,False,True,2949.64601600077,381.0289432708983,1877.09375,0.3390237318564191,,,2,2
plate_vampire/main_sur_bord/20260823T135336Z/frame_0002.jpg,20260823T135336Z,2,1.0,akaze,C,magsac,magsac,False,plate_vampire,,main_sur_bord,False,True,True,False,2767.1832549967803,False,True,32.022225990658626,97,6,0.061855670103092786,0.10933490097522736,5040.68320417346,True,plate_bois,,0.5,,,,plate_bois,False,0.01602136181575434,0.2,False,False,False,True,2810.3114050027216,378.94713959607327,1877.09375,0.35583245266694263,,,3,3
plate_vampire/main_sur_bord/20260823T135336Z/frame_0003.jpg,20260823T135336Z,3,1.5,akaze,C,magsac,magsac,False,plate_vampire,,main_sur_bord,False,True,False,True,2560.1694749930175,False,True,0.0009620125638321042,0,0,0.0,,,False,,,,,,,,False,0.0,,False,False,False,True,2570.7579029985936,378.72931627062195,1877.09375,0.38899034360006285,,,4,4
plate_vampire/main_sur_bord/20260823T135336Z/frame_0004.jpg,20260823T135336Z,4,2.0,akaze,C,magsac,magsac,False,plate_vampire,,main_sur_bord,False,True,False,True,2463.3799040020676,False,True,0.0010369985830038786,0,0,0.0,,,False,,,,,,,,False,0.0,,False,False,False,True,2473.845610002172,377.67812434309053,1877.09375,0.4042289445860455,,,5,5
plate_vampire/main_sur_bord/20260823T135336Z/frame_0005.jpg,20260823T135336Z,5,2.5,akaze,C,magsac,magsac,False,plate_vampire,,main_sur_bord,False,True,False,True,2942.6179389993194,False,True,0.0007409980753436685,0,0,0.0,,,False,,,,,,,,False,0.0,,False,False,False,True,2953.666660003364,381.1601239385355,1877.09375,0.33856223978871774,,,6,6
plate_vampire/main_sur_bord/20260823T135336Z/frame_0006.jpg,20260823T135336Z,6,3.0,akaze,C,magsac,magsac,False,plate_vampire,,main_sur_bord,False,True,False,True,3084.7766660008347,False,True,0.0008509960025548935,0,0,0.0,,,False,,,,,,,,False,0.0,,False,False,False,True,3096.276976997615,381.83537389682783,1877.09375,0.3229685223347415,,,7,7
plate_vampire/main_sur_bord/20260823T135336Z/frame_0007.jpg,20260823T135336Z,7,3.5,akaze,C,magsac,magsac,False,plate_vampire,,main_sur_bord,False,True,False,True,2507.5627970072674,False,True,0.0007039925549179316,0,0,0.0,,,False,,,,,,,,False,0.0,,False,False,False,True,2518.0096509866416,378.1916451856469,1877.09375,0.397139065614052,,,8,8
plate_vampire/main_sur_bord/20260823T135336Z/frame_0008.jpg,20260823T135336Z,8,4.0,akaze,C,magsac,magsac,False,plate_vampire,plate_vampire,main_sur_bord,False,True,True,False,2684.6464870031923,True,False,25.30636500159744,252,158,0.626984126984127,1.370307207107544,352996.22770046256,True,plate_vampire,,0.9634146341463414,,,plate_vampire,plate_vampire,False,0.25875,0.2,True,False,False,False,2720.78409299138,378.5056108468191,1877.09375,0.3675411079386843,4.0,,0,8
plate_vampire/main_sur_bord/20260823T135336Z/frame_0009.jpg,20260823T135336Z,9,4.5,akaze,C,magsac,magsac,False,plate_vampire,plate_vampire,main_sur_bord,False,True,True,False,3018.8782579934923,True,False,26.011175010353327,314,227,0.7229299363057324,0.8442233204841614,347280.26884009095,True,plate_vampire,,0.9742489270386266,,,plate_vampire,plate_vampire,False,0.3575,0.2,True,False,False,False,3055.903728993144,380.1740703339469,1877.09375,0.32723543955669016,,,0,8
plate_vampire/main_sur_bord/20260823T135336Z/frame_0010.jpg,20260823T135336Z,10,5.0,akaze,C,magsac,magsac,False,plate_vampire,,main_sur_bord,False,True,False,True,3003.8230399950407,False,True,0.0014999968698248267,0,0,0.0,,,False,,,,,,,,False,0.0,,False,False,False,True,3014.8400939942803,381.48084397280684,1877.09375,0.3316925504580002,,,1,8
plate_vampire/main_sur_bord/20260823T135336Z/frame_0011.jpg,20260823T135336Z,11,5.5,akaze,C,magsac,magsac,False,plate_vampire,,main_sur_bord,False,True,False,True,3089.9875769973733,False,True,0.0010369985830038786,0,0,0.0,,,False,,,,,,,,False,0.0,,False,False,False,True,3101.056889994652,381.7280322135808,1877.09375,0.322470704496403,,,2,8
plate_vampire/main_sur_bord/20260823T135336Z/frame_0012.jpg,20260823T135336Z,12,6.0,akaze,C,magsac,magsac,False,plate_vampire,,main_sur_bord,False,True,True,False,3064.4253919890616,False,True,22.62380901083816,55,6,0.10909090909090909,0.09319339692592621,24028.796087348106,True,plate_dague,,0.5,,,,plate_dague,False,0.0175,0.2,False,False,False,True,3098.3623279898893,380.4867438679412,1877.09375,0.322751148555555,,,3,8
plate_vampire/main_sur_bord/20260823T135336Z/frame_0013.jpg,20260823T135336Z,13,6.5,akaze,C,magsac,magsac,False,plate_vampire,,main_sur_bord,False,True,False,True,2799.806773997261,False,True,0.001091990270651877,0,0,0.0,,,False,,,,,,,,False,0.0,,False,False,False,True,2810.548460998689,380.13749455875313,1877.09375,0.35580243994251004,,,4,8
plate_vampire/main_sur_bord/20260823T135336Z/frame_0014.jpg,20260823T135336Z,14,7.0,akaze,C,magsac,magsac,False,plate_vampire,,main_sur_bord,False,True,False,True,3082.764196995413,False,True,0.0007219932740554214,0,0,0.0,,,False,,,,,,,,False,0.0,,False,False,False,True,3094.1793040110497,381.9723257045445,1877.09375,0.3231874761438935,,,5,8
plate_vampire/main_sur_bord/20260823T135336Z/frame_0015.jpg,20260823T135336Z,15,7.5,akaze,C,magsac,magsac,False,plate_vampire,,main_sur_bord,False,True,False,True,3027.090882009361,False,True,0.0011489901226013899,0,0,0.0,,,False,,,,,,,,False,0.0,,False,False,False,True,3038.202880998142,381.4407797938907,1877.09375,0.32914194317117806,,,6,8
plate_vampire/main_sur_bord/20260823T135336Z/frame_0016.jpg,20260823T135336Z,16,8.0,akaze,C,magsac,magsac,False,plate_vampire,,main_sur_bord,False,True,False,True,3131.8349430075614,False,True,0.000943997292779386,0,0,0.0,,,False,,,,,,,,False,0.0,,False,False,False,True,3143.2114580093184,382.0229724730265,1877.09375,0.3181459514764327,,,7,8
plate_vampire/main_sur_bord/20260823T135336Z/frame_0017.jpg,20260823T135336Z,17,8.5,akaze,C,magsac,magsac,False,plate_vampire,plate_vampire,main_sur_bord,False,True,True,False,2914.076244996977,True,False,25.60301100311335,236,168,0.711864406779661,1.0172522068023682,328739.1060125569,True,plate_vampire,,0.9655172413793104,,,plate_vampire,plate_vampire,False,0.285,0.2,True,False,False,False,2950.616348985932,379.6858080126388,1877.09375,0.3389122412826324,,,0,8
plate_vampire/main_sur_bord/20260823T135336Z/frame_0018.jpg,20260823T135336Z,18,9.0,akaze,C,magsac,magsac,False,plate_vampire,plate_vampire,main_sur_bord,False,True,True,False,2914.8082509927917,True,False,25.367216992890462,308,222,0.7207792207792207,0.8219241499900818,321541.66285150556,True,plate_vampire,,0.9736842105263158,,,plate_vampire,plate_vampire,False,0.375,0.2,True,False,False,False,2950.9194510028465,380.0697850017053,1877.09375,0.33887743010408433,,,0,8
plate_vampire/main_sur_bord/20260823T135336Z/frame_0019.jpg,20260823T135336Z,19,9.5,akaze,C,magsac,magsac,False,plate_vampire,plate_vampire,main_sur_bord,False,True,True,False,3061.7388959944947,True,False,25.53062399965711,321,238,0.7414330218068536,0.8620879650115967,326603.9582840311,True,plate_vampire,,0.9754098360655737,,,plate_vampire,plate_vampire,False,0.3925,0.2,True,False,False,False,3098.3007040049415,380.36350041062127,1877.09375,0.3227575679492229,,,0,8
plate_vampire/occlusion_angle/20260823T135419Z/frame_0000.jpg,20260823T135419Z,0,0.0,akaze,C,magsac,magsac,False,plate_vampire,plate_vampire,occlusion_angle,False,True,True,False,3032.3738279985264,True,False,26.23663700069301,305,225,0.7377049180327869,1.5351015329360962,404871.77221192187,True,plate_vampire,,0.974025974025974,,,plate_vampire,plate_vampire,False,0.32625,0.2,True,False,False,False,3070.036220990005,380.24263082588965,1877.09375,0.3257290559515049,0.0,,0,0
plate_vampire/occlusion_angle/20260823T135419Z/frame_0001.jpg,20260823T135419Z,1,0.5,akaze,C,magsac,magsac,False,plate_vampire,plate_vampire,occlusion_angle,False,True,True,False,3044.4613689905964,True,False,25.83204700204078,311,235,0.7556270096463023,1.4076576232910156,409733.0306493799,True,plate_vampire,,0.975103734439834,,,plate_vampire,plate_vampire,False,0.34,0.2,True,False,False,False,3081.24021301046,380.274766976127,1877.09375,0.3245446414004091,,,0,0
plate_vampire/occlusion_angle/20260823T135419Z/frame_0002.jpg,20260823T135419Z,2,1.0,akaze,C,magsac,magsac,False,plate_vampire,plate_vampire,occlusion_angle,False,True,True,False,3064.884389998042,True,False,26.116046006791294,339,245,0.7227138643067846,1.4323865175247192,410600.95266345504,True,plate_vampire,,0.9760956175298805,,,plate_vampire,plate_vampire,False,0.3325,0.2,True,False,False,False,3102.320767007768,380.3155370158526,1877.09375,0.32233933081153116,,,0,0
plate_vampire/occlusion_angle/20260823T135419Z/frame_0003.jpg,20260823T135419Z,3,1.5,akaze,C,magsac,magsac,False,plate_vampire,plate_vampire,occlusion_angle,False,True,True,False,3145.5534679989796,True,False,26.170174998696893,363,251,0.6914600550964187,1.5249496698379517,414173.75197990314,True,plate_vampire,,0.9766536964980544,,,plate_vampire,plate_vampire,False,0.34125,0.2,True,False,False,False,3183.0433799914317,380.8797426138973,1877.09375,0.3141647412931871,,,0,0
plate_vampire/occlusion_angle/20260823T135419Z/frame_0004.jpg,20260823T135419Z,4,2.0,akaze,C,magsac,magsac,False,plate_vampire,plate_vampire,occlusion_angle,False,True,True,False,3108.3851379953558,True,False,25.93080699443817,315,250,0.7936507936507936,1.5179736614227295,412587.9074719746,True,plate_vampire,plate_bois,0.9765625,0.5384615384615384,0.43810096153846156,plate_vampire,plate_vampire,False,0.335,0.2,True,False,False,False,3145.623867996619,380.3956195061763,1877.09375,0.31790196220658723,,,0,0
plate_vampire/occlusion_angle/20260823T135419Z/frame_0005.jpg,20260823T135419Z,5,2.5,akaze,C,magsac,magsac,False,plate_vampire,plate_vampire,occlusion_angle,False,True,True,False,3146.5196880017174,True,False,25.47999499074649,329,238,0.723404255319149,1.4500951766967773,400095.40465607116,True,plate_vampire,,0.9754098360655737,,,plate_vampire,plate_vampire,False,0.3475,0.2,True,False,False,False,3183.055440997123,380.8945402535007,1877.09375,0.3141635508826514,,,0,0
plate_vampire/occlusion_angle/20260823T135419Z/frame_0006.jpg,20260823T135419Z,6,3.0,akaze,C,magsac,magsac,False,plate_vampire,,occlusion_angle,False,True,False,True,3168.352071006666,False,True,0.001110995071940124,0,0,0.0,,,False,,,,,,,,False,0.0,,False,False,False,True,3179.680883011315,382.3069028388589,1877.09375,0.31449696897034224,,,1,1
plate_vampire/occlusion_angle/20260823T135419Z/frame_0007.jpg,20260823T135419Z,7,3.5,akaze,C,magsac,magsac,False,plate_vampire,plate_vampire,occlusion_angle,False,True,True,False,3153.999122994719,True,False,26.270323010976426,345,250,0.7246376811594203,1.4287889003753662,381036.6972856477,True,plate_vampire,,0.9765625,,,plate_vampire,plate_vampire,False,0.34,0.2,True,False,False,False,3191.4537779957755,381.16491878629455,1877.09375,0.31333682690149983,,,0,1
plate_vampire/occlusion_angle/20260823T135419Z/frame_0008.jpg,20260823T135419Z,8,4.0,akaze,C,magsac,magsac,False,plate_vampire,plate_vampire,occlusion_angle,False,True,True,False,3159.5093380019534,True,False,25.897084997268394,342,250,0.7309941520467836,1.3882508277893066,379497.50640074315,True,plate_vampire,,0.9765625,,,plate_vampire,plate_vampire,False,0.3575,0.2,True,False,False,False,3196.835494003608,381.07718770173005,1877.09375,0.31280933969724983,,,0,1
plate_vampire/occlusion_angle/20260823T135419Z/frame_0009.jpg,20260823T135419Z,9,4.5,akaze,C,magsac,magsac,False,plate_vampire,plate_vampire,occlusion_angle,False,True,True,False,2943.678247000207,True,False,25.60171599907335,290,209,0.7206896551724138,1.5689911842346191,379530.3891542549,True,plate_vampire,,0.9720930232558139,,,plate_vampire,plate_vampire,False,0.2975,0.2,True,False,False,False,2980.168000998674,380.00427077281967,1877.09375,0.3355515526859202,,,0,1
plate_vampire/occlusion_angle/20260823T135419Z/frame_0010.jpg,20260823T135419Z,10,5.0,akaze,C,magsac,magsac,False,plate_vampire,plate_vampire,occlusion_angle,False,True,True,False,3208.651622000616,True,False,26.21808199910447,315,233,0.7396825396825397,1.6211423873901367,380410.075405701,True,plate_vampire,,0.9748953974895398,,,plate_vampire,plate_vampire,False,0.34125,0.2,True,False,False,False,3246.4798309956677,381.1016405484786,1877.09375,0.30802593949684526,,,0,1
plate_vampire/occlusion_angle/20260823T135419Z/frame_0011.jpg,20260823T135419Z,11,5.5,akaze,C,magsac,magsac,False,plate_vampire,plate_vampire,occlusion_angle,False,True,True,False,3075.0674580049235,True,False,25.96551000897307,282,208,0.7375886524822695,1.636724591255188,375993.9739393397,True,plate_vampire,,0.9719626168224299,,,plate_vampire,plate_vampire,False,0.32875,0.2,True,False,False,False,3112.232893006876,380.4047197304032,1877.09375,0.32131271481866913,,,0,1
plate_vampire/occlusion_angle/20260823T135419Z/frame_0012.jpg,20260823T135419Z,12,6.0,akaze,C,magsac,magsac,False,plate_vampire,plate_vampire,occlusion_angle,False,True,True,False,3048.5713509988273,True,False,25.742882004124112,284,205,0.721830985915493,1.6513766050338745,370021.2856298196,True,plate_vampire,,0.9715639810426541,,,plate_vampire,plate_vampire,False,0.315,0.2,True,False,False,False,3085.583786989446,380.42689158194065,1877.09375,0.32408778015251494,,,0,1
plate_vampire/occlusion_angle/20260823T135419Z/frame_0013.jpg,20260823T135419Z,13,6.5,akaze,C,magsac,magsac,False,plate_vampire,plate_vampire,occlusion_angle,False,True,True,False,3122.784788996796,True,False,25.658216007286683,346,245,0.708092485549133,1.521483302116394,369928.4137032373,True,plate_vampire,,0.9760956175298805,,,plate_vampire,plate_vampire,False,0.375,0.2,True,False,False,False,3159.742613992421,381.09811342465815,1877.09375,0.3164814740199591,,,0,1
plate_vampire/occlusion_angle/20260823T135419Z/frame_0014.jpg,20260823T135419Z,14,7.0,akaze,C,magsac,magsac,False,plate_vampire,plate_vampire,occlusion_angle,False,True,True,False,3149.2345100123202,True,False,25.76017899264116,319,232,0.7272727272727273,1.5982904434204102,372527.7944600282,True,plate_vampire,,0.9747899159663865,,,plate_vampire,plate_vampire,False,0.35625,0.2,True,False,False,False,3186.3101869967068,381.04191633783375,1877.09375,0.31384263970312365,,,0,1
plate_vampire/occlusion_angle/20260823T135419Z/frame_0015.jpg,20260823T135419Z,15,7.5,akaze,C,magsac,magsac,False,plate_vampire,plate_vampire,occlusion_angle,False,True,True,False,3159.468990008463,True,False,25.612419995013624,295,220,0.7457627118644068,1.5691008567810059,364592.03837754973,True,plate_vampire,,0.9734513274336283,,,plate_vampire,plate_vampire,False,0.345,0.2,True,False,False,False,3196.406055998523,381.2353441181765,1877.09375,0.3128513657153646,,,0,1
plate_vampire/occlusion_angle/20260823T135419Z/frame_0016.jpg,20260823T135419Z,16,8.0,akaze,C,magsac,magsac,False,plate_vampire,plate_vampire,occlusion_angle,False,True,True,False,2989.374365002732,True,False,25.42405200074427,273,208,0.7619047619047619,1.5862058401107788,362795.2546516331,True,plate_vampire,plate_cellule,0.9719626168224299,0.5,0.4719626168224299,plate_vampire,plate_vampire,False,0.285,0.2,True,False,False,False,3025.785398000153,379.707604332869,1877.09375,0.33049270469113073,,,0,1
plate_vampire/occlusion_angle/20260823T135419Z/frame_0017.jpg,20260823T135419Z,17,8.5,akaze,C,magsac,magsac,False,plate_vampire,plate_vampire,occlusion_angle,False,True,True,False,2908.6073040089104,True,False,25.293922997661866,242,165,0.6818181818181818,1.8815650939941406,360940.01898861903,True,plate_vampire,,0.9649122807017544,,,plate_vampire,plate_vampire,False,0.25625,0.2,True,False,False,False,2944.817117007915,380.0136817450492,1877.09375,0.33957966157710034,,,0,1
plate_vampire/occlusion_angle/20260823T135419Z/frame_0018.jpg,20260823T135419Z,18,9.0,akaze,C,magsac,magsac,False,plate_vampire,plate_vampire,occlusion_angle,False,True,True,False,3079.643777993624,True,False,26.14278699911665,303,220,0.7260726072607261,1.5444049835205078,358891.94949506497,True,plate_vampire,,0.9734513274336283,,,plate_vampire,plate_vampire,False,0.3125,0.2,True,False,False,False,3117.0945269986987,380.620410136338,1877.09375,0.3208115735145357,,,0,1
plate_vampire/occlusion_angle/20260823T135419Z/frame_0019.jpg,20260823T135419Z,19,9.5,akaze,C,magsac,magsac,False,plate_vampire,plate_vampire,occlusion_angle,False,True,True,False,2881.4268939895555,True,False,25.655494988313876,266,181,0.6804511278195489,1.6082217693328857,360435.2777927539,True,plate_vampire,,0.9679144385026738,,,plate_vampire,plate_vampire,False,0.275,0.2,True,False,False,False,2918.0417229945306,379.4522740969394,1877.09375,0.34269557975126813,,,0,1
negatives/aucune_plaque/20260823T132011Z/frame_0000.jpg,20260823T132011Z,0,0.0,orb,D,magsac,magsac,False,,,aucune_plaque,False,True,False,True,93.40948599856347,False,True,0.0011110096238553524,0,0,0.0,,,False,,,,,,,,False,0.0,,False,True,False,False,102.9600140027469,316.62251909876323,1877.09375,9.71250839159094,,,0,0
negatives/aucune_plaque/20260823T132011Z/frame_0001.jpg,20260823T132011Z,1,0.5,orb,D,magsac,magsac,False,,,aucune_plaque,False,True,False,True,95.0465490022907,False,True,0.0005740002961829305,0,0,0.0,,,False,,,,,,,,False,0.0,,False,True,False,False,104.85201999836136,314.70996458194315,1877.09375,9.537250689263098,,,0,0
negatives/aucune_plaque/20260823T132011Z/frame_0002.jpg,20260823T132011Z,2,1.0,orb,D,magsac,magsac,False,,,aucune_plaque,False,True,False,True,93.69153999432456,False,True,0.0005740002961829305,0,0,0.0,,,False,,,,,,,,False,0.0,,False,True,False,False,103.40851100045256,315.3890611564654,1877.09375,9.670383900950121,,,0,0
negatives/aucune_plaque/20260823T132011Z/frame_0003.jpg,20260823T132011Z,3,1.5,orb,D,magsac,magsac,False,,,aucune_plaque,False,True,False,True,93.15254300599918,False,True,0.0005369947757571936,0,0,0.0,,,False,,,,,,,,False,0.0,,False,True,False,False,102.86964400438592,317.1122269908806,1877.09375,9.72104073731765,,,0,0
negatives/aucune_plaque/20260823T132011Z/frame_0004.jpg,20260823T132011Z,4,2.0,orb,D,magsac,magsac,False,,,aucune_plaque,False,True,False,True,96.03768998931628,False,True,0.0006850023055449128,0,0,0.0,,,False,,,,,,,,False,0.0,,False,True,False,False,105.63916301180143,315.26002810380874,1877.09375,9.466186322285472,,,0,0
negatives/aucune_plaque/20260823T132011Z/frame_0005.jpg,20260823T132011Z,5,2.5,orb,D,magsac,magsac,False,,,aucune_plaque,False,True,False,True,92.74232400639448,False,True,0.000667001586407423,0,0,0.0,,,False,,,,,,,,False,0.0,,False,True,False,False,102.61836899735499,316.19998073463205,1877.09375,9.744844025203472,,,0,0
negatives/aucune_plaque/20260823T132011Z/frame_0006.jpg,20260823T132011Z,6,3.0,orb,D,magsac,magsac,False,,,aucune_plaque,False,True,False,True,93.71244700741954,False,True,0.0007960043149068952,0,0,0.0,,,False,,,,,,,,False,0.0,,False,True,False,False,103.19529099797364,316.76809555783973,1877.09375,9.690364650647055,,,0,0
negatives/aucune_plaque/20260823T132011Z/frame_0007.jpg,20260823T132011Z,7,3.5,orb,D,magsac,magsac,False,,,aucune_plaque,False,True,False,True,97.0234620035626,False,True,0.0006300106178969145,0,0,0.0,,,False,,,,,,,,False,0.0,,False,True,False,False,106.66867501277011,315.2622257283904,1877.09375,9.374823488529154,,,0,0
negatives/aucune_plaque/20260823T132011Z/frame_0008.jpg,20260823T132011Z,8,4.0,orb,D,magsac,magsac,False,,,aucune_plaque,False,True,False,True,94.83669900509994,False,True,0.000667001586407423,0,0,0.0,,,False,,,,,,,,False,0.0,,False,True,False,False,104.25772800226696,315.7610695225148,1877.09375,9.59161511728182,,,0,0
negatives/aucune_plaque/20260823T132011Z/frame_0009.jpg,20260823T132011Z,9,4.5,orb,D,magsac,magsac,False,,,aucune_plaque,False,True,False,True,97.5420140021015,False,True,0.0007589987944811583,0,0,0.0,,,False,,,,,,,,False,0.0,,False,True,False,False,107.24487400148064,313.97941872279256,1877.09375,9.324454985011162,,,0,0
negatives/aucune_plaque/20260823T132011Z/frame_0010.jpg,20260823T132011Z,10,5.0,orb,D,magsac,magsac,False,,,aucune_plaque,False,True,False,True,95.0699929962866,False,True,0.0005369947757571936,0,0,0.0,,,False,,,,,,,,False,0.0,,False,True,False,False,104.6116700017592,316.0606221032929,1877.09375,9.559162949823701,,,0,0
negatives/aucune_plaque/20260823T132011Z/frame_0011.jpg,20260823T132011Z,11,5.5,orb,D,magsac,magsac,False,,,aucune_plaque,True,False,False,True,21.80918700469192,False,True,0.000500003807246685,0,0,0.0,,,False,,,,,,,,False,0.0,,False,True,False,False,31.650880991946906,320.1260780887461,1877.09375,31.59469716670557,,,0,0
negatives/aucune_plaque/20260823T132011Z/frame_0012.jpg,20260823T132011Z,12,6.0,orb,D,magsac,magsac,False,,,aucune_plaque,True,False,False,True,1.3039350014878437,False,True,0.0015550031093880534,0,0,0.0,,,False,,,,,,,,False,0.0,,False,True,False,False,10.906500989221968,214.69915991156566,1877.09375,91.6884343556399,,,0,0
negatives/aucune_plaque/20260823T132011Z/frame_0013.jpg,20260823T132011Z,13,6.5,orb,D,magsac,magsac,False,,,aucune_plaque,False,True,False,True,92.62906599906273,False,True,0.001334003172814846,0,0,0.0,,,False,,,,,,,,False,0.0,,False,True,False,False,102.73296000377741,316.3768239401771,1877.09375,9.733974373591794,,,0,0
negatives/aucune_plaque/20260823T132011Z/frame_0014.jpg,20260823T132011Z,14,7.0,orb,D,magsac,magsac,False,,,aucune_plaque,False,True,False,True,95.55043399450369,False,True,0.0006490008672699332,0,0,0.0,,,False,,,,,,,,False,0.0,,False,True,False,False,104.86222399049439,315.47993015110734,1877.09375,9.536322633121424,,,0,0
negatives/aucune_plaque/20260823T132011Z/frame_0015.jpg,20260823T132011Z,15,7.5,orb,D,magsac,magsac,False,,,aucune_plaque,False,True,False,True,96.11548601242248,False,True,0.0013329990906640887,0,0,0.0,,,False,,,,,,,,False,0.0,,False,True,False,False,105.65549699822441,310.93349738864174,1877.09375,9.46472288154402,,,0,0
negatives/aucune_plaque/20260823T132011Z/frame_0016.jpg,20260823T132011Z,16,8.0,orb,D,magsac,magsac,False,,,aucune_plaque,False,True,False,True,93.6450959998183,False,True,0.0006289919838309288,0,0,0.0,,,False,,,,,,,,False,0.0,,False,True,False,False,103.00147700763773,317.08177153210437,1877.09375,9.70859864393836,,,0,0
negatives/aucune_plaque/20260823T132011Z/frame_0017.jpg,20260823T132011Z,17,8.5,orb,D,magsac,magsac,False,,,aucune_plaque,False,True,False,True,95.25054799451027,False,True,0.0006479967851191759,0,0,0.0,,,False,,,,,,,,False,0.0,,False,True,False,False,104.73902100056875,316.3476952858244,1877.09375,9.547540070997702,,,0,0
negatives/aucune_plaque/20260823T132011Z/frame_0018.jpg,20260823T132011Z,18,9.0,orb,D,magsac,magsac,False,,,aucune_plaque,False,True,False,True,94.14436999941245,False,True,0.000610991264693439,0,0,0.0,,,False,,,,,,,,False,0.0,,False,True,False,False,103.72602799907327,316.2335069868769,1877.09375,9.64078177185127,,,0,0
negatives/aucune_plaque/20260823T132011Z/frame_0019.jpg,20260823T132011Z,19,9.5,orb,D,magsac,magsac,False,,,aucune_plaque,False,True,False,True,96.43835399765521,False,True,0.0005189940566197038,0,0,0.0,,,False,,,,,,,,False,0.0,,False,True,False,False,106.14388200337999,315.1226454951611,1877.09375,9.421174175334539,,,0,0
plate_bougie/frontal/20260823T135503Z/frame_0000.jpg,20260823T135503Z,0,0.0,orb,D,magsac,magsac,False,plate_bougie,,frontal,False,True,False,True,96.78713000903372,False,True,0.000777989043854177,0,0,0.0,,,False,,,,,,,,False,0.0,,False,False,False,True,107.0845240028575,310.84934176945416,1877.09375,9.338417566046383,,,1,1
plate_bougie/frontal/20260823T135503Z/frame_0001.jpg,20260823T135503Z,1,0.5,orb,D,magsac,magsac,False,plate_bougie,,frontal,True,False,False,True,94.71416298765689,False,True,0.0005369947757571936,0,0,0.0,,,False,,,,,,,,False,0.0,,False,False,False,True,105.00433399283793,325.37571165740167,1877.09375,9.5234164341084,,,2,2
plate_bougie/frontal/20260823T135503Z/frame_0002.jpg,20260823T135503Z,2,1.0,orb,D,magsac,magsac,False,plate_bougie,plate_bougie,frontal,True,False,True,False,91.26518499397207,True,False,4.160509997745976,38,26,0.6842105263157895,0.6048092246055603,80895.55086535244,True,plate_bougie,,0.8125,,,plate_bougie,plate_bougie,False,0.6809951334569689,0.55,True,False,False,False,105.55412700341549,318.65403234236607,1877.09375,9.47381242580541,1.0,,0,2
plate_bougie/frontal/20260823T135503Z/frame_0003.jpg,20260823T135503Z,3,1.5,orb,D,magsac,magsac,False,plate_bougie,,frontal,True,False,False,True,84.88222799496725,False,True,0.000833999365568161,0,0,0.0,,,False,,,,,,,,False,0.0,,False,False,False,True,95.08927099523135,335.31154005355023,1877.09375,10.51643355274171,,,1,2
plate_bougie/frontal/20260823T135503Z/frame_0004.jpg,20260823T135503Z,4,2.0,orb,D,magsac,magsac,False,plate_bougie,,frontal,False,True,True,False,101.24060000816826,False,True,4.198823997285217,29,16,0.5517241379310345,0.5024063587188721,252390.54028188286,True,plate_bougie,,0.7272727272727273,,,,plate_bougie,False,0.5428660544185959,0.55,False,False,False,True,115.1098779955646,303.0793864741802,1877.09375,8.687351749591219,,,2,2
plate_bougie/frontal/20260823T135503Z/frame_0005.jpg,20260823T135503Z,5,2.5,orb,D,magsac,magsac,False,plate_bougie,,frontal,False,True,True,False,103.95624900411349,False,True,4.133378999540582,35,16,0.45714285714285713,0.568342924118042,226653.0362243224,True,plate_bougie,,0.7272727272727273,,,,plate_bougie,False,0.42752681437043266,0.55,False,False,False,True,118.564353993861,300.79154736390217,1877.09375,8.434238169524187,,,3,3
plate_bougie/frontal/20260823T135503Z/frame_0006.jpg,20260823T135503Z,6,3.0,orb,D,magsac,magsac,False,plate_bougie,plate_bougie,frontal,True,False,True,False,86.56155000790022,True,False,4.136786999879405,41,30,0.7317073170731707,0.7114485502243042,80167.79242227349,True,plate_bougie,,0.8333333333333334,,,plate_bougie,plate_bougie,False,0.6639320860327872,0.55,True,False,False,False,100.69308600213844,323.9789482599527,1877.09375,9.93116846154425,,,0,3
plate_bougie/frontal/20260823T135503Z/frame_0007.jpg,20260823T135503Z,7,3.5,orb,D,magsac,magsac,False,plate_bougie,plate_bougie,frontal,True,False,True,False,88.78546100459062,True,False,4.109139001229778,37,27,0.7297297297297297,0.8195541501045227,74831.23654772775,True,plate_bougie,,0.8181818181818182,,,plate_bougie,plate_bougie,False,0.7354093546791608,0.55,True,False,False,False,103.11555000953376,322.22800922788235,1877.09375,9.697858372549465,,,0,3
plate_bougie/frontal/20260823T135503Z/frame_0008.jpg,20260823T135503Z,8,4.0,orb,D,magsac,magsac,False,plate_bougie,plate_bougie,frontal,True,False,True,False,91.43625800788868,True,False,4.165342004853301,46,30,0.6521739130434783,0.8534852266311646,118196.33190908236,True,plate_bougie,,0.8333333333333334,,,plate_bougie,plate_bougie,False,0.832823084306415,0.55,True,False,False,False,105.55347900663037,317.9530017942299,1877.09375,9.473870585896886,,,0,3
plate_bougie/frontal/20260823T135503Z/frame_0009.jpg,20260823T135503Z,9,4.5,orb,D,magsac,magsac,False,plate_bougie,plate_bougie,frontal,True,False,True,False,91.82225599943195,True,False,4.155620001256466,53,41,0.7735849056603774,0.7491574883460999,117544.32915096851,True,plate_bougie,,0.8723404255319149,,,plate_bougie,plate_bougie,False,0.8130125084162994,0.55,True,False,False,False,106.25893699761946,318.4962343520919,1877.09375,9.410973121464627,,,0,3
plate_bougie/frontal/20260823T135503Z/frame_0010.jpg,20260823T135503Z,10,5.0,orb,D,magsac,magsac,False,plate_bougie,,frontal,False,True,False,True,99.90725699753966,False,True,0.0008700008038431406,0,0,0.0,,,False,,,,,,,,False,0.0,,False,False,False,True,110.3054470004281,309.7049332467753,1877.09375,9.06573543912223,,,1,3
plate_bougie/frontal/20260823T135503Z/frame_0011.jpg,20260823T135503Z,11,5.5,orb,D,magsac,magsac,False,plate_bougie,,frontal,True,False,False,True,84.3211020110175,False,True,0.0008149945642799139,0,0,0.0,,,False,,,,,,,,False,0.0,,False,False,False,True,95.38621400133707,332.487959943431,1877.09375,10.483695264244187,,,2,3
plate_bougie/frontal/20260823T135503Z/frame_0012.jpg,20260823T135503Z,12,6.0,orb,D,magsac,magsac,False,plate_bougie,plate_bougie,frontal,True,False,True,False,88.7972579948837,True,False,4.1505650006001815,37,28,0.7567567567567568,0.7606767416000366,119002.80226591547,True,plate_bougie,,0.8235294117647058,,,plate_bougie,plate_bougie,False,0.7913024607518293,0.55,True,False,False,False,102.93660800380167,322.0717492340239,1877.09375,9.71471684750937,,,0,3
plate_bougie/frontal/20260823T135503Z/frame_0013.jpg,20260823T135503Z,13,6.5,orb,D,magsac,magsac,False,plate_bougie,,frontal,True,False,False,True,83.41457099595573,False,True,0.0006289919838309288,0,0,0.0,,,False,,,,,,,,False,0.0,,False,False,False,True,93.47709600115195,335.67616605912923,1877.09375,10.697807728084285,,,1,3
plate_bougie/frontal/20260823T135503Z/frame_0014.jpg,20260823T135503Z,14,7.0,orb,D,magsac,magsac,False,plate_bougie,,frontal,False,True,True,False,100.37079099856783,False,True,4.150009001023136,19,10,0.5263157894736842,0.35956844687461853,253978.57654748927,True,plate_bougie,,0.625,,,,plate_bougie,False,0.47010729457032185,0.55,False,False,False,True,114.75478700594977,301.09704964362953,1877.09375,8.714233419719147,,,2,3
plate_bougie/frontal/20260823T135503Z/frame_0015.jpg,20260823T135503Z,15,7.5,orb,D,magsac,magsac,False,plate_bougie,plate_bougie,frontal,True,False,True,False,88.22437199705746,True,False,4.106157997739501,33,28,0.8484848484848485,0.9418438673019409,122151.20518004423,True,plate_bougie,,0.8235294117647058,,,plate_bougie,plate_bougie,False,0.8096608543172545,0.55,True,False,False,False,102.33164799865335,322.68093835868603,1877.09375,9.772147908857674,,,0,3
plate_bougie/frontal/20260823T135503Z/frame_0016.jpg,20260823T135503Z,16,8.0,orb,D,magsac,magsac,False,plate_bougie,plate_bougie,frontal,True,False,True,False,86.1205530090956,True,False,4.193619999568909,33,26,0.7878787878787878,0.953502893447876,118754.58717356395,True,plate_bougie,,0.8125,,,plate_bougie,plate_bougie,False,0.7961900669640072,0.55,True,False,False,False,100.32377298921347,323.16424944961364,1877.09375,9.967727191714742,,,0,3
plate_bougie/frontal/20260823T135503Z/frame_0017.jpg,20260823T135503Z,17,8.5,orb,D,magsac,magsac,False,plate_bougie,,frontal,True,False,False,True,86.96549199521542,False,True,0.0007040071068331599,0,0,0.0,,,False,,,,,,,,False,0.0,,False,False,False,True,97.02755400212482,335.06709134688447,1877.09375,10.306350709182063,,,1,3
plate_bougie/frontal/20260823T135503Z/frame_0018.jpg,20260823T135503Z,18,9.0,orb,D,magsac,magsac,False,plate_bougie,,frontal,True,False,False,True,85.55740900919773,False,True,0.0005930050974711776,0,0,0.0,,,False,,,,,,,,False,0.0,,False,False,False,True,95.42795400193427,335.70416378538835,1877.09375,10.479109716422618,,,2,3
plate_bougie/frontal/20260823T135503Z/frame_0019.jpg,20260823T135503Z,19,9.5,orb,D,magsac,magsac,False,plate_bougie,plate_bougie,frontal,True,False,True,False,89.84476901241578,True,False,4.125751001993194,34,30,0.8823529411764706,0.7567281723022461,117641.33973242299,True,plate_bougie,,0.8333333333333334,,,plate_bougie,plate_bougie,False,0.8396522216611695,0.55,True,False,False,False,104.01687798730563,321.99131379512323,1877.09375,9.613824403786099,,,0,3
plate_bougie/main_sur_bord/20260823T135543Z/frame_0000.jpg,20260823T135543Z,0,0.0,orb,D,magsac,magsac,False,plate_bougie,,main_sur_bord,False,True,True,False,105.68207000324037,False,True,4.476507005165331,22,14,0.6363636363636364,0.4971333146095276,318702.61415957357,True,plate_bougie,,0.7,,,,plate_bougie,False,0.5270879504232133,0.55,False,False,False,True,120.45367500104476,298.0530183051014,1877.09375,8.301946785694389,,,1,1
plate_bougie/main_sur_bord/20260823T135543Z/frame_0001.jpg,20260823T135543Z,1,0.5,orb,D,magsac,magsac,False,plate_bougie,,main_sur_bord,False,True,True,False,104.42500498902518,False,True,4.123676000745036,14,6,0.42857142857142855,3.0517578125e-05,12920.600253534503,True,plate_bougie,,0.5,,,,plate_bougie,False,0.10258685242776576,0.55,False,False,False,True,118.88516698672902,301.972624591851,1877.09375,8.411478280647312,,,2,2
plate_bougie/main_sur_bord/20260823T135543Z/frame_0002.jpg,20260823T135543Z,2,1.0,orb,D,magsac,magsac,False,plate_bougie,,main_sur_bord,False,True,False,True,105.2279819996329,False,True,0.0005740002961829305,0,0,0.0,,,False,,,,,,,,False,0.0,,False,False,False,True,115.55054200289305,307.78035467035403,1877.09375,8.654221630349106,,,3,3
plate_bougie/main_sur_bord/20260823T135543Z/frame_0003.jpg,20260823T135543Z,3,1.5,orb,D,magsac,magsac,False,plate_bougie,plate_bougie,main_sur_bord,False,True,True,False,105.2908510027919,True,False,4.114972995012067,14,10,0.7142857142857143,0.5435128808021545,101999.62093437903,True,plate_bougie,,0.625,,,plate_bougie,plate_bougie,False,0.7575743637286887,0.55,True,False,False,False,120.04071498813573,300.31605196247943,1877.09375,8.330506862599371,1.5,,0,3
plate_bougie/main_sur_bord/20260823T135543Z/frame_0004.jpg,20260823T135543Z,4,2.0,orb,D,magsac,magsac,False,plate_bougie,,main_sur_bord,False,True,True,False,102.04270599933807,False,True,4.187287006061524,14,6,0.42857142857142855,0.0001796371361706406,705.3042413461953,True,plate_cellule,,0.5,,,,plate_cellule,False,0.20688147187784084,0.55,False,False,False,True,116.39316599757876,301.6644774551264,1877.09375,8.591569714847367,,,1,3
plate_bougie/main_sur_bord/20260823T135543Z/frame_0005.jpg,20260823T135543Z,5,2.5,orb,D,magsac,magsac,False,plate_bougie,,main_sur_bord,False,True,False,True,103.3120859938208,False,True,0.0005550100468099117,0,0,0.0,,,False,,,,,,,,False,0.0,,False,False,False,True,113.72131400275975,308.49432147035543,1877.09375,8.793426357839413,,,2,3
plate_bougie/main_sur_bord/20260823T135543Z/frame_0006.jpg,20260823T135543Z,6,3.0,orb,D,magsac,magsac,False,plate_bougie,plate_bougie,main_sur_bord,False,True,True,False,105.84247700171545,True,False,4.141621000599116,21,14,0.6666666666666666,0.7077849507331848,155103.1251982181,True,plate_bougie,,0.7,,,plate_bougie,plate_bougie,False,0.7073804343713557,0.55,True,False,False,False,120.26289899949916,300.8769861777556,1877.09375,8.31511636854991,,,0,3
plate_bougie/main_sur_bord/20260823T135543Z/frame_0007.jpg,20260823T135543Z,7,3.5,orb,D,magsac,magsac,False,plate_bougie,,main_sur_bord,False,True,False,True,100.6413269933546,False,True,0.0006110058166086674,0,0,0.0,,,False,,,,,,,,False,0.0,,False,False,False,True,110.94223899999633,311.3795341733888,1877.09375,9.013699462114092,,,1,3
plate_bougie/main_sur_bord/20260823T135543Z/frame_0008.jpg,20260823T135543Z,8,4.0,orb,D,magsac,magsac,False,plate_bougie,,main_sur_bord,False,True,False,True,105.43242399580777,False,True,0.000667001586407423,0,0,0.0,,,False,,,,,,,,False,0.0,,False,False,False,True,115.29959899780806,307.78896464944086,1877.09375,8.67305705043268,,,2,3
plate_bougie/main_sur_bord/20260823T135543Z/frame_0009.jpg,20260823T135543Z,9,4.5,orb,D,magsac,magsac,False,plate_bougie,,main_sur_bord,False,True,False,True,100.31599599460606,False,True,0.0005930050974711776,0,0,0.0,,,False,,,,,,,,False,0.0,,False,False,False,True,110.90896200039424,310.06383145026734,1877.09375,9.016403922312836,,,3,3
plate_bougie/main_sur_bord/20260823T135543Z/frame_0010.jpg,20260823T135543Z,10,5.0,orb,D,magsac,magsac,False,plate_bougie,,main_sur_bord,False,True,False,True,97.34095999738201,False,True,0.0007039925549179316,0,0,0.0,,,False,,,,,,,,False,0.0,,False,False,False,True,107.62281701317988,311.3604989163711,1877.09375,9.291709952895364,,,4,4
plate_bougie/main_sur_bord/20260823T135543Z/frame_0011.jpg,20260823T135543Z,11,5.5,orb,D,magsac,magsac,False,plate_bougie,,main_sur_bord,False,True,False,True,106.70563799794763,False,True,0.000610991264693439,0,0,0.0,,,False,,,,,,,,False,0.0,,False,False,False,True,117.1557719935663,307.3868917186614,1877.09375,8.535644321945279,,,5,5
plate_bougie/main_sur_bord/20260823T135543Z/frame_0012.jpg,20260823T135543Z,12,6.0,orb,D,magsac,magsac,False,plate_bougie,,main_sur_bord,False,True,True,False,107.50439199910033,False,True,4.128417000174522,19,14,0.7368421052631579,0.6003102660179138,317863.1454066822,True,plate_bougie,,0.7,,,,plate_bougie,False,0.516024066524292,0.55,False,False,False,True,121.95718400471378,299.7087453135596,1877.09375,8.199598967137097,,,6,6
plate_bougie/main_sur_bord/20260823T135543Z/frame_0013.jpg,20260823T135543Z,13,6.5,orb,D,magsac,magsac,False,plate_bougie,,main_sur_bord,False,True,False,True,102.5163329904899,False,True,0.000833999365568161,0,0,0.0,,,False,,,,,,,,False,0.0,,False,False,False,True,112.68165298679378,310.6201371051906,1877.09375,8.874559198356803,,,7,7
plate_bougie/main_sur_bord/20260823T135543Z/frame_0014.jpg,20260823T135543Z,14,7.0,orb,D,magsac,magsac,False,plate_bougie,,main_sur_bord,False,True,False,True,104.57209699961822,False,True,0.0006290065357461572,0,0,0.0,,,False,,,,,,,,False,0.0,,False,False,False,True,114.8115649993997,309.96755509967477,1877.09375,8.709923952393023,,,8,8
plate_bougie/main_sur_bord/20260823T135543Z/frame_0015.jpg,20260823T135543Z,15,7.5,orb,D,magsac,magsac,False,plate_bougie,,main_sur_bord,False,True,False,True,101.1824710003566,False,True,0.0008700008038431406,0,0,0.0,,,False,,,,,,,,False,0.0,,False,False,False,True,111.60799500066787,308.7619430828376,1877.09375,8.959931589076714,,,9,9
plate_bougie/main_sur_bord/20260823T135543Z/frame_0016.jpg,20260823T135543Z,16,8.0,orb,D,magsac,magsac,False,plate_bougie,,main_sur_bord,False,True,False,True,98.86817199003417,False,True,0.0007220078259706497,0,0,0.0,,,False,,,,,,,,False,0.0,,False,False,False,True,109.1822879971005,309.8583609173736,1877.09375,9.15899472656734,,,10,10
plate_bougie/main_sur_bord/20260823T135543Z/frame_0017.jpg,20260823T135543Z,17,8.5,orb,D,magsac,magsac,False,plate_bougie,,main_sur_bord,False,True,False,True,100.45951300708111,False,True,0.0005930050974711776,0,0,0.0,,,False,,,,,,,,False,0.0,,False,False,False,True,110.57153799629305,310.0141973349508,1877.09375,9.04391869844051,,,11,11
plate_bougie/main_sur_bord/20260823T135543Z/frame_0018.jpg,20260823T135543Z,18,9.0,orb,D,magsac,magsac,False,plate_bougie,,main_sur_bord,False,True,False,True,103.18871701019816,False,True,0.0005559995770454407,0,0,0.0,,,False,,,,,,,,False,0.0,,False,False,False,True,113.5225000034552,309.11312029707074,1877.09375,8.808826443828877,,,12,12
plate_bougie/main_sur_bord/20260823T135543Z/frame_0019.jpg,20260823T135543Z,19,9.5,orb,D,magsac,magsac,False,plate_bougie,,main_sur_bord,False,True,False,True,95.98600599565543,False,True,0.0005180045263841748,0,0,0.0,,,False,,,,,,,,False,0.0,,False,False,False,True,106.1733819951769,313.90448880582016,1877.09375,9.418556527147517,,,13,13
plate_bougie/occlusion_angle/20260823T135620Z/frame_0000.jpg,20260823T135620Z,0,0.0,orb,D,magsac,magsac,False,plate_bougie,plate_bougie,occlusion_angle,False,True,True,False,105.21377800614573,True,False,4.123973005334847,41,23,0.5609756097560976,0.8296794295310974,169723.38488553953,True,plate_bougie,,0.7931034482758621,,,plate_bougie,plate_bougie,False,0.5651529070031001,0.55,True,False,False,False,119.68125500425231,298.23043465542366,1877.09375,8.355527354425467,0.0,,0,0
plate_bougie/occlusion_angle/20260823T135620Z/frame_0001.jpg,20260823T135620Z,1,0.5,orb,D,magsac,magsac,False,plate_bougie,plate_bougie,occlusion_angle,False,True,True,False,104.01895199902356,True,False,4.15978700038977,26,14,0.5384615384615384,0.8033275604248047,158187.41920395047,True,plate_bougie,,0.7,,,plate_bougie,plate_bougie,False,0.7666567837626654,0.55,True,False,False,False,118.40770799608435,299.77834298730454,1877.09375,8.445396139523865,,,0,0
plate_bougie/occlusion_angle/20260823T135620Z/frame_0002.jpg,20260823T135620Z,2,1.0,orb,D,magsac,magsac,False,plate_bougie,,occlusion_angle,False,True,True,False,104.37133900995832,False,True,4.14063899370376,18,10,0.5555555555555556,0.8712870478630066,89496.95132924803,True,plate_bougie,,0.625,,,,plate_bougie,False,0.4247593142613371,0.55,False,False,False,True,118.44592999841552,301.59169758277227,1877.09375,8.442670845789106,,,1,1
plate_bougie/occlusion_angle/20260823T135620Z/frame_0003.jpg,20260823T135620Z,3,1.5,orb,D,magsac,magsac,False,plate_bougie,,occlusion_angle,False,True,False,True,104.47348700836301,False,True,0.0005740002961829305,0,0,0.0,,,False,,,,,,,,False,0.0,,False,False,False,True,114.81797198939603,305.8115083523401,1877.09375,8.70943792747319,,,2,2
plate_bougie/occlusion_angle/20260823T135620Z/frame_0004.jpg,20260823T135620Z,4,2.0,orb,D,magsac,magsac,False,plate_bougie,plate_bougie,occlusion_angle,False,True,True,False,106.02795700833667,True,False,4.1793980053626,23,16,0.6956521739130435,0.6042337417602539,101756.77811223059,True,plate_bougie,,0.7272727272727273,,,plate_bougie,plate_bougie,False,0.723426563934944,0.55,True,False,False,False,120.19293699995615,299.5012477313451,1877.09375,8.319956438042318,,,0,2
plate_bougie/occlusion_angle/20260823T135620Z/frame_0005.jpg,20260823T135620Z,5,2.5,orb,D,magsac,magsac,False,plate_bougie,,occlusion_angle,False,True,False,True,106.32134399202187,False,True,0.0005369947757571936,0,0,0.0,,,False,,,,,,,,False,0.0,,False,False,False,True,116.58099800115451,304.96501324872946,1877.09375,8.577727220949823,,,1,2
plate_bougie/occlusion_angle/20260823T135620Z/frame_0006.jpg,20260823T135620Z,6,3.0,orb,D,magsac,magsac,False,plate_bougie,,occlusion_angle,False,True,False,True,104.82042799412739,False,True,0.0006479967851191759,0,0,0.0,,,False,,,,,,,,False,0.0,,False,False,False,True,115.11513699952047,305.2375866099582,1877.09375,8.686954870271888,,,2,2
plate_bougie/occlusion_angle/20260823T135620Z/frame_0007.jpg,20260823T135620Z,7,3.5,orb,D,magsac,magsac,False,plate_bougie,,occlusion_angle,False,True,False,True,101.5468950063223,False,True,0.0005559995770454407,0,0,0.0,,,False,,,,,,,,False,0.0,,False,False,False,True,112.01421300938819,307.35261512886296,1877.09375,8.92743851993307,,,3,3
plate_bougie/occlusion_angle/20260823T135620Z/frame_0008.jpg,20260823T135620Z,8,4.0,orb,D,magsac,magsac,False,plate_bougie,plate_bougie,occlusion_angle,False,True,True,False,107.47831799380947,True,False,4.109082990908064,37,30,0.8108108108108109,0.8293411731719971,105485.47123114135,True,plate_bougie,,0.8333333333333334,,,plate_bougie,plate_bougie,False,0.7522862175507515,0.55,True,False,False,False,121.87200000334997,298.0049412412966,1877.09375,8.205330182261,,,0,3
plate_bougie/occlusion_angle/20260823T135620Z/frame_0009.jpg,20260823T135620Z,9,4.5,orb,D,magsac,magsac,False,plate_bougie,,occlusion_angle,False,True,False,True,105.9623650071444,False,True,0.0005559995770454407,0,0,0.0,,,False,,,,,,,,False,0.0,,False,False,False,True,116.0237239964772,308.2935926199378,1877.09375,8.618926936273505,,,1,3
plate_bougie/occlusion_angle/20260823T135620Z/frame_0010.jpg,20260823T135620Z,10,5.0,orb,D,magsac,magsac,False,plate_bougie,,occlusion_angle,False,True,True,False,106.08397499890998,False,True,4.139379001571797,50,32,0.64,0.7409074306488037,328519.2966293365,True,plate_bougie,,0.8421052631578947,,,,plate_bougie,False,0.43819179084279636,0.55,False,False,False,True,120.44089898699895,299.8972467306618,1877.09375,8.30282743163471,,,2,3
plate_bougie/occlusion_angle/20260823T135620Z/frame_0011.jpg,20260823T135620Z,11,5.5,orb,D,magsac,magsac,False,plate_bougie,,occlusion_angle,False,True,True,False,106.72091601009015,False,True,4.127009000512771,60,40,0.6666666666666666,0.7746244668960571,325378.9090356524,True,plate_bougie,,0.8695652173913043,,,,plate_bougie,False,0.4642528709330793,0.55,False,False,False,True,121.23765201249626,298.9918973046036,1877.09375,8.248262675830505,,,3,3
plate_bougie/occlusion_angle/20260823T135620Z/frame_0012.jpg,20260823T135620Z,12,6.0,orb,D,magsac,magsac,False,plate_bougie,plate_bougie,occlusion_angle,False,True,True,False,104.97344599571079,True,False,4.193027998553589,40,36,0.9,0.7084126472473145,155932.60478132017,True,plate_bougie,,0.8571428571428571,,,plate_bougie,plate_bougie,False,0.8318614951079564,0.55,True,False,False,False,119.53153400099836,298.8742016789577,1877.09375,8.365993194663156,,,0,3
plate_bougie/occlusion_angle/20260823T135620Z/frame_0013.jpg,20260823T135620Z,13,6.5,orb,D,magsac,magsac,False,plate_bougie,,occlusion_angle,False,True,True,False,109.6851920010522,False,True,4.14080498740077,39,26,0.6666666666666666,0.6317821145057678,323699.8342057332,True,plate_bougie,plate_bois,0.8125,0.5,0.3125,,plate_bougie,False,0.42970897552936055,0.55,False,False,False,True,124.40335299470462,293.8044411194321,1877.09375,8.038368548173828,,,1,3
plate_bougie/occlusion_angle/20260823T135620Z/frame_0014.jpg,20260823T135620Z,14,7.0,orb,D,magsac,magsac,False,plate_bougie,plate_bougie,occlusion_angle,False,True,True,False,105.03840899036732,True,False,4.106398992007598,31,29,0.9354838709677419,0.7085674405097961,152984.13500002905,True,plate_bougie,,0.8285714285714286,,,plate_bougie,plate_bougie,False,0.7863474116488656,0.55,True,False,False,False,119.6058119967347,298.8009270068404,1877.09375,8.360797717984646,,,0,3
plate_bougie/occlusion_angle/20260823T135620Z/frame_0015.jpg,20260823T135620Z,15,7.5,orb,D,magsac,magsac,False,plate_bougie,plate_bougie,occlusion_angle,False,True,True,False,106.47147300187498,True,False,4.121120990021154,47,38,0.8085106382978723,0.9398753046989441,156091.4633915985,True,plate_bougie,,0.8636363636363636,,,plate_bougie,plate_bougie,False,0.8041427474718321,0.55,True,False,False,False,121.04748700221535,297.22894535898536,1877.09375,8.261220656168588,,,0,3
plate_bougie/occlusion_angle/20260823T135620Z/frame_0016.jpg,20260823T135620Z,16,8.0,orb,D,magsac,magsac,False,plate_bougie,plate_bougie,occlusion_angle,False,True,True,False,104.88141000678297,True,False,4.179045994533226,47,34,0.723404255319149,0.8879927396774292,158501.596677386,True,plate_bougie,,0.85,,,plate_bougie,plate_bougie,False,0.790077929596829,0.55,True,False,False,False,119.37536900222767,298.94581435263007,1877.09375,8.37693745668203,,,0,3
plate_bougie/occlusion_angle/20260823T135620Z/frame_0017.jpg,20260823T135620Z,17,8.5,orb,D,magsac,magsac,False,plate_bougie,plate_bougie,occlusion_angle,False,True,True,False,105.97092100942973,True,False,4.118861994356848,46,36,0.782608695652174,0.7939072847366333,107826.06488758698,True,plate_bougie,,0.8571428571428571,,,plate_bougie,plate_bougie,False,0.65752199180831,0.55,True,False,False,False,120.65002600138541,298.0300053941399,1877.09375,8.28843584325889,,,0,3
plate_bougie/occlusion_angle/20260823T135620Z/frame_0018.jpg,20260823T135620Z,18,9.0,orb,D,magsac,magsac,False,plate_bougie,plate_bougie,occlusion_angle,False,True,True,False,104.05034199357033,True,False,4.141565004829317,33,23,0.696969696969697,0.6467638611793518,160755.3951876266,True,plate_bougie,,0.7931034482758621,,,plate_bougie,plate_bougie,False,0.8236429368532039,0.55,True,False,False,False,118.54057799791917,299.78016810917006,1877.09375,8.435929846887989,,,0,3
plate_bougie/occlusion_angle/20260823T135620Z/frame_0019.jpg,20260823T135620Z,19,9.5,orb,D,magsac,magsac,False,plate_bougie,plate_bougie,occlusion_angle,False,True,True,False,110.03520899976138,True,False,4.151786997681484,35,24,0.6857142857142857,0.8583988547325134,98737.56973175472,True,plate_bougie,,0.8,,,plate_bougie,plate_bougie,False,0.6339019573125861,0.55,True,False,False,False,124.64985200494993,291.89268510789685,1877.09375,8.022472421068652,,,0,3
plate_cellule/frontal/20260823T132156Z/frame_0000.jpg,20260823T132156Z,0,0.0,orb,D,magsac,magsac,False,plate_cellule,,frontal,True,False,False,True,88.28007700503804,False,True,0.0004999892553314567,0,0,0.0,,,False,,,,,,,,False,0.0,,False,False,False,True,98.66274800151587,332.1227957234018,1877.09375,10.135537680185392,,,1,1
plate_cellule/frontal/20260823T132156Z/frame_0001.jpg,20260823T132156Z,1,0.5,orb,D,magsac,magsac,False,plate_cellule,plate_cellule,frontal,True,False,True,False,88.38453800126445,True,False,4.141472003539093,33,29,0.8787878787878788,0.7471323013305664,77983.51104854106,True,plate_cellule,,0.8285714285714286,,,plate_cellule,plate_cellule,False,0.8034726968286556,0.55,True,False,False,False,103.13645799760707,319.60695897444276,1877.09375,9.695892407156368,0.5,,0,1
plate_cellule/frontal/20260823T132156Z/frame_0002.jpg,20260823T132156Z,2,1.0,orb,D,magsac,magsac,False,plate_cellule,plate_cellule,frontal,False,True,True,False,100.7721229980234,True,False,4.195990011794493,28,25,0.8928571428571429,0.841256320476532,77332.67042180733,True,plate_cellule,,0.8064516129032258,,,plate_cellule,plate_cellule,False,0.826892954040629,0.55,True,False,False,False,115.78439200820867,298.74828895337384,1877.09375,8.636742678832773,,,0,1
plate_cellule/frontal/20260823T132156Z/frame_0003.jpg,20260823T132156Z,3,1.5,orb,D,magsac,magsac,False,plate_cellule,,frontal,True,False,False,True,85.66657599294558,False,True,0.0005370093276724219,0,0,0.0,,,False,,,,,,,,False,0.0,,False,False,False,True,96.0249140043743,331.03166328843935,1877.09375,10.413964025569928,,,1,1
plate_cellule/frontal/20260823T132156Z/frame_0004.jpg,20260823T132156Z,4,2.0,orb,D,magsac,magsac,False,plate_cellule,plate_cellule,frontal,True,False,True,False,87.95859800011385,True,False,4.124640006921254,39,33,0.8461538461538461,0.818541944026947,77355.89201456826,True,plate_cellule,,0.8461538461538461,,,plate_cellule,plate_cellule,False,0.8364206877155098,0.55,True,False,False,False,102.16890899755526,321.1192761272192,1877.09375,9.787713403340035,,,0,1
plate_cellule/frontal/20260823T132156Z/frame_0005.jpg,20260823T132156Z,5,2.5,orb,D,magsac,magsac,False,plate_cellule,plate_cellule,frontal,True,False,True,False,91.82773799693678,True,False,4.14654599444475,37,31,0.8378378378378378,0.8469350337982178,251627.87919558608,True,plate_cellule,plate_bougie,0.8378378378378378,0.5714285714285714,0.26640926640926643,plate_cellule,plate_cellule,False,0.5921891516960636,0.55,True,False,False,False,106.27410400775261,317.44471350765076,1877.09375,9.409630025458044,,,0,1
plate_cellule/frontal/20260823T132156Z/frame_0006.jpg,20260823T132156Z,6,3.0,orb,D,magsac,magsac,False,plate_cellule,plate_cellule,frontal,True,False,True,False,87.56513700063806,True,False,4.218304995447397,56,50,0.8928571428571429,0.70421302318573,125246.23061044546,True,plate_cellule,,0.8928571428571429,,,plate_cellule,plate_cellule,False,0.8789813358203171,0.55,True,False,False,False,101.95796699554194,320.7431931379392,1877.09375,9.807963315350575,,,0,1
plate_cellule/frontal/20260823T132156Z/frame_0007.jpg,20260823T132156Z,7,3.5,orb,D,magsac,magsac,False,plate_cellule,,frontal,True,False,False,True,86.53380999749061,False,True,0.0007959897629916668,0,0,0.0,,,False,,,,,,,,False,0.0,,False,False,False,True,96.94842599856202,331.3698295675734,1877.09375,10.314762614246387,,,1,1
plate_cellule/frontal/20260823T132156Z/frame_0008.jpg,20260823T132156Z,8,4.0,orb,D,magsac,magsac,False,plate_cellule,plate_cellule,frontal,True,False,True,False,89.68051199917682,True,False,4.188915991107933,52,45,0.8653846153846154,0.633939802646637,82702.50207238097,True,plate_cellule,,0.8823529411764706,,,plate_cellule,plate_cellule,False,0.8558742512078898,0.55,True,False,False,False,104.08995200123172,320.8436660591443,1877.09375,9.607075234199039,,,0,1
plate_cellule/frontal/20260823T132156Z/frame_0009.jpg,20260823T132156Z,9,4.5,orb,D,magsac,magsac,False,plate_cellule,plate_cellule,frontal,True,False,True,False,87.91243098676205,True,False,4.148009000346065,38,34,0.8947368421052632,0.7611003518104553,79518.67450154026,True,plate_cellule,,0.85,,,plate_cellule,plate_cellule,False,0.8196027215424855,0.55,True,False,False,False,102.48451800725888,321.5022311727256,1877.09375,9.75757138194445,,,0,1
plate_cellule/frontal/20260823T132156Z/frame_0010.jpg,20260823T132156Z,10,5.0,orb,D,magsac,magsac,False,plate_cellule,plate_cellule,frontal,True,False,True,False,87.25760100060143,True,False,4.169323990936391,45,43,0.9555555555555556,0.7547255158424377,120717.6771088324,True,plate_cellule,,0.8775510204081632,,,plate_cellule,plate_cellule,False,0.8968035984807973,0.55,True,False,False,False,101.62039399438072,321.5713285052597,1877.09375,9.840544409376102,,,0,1
plate_cellule/frontal/20260823T132156Z/frame_0011.jpg,20260823T132156Z,11,5.5,orb,D,magsac,magsac,False,plate_cellule,,frontal,True,False,False,True,84.88933999615256,False,True,0.0006479967851191759,0,0,0.0,,,False,,,,,,,,False,0.0,,False,False,False,True,95.21927099558525,331.88329599259663,1877.09375,10.50207578302468,,,1,1
plate_cellule/frontal/20260823T132156Z/frame_0012.jpg,20260823T132156Z,12,6.0,orb,D,magsac,magsac,False,plate_cellule,,frontal,True,False,False,True,85.69635299500078,False,True,0.0006110058166086674,0,0,0.0,,,False,,,,,,,,False,0.0,,False,False,False,True,95.9010259975912,332.70057194996684,1877.09375,10.427417116737807,,,2,2
plate_cellule/frontal/20260823T132156Z/frame_0013.jpg,20260823T132156Z,13,6.5,orb,D,magsac,magsac,False,plate_cellule,,frontal,True,False,True,False,89.29482899839059,False,True,4.122120997635648,10,7,0.7,0.014055815525352955,621.8420300968573,True,plate_bougie,,0.5384615384615384,,,,plate_bougie,False,0.10034758745929823,0.55,False,False,False,True,103.7728800001787,319.70613420325884,1877.09375,9.63642909398176,,,3,3
plate_cellule/frontal/20260823T132156Z/frame_0014.jpg,20260823T132156Z,14,7.0,orb,D,magsac,magsac,False,plate_cellule,,frontal,True,False,False,True,89.71295600349549,False,True,0.0005559995770454407,0,0,0.0,,,False,,,,,,,,False,0.0,,False,False,False,True,99.73477700259537,330.1093719711347,1877.09375,10.026592830041395,,,4,4
plate_cellule/frontal/20260823T132156Z/frame_0015.jpg,20260823T132156Z,15,7.5,orb,D,magsac,magsac,False,plate_cellule,,frontal,True,False,False,True,84.24867699795868,False,True,0.0006850023055449128,0,0,0.0,,,False,,,,,,,,False,0.0,,False,False,False,True,94.7059409954818,332.43952458614564,1877.09375,10.558999672974135,,,5,5
plate_cellule/frontal/20260823T132156Z/frame_0016.jpg,20260823T132156Z,16,8.0,orb,D,magsac,magsac,False,plate_cellule,,frontal,True,False,False,True,84.26249300828204,False,True,0.0008149945642799139,0,0,0.0,,,False,,,,,,,,False,0.0,,False,False,False,True,94.5178130059503,334.6271067230235,1877.09375,10.580016276265784,,,6,6
plate_cellule/frontal/20260823T132156Z/frame_0017.jpg,20260823T132156Z,17,8.5,orb,D,magsac,magsac,False,plate_cellule,plate_cellule,frontal,True,False,True,False,88.54098300798796,True,False,4.19375000637956,45,40,0.8888888888888888,0.6002565622329712,123040.96875352511,True,plate_cellule,,0.8695652173913043,,,plate_cellule,plate_cellule,False,0.8320378205950612,0.55,True,False,False,False,103.14610599016305,319.77548821015955,1877.09375,9.694985481035697,,,0,6
plate_cellule/frontal/20260823T132156Z/frame_0018.jpg,20260823T132156Z,18,9.0,orb,D,magsac,magsac,False,plate_cellule,,frontal,True,False,False,True,85.05013500689529,False,True,0.0005559995770454407,0,0,0.0,,,False,,,,,,,,False,0.0,,False,False,False,True,95.25841800495982,334.86098518218296,1877.09375,10.497759892967496,,,1,6
plate_cellule/frontal/20260823T132156Z/frame_0019.jpg,20260823T132156Z,19,9.5,orb,D,magsac,magsac,False,plate_cellule,plate_cellule,frontal,True,False,True,False,87.47148899419699,True,False,4.174860994680785,44,40,0.9090909090909091,0.6674843430519104,121155.5597980885,True,plate_cellule,,0.8695652173913043,,,plate_cellule,plate_cellule,False,0.8407047918100272,0.55,True,False,False,False,102.0302810065914,321.2116116573805,1877.09375,9.801011916603441,,,0,6
plate_cellule/main_sur_bord/20260823T132507Z/frame_0000.jpg,20260823T132507Z,0,0.0,orb,D,magsac,magsac,False,plate_cellule,plate_cellule,main_sur_bord,False,True,True,False,105.6720159976976,True,False,4.173194000031799,31,24,0.7741935483870968,0.9632257223129272,357976.5454459401,True,plate_cellule,,0.8,,,plate_cellule,plate_cellule,False,0.5698242519479066,0.55,True,False,False,False,120.50713899952825,297.8268407830774,1877.09375,8.298263557679473,0.0,,0,0
plate_cellule/main_sur_bord/20260823T132507Z/frame_0001.jpg,20260823T132507Z,1,0.5,orb,D,magsac,magsac,False,plate_cellule,plate_cellule,main_sur_bord,False,True,True,False,101.48904399829917,True,False,4.15336100559216,33,27,0.8181818181818182,1.151459813117981,368677.37005232845,True,plate_cellule,,0.8181818181818182,,,plate_cellule,plate_cellule,False,0.5650721207177822,0.55,True,False,False,False,116.25216699030716,301.4204552670269,1877.09375,8.601990189854936,,,0,0
plate_cellule/main_sur_bord/20260823T132507Z/frame_0002.jpg,20260823T132507Z,2,1.0,orb,D,magsac,magsac,False,plate_cellule,,main_sur_bord,False,True,False,True,99.6099449985195,False,True,0.0008330098353326321,0,0,0.0,,,False,,,,,,,,False,0.0,,False,False,False,True,110.08078300801571,309.957654439238,1877.09375,9.084237708657863,,,1,1
plate_cellule/main_sur_bord/20260823T132507Z/frame_0003.jpg,20260823T132507Z,3,1.5,orb,D,magsac,magsac,False,plate_cellule,,main_sur_bord,False,True,False,True,99.20450400386471,False,True,0.0005550100468099117,0,0,0.0,,,False,,,,,,,,False,0.0,,False,False,False,True,109.97639498964418,309.5699663841539,1877.09375,9.092860336931066,,,2,2
plate_cellule/main_sur_bord/20260823T132507Z/frame_0004.jpg,20260823T132507Z,4,2.0,orb,D,magsac,magsac,False,plate_cellule,plate_cellule,main_sur_bord,False,True,True,False,104.24648800108116,True,False,4.130713001359254,27,23,0.8518518518518519,1.2254090309143066,180359.4198763147,True,plate_cellule,,0.7931034482758621,,,plate_cellule,plate_cellule,False,0.790474387570006,0.55,True,False,False,False,118.88407600054052,300.63251027675875,1877.09375,8.411555471865327,,,0,2
plate_cellule/main_sur_bord/20260823T132507Z/frame_0005.jpg,20260823T132507Z,5,2.5,orb,D,magsac,magsac,False,plate_cellule,plate_cellule,main_sur_bord,False,True,True,False,102.57888901105616,True,False,4.143194993957877,23,19,0.8260869565217391,0.911492109298706,368829.85136830236,True,plate_cellule,,0.76,,,plate_cellule,plate_cellule,False,0.5930987467896589,0.55,True,False,False,False,117.39845600095578,300.37795982367913,1877.09375,8.517999589294929,,,0,2
plate_cellule/main_sur_bord/20260823T132507Z/frame_0006.jpg,20260823T132507Z,6,3.0,orb,D,magsac,magsac,False,plate_cellule,plate_cellule,main_sur_bord,False,True,True,False,102.62468400469515,True,False,4.1700269939610735,41,32,0.7804878048780488,0.8929471969604492,363152.0155994785,True,plate_cellule,,0.8421052631578947,,,plate_cellule,plate_cellule,False,0.6011369931863617,0.55,True,False,False,False,117.33203000039794,300.2526675784391,1877.09375,8.522821943817119,,,0,2
plate_cellule/main_sur_bord/20260823T132507Z/frame_0007.jpg,20260823T132507Z,7,3.5,orb,D,magsac,magsac,False,plate_cellule,plate_cellule,main_sur_bord,False,True,True,False,105.46473998692818,True,False,4.111749993171543,25,21,0.84,0.7699630856513977,358840.70304485294,True,plate_cellule,,0.7777777777777778,,,plate_cellule,plate_cellule,False,0.5810587365079054,0.55,True,False,False,False,120.3150840010494,299.4556118971727,1877.09375,8.311509801973607,,,0,2
plate_cellule/main_sur_bord/20260823T132507Z/frame_0008.jpg,20260823T132507Z,8,4.0,orb,D,magsac,magsac,False,plate_cellule,plate_cellule,main_sur_bord,False,True,True,False,103.01212599733844,True,False,4.198194001219235,37,31,0.8378378378378378,0.919879674911499,362286.48526978225,True,plate_cellule,,0.8378378378378378,,,plate_cellule,plate_cellule,False,0.5812149751379517,0.55,True,False,False,False,117.74165800306946,299.19828289747556,1877.09375,8.493170700670195,,,0,2
plate_cellule/main_sur_bord/20260823T132507Z/frame_0009.jpg,20260823T132507Z,9,4.5,orb,D,magsac,magsac,False,plate_cellule,plate_cellule,main_sur_bord,False,True,True,False,102.89121999812778,True,False,4.149176005739719,26,25,0.9615384615384616,0.7209143042564392,356648.90637665754,True,plate_cellule,,0.8064516129032258,,,plate_cellule,plate_cellule,False,0.5963271738715439,0.55,True,False,False,False,117.74643500393722,300.41165916235826,1877.09375,8.492826130715226,,,0,2
plate_cellule/main_sur_bord/20260823T132507Z/frame_0010.jpg,20260823T132507Z,10,5.0,orb,D,magsac,magsac,False,plate_cellule,plate_cellule,main_sur_bord,False,True,True,False,99.26630000700243,True,False,4.231119994074106,11,9,0.8181818181818182,0.35039159655570984,184346.8641405693,True,plate_cellule,,0.6,,,plate_cellule,plate_cellule,False,0.6756925375163182,0.55,True,False,False,False,113.76344299060293,302.8135919096017,1877.09375,8.790169967716272,,,0,2
plate_cellule/main_sur_bord/20260823T132507Z/frame_0011.jpg,20260823T132507Z,11,5.5,orb,D,magsac,magsac,False,plate_cellule,,main_sur_bord,False,True,False,True,96.8026680056937,False,True,0.0006480113370344043,0,0,0.0,,,False,,,,,,,,False,0.0,,False,False,False,True,107.2059319994878,311.51257563014093,1877.09375,9.327842045203036,,,1,2
plate_cellule/main_sur_bord/20260823T132507Z/frame_0012.jpg,20260823T132507Z,12,6.0,orb,D,magsac,magsac,False,plate_cellule,,main_sur_bord,False,True,True,False,101.5445999946678,False,True,5.526055989321321,11,6,0.5454545454545454,0.22811836004257202,641.2002580051776,True,plate_ready_check,,0.5,,,,plate_ready_check,False,0.010073690656957951,0.55,False,False,False,True,117.66191800415982,300.1768762492269,1877.09375,8.498926559778212,,,2,2
plate_cellule/main_sur_bord/20260823T132507Z/frame_0013.jpg,20260823T132507Z,13,6.5,orb,D,magsac,magsac,False,plate_cellule,,main_sur_bord,False,True,True,False,101.61387600237504,False,True,4.148028005147353,11,8,0.7272727272727273,0.36733686923980713,96064.82378760539,True,plate_cellule,,0.5714285714285714,,,,plate_cellule,False,0.47289154235767367,0.55,False,False,False,True,116.19574199721683,302.40413113292345,1877.09375,8.60616734151887,,,3,3
plate_cellule/main_sur_bord/20260823T132507Z/frame_0014.jpg,20260823T132507Z,14,7.0,orb,D,magsac,magsac,False,plate_cellule,plate_cellule,main_sur_bord,False,True,True,False,101.9130229979055,True,False,4.1469169955234975,16,14,0.875,0.8972432613372803,140160.19858454168,True,plate_cellule,,0.7,,,plate_cellule,plate_cellule,False,0.7378736233214208,0.55,True,False,False,False,116.31674099771772,303.4090028424704,1877.09375,8.597214738157264,,,0,3
plate_cellule/main_sur_bord/20260823T132507Z/frame_0015.jpg,20260823T132507Z,15,7.5,orb,D,magsac,magsac,False,plate_cellule,plate_cellule,main_sur_bord,False,True,True,False,102.1692430076655,True,False,4.152453999267891,38,36,0.9473684210526315,0.7315664291381836,292395.01907816506,True,plate_cellule,,0.8571428571428571,,,plate_cellule,plate_cellule,False,0.5660504726406232,0.55,True,False,False,False,116.85529300302733,300.95229318446377,1877.09375,8.557592679812059,,,0,3
plate_cellule/main_sur_bord/20260823T132507Z/frame_0016.jpg,20260823T132507Z,16,8.0,orb,D,magsac,magsac,False,plate_cellule,plate_cellule,main_sur_bord,False,True,True,False,102.66566500649787,True,False,4.187546001048759,28,26,0.9285714285714286,0.7888444662094116,139712.68568604346,True,plate_cellule,,0.8125,,,plate_cellule,plate_cellule,False,0.8194519252760226,0.55,True,False,False,False,117.27114199311472,301.5706634978695,1877.09375,8.527247053317792,,,0,3
plate_cellule/main_sur_bord/20260823T132507Z/frame_0017.jpg,20260823T132507Z,17,8.5,orb,D,magsac,magsac,False,plate_cellule,plate_cellule,main_sur_bord,False,True,True,False,108.79099600424524,True,False,4.155230999458581,28,23,0.8214285714285714,0.9003776907920837,150259.45716054738,True,plate_cellule,plate_bois,0.7931034482758621,0.5,0.2931034482758621,plate_cellule,plate_cellule,False,0.7525060924276724,0.55,True,False,False,False,124.26128100196365,295.3433740912594,1877.09375,8.047559078231275,,,0,3
plate_cellule/main_sur_bord/20260823T132507Z/frame_0018.jpg,20260823T132507Z,18,9.0,orb,D,magsac,magsac,False,plate_cellule,plate_cellule,main_sur_bord,False,True,True,False,100.30069999629632,True,False,4.197749003651552,26,25,0.9615384615384616,0.7089446783065796,317363.3132255544,True,plate_cellule,,0.8064516129032258,,,plate_cellule,plate_cellule,False,0.5879592090134839,0.55,True,False,False,False,114.83399200369604,301.73993427732285,1877.09375,8.708222909883808,,,0,3
plate_cellule/main_sur_bord/20260823T132507Z/frame_0019.jpg,20260823T132507Z,19,9.5,orb,D,magsac,magsac,False,plate_cellule,plate_cellule,main_sur_bord,False,True,True,False,104.42826499638613,True,False,4.112324997549877,43,41,0.9534883720930233,0.634694516658783,307986.3651589232,True,plate_cellule,,0.8723404255319149,,,plate_cellule,plate_cellule,False,0.5873054646761657,0.55,True,False,False,False,118.91866900259629,300.3179004568146,1877.09375,8.409108581413467,,,0,3
plate_cellule/occlusion_angle/20260823T132607Z/frame_0000.jpg,20260823T132607Z,0,0.0,orb,D,magsac,magsac,False,plate_cellule,,occlusion_angle,False,True,True,False,104.18024900718592,False,True,4.059712999151088,29,27,0.9310344827586207,0.7216303944587708,263453.19793125987,True,plate_cellule,,0.8181818181818182,,,,plate_cellule,False,0.4673251034703362,0.55,False,False,False,True,118.79122498794459,299.19814534797325,1877.09375,8.418130212071507,,,1,1
plate_cellule/occlusion_angle/20260823T132607Z/frame_0001.jpg,20260823T132607Z,1,0.5,orb,D,magsac,magsac,False,plate_cellule,plate_cellule,occlusion_angle,False,True,True,False,105.2547409926774,True,False,4.130731002078392,35,30,0.8571428571428571,0.7370864748954773,126615.67942703096,True,plate_cellule,,0.8333333333333334,,,plate_cellule,plate_cellule,False,0.7401866164345474,0.55,True,False,False,False,120.02351300907321,291.89884899771636,1877.09375,8.331700805361402,0.5,,0,1
plate_cellule/occlusion_angle/20260823T132607Z/frame_0002.jpg,20260823T132607Z,2,1.0,orb,D,magsac,magsac,False,plate_cellule,plate_cellule,occlusion_angle,False,True,True,False,105.59322100016288,True,False,4.127231994061731,20,15,0.75,0.6815333962440491,129373.0274520411,True,plate_cellule,,0.7142857142857143,,,plate_cellule,plate_cellule,False,0.769794690638678,0.55,True,False,False,False,120.41406599746551,298.104170826356,1877.09375,8.304677628119029,,,0,1
plate_cellule/occlusion_angle/20260823T132607Z/frame_0003.jpg,20260823T132607Z,3,1.5,orb,D,magsac,magsac,False,plate_cellule,plate_cellule,occlusion_angle,False,True,True,False,103.83687999274116,True,False,4.1440839995630085,27,20,0.7407407407407407,0.8606305122375488,136286.9577123359,True,plate_cellule,,0.7692307692307693,,,plate_cellule,plate_cellule,False,0.752351154800246,0.55,True,False,False,False,118.60115200397559,298.52080187881313,1877.09375,8.431621304711099,,,0,1
plate_cellule/occlusion_angle/20260823T132607Z/frame_0004.jpg,20260823T132607Z,4,2.0,orb,D,magsac,magsac,False,plate_cellule,plate_cellule,occlusion_angle,False,True,True,False,102.5610739889089,True,False,4.1798979946179315,26,23,0.8846153846153846,0.827508807182312,138820.37668620516,True,plate_cellule,,0.7931034482758621,,,plate_cellule,plate_cellule,False,0.7753489820828544,0.55,True,False,False,False,117.23292099486571,299.8325845818708,1877.09375,8.530027158871148,,,0,1
plate_cellule/occlusion_angle/20260823T132607Z/frame_0005.jpg,20260823T132607Z,5,2.5,orb,D,magsac,magsac,False,plate_cellule,plate_cellule,occlusion_angle,False,True,True,False,104.38869099016301,True,False,4.17130600544624,33,28,0.8484848484848485,0.6320366859436035,134810.00607383362,True,plate_cellule,,0.8235294117647058,,,plate_cellule,plate_cellule,False,0.8016635228418643,0.55,True,False,False,False,119.17694499425124,296.54635468075196,1877.09375,8.39088466354157,,,0,1
plate_cellule/occlusion_angle/20260823T132607Z/frame_0006.jpg,20260823T132607Z,6,3.0,orb,D,magsac,magsac,False,plate_cellule,plate_cellule,occlusion_angle,False,True,True,False,105.19661199941766,True,False,4.16102800227236,26,22,0.8461538461538461,0.8635318279266357,134032.0132920992,True,plate_cellule,,0.7857142857142857,,,plate_cellule,plate_cellule,False,0.7930512739372211,0.55,True,False,False,False,120.0172529934207,299.8988703893796,1877.09375,8.332135381025756,,,0,1
plate_cellule/occlusion_angle/20260823T132607Z/frame_0007.jpg,20260823T132607Z,7,3.5,orb,D,magsac,magsac,False,plate_cellule,plate_cellule,occlusion_angle,False,True,True,False,103.62736300157849,True,False,4.108103006728925,31,24,0.7741935483870968,0.7837512493133545,134753.0626553516,True,plate_cellule,,0.8,,,plate_cellule,plate_cellule,False,0.7549126493945331,0.55,True,False,False,False,118.33578399091493,297.7216291794313,1877.09375,8.450529216731042,,,0,1
plate_cellule/occlusion_angle/20260823T132607Z/frame_0008.jpg,20260823T132607Z,8,4.0,orb,D,magsac,magsac,False,plate_cellule,,occlusion_angle,False,True,True,False,102.73327700269874,False,True,4.123935999814421,34,31,0.9117647058823529,0.9551701545715332,281843.95727318426,True,plate_cellule,,0.8378378378378378,,,,plate_cellule,False,0.48936436141191636,0.55,False,False,False,True,117.5379369960865,299.4224418039261,1877.09375,8.507891371560278,,,1,1
plate_cellule/occlusion_angle/20260823T132607Z/frame_0009.jpg,20260823T132607Z,9,4.5,orb,D,magsac,magsac,False,plate_cellule,plate_cellule,occlusion_angle,False,True,True,False,103.64975199627224,True,False,4.1088989964919165,33,31,0.9393939393939394,0.45301738381385803,134807.0030633382,True,plate_cellule,,0.8378378378378378,,,plate_cellule,plate_cellule,False,0.7669883696287076,0.55,True,False,False,False,118.4548010060098,299.5747576174359,1877.09375,8.442038579333436,,,0,1
plate_cellule/occlusion_angle/20260823T132607Z/frame_0010.jpg,20260823T132607Z,10,5.0,orb,D,magsac,magsac,False,plate_cellule,plate_cellule,occlusion_angle,False,True,True,False,102.3513349937275,True,False,4.213898006128147,27,22,0.8148148148148148,0.8479446172714233,134676.37192178657,True,plate_cellule,,0.7857142857142857,,,plate_cellule,plate_cellule,False,0.7875656863380802,0.55,True,False,False,False,117.13221699756104,298.71261209654864,1877.09375,8.537360818679137,,,0,1
plate_cellule/occlusion_angle/20260823T132607Z/frame_0011.jpg,20260823T132607Z,11,5.5,orb,D,magsac,magsac,False,plate_cellule,,occlusion_angle,False,True,True,False,103.35592000046745,False,True,4.24230498902034,27,24,0.8888888888888888,1.1929410696029663,283816.60668709845,True,plate_cellule,,0.8,,,,plate_cellule,False,0.4719604192993305,0.55,False,False,False,True,118.34795000322629,298.4640587272129,1877.09375,8.449660513534361,,,1,1
plate_cellule/occlusion_angle/20260823T132607Z/frame_0012.jpg,20260823T132607Z,12,6.0,orb,D,magsac,magsac,False,plate_cellule,,occlusion_angle,False,True,True,False,105.5866279930342,False,True,4.131880006752908,19,18,0.9473684210526315,0.7741010189056396,279426.6661920016,True,plate_cellule,,0.75,,,,plate_cellule,False,0.4927371476298581,0.55,False,False,False,True,120.36977001116611,298.3812405446145,1877.09375,8.30773374334133,,,2,2
plate_cellule/occlusion_angle/20260823T132607Z/frame_0013.jpg,20260823T132607Z,13,6.5,orb,D,magsac,magsac,False,plate_cellule,plate_cellule,occlusion_angle,False,True,True,False,104.1628410021076,True,False,4.108250999706797,34,25,0.7352941176470589,0.6825211644172668,133851.89495758194,True,plate_cellule,,0.8064516129032258,,,plate_cellule,plate_cellule,False,0.8054391393964976,0.55,True,False,False,False,118.832113003009,297.9434675129876,1877.09375,8.415233683294671,,,0,2
plate_cellule/occlusion_angle/20260823T132607Z/frame_0014.jpg,20260823T132607Z,14,7.0,orb,D,magsac,magsac,False,plate_cellule,plate_cellule,occlusion_angle,False,True,True,False,102.18131699366495,True,False,4.175638998276554,34,34,1.0,0.7380979657173157,133116.51234417415,True,plate_cellule,,0.85,,,plate_cellule,plate_cellule,False,0.7666777422996994,0.55,True,False,False,False,116.93720100447536,299.06197941817356,1877.09375,8.551598562391865,,,0,2
plate_cellule/occlusion_angle/20260823T132607Z/frame_0015.jpg,20260823T132607Z,15,7.5,orb,D,magsac,magsac,False,plate_cellule,,occlusion_angle,False,True,True,False,101.72861700993963,False,True,4.198119990178384,22,21,0.9545454545454546,0.8410593271255493,280416.5484818975,True,plate_cellule,,0.7777777777777778,,,,plate_cellule,False,0.47118325832509933,0.55,False,False,False,True,116.57420299889054,299.66312958916717,1877.09375,8.578227208720588,,,1,2
plate_cellule/occlusion_angle/20260823T132607Z/frame_0016.jpg,20260823T132607Z,16,8.0,orb,D,magsac,magsac,False,plate_cellule,,occlusion_angle,False,True,True,False,103.64993700932246,False,True,4.189102008240297,17,14,0.8235294117647058,0.667044997215271,286436.0402885062,True,plate_cellule,,0.7,,,,plate_cellule,False,0.4373340847032767,0.55,False,False,False,True,118.30763499892782,299.990310856477,1877.09375,8.452539855175557,,,2,2
plate_cellule/occlusion_angle/20260823T132607Z/frame_0017.jpg,20260823T132607Z,17,8.5,orb,D,magsac,magsac,False,plate_cellule,plate_cellule,occlusion_angle,False,True,True,False,103.93828799715266,True,False,4.166379003436305,31,27,0.8709677419354839,0.6528639197349548,138245.25633823837,True,plate_cellule,,0.8181818181818182,,,plate_cellule,plate_cellule,False,0.788140810160781,0.55,True,False,False,False,118.73324400221463,298.3983895808613,1877.09375,8.42224103622864,,,0,2
plate_cellule/occlusion_angle/20260823T132607Z/frame_0018.jpg,20260823T132607Z,18,9.0,orb,D,magsac,magsac,False,plate_cellule,plate_cellule,occlusion_angle,False,True,True,False,104.31009900639765,True,False,4.136286996072158,27,21,0.7777777777777778,0.542859673500061,136991.83764563082,True,plate_cellule,,0.7777777777777778,,,plate_cellule,plate_cellule,False,0.7759935646374685,0.55,True,False,False,False,119.16085200209636,299.2002062840867,1877.09375,8.392017874984708,,,0,2
plate_cellule/occlusion_angle/20260823T132607Z/frame_0019.jpg,20260823T132607Z,19,9.5,orb,D,magsac,magsac,False,plate_cellule,plate_cellule,occlusion_angle,False,True,True,False,103.1186809996143,True,False,4.184972000075504,19,14,0.7368421052631579,0.7695690393447876,134873.09673932104,True,plate_cellule,,0.7,,,plate_cellule,plate_cellule,False,0.7189215557757749,0.55,True,False,False,False,117.99547099508345,300.16514279157536,1877.09375,8.474901549752424,,,0,2
plate_chaudron/frontal/20260823T135713Z/frame_0000.jpg,20260823T135713Z,0,0.0,orb,D,magsac,magsac,False,plate_chaudron,plate_chaudron,frontal,True,False,True,False,90.75972800201271,True,False,4.127861000597477,49,40,0.8163265306122449,0.775705099105835,94103.45344589872,True,plate_chaudron,,0.8695652173913043,,,plate_chaudron,plate_chaudron,False,0.8034893937163523,0.55,True,False,False,False,104.90755899809301,318.5279737619985,1877.09375,9.532201583473864,0.0,,0,0
plate_chaudron/frontal/20260823T135713Z/frame_0001.jpg,20260823T135713Z,1,0.5,orb,D,magsac,magsac,False,plate_chaudron,plate_chaudron,frontal,True,False,True,False,93.0994710070081,True,False,4.143268990446813,52,46,0.8846153846153846,0.8189294338226318,93864.39018228787,True,plate_chaudron,,0.8846153846153846,,,plate_chaudron,plate_chaudron,False,0.7414783246915361,0.55,True,False,False,False,107.35591300181113,316.77224615890674,1877.09375,9.314810633515172,,,0,0
plate_chaudron/frontal/20260823T135713Z/frame_0002.jpg,20260823T135713Z,2,1.0,orb,D,magsac,magsac,False,plate_chaudron,,frontal,True,False,False,True,90.45624799910001,False,True,0.0006299960659816861,0,0,0.0,,,False,,,,,,,,False,0.0,,False,False,False,True,100.37545899103861,327.5660328782615,1877.09375,9.962594543047405,,,1,1
plate_chaudron/frontal/20260823T135713Z/frame_0003.jpg,20260823T135713Z,3,1.5,orb,D,magsac,magsac,False,plate_chaudron,,frontal,True,False,False,True,92.09651401033625,False,True,0.0005549954948946834,0,0,0.0,,,False,,,,,,,,False,0.0,,False,False,False,True,102.26244700606912,325.4154616307054,1877.09375,9.778760720840676,,,2,2
plate_chaudron/frontal/20260823T135713Z/frame_0004.jpg,20260823T135713Z,4,2.0,orb,D,magsac,magsac,False,plate_chaudron,plate_chaudron,frontal,True,False,True,False,92.65367800253443,True,False,4.209952996461652,55,46,0.8363636363636363,0.8591121435165405,93160.99926427487,True,plate_chaudron,,0.8846153846153846,,,plate_chaudron,plate_chaudron,False,0.7996275808031964,0.55,True,False,False,False,106.8549160117982,316.280423600508,1877.09375,9.358483795818872,,,0,2
plate_chaudron/frontal/20260823T135713Z/frame_0005.jpg,20260823T135713Z,5,2.5,orb,D,magsac,magsac,False,plate_chaudron,plate_chaudron,frontal,False,True,True,False,101.3836740021361,True,False,4.138176009291783,33,26,0.7878787878787878,0.5011243224143982,95021.89855027059,True,plate_chaudron,,0.8125,,,plate_chaudron,plate_chaudron,False,0.7904315335674745,0.55,True,False,False,False,116.38251900149044,300.0193834914538,1877.09375,8.592355695507791,,,0,2
plate_chaudron/frontal/20260823T135713Z/frame_0006.jpg,20260823T135713Z,6,3.0,orb,D,magsac,magsac,False,plate_chaudron,plate_chaudron,frontal,True,False,True,False,91.35322300426196,True,False,4.193601998849772,48,38,0.7916666666666666,0.6025587320327759,93767.77850438372,True,plate_chaudron,,0.8636363636363636,,,plate_chaudron,plate_chaudron,False,0.7713303564878832,0.55,True,False,False,False,105.44523999851663,318.6973304864464,1877.09375,9.483595466367829,,,0,2
plate_chaudron/frontal/20260823T135713Z/frame_0007.jpg,20260823T135713Z,7,3.5,orb,D,magsac,magsac,False,plate_chaudron,plate_chaudron,frontal,True,False,True,False,89.69621600408573,True,False,4.145917002460919,55,50,0.9090909090909091,0.8633044362068176,92033.27994670393,True,plate_chaudron,,0.8928571428571429,,,plate_chaudron,plate_chaudron,False,0.7671082647932053,0.55,True,False,False,False,103.7314369896194,318.35268129277233,1877.09375,9.640279061207567,,,0,2
plate_chaudron/frontal/20260823T135713Z/frame_0008.jpg,20260823T135713Z,8,4.0,orb,D,magsac,magsac,False,plate_chaudron,plate_chaudron,frontal,True,False,True,False,90.17432399559766,True,False,4.201693998766132,53,49,0.9245283018867925,0.7007960081100464,92900.04735410018,True,plate_chaudron,,0.8909090909090909,,,plate_chaudron,plate_chaudron,False,0.8004275379734953,0.55,True,False,False,False,104.12782299681567,318.38311169726967,1877.09375,9.60358116802827,,,0,2
plate_chaudron/frontal/20260823T135713Z/frame_0009.jpg,20260823T135713Z,9,4.5,orb,D,magsac,magsac,False,plate_chaudron,plate_chaudron,frontal,True,False,True,False,91.7711099900771,True,False,4.129640001337975,52,46,0.8846153846153846,0.7789823412895203,94493.80396215054,True,plate_chaudron,,0.8846153846153846,,,plate_chaudron,plate_chaudron,False,0.7616946099943431,0.55,True,False,False,False,105.77347899379674,317.6444380916111,1877.09375,9.45416572767401,,,0,2
plate_chaudron/frontal/20260823T135713Z/frame_0010.jpg,20260823T135713Z,10,5.0,orb,D,magsac,magsac,False,plate_chaudron,plate_chaudron,frontal,True,False,True,False,91.67194399924483,True,False,4.139601995120756,52,47,0.9038461538461539,0.7663972973823547,92465.73342653958,True,plate_chaudron,,0.8867924528301887,,,plate_chaudron,plate_chaudron,False,0.7986977624637313,0.55,True,False,False,False,105.69292400032282,316.82345546536993,1877.09375,9.461371321290589,,,0,2
plate_chaudron/frontal/20260823T135713Z/frame_0011.jpg,20260823T135713Z,11,5.5,orb,D,magsac,magsac,False,plate_chaudron,plate_chaudron,frontal,True,False,True,False,89.94650999375153,True,False,4.141047000302933,52,46,0.8846153846153846,0.8306602239608765,93898.54119046494,True,plate_chaudron,,0.8846153846153846,,,plate_chaudron,plate_chaudron,False,0.8059598396700489,0.55,True,False,False,False,103.93182400730439,319.13869324271917,1877.09375,9.621692003882464,,,0,2
plate_chaudron/frontal/20260823T135713Z/frame_0012.jpg,20260823T135713Z,12,6.0,orb,D,magsac,magsac,False,plate_chaudron,plate_chaudron,frontal,True,False,True,False,90.51848801027518,True,False,4.166454004007392,45,43,0.9555555555555556,0.6903297901153564,92808.84643149353,True,plate_chaudron,,0.8775510204081632,,,plate_chaudron,plate_chaudron,False,0.7877098150246169,0.55,True,False,False,False,104.55359799379949,318.44919293944434,1877.09375,9.564472377691915,,,0,2
plate_chaudron/frontal/20260823T135713Z/frame_0013.jpg,20260823T135713Z,13,6.5,orb,D,magsac,magsac,False,plate_chaudron,plate_chaudron,frontal,False,True,True,False,104.59339500812348,True,False,4.1737310093594715,22,20,0.9090909090909091,0.8414431214332581,295148.2547427098,True,plate_chaudron,,0.7692307692307693,,,plate_chaudron,plate_chaudron,False,0.5998597263594401,0.55,True,False,False,False,119.0975749923382,299.9889107928966,1877.09375,8.396476587070158,,,0,2
plate_chaudron/frontal/20260823T135713Z/frame_0014.jpg,20260823T135713Z,14,7.0,orb,D,magsac,magsac,False,plate_chaudron,plate_chaudron,frontal,True,False,True,False,90.31682299973909,True,False,4.134749993681908,53,40,0.7547169811320755,0.6379680037498474,92183.82296674963,True,plate_chaudron,,0.8695652173913043,,,plate_chaudron,plate_chaudron,False,0.7898724430317765,0.55,True,False,False,False,103.956898994511,319.14100479065246,1877.09375,9.619371197796125,,,0,2
plate_chaudron/frontal/20260823T135713Z/frame_0015.jpg,20260823T135713Z,15,7.5,orb,D,magsac,magsac,False,plate_chaudron,plate_chaudron,frontal,True,False,True,False,90.36080400983337,True,False,4.124101993511431,44,40,0.9090909090909091,0.8220741748809814,91247.88049579799,True,plate_chaudron,,0.8695652173913043,,,plate_chaudron,plate_chaudron,False,0.7699613148023693,0.55,True,False,False,False,104.28374800540041,319.2219673412484,1877.09375,9.589221898202338,,,0,2
plate_chaudron/frontal/20260823T135713Z/frame_0016.jpg,20260823T135713Z,16,8.0,orb,D,magsac,magsac,False,plate_chaudron,plate_chaudron,frontal,True,False,True,False,89.87919599167071,True,False,4.079528007423505,44,37,0.8409090909090909,0.8048268556594849,92187.36136867876,True,plate_chaudron,,0.8604651162790697,,,plate_chaudron,plate_chaudron,False,0.804823843954731,0.55,True,False,False,False,103.58006801106967,319.70805035989264,1877.09375,9.654367092065717,,,0,2
plate_chaudron/frontal/20260823T135713Z/frame_0017.jpg,20260823T135713Z,17,8.5,orb,D,magsac,magsac,False,plate_chaudron,plate_chaudron,frontal,True,False,True,False,90.17828699143138,True,False,4.026844006148167,35,32,0.9142857142857143,0.8623751401901245,92148.84704830479,True,plate_chaudron,,0.8421052631578947,,,plate_chaudron,plate_chaudron,False,0.7537316743348502,0.55,True,False,False,False,104.06035999767482,319.2942605686353,1877.09375,9.609807231325593,,,0,2
plate_chaudron/frontal/20260823T135713Z/frame_0018.jpg,20260823T135713Z,18,9.0,orb,D,magsac,magsac,False,plate_chaudron,,frontal,True,False,False,True,88.85485099744983,False,True,0.000610991264693439,0,0,0.0,,,False,,,,,,,,False,0.0,,False,False,False,True,98.54728600475937,329.39374503351087,1877.09375,10.147412887166722,,,1,2
plate_chaudron/frontal/20260823T135713Z/frame_0019.jpg,20260823T135713Z,19,9.5,orb,D,magsac,magsac,False,plate_chaudron,plate_chaudron,frontal,True,False,True,False,94.16111200698651,True,False,4.034879995742813,59,43,0.7288135593220338,0.7935612201690674,92776.00714521503,True,plate_chaudron,,0.8775510204081632,,,plate_chaudron,plate_chaudron,False,0.7878140304359245,0.55,True,False,False,False,108.02688999683596,314.9131693139662,1877.09375,9.256954449297664,,,0,2
plate_chaudron/main_sur_bord/20260823T135744Z/frame_0000.jpg,20260823T135744Z,0,0.0,orb,D,magsac,magsac,False,plate_chaudron,,main_sur_bord,False,True,False,True,102.27150200807955,False,True,0.0005740002961829305,0,0,0.0,,,False,,,,,,,,False,0.0,,False,False,False,True,113.36813199159224,307.88783926126683,1877.09375,8.820821005273011,,,1,1
plate_chaudron/main_sur_bord/20260823T135744Z/frame_0001.jpg,20260823T135744Z,1,0.5,orb,D,magsac,magsac,False,plate_chaudron,plate_chaudron,main_sur_bord,False,True,True,False,103.62627099675592,True,False,4.157695002504624,27,26,0.9629629629629629,0.8041015267372131,177763.97882182148,True,plate_chaudron,,0.8125,,,plate_chaudron,plate_chaudron,False,0.7102878378097577,0.55,True,False,False,False,118.72520801261999,298.43864747120136,1877.09375,8.422811100854878,0.5,,0,1
plate_chaudron/main_sur_bord/20260823T135744Z/frame_0002.jpg,20260823T135744Z,2,1.0,orb,D,magsac,magsac,False,plate_chaudron,,main_sur_bord,False,True,False,True,105.59481399832293,False,True,0.0007219932740554214,0,0,0.0,,,False,,,,,,,,False,0.0,,False,False,False,True,116.41016800422221,305.2924088103867,1877.09375,8.590314893830664,,,1,1
plate_chaudron/main_sur_bord/20260823T135744Z/frame_0003.jpg,20260823T135744Z,3,1.5,orb,D,magsac,magsac,False,plate_chaudron,plate_chaudron,main_sur_bord,False,True,True,False,105.65631301142275,True,False,4.155416987487115,31,27,0.8709677419354839,1.1562705039978027,118955.8448724054,True,plate_chaudron,,0.8181818181818182,,,plate_chaudron,plate_chaudron,False,0.5940440656747028,0.55,True,False,False,False,120.5714719981188,298.335232239338,1877.09375,8.29383587533544,,,0,1
plate_chaudron/main_sur_bord/20260823T135744Z/frame_0004.jpg,20260823T135744Z,4,2.0,orb,D,magsac,magsac,False,plate_chaudron,plate_chaudron,main_sur_bord,False,True,True,False,103.11523800191935,True,False,4.1441200010012835,37,32,0.8648648648648649,0.8079987168312073,119856.19438469317,True,plate_chaudron,,0.8421052631578947,,,plate_chaudron,plate_chaudron,False,0.7492088444602588,0.55,True,False,False,False,118.1569140026113,298.3099964779492,1877.09375,8.463321917648422,,,0,1
plate_chaudron/main_sur_bord/20260823T135744Z/frame_0005.jpg,20260823T135744Z,5,2.5,orb,D,magsac,magsac,False,plate_chaudron,plate_chaudron,main_sur_bord,False,True,True,False,103.34145800152328,True,False,4.12252800015267,37,31,0.8378378378378378,1.2115179300308228,120822.56300916796,True,plate_chaudron,,0.8378378378378378,,,plate_chaudron,plate_chaudron,False,0.6604785776549112,0.55,True,False,False,False,118.52161699789576,298.49567780202455,1877.09375,8.437279420662595,,,0,1
plate_chaudron/main_sur_bord/20260823T135744Z/frame_0006.jpg,20260823T135744Z,6,3.0,orb,D,magsac,magsac,False,plate_chaudron,,main_sur_bord,False,True,False,True,105.0379650114337,False,True,0.0009999930625781417,0,0,0.0,,,False,,,,,,,,False,0.0,,False,False,False,True,115.7064869912574,305.5920261642259,1877.09375,8.64255778568023,,,1,1
plate_chaudron/main_sur_bord/20260823T135744Z/frame_0007.jpg,20260823T135744Z,7,3.5,orb,D,magsac,magsac,False,plate_chaudron,,main_sur_bord,False,True,True,False,102.44824200344738,False,True,4.219416005071253,13,12,0.9230769230769231,0.8186033964157104,187650.58214302867,True,plate_chaudron,,0.6666666666666666,,,,plate_chaudron,False,0.5433444009111704,0.55,False,False,False,True,117.54253000253811,299.0870164123108,1877.09375,8.507558923382089,,,2,2
plate_chaudron/main_sur_bord/20260823T135744Z/frame_0008.jpg,20260823T135744Z,8,4.0,orb,D,magsac,magsac,False,plate_chaudron,plate_chaudron,main_sur_bord,False,True,True,False,103.36084700247739,True,False,4.077769001014531,30,24,0.8,0.7444165349006653,185216.40444188748,True,plate_chaudron,,0.8,,,plate_chaudron,plate_chaudron,False,0.6363680897886438,0.55,True,False,False,False,117.99613799666986,299.87053475451717,1877.09375,8.47485364333045,,,0,2
plate_chaudron/main_sur_bord/20260823T135744Z/frame_0009.jpg,20260823T135744Z,9,4.5,orb,D,magsac,magsac,False,plate_chaudron,plate_chaudron,main_sur_bord,False,True,True,False,104.20606299885549,True,False,4.126323998207226,31,27,0.8709677419354839,0.9961036443710327,120101.98285392614,True,plate_chaudron,,0.8181818181818182,,,plate_chaudron,plate_chaudron,False,0.5909762464937403,0.55,True,False,False,False,119.37953598680906,299.6245596394058,1877.09375,8.376645056741516,,,0,2
plate_chaudron/main_sur_bord/20260823T135744Z/frame_0010.jpg,20260823T135744Z,10,5.0,orb,D,magsac,magsac,False,plate_chaudron,plate_chaudron,main_sur_bord,False,True,True,False,104.296710997005,True,False,4.004695001640357,28,26,0.9285714285714286,0.5958142280578613,182739.89666989667,True,plate_chaudron,,0.8125,,,plate_chaudron,plate_chaudron,False,0.6880188428616845,0.55,True,False,False,False,119.10135300422553,298.95749545959404,1877.09375,8.396210242586594,,,0,2
plate_chaudron/main_sur_bord/20260823T135744Z/frame_0011.jpg,20260823T135744Z,11,5.5,orb,D,magsac,magsac,False,plate_chaudron,plate_chaudron,main_sur_bord,False,True,True,False,104.31958199478686,True,False,4.007898998679593,33,28,0.8484848484848485,0.9020547866821289,373681.52731863095,True,plate_chaudron,,0.8235294117647058,,,plate_chaudron,plate_chaudron,False,0.5970471793220132,0.55,True,False,False,False,119.31548100255895,298.22873864316676,1877.09375,8.381142091515795,,,0,2
plate_chaudron/main_sur_bord/20260823T135744Z/frame_0012.jpg,20260823T135744Z,12,6.0,orb,D,magsac,magsac,False,plate_chaudron,plate_chaudron,main_sur_bord,False,True,True,False,105.08802099502645,True,False,4.024437002954073,39,31,0.7948717948717948,0.9055512547492981,118944.21574540669,True,plate_chaudron,,0.8378378378378378,,,plate_chaudron,plate_chaudron,False,0.6050030569185243,0.55,True,False,False,False,119.95395799749531,298.50719390797684,1877.09375,8.336531921863557,,,0,2
plate_chaudron/main_sur_bord/20260823T135744Z/frame_0013.jpg,20260823T135744Z,13,6.5,orb,D,magsac,magsac,False,plate_chaudron,,main_sur_bord,False,True,False,True,96.09328499936964,False,True,0.0006859918357804418,0,0,0.0,,,False,,,,,,,,False,0.0,,False,False,False,True,106.3018459972227,314.14622847523333,1877.09375,9.40717435919341,,,1,2
plate_chaudron/main_sur_bord/20260823T135744Z/frame_0014.jpg,20260823T135744Z,14,7.0,orb,D,magsac,magsac,False,plate_chaudron,plate_chaudron,main_sur_bord,False,True,True,False,108.98216199711896,True,False,4.185934987617657,35,28,0.8,0.7583019733428955,191081.1721301556,True,plate_chaudron,plate_dague,0.8235294117647058,0.5,0.32352941176470584,plate_chaudron,plate_chaudron,False,0.715383562043745,0.55,True,False,False,False,124.2462450027233,295.77688484032376,1877.09375,8.048532975608893,,,0,2
plate_chaudron/main_sur_bord/20260823T135744Z/frame_0015.jpg,20260823T135744Z,15,7.5,orb,D,magsac,magsac,False,plate_chaudron,plate_chaudron,main_sur_bord,False,True,True,False,106.50728899054229,True,False,4.127824999159202,20,17,0.85,0.6919392347335815,125955.312347094,True,plate_chaudron,,0.7391304347826086,,,plate_chaudron,plate_chaudron,False,0.6472785861092059,0.55,True,False,False,False,121.47670800914057,298.4448524674175,1877.09375,8.232030785068316,,,0,2
plate_chaudron/main_sur_bord/20260823T135744Z/frame_0016.jpg,20260823T135744Z,16,8.0,orb,D,magsac,magsac,False,plate_chaudron,,main_sur_bord,False,True,False,True,93.59091200167313,False,True,0.0007780035957694054,0,0,0.0,,,False,,,,,,,,False,0.0,,False,False,False,True,102.64475899748504,318.4677738955645,1877.09375,9.742338622710406,,,1,2
plate_chaudron/main_sur_bord/20260823T135744Z/frame_0017.jpg,20260823T135744Z,17,8.5,orb,D,magsac,magsac,False,plate_chaudron,,main_sur_bord,False,True,True,False,101.43776700715534,False,True,4.1827309905784205,12,6,0.5,0.0010474908631294966,776.3943487294018,True,plate_bougie,,0.5,,,,plate_bougie,False,0.026259023789673947,0.55,False,False,False,True,116.16739099554252,301.69652515791097,1877.09375,8.608267702580763,,,2,2
plate_chaudron/main_sur_bord/20260823T135744Z/frame_0018.jpg,20260823T135744Z,18,9.0,orb,D,magsac,magsac,False,plate_chaudron,,main_sur_bord,False,True,False,True,100.44760699383914,False,True,0.0007780035957694054,0,0,0.0,,,False,,,,,,,,False,0.0,,False,False,False,True,110.22228299407288,313.97825339787653,1877.09375,9.07257564292852,,,3,3
plate_chaudron/main_sur_bord/20260823T135744Z/frame_0019.jpg,20260823T135744Z,19,9.5,orb,D,magsac,magsac,False,plate_chaudron,,main_sur_bord,False,True,False,True,96.56491100031417,False,True,0.0007960043149068952,0,0,0.0,,,False,,,,,,,,False,0.0,,False,False,False,True,106.52391900657676,314.4972322878142,1877.09375,9.387562993605785,,,4,4
plate_chaudron/occlusion_angle/20260823T135821Z/frame_0000.jpg,20260823T135821Z,0,0.0,orb,D,magsac,magsac,False,plate_chaudron,,occlusion_angle,False,True,True,False,104.9235769896768,False,True,4.170860993326642,23,15,0.6521739130434783,0.5698530077934265,339482.80105806794,True,plate_chaudron,,0.7142857142857143,,,,plate_chaudron,False,0.48260510430667714,0.55,False,False,False,True,119.75120099668857,300.10441566228707,1877.09375,8.350646938627802,,,1,1
plate_chaudron/occlusion_angle/20260823T135821Z/frame_0001.jpg,20260823T135821Z,1,0.5,orb,D,magsac,magsac,False,plate_chaudron,plate_chaudron,occlusion_angle,False,True,True,False,105.00848399533425,True,False,4.135601993766613,33,26,0.7878787878787878,0.8719669580459595,327522.69943849754,True,plate_chaudron,,0.8125,,,plate_chaudron,plate_chaudron,False,0.5576905442358377,0.55,True,False,False,False,120.12232800771017,298.115739962148,1877.09375,8.324846983783182,0.5,,0,1
plate_chaudron/occlusion_angle/20260823T135821Z/frame_0002.jpg,20260823T135821Z,2,1.0,orb,D,magsac,magsac,False,plate_chaudron,,occlusion_angle,False,True,True,False,101.20695398654789,False,True,4.1382130002602935,16,15,0.9375,1.1313343048095703,331341.25007977145,True,plate_chaudron,,0.7142857142857143,,,,plate_chaudron,False,0.49733994488208766,0.55,False,False,False,True,115.8048380020773,301.51159832685994,1877.09375,8.635217813456654,,,1,1
plate_chaudron/occlusion_angle/20260823T135821Z/frame_0003.jpg,20260823T135821Z,3,1.5,orb,D,magsac,magsac,False,plate_chaudron,,occlusion_angle,False,True,True,False,101.29521299677435,False,True,4.0831579972291365,15,12,0.8,0.5399008989334106,328038.34580639936,True,plate_chaudron,,0.6666666666666666,,,,plate_chaudron,False,0.5461370080623744,0.55,False,False,False,True,116.12754000816494,300.5685412567592,1877.09375,8.61122176470534,,,2,2
plate_chaudron/occlusion_angle/20260823T135821Z/frame_0004.jpg,20260823T135821Z,4,2.0,orb,D,magsac,magsac,False,plate_chaudron,,occlusion_angle,False,True,True,False,102.60287100390997,False,True,4.062566003995016,31,24,0.7741935483870968,0.8434284925460815,328286.35251839645,True,plate_chaudron,,0.8,,,,plate_chaudron,False,0.5378102213573155,0.55,False,False,False,True,117.65073399874382,298.9077348246358,1877.09375,8.499734476885433,,,3,3
plate_chaudron/occlusion_angle/20260823T135821Z/frame_0005.jpg,20260823T135821Z,5,2.5,orb,D,magsac,magsac,False,plate_chaudron,,occlusion_angle,False,True,True,False,104.97163300169632,False,True,4.021251006633975,21,13,0.6190476190476191,0.6171079874038696,317872.04681628314,True,plate_chaudron,,0.6842105263157895,,,,plate_chaudron,False,0.5010862574958448,0.55,False,False,False,True,119.93794099544175,300.59543544578565,1877.09375,8.337645216354057,,,4,4
plate_chaudron/occlusion_angle/20260823T135821Z/frame_0006.jpg,20260823T135821Z,6,3.0,orb,D,magsac,magsac,False,plate_chaudron,,occlusion_angle,False,True,True,False,105.28901999350637,False,True,4.144491002080031,54,29,0.5370370370370371,0.8522540926933289,323131.26779484283,True,plate_chaudron,,0.8285714285714286,,,,plate_chaudron,False,0.5360297468371009,0.55,False,False,False,True,120.38388200744521,298.35245051966257,1877.09375,8.306759869549268,,,5,5
plate_chaudron/occlusion_angle/20260823T135821Z/frame_0007.jpg,20260823T135821Z,7,3.5,orb,D,magsac,magsac,False,plate_chaudron,,occlusion_angle,False,True,True,False,102.63413000211585,False,True,4.170306012383662,25,19,0.76,0.6123229265213013,322240.74924031715,True,plate_chaudron,,0.76,,,,plate_chaudron,False,0.5341280751743489,0.55,False,False,False,True,117.61703000229318,300.92020517199086,1877.09375,8.502170136250703,,,6,6
plate_chaudron/occlusion_angle/20260823T135821Z/frame_0008.jpg,20260823T135821Z,8,4.0,orb,D,magsac,magsac,False,plate_chaudron,,occlusion_angle,False,True,True,False,109.76478600059636,False,True,4.062360996613279,18,13,0.7222222222222222,0.499004065990448,338063.7673460465,True,plate_chaudron,plate_bois,0.6842105263157895,0.5384615384615384,0.14574898785425106,,plate_chaudron,False,0.4390578366672876,0.55,False,False,False,True,124.54342799901497,297.7689469114081,1877.09375,8.029327729825368,,,7,7
plate_chaudron/occlusion_angle/20260823T135821Z/frame_0009.jpg,20260823T135821Z,9,4.5,orb,D,magsac,magsac,False,plate_chaudron,,occlusion_angle,False,True,True,False,101.97478299960494,False,True,4.059547005454078,28,17,0.6071428571428571,0.8584704995155334,327886.2924671875,True,plate_chaudron,,0.7391304347826086,,,,plate_chaudron,False,0.5174033648025901,0.55,False,False,False,True,117.06329300068319,300.32241618046083,1877.09375,8.542387407418685,,,8,8
plate_chaudron/occlusion_angle/20260823T135821Z/frame_0010.jpg,20260823T135821Z,10,5.0,orb,D,magsac,magsac,False,plate_chaudron,,occlusion_angle,False,True,False,True,101.07252901070751,False,True,0.0005549954948946834,0,0,0.0,,,False,,,,,,,,False,0.0,,False,False,False,True,111.88714198942762,309.9900612644432,1877.09375,8.937577475117664,,,9,9
plate_chaudron/occlusion_angle/20260823T135821Z/frame_0011.jpg,20260823T135821Z,11,5.5,orb,D,magsac,magsac,False,plate_chaudron,,occlusion_angle,False,True,True,False,104.37050700420514,False,True,4.04967600479722,30,21,0.7,0.8270202279090881,323159.24301297555,True,plate_chaudron,,0.7777777777777778,,,,plate_chaudron,False,0.5087810377284223,0.55,False,False,False,True,119.50009199790657,299.838863727722,1877.09375,8.368194394507396,,,10,10
plate_chaudron/occlusion_angle/20260823T135821Z/frame_0012.jpg,20260823T135821Z,12,6.0,orb,D,magsac,magsac,False,plate_chaudron,,occlusion_angle,False,True,False,True,102.66166699875612,False,True,0.0006850023055449128,0,0,0.0,,,False,,,,,,,,False,0.0,,False,False,False,True,113.64563000097405,307.04874265460904,1877.09375,8.799282471234742,,,11,11
plate_chaudron/occlusion_angle/20260823T135821Z/frame_0013.jpg,20260823T135821Z,13,6.5,orb,D,magsac,magsac,False,plate_chaudron,,occlusion_angle,False,True,True,False,102.37490900908597,False,True,4.088417001185007,30,26,0.8666666666666667,0.6687057018280029,328840.1914186895,True,plate_chaudron,,0.8125,,,,plate_chaudron,False,0.5379283174585288,0.55,False,False,False,True,117.52890099887736,299.11024438451534,1877.09375,8.508545485416834,,,12,12
plate_chaudron/occlusion_angle/20260823T135821Z/frame_0014.jpg,20260823T135821Z,14,7.0,orb,D,magsac,magsac,False,plate_chaudron,,occlusion_angle,False,True,True,False,101.89220900065266,False,True,4.0208989958046,23,20,0.8695652173913043,1.164683222770691,333453.4773541789,True,plate_chaudron,,0.7692307692307693,,,,plate_chaudron,False,0.5019627657116168,0.55,False,False,False,True,116.85620200296398,300.287042523516,1877.09375,8.55752611208976,,,13,13
plate_chaudron/occlusion_angle/20260823T135821Z/frame_0015.jpg,20260823T135821Z,15,7.5,orb,D,magsac,magsac,False,plate_chaudron,,occlusion_angle,False,True,True,False,101.45419399486855,False,True,4.185768004390411,19,17,0.8947368421052632,0.7446419596672058,342046.56831078813,True,plate_chaudron,,0.7391304347826086,,,,plate_chaudron,False,0.49441543891163486,0.55,False,False,False,True,116.64696299703792,300.52503553722613,1877.09375,8.57287643249995,,,14,14
plate_chaudron/occlusion_angle/20260823T135821Z/frame_0016.jpg,20260823T135821Z,16,8.0,orb,D,magsac,magsac,False,plate_chaudron,,occlusion_angle,False,True,True,False,103.24547800701112,False,True,4.155824994086288,10,6,0.6,0.04295172542333603,746.1482678847387,True,plate_vampire,,0.5,,,,plate_vampire,False,0.10574738274103351,0.55,False,False,False,True,117.90567598654889,300.58934909988733,1877.09375,8.481355894300489,,,15,15
plate_chaudron/occlusion_angle/20260823T135821Z/frame_0017.jpg,20260823T135821Z,17,8.5,orb,D,magsac,magsac,False,plate_chaudron,plate_chaudron,occlusion_angle,False,True,True,False,104.19185999489855,True,False,4.149991000303999,19,12,0.631578947368421,0.41320672631263733,168312.93771854602,True,plate_chaudron,,0.6666666666666666,,,plate_chaudron,plate_chaudron,False,0.6925122852434313,0.55,True,False,False,False,119.33803699503187,299.59738320050917,1877.09375,8.379557978162744,,,0,15
plate_chaudron/occlusion_angle/20260823T135821Z/frame_0018.jpg,20260823T135821Z,18,9.0,orb,D,magsac,magsac,False,plate_chaudron,,occlusion_angle,False,True,False,True,99.2758380016312,False,True,0.000500003807246685,0,0,0.0,,,False,,,,,,,,False,0.0,,False,False,False,True,110.11617199983448,310.214897408811,1877.09375,9.081318228184532,,,1,15
plate_chaudron/occlusion_angle/20260823T135821Z/frame_0019.jpg,20260823T135821Z,19,9.5,orb,D,magsac,magsac,False,plate_chaudron,plate_chaudron,occlusion_angle,False,True,True,False,104.24458199122455,True,False,4.126027997699566,29,20,0.6896551724137931,1.0799496173858643,109160.64814757649,True,plate_chaudron,,0.7692307692307693,,,plate_chaudron,plate_chaudron,False,0.6139029578456292,0.55,True,False,False,False,119.53031399752945,299.26234947196576,1877.09375,8.366078583384871,,,0,15
plate_dague/frontal/20260823T135916Z/frame_0000.jpg,20260823T135916Z,0,0.0,orb,D,magsac,magsac,False,plate_dague,plate_dague,frontal,True,False,True,False,96.89885401166975,True,False,4.021954009658657,69,39,0.5652173913043478,1.044520616531372,171690.61030093665,True,plate_dague,,0.8666666666666667,,,plate_dague,plate_dague,False,0.8080135517315374,0.55,True,False,False,False,110.32759699446615,312.57304735583557,1877.09375,9.063915350663882,0.0,,0,0
plate_dague/frontal/20260823T135916Z/frame_0001.jpg,20260823T135916Z,1,0.5,orb,D,magsac,magsac,False,plate_dague,plate_dague,frontal,True,False,True,False,96.4831720048096,True,False,4.045120993396267,69,39,0.5652173913043478,1.044520616531372,171690.61030093665,True,plate_dague,,0.8666666666666667,,,plate_dague,plate_dague,False,0.8080135517315374,0.55,True,False,False,False,110.11024699837435,313.32780045888654,1877.09375,9.081806891367375,,,0,0
plate_dague/frontal/20260823T135916Z/frame_0002.jpg,20260823T135916Z,2,1.0,orb,D,magsac,magsac,False,plate_dague,plate_dague,frontal,True,False,True,False,92.59580800426193,True,False,4.079638994880952,41,33,0.8048780487804879,0.8784885406494141,171281.0400388709,True,plate_dague,,0.8461538461538461,,,plate_dague,plate_dague,False,0.84271660903224,0.55,True,False,False,False,106.22979099571239,316.30123889953825,1877.09375,9.413555186608262,,,0,0
plate_dague/frontal/20260823T135916Z/frame_0003.jpg,20260823T135916Z,3,1.5,orb,D,magsac,magsac,False,plate_dague,plate_dague,frontal,False,True,True,False,102.09239299001638,True,False,4.158989991992712,45,39,0.8666666666666667,0.8208119869232178,112036.06482732837,True,plate_dague,,0.8666666666666667,,,plate_dague,plate_dague,False,0.8210472398005781,0.55,True,False,False,False,116.41325999516994,301.7206562331363,1877.09375,8.590086731026092,,,0,0
plate_dague/frontal/20260823T135916Z/frame_0004.jpg,20260823T135916Z,4,2.0,orb,D,magsac,magsac,False,plate_dague,plate_dague,frontal,True,False,True,False,95.10193899041042,True,False,4.19858300301712,55,46,0.8363636363636363,0.9901163578033447,111246.9326175201,True,plate_dague,,0.8846153846153846,,,plate_dague,plate_dague,False,0.8172295828206038,0.55,True,False,False,False,108.72523700527381,314.82364851812815,1877.09375,9.197496621244378,,,0,0
plate_dague/frontal/20260823T135916Z/frame_0005.jpg,20260823T135916Z,5,2.5,orb,D,magsac,magsac,False,plate_dague,,frontal,True,False,False,True,93.84055899863597,False,True,0.0006110058166086674,0,0,0.0,,,False,,,,,,,,False,0.0,,False,False,False,True,103.53808700165246,323.2454227156397,1877.09375,9.658281594328086,,,1,1
plate_dague/frontal/20260823T135916Z/frame_0006.jpg,20260823T135916Z,6,3.0,orb,D,magsac,magsac,False,plate_dague,plate_dague,frontal,True,False,True,False,93.01934199174866,True,False,4.190398001810536,55,42,0.7636363636363637,1.0594351291656494,109008.9674965631,True,plate_dague,,0.875,,,plate_dague,plate_dague,False,0.8748558973370726,0.55,True,False,False,False,106.6800290136598,315.0517281515934,1877.09375,9.373825722075454,,,0,1
plate_dague/frontal/20260823T135916Z/frame_0007.jpg,20260823T135916Z,7,3.5,orb,D,magsac,magsac,False,plate_dague,,frontal,True,False,False,True,92.77906599163543,False,True,0.0009070063242688775,0,0,0.0,,,False,,,,,,,,False,0.0,,False,False,False,True,102.36381700087804,324.33429382308714,1877.09375,9.769076899422599,,,1,1
plate_dague/frontal/20260823T135916Z/frame_0008.jpg,20260823T135916Z,8,4.0,orb,D,magsac,magsac,False,plate_dague,plate_dague,frontal,False,True,True,False,103.58618000464048,True,False,4.168508996372111,44,35,0.7954545454545454,0.7924652099609375,106304.34399995243,True,plate_dague,,0.8536585365853658,,,plate_dague,plate_dague,False,0.8219102454831702,0.55,True,False,False,False,116.95510899880901,302.5981669629255,1877.09375,8.550289154193198,,,0,1
plate_dague/frontal/20260823T135916Z/frame_0009.jpg,20260823T135916Z,9,4.5,orb,D,magsac,magsac,False,plate_dague,plate_dague,frontal,False,True,True,False,107.06550801114645,True,False,4.102897990378551,40,26,0.65,0.9428630471229553,166705.7092102259,True,plate_dague,,0.8125,,,plate_dague,plate_dague,False,0.8003445548311605,0.55,True,False,False,False,120.38414100243244,301.6381792286701,1877.09375,8.30674199834839,,,0,1
plate_dague/frontal/20260823T135916Z/frame_0010.jpg,20260823T135916Z,10,5.0,orb,D,magsac,magsac,False,plate_dague,plate_dague,frontal,True,False,True,False,92.60432700102683,True,False,4.035473000840284,60,49,0.8166666666666667,1.018791675567627,108836.94777976275,True,plate_dague,,0.8909090909090909,,,plate_dague,plate_dague,False,0.775407604559154,0.55,True,False,False,False,106.02555199875496,318.0361230319811,1877.09375,9.43168869341744,,,0,1
plate_dague/frontal/20260823T135916Z/frame_0011.jpg,20260823T135916Z,11,5.5,orb,D,magsac,magsac,False,plate_dague,plate_dague,frontal,True,False,True,False,93.26041498570703,True,False,4.050750998430885,59,48,0.8135593220338984,0.9418346881866455,108718.72914677497,True,plate_dague,,0.8888888888888888,,,plate_dague,plate_dague,False,0.8105620050555673,0.55,True,False,False,False,106.93769399949815,315.70930919963945,1877.09375,9.35123961065303,,,0,1
plate_dague/frontal/20260823T135916Z/frame_0012.jpg,20260823T135916Z,12,6.0,orb,D,magsac,magsac,False,plate_dague,plate_dague,frontal,True,False,True,False,97.8382920002332,True,False,4.071676987223327,61,52,0.8524590163934426,0.9224780797958374,170339.9450560398,True,plate_dague,plate_bois,0.896551724137931,0.5384615384615384,0.3580901856763926,plate_dague,plate_dague,False,0.7927749244158208,0.55,True,False,False,False,111.38016499171499,313.94996858342773,1877.09375,8.978259280495633,,,0,1
plate_dague/frontal/20260823T135916Z/frame_0013.jpg,20260823T135916Z,13,6.5,orb,D,magsac,magsac,False,plate_dague,plate_dague,frontal,True,False,True,False,90.81004299514461,True,False,4.076323995832354,52,44,0.8461538461538461,1.0822575092315674,108630.06407545903,True,plate_dague,,0.88,,,plate_dague,plate_dague,False,0.8225640136929646,0.55,True,False,False,False,104.54958099580836,318.024687266435,1877.09375,9.56483986329981,,,0,1
plate_dague/frontal/20260823T135916Z/frame_0014.jpg,20260823T135916Z,14,7.0,orb,D,magsac,magsac,False,plate_dague,plate_dague,frontal,True,False,True,False,91.32383599353489,True,False,4.049583993037231,48,44,0.9166666666666666,1.0473283529281616,107859.24524509339,True,plate_dague,,0.88,,,plate_dague,plate_dague,False,0.8140482893369034,0.55,True,False,False,False,104.93900399887934,318.1707032435983,1877.09375,9.529345256704353,,,0,1
plate_dague/frontal/20260823T135916Z/frame_0015.jpg,20260823T135916Z,15,7.5,orb,D,magsac,magsac,False,plate_dague,plate_dague,frontal,True,False,True,False,91.67855500709265,True,False,4.069325004820712,41,32,0.7804878048780488,1.1497564315795898,104757.79420489242,True,plate_dague,,0.8421052631578947,,,plate_dague,plate_dague,False,0.7790638182251195,0.55,True,False,False,False,105.28744600014761,318.5170319352308,1877.09375,9.49780850414586,,,0,1
plate_dague/frontal/20260823T135916Z/frame_0016.jpg,20260823T135916Z,16,8.0,orb,D,magsac,magsac,False,plate_dague,plate_dague,frontal,False,True,True,False,103.94204698968679,True,False,4.102119986782782,44,37,0.8409090909090909,0.8377558588981628,160867.97816794703,True,plate_dague,,0.8604651162790697,,,plate_dague,plate_dague,False,0.8361725351022196,0.55,True,False,False,False,117.26405100489501,302.92585916645714,1877.09375,8.527762698205407,,,0,1
plate_dague/frontal/20260823T135916Z/frame_0017.jpg,20260823T135916Z,17,8.5,orb,D,magsac,magsac,False,plate_dague,,frontal,True,False,False,True,87.51335999113508,False,True,0.0005920010153204203,0,0,0.0,,,False,,,,,,,,False,0.0,,False,False,False,True,97.32168400660157,330.83615361433147,1877.09375,10.275202388936956,,,1,1
plate_dague/frontal/20260823T135916Z/frame_0018.jpg,20260823T135916Z,18,9.0,orb,D,magsac,magsac,False,plate_dague,plate_dague,frontal,False,True,True,False,104.57435800344683,True,False,4.139102005865425,40,37,0.925,1.030643105506897,166179.42733353117,True,plate_dague,,0.8604651162790697,,,plate_dague,plate_dague,False,0.8154999370282467,0.55,True,False,False,False,117.97504700371064,301.5951712133678,1877.09375,8.476368735572931,,,0,1
plate_dague/frontal/20260823T135916Z/frame_0019.jpg,20260823T135916Z,19,9.5,orb,D,magsac,magsac,False,plate_dague,plate_dague,frontal,True,False,True,False,91.10587400209624,True,False,4.145971994148567,49,45,0.9183673469387755,0.8406871557235718,105026.32147544075,True,plate_dague,,0.8823529411764706,,,plate_dague,plate_dague,False,0.818270664267277,0.55,True,False,False,False,104.79546700662468,318.00656700054463,1877.09375,9.542397477333488,,,0,1
plate_dague/main_sur_bord/20260823T135957Z/frame_0000.jpg,20260823T135957Z,0,0.0,orb,D,magsac,magsac,False,plate_dague,plate_dague,main_sur_bord,False,True,True,False,105.40327899798285,True,False,4.141583005548455,37,28,0.7567567567567568,0.9879202246665955,127575.64603725134,True,plate_dague,,0.8235294117647058,,,plate_dague,plate_dague,False,0.7968834656777144,0.55,True,False,False,False,119.80636800581124,298.330582046093,1877.09375,8.346801732204208,0.0,,0,0
plate_dague/main_sur_bord/20260823T135957Z/frame_0001.jpg,20260823T135957Z,1,0.5,orb,D,magsac,magsac,False,plate_dague,,main_sur_bord,False,True,False,True,101.4689159928821,False,True,0.0004809990059584379,0,0,0.0,,,False,,,,,,,,False,0.0,,False,False,False,True,111.57320000347681,311.28534539561986,1877.09375,8.962725815597636,,,1,1
plate_dague/main_sur_bord/20260823T135957Z/frame_0002.jpg,20260823T135957Z,2,1.0,orb,D,magsac,magsac,False,plate_dague,,main_sur_bord,False,True,False,True,94.72112799994648,False,True,0.0008520000847056508,0,0,0.0,,,False,,,,,,,,False,0.0,,False,False,False,True,104.51480299525429,314.01018859975494,1877.09375,9.568022627812896,,,2,2
plate_dague/main_sur_bord/20260823T135957Z/frame_0003.jpg,20260823T135957Z,3,1.5,orb,D,magsac,magsac,False,plate_dague,,main_sur_bord,False,True,False,True,96.85409501253162,False,True,0.0005549954948946834,0,0,0.0,,,False,,,,,,,,False,0.0,,False,False,False,True,107.05921199405566,313.0124860424786,1877.09375,9.340625448051345,,,3,3
plate_dague/main_sur_bord/20260823T135957Z/frame_0004.jpg,20260823T135957Z,4,2.0,orb,D,magsac,magsac,False,plate_dague,,main_sur_bord,False,True,False,True,98.83584101044107,False,True,0.0005740002961829305,0,0,0.0,,,False,,,,,,,,False,0.0,,False,False,False,True,108.9935319905635,311.2763838401365,1877.09375,9.174856358325727,,,4,4
plate_dague/main_sur_bord/20260823T135957Z/frame_0005.jpg,20260823T135957Z,5,2.5,orb,D,magsac,magsac,False,plate_dague,,main_sur_bord,False,True,False,True,101.22801001125481,False,True,0.0005929905455559492,0,0,0.0,,,False,,,,,,,,False,0.0,,False,False,False,True,111.76158800662961,310.0586902713452,1877.09375,8.947618030809304,,,5,5
plate_dague/main_sur_bord/20260823T135957Z/frame_0006.jpg,20260823T135957Z,6,3.0,orb,D,magsac,magsac,False,plate_dague,,main_sur_bord,False,True,False,True,100.298017001478,False,True,0.0008329952834174037,0,0,0.0,,,False,,,,,,,,False,0.0,,False,False,False,True,109.9899889959488,310.8605738769719,1877.09375,9.091736521919575,,,6,6
plate_dague/main_sur_bord/20260823T135957Z/frame_0007.jpg,20260823T135957Z,7,3.5,orb,D,magsac,magsac,False,plate_dague,,main_sur_bord,True,False,False,True,34.81550799915567,False,True,0.0006659975042566657,0,0,0.0,,,False,,,,,,,,False,0.0,,False,False,False,True,44.10148299939465,334.1416478033772,1877.09375,22.67497444504817,,,7,7
plate_dague/main_sur_bord/20260823T135957Z/frame_0008.jpg,20260823T135957Z,8,4.0,orb,D,magsac,magsac,False,plate_dague,,main_sur_bord,True,False,False,True,38.8392040040344,False,True,0.0005930050974711776,0,0,0.0,,,False,,,,,,,,False,0.0,,False,False,False,True,48.72380499728024,331.46122518371095,1877.09375,20.52384866197991,,,8,8
plate_dague/main_sur_bord/20260823T135957Z/frame_0009.jpg,20260823T135957Z,9,4.5,orb,D,magsac,magsac,False,plate_dague,,main_sur_bord,True,False,False,True,35.048914010985754,False,True,0.0007040071068331599,0,0,0.0,,,False,,,,,,,,False,0.0,,False,False,False,True,44.85307099821512,335.41899729967355,1877.09375,22.29501743681707,,,9,9
plate_dague/main_sur_bord/20260823T135957Z/frame_0010.jpg,20260823T135957Z,10,5.0,orb,D,magsac,magsac,False,plate_dague,,main_sur_bord,True,False,False,True,35.003469994990155,False,True,0.000777989043854177,0,0,0.0,,,False,,,,,,,,False,0.0,,False,False,False,True,44.4967220100807,339.68706720897814,1877.09375,22.473565575761977,,,10,10
plate_dague/main_sur_bord/20260823T135957Z/frame_0011.jpg,20260823T135957Z,11,5.5,orb,D,magsac,magsac,False,plate_dague,,main_sur_bord,True,False,False,True,35.73579899966717,False,True,0.00048200308810919523,0,0,0.0,,,False,,,,,,,,False,0.0,,False,False,False,True,45.37560499738902,335.6074855836331,1877.09375,22.038273650732403,,,11,11
plate_dague/main_sur_bord/20260823T135957Z/frame_0012.jpg,20260823T135957Z,12,6.0,orb,D,magsac,magsac,False,plate_dague,,main_sur_bord,True,False,False,True,35.51335599331651,False,True,0.0006289919838309288,0,0,0.0,,,False,,,,,,,,False,0.0,,False,False,False,True,45.13562499778345,340.1416841083472,1877.09375,22.1554481642629,,,12,12
plate_dague/main_sur_bord/20260823T135957Z/frame_0013.jpg,20260823T135957Z,13,6.5,orb,D,magsac,magsac,False,plate_dague,,main_sur_bord,True,False,False,True,38.24567099218257,False,True,0.0005550100468099117,0,0,0.0,,,False,,,,,,,,False,0.0,,False,False,False,True,48.07840099965688,334.700881589277,1877.09375,20.799360611163767,,,13,13
plate_dague/main_sur_bord/20260823T135957Z/frame_0014.jpg,20260823T135957Z,14,7.0,orb,D,magsac,magsac,False,plate_dague,,main_sur_bord,False,True,False,True,94.04744699713774,False,True,0.0010190124157816172,0,0,0.0,,,False,,,,,,,,False,0.0,,False,False,False,True,103.31458901055157,316.580199498068,1877.09375,9.67917512499488,,,14,14
plate_dague/main_sur_bord/20260823T135957Z/frame_0015.jpg,20260823T135957Z,15,7.5,orb,D,magsac,magsac,False,plate_dague,,main_sur_bord,True,False,False,True,34.045533000607975,False,True,0.0007039925549179316,0,0,0.0,,,False,,,,,,,,False,0.0,,False,False,False,True,43.82035600428935,342.8057567249339,1877.09375,22.820444450568022,,,15,15
plate_dague/main_sur_bord/20260823T135957Z/frame_0016.jpg,20260823T135957Z,16,8.0,orb,D,magsac,magsac,False,plate_dague,,main_sur_bord,False,True,False,True,92.63695699337404,False,True,0.0010920048225671053,0,0,0.0,,,False,,,,,,,,False,0.0,,False,False,False,True,102.05080101150088,317.37702378595014,1877.09375,9.799041164677408,,,16,16
plate_dague/main_sur_bord/20260823T135957Z/frame_0017.jpg,20260823T135957Z,17,8.5,orb,D,magsac,magsac,False,plate_dague,,main_sur_bord,False,True,False,True,95.15125399047974,False,True,0.0005740002961829305,0,0,0.0,,,False,,,,,,,,False,0.0,,False,False,False,True,104.63506101223174,316.45420836637743,1877.09375,9.557026013327414,,,17,17
plate_dague/main_sur_bord/20260823T135957Z/frame_0018.jpg,20260823T135957Z,18,9.0,orb,D,magsac,magsac,False,plate_dague,,main_sur_bord,True,False,False,True,36.03459299483802,False,True,0.0006119953468441963,0,0,0.0,,,False,,,,,,,,False,0.0,,False,False,False,True,45.42147500615101,340.1396475544392,1877.09375,22.01601775073529,,,18,18
plate_dague/main_sur_bord/20260823T135957Z/frame_0019.jpg,20260823T135957Z,19,9.5,orb,D,magsac,magsac,False,plate_dague,,main_sur_bord,True,False,False,True,36.94036400702316,False,True,0.000443993485532701,0,0,0.0,,,False,,,,,,,,False,0.0,,False,False,False,True,46.49287500069477,332.5280938160046,1877.09375,21.508672027381756,,,19,19
plate_dague/occlusion_angle/20260823T140102Z/frame_0000.jpg,20260823T140102Z,0,0.0,orb,D,magsac,magsac,False,plate_dague,plate_dague,occlusion_angle,False,True,True,False,104.2229719896568,True,False,4.207934995065443,40,29,0.725,0.6748343110084534,88424.73373778904,True,plate_dague,,0.8285714285714286,,,plate_dague,plate_dague,False,0.7344217895924706,0.55,True,False,False,False,118.62344900146127,299.02274633364215,1877.09375,8.430036459213738,0.0,,0,0
plate_dague/occlusion_angle/20260823T140102Z/frame_0001.jpg,20260823T140102Z,1,0.5,orb,D,magsac,magsac,False,plate_dague,plate_dague,occlusion_angle,False,True,True,False,102.45113199925981,True,False,4.178250004770234,37,33,0.8918918918918919,0.7738098502159119,90534.05256520724,True,plate_dague,,0.8461538461538461,,,plate_dague,plate_dague,False,0.7429936635483683,0.55,True,False,False,False,116.95184900599997,299.55251154832155,1877.09375,8.550527490580308,,,0,0
plate_dague/occlusion_angle/20260823T140102Z/frame_0002.jpg,20260823T140102Z,2,1.0,orb,D,magsac,magsac,False,plate_dague,plate_dague,occlusion_angle,False,True,True,False,104.43902600673027,True,False,4.17074999131728,43,30,0.6976744186046512,0.636663556098938,141987.1522767176,True,plate_dague,,0.8333333333333334,,,plate_dague,plate_dague,False,0.7790975498986299,0.55,True,False,False,False,118.70691299554892,299.81763489489794,1877.09375,8.42410921794838,,,0,0
plate_dague/occlusion_angle/20260823T140102Z/frame_0003.jpg,20260823T140102Z,3,1.5,orb,D,magsac,magsac,False,plate_dague,plate_dague,occlusion_angle,False,True,True,False,104.92219000298064,True,False,4.129565000766888,40,37,0.925,0.739249050617218,89011.27900601598,True,plate_dague,,0.8604651162790697,,,plate_dague,plate_dague,False,0.7527854349576992,0.55,True,False,False,False,119.40561101073399,300.89751893426524,1877.09375,8.37481581925078,,,0,0
plate_dague/occlusion_angle/20260823T140102Z/frame_0004.jpg,20260823T140102Z,4,2.0,orb,D,magsac,magsac,False,plate_dague,,occlusion_angle,False,True,True,False,102.96683199703693,False,True,4.193528002360836,29,27,0.9310344827586207,0.8085722327232361,295868.3454396784,True,plate_dague,,0.8181818181818182,,,,plate_dague,False,0.5154813541938883,0.55,False,False,False,True,117.20281100133434,299.91339456538304,1877.09375,8.532218565889304,,,1,1
plate_dague/occlusion_angle/20260823T140102Z/frame_0005.jpg,20260823T140102Z,5,2.5,orb,D,magsac,magsac,False,plate_dague,plate_dague,occlusion_angle,False,True,True,False,104.50135900464375,True,False,4.187490994809195,38,33,0.868421052631579,0.6606876254081726,92671.9002339195,True,plate_dague,,0.8461538461538461,,,plate_dague,plate_dague,False,0.7410187813238984,0.55,True,False,False,False,119.03466899821069,299.23491785868197,1877.09375,8.40091385489577,,,0,1
plate_dague/occlusion_angle/20260823T140102Z/frame_0006.jpg,20260823T140102Z,6,3.0,orb,D,magsac,magsac,False,plate_dague,,occlusion_angle,False,True,False,True,103.46755100181326,False,True,0.0005559995770454407,0,0,0.0,,,False,,,,,,,,False,0.0,,False,False,False,True,113.361800002167,309.0044441719071,1877.09375,8.821313705153624,,,1,1
plate_dague/occlusion_angle/20260823T140102Z/frame_0007.jpg,20260823T140102Z,7,3.5,orb,D,magsac,magsac,False,plate_dague,plate_dague,occlusion_angle,False,True,True,False,106.8593800009694,True,False,4.162805998930708,17,14,0.8235294117647058,0.7734488248825073,91666.64990160381,True,plate_dague,plate_bois,0.7,0.5384615384615384,0.16153846153846152,plate_dague,plate_dague,False,0.7355431881953434,0.55,True,False,False,False,121.17245100671425,299.44185331376787,1877.09375,8.252700937316101,,,0,1
plate_dague/occlusion_angle/20260823T140102Z/frame_0008.jpg,20260823T140102Z,8,4.0,orb,D,magsac,magsac,False,plate_dague,,occlusion_angle,False,True,False,True,103.9105660020141,False,True,0.0005370093276724219,0,0,0.0,,,False,,,,,,,,False,0.0,,False,False,False,True,113.81825999706052,309.23641251308965,1877.09375,8.785936457171513,,,1,1
plate_dague/occlusion_angle/20260823T140102Z/frame_0009.jpg,20260823T140102Z,9,4.5,orb,D,magsac,magsac,False,plate_dague,plate_dague,occlusion_angle,False,True,True,False,104.99281800002791,True,False,4.2664899956434965,18,15,0.8333333333333334,0.5771842002868652,71704.03030525078,True,plate_dague,,0.7142857142857143,,,plate_dague,plate_dague,False,0.7805288808554449,0.55,True,False,False,False,119.7503130097175,298.67475834579164,1877.09375,8.350708861352638,,,0,1
plate_dague/occlusion_angle/20260823T140102Z/frame_0010.jpg,20260823T140102Z,10,5.0,orb,D,magsac,magsac,False,plate_dague,,occlusion_angle,False,True,False,True,97.25116699701175,False,True,0.0006110058166086674,0,0,0.0,,,False,,,,,,,,False,0.0,,False,False,False,True,107.08448999503162,313.60905861848846,1877.09375,9.338420531735238,,,1,1
plate_dague/occlusion_angle/20260823T140102Z/frame_0011.jpg,20260823T140102Z,11,5.5,orb,D,magsac,magsac,False,plate_dague,,occlusion_angle,False,True,True,False,102.47435398923699,False,True,4.153008994762786,27,21,0.7777777777777778,0.8221922516822815,292065.4089687138,True,plate_dague,,0.7777777777777778,,,,plate_dague,False,0.47551687546113597,0.55,False,False,False,True,116.8756279948866,302.0687110367412,1877.09375,8.55610375880719,,,2,2
plate_dague/occlusion_angle/20260823T140102Z/frame_0012.jpg,20260823T140102Z,12,6.0,orb,D,magsac,magsac,False,plate_dague,,occlusion_angle,False,True,False,True,101.34567601198796,False,True,0.0005930050974711776,0,0,0.0,,,False,,,,,,,,False,0.0,,False,False,False,True,111.26588800107129,310.03567058821125,1877.09375,8.987480511460726,,,3,3
plate_dague/occlusion_angle/20260823T140102Z/frame_0013.jpg,20260823T140102Z,13,6.5,orb,D,magsac,magsac,False,plate_dague,plate_dague,occlusion_angle,False,True,True,False,105.48348200973123,True,False,4.1465100075583905,36,23,0.6388888888888888,0.8237669467926025,137930.14651623287,True,plate_dague,,0.7931034482758621,,,plate_dague,plate_dague,False,0.7353874674886142,0.55,True,False,False,False,119.93023799732327,299.9868065030588,1877.09375,8.338180734889553,,,0,3
plate_dague/occlusion_angle/20260823T140102Z/frame_0014.jpg,20260823T140102Z,14,7.0,orb,D,magsac,magsac,False,plate_dague,,occlusion_angle,False,True,False,True,97.70364500582218,False,True,0.0007589987944811583,0,0,0.0,,,False,,,,,,,,False,0.0,,False,False,False,True,107.56276499887463,313.111171884936,1877.09375,9.296897490599674,,,1,3
plate_dague/occlusion_angle/20260823T140102Z/frame_0015.jpg,20260823T140102Z,15,7.5,orb,D,magsac,magsac,False,plate_dague,plate_dague,occlusion_angle,False,True,True,False,102.7212960034376,True,False,4.142547011724673,30,27,0.9,0.7952720522880554,125243.06117610919,True,plate_dague,,0.8181818181818182,,,plate_dague,plate_dague,False,0.7604315570679716,0.55,True,False,False,False,117.2859590005828,300.7846028683059,1877.09375,8.526169786402402,,,0,3
plate_dague/occlusion_angle/20260823T140102Z/frame_0016.jpg,20260823T140102Z,16,8.0,orb,D,magsac,magsac,False,plate_dague,,occlusion_angle,False,True,False,True,96.35448700282723,False,True,0.0008150091161951423,0,0,0.0,,,False,,,,,,,,False,0.0,,False,False,False,True,106.28401399299037,313.2617375761497,1877.09375,9.408752665908459,,,1,3
plate_dague/occlusion_angle/20260823T140102Z/frame_0017.jpg,20260823T140102Z,17,8.5,orb,D,magsac,magsac,False,plate_dague,,occlusion_angle,False,True,False,True,99.37507900758646,False,True,0.0010189978638663888,0,0,0.0,,,False,,,,,,,,False,0.0,,False,False,False,True,109.40097400452942,310.48121288747967,1877.09375,9.14068644360148,,,2,3
plate_dague/occlusion_angle/20260823T140102Z/frame_0018.jpg,20260823T140102Z,18,9.0,orb,D,magsac,magsac,False,plate_dague,,occlusion_angle,False,True,False,True,95.66871399874799,False,True,0.0005559995770454407,0,0,0.0,,,False,,,,,,,,False,0.0,,False,False,False,True,105.82836899266113,313.69029038246896,1877.09375,9.449262135650478,,,3,3
plate_dague/occlusion_angle/20260823T140102Z/frame_0019.jpg,20260823T140102Z,19,9.5,orb,D,magsac,magsac,False,plate_dague,plate_dague,occlusion_angle,False,True,True,False,103.9712519996101,True,False,4.184730991255492,25,18,0.72,0.6123024225234985,128694.5562194928,True,plate_dague,,0.75,,,plate_dague,plate_dague,False,0.7312513941019697,0.55,True,False,False,False,118.48659899260383,300.01578408231444,1877.09375,8.439773008105515,,,0,3
plate_vampire/frontal/20260823T135229Z/frame_0000.jpg,20260823T135229Z,0,0.0,orb,D,magsac,magsac,False,plate_vampire,plate_vampire,frontal,True,False,True,False,92.58284600218758,True,False,4.193657005089335,51,49,0.9607843137254902,0.7811772227287292,180544.02988499665,True,plate_vampire,,0.8909090909090909,,,plate_vampire,plate_vampire,False,0.8270463497114502,0.55,True,False,False,False,106.91493599733803,314.3545154516271,1877.09375,9.353230123290706,0.0,,0,0
plate_vampire/frontal/20260823T135229Z/frame_0001.jpg,20260823T135229Z,1,0.5,orb,D,magsac,magsac,False,plate_vampire,plate_vampire,frontal,True,False,True,False,92.84739899158012,True,False,4.183693992672488,51,46,0.9019607843137255,0.8803026676177979,115927.21743974535,True,plate_vampire,,0.8846153846153846,,,plate_vampire,plate_vampire,False,0.8416771236342555,0.55,True,False,False,False,107.46533899509814,314.2874913516666,1877.09375,9.305325878566423,,,0,0
plate_vampire/frontal/20260823T135229Z/frame_0002.jpg,20260823T135229Z,2,1.0,orb,D,magsac,magsac,False,plate_vampire,plate_vampire,frontal,True,False,True,False,94.01298500597477,True,False,4.135213006520644,52,49,0.9423076923076923,0.8062992691993713,114509.49385888242,True,plate_vampire,,0.8909090909090909,,,plate_vampire,plate_vampire,False,0.8220430657969224,0.55,True,False,False,False,108.30749999149702,313.6242218004681,1877.09375,9.232970939948828,,,0,0
plate_vampire/frontal/20260823T135229Z/frame_0003.jpg,20260823T135229Z,3,1.5,orb,D,magsac,magsac,False,plate_vampire,plate_vampire,frontal,True,False,True,False,93.62809899903368,True,False,4.134638991672546,57,54,0.9473684210526315,0.7892496585845947,178158.74910355062,True,plate_vampire,,0.9,,,plate_vampire,plate_vampire,False,0.867525974532197,0.55,True,False,False,False,108.10420500638429,314.2130992774329,1877.09375,9.250333971198836,,,0,0
plate_vampire/frontal/20260823T135229Z/frame_0004.jpg,20260823T135229Z,4,2.0,orb,D,magsac,magsac,False,plate_vampire,plate_vampire,frontal,True,False,True,False,93.47539600275923,True,False,4.125564999412745,58,54,0.9310344827586207,0.9031414985656738,180185.8648869766,True,plate_vampire,,0.9,,,plate_vampire,plate_vampire,False,0.8730353699932931,0.55,True,False,False,False,107.75854099483695,313.62939390243076,1877.09375,9.28000686319531,,,0,0
plate_vampire/frontal/20260823T135229Z/frame_0005.jpg,20260823T135229Z,5,2.5,orb,D,magsac,magsac,False,plate_vampire,plate_vampire,frontal,True,False,True,False,93.11086099478416,True,False,4.156121009145863,58,53,0.9137931034482759,1.0490721464157104,179920.38898979878,True,plate_vampire,,0.8983050847457628,,,plate_vampire,plate_vampire,False,0.8821882146003559,0.55,True,False,False,False,107.44522900495213,313.735937948892,1877.09375,9.30706751021872,,,0,0
plate_vampire/frontal/20260823T135229Z/frame_0006.jpg,20260823T135229Z,6,3.0,orb,D,magsac,magsac,False,plate_vampire,,frontal,True,False,False,True,93.1424159934977,False,True,0.000610991264693439,0,0,0.0,,,False,,,,,,,,False,0.0,,False,False,False,True,103.13381200830918,321.96465207097623,1877.09375,9.696141163864214,,,1,1
plate_vampire/frontal/20260823T135229Z/frame_0007.jpg,20260823T135229Z,7,3.5,orb,D,magsac,magsac,False,plate_vampire,plate_vampire,frontal,False,True,True,False,106.30379199574236,True,False,4.126287996768951,24,22,0.9166666666666666,1.0194740295410156,118961.24226086706,True,plate_vampire,,0.7857142857142857,,,plate_vampire,plate_vampire,False,0.7719741749953991,0.55,True,False,False,False,121.61474500317127,297.3114271553623,1877.09375,8.222687141875138,,,0,1
plate_vampire/frontal/20260823T135229Z/frame_0008.jpg,20260823T135229Z,8,4.0,orb,D,magsac,magsac,False,plate_vampire,plate_vampire,frontal,True,False,True,False,92.09370099415537,True,False,4.0963060018839315,42,37,0.8809523809523809,0.9345918893814087,181998.72668742697,True,plate_vampire,,0.8604651162790697,,,plate_vampire,plate_vampire,False,0.8498610792525594,0.55,True,False,False,False,106.35749499488156,314.09784991263535,1877.09375,9.402252281779717,,,0,1
plate_vampire/frontal/20260823T135229Z/frame_0009.jpg,20260823T135229Z,9,4.5,orb,D,magsac,magsac,False,plate_vampire,plate_vampire,frontal,False,True,True,False,105.74896199977957,True,False,4.14765698951669,37,31,0.8378378378378378,0.7632683515548706,180004.39578551822,True,plate_vampire,,0.8378378378378378,,,plate_vampire,plate_vampire,False,0.8222732070262364,0.55,True,False,False,False,121.05867499485612,298.5339621592632,1877.09375,8.260457171222887,,,0,1
plate_vampire/frontal/20260823T135229Z/frame_0010.jpg,20260823T135229Z,10,5.0,orb,D,magsac,magsac,False,plate_vampire,plate_vampire,frontal,False,True,True,False,107.18287799682003,True,False,4.148954001720995,34,27,0.7941176470588235,0.8119251132011414,180644.0256397635,True,plate_vampire,,0.8181818181818182,,,plate_vampire,plate_vampire,False,0.8395717984847877,0.55,True,False,False,False,122.4534609937109,295.5950252958401,1877.09375,8.16636779299655,,,0,1
plate_vampire/frontal/20260823T135229Z/frame_0011.jpg,20260823T135229Z,11,5.5,orb,D,magsac,magsac,False,plate_vampire,plate_vampire,frontal,False,True,True,False,104.17062099440955,True,False,4.170694010099396,31,27,0.8709677419354839,0.8505085110664368,183243.74832146816,True,plate_vampire,,0.8181818181818182,,,plate_vampire,plate_vampire,False,0.8468126276783259,0.55,True,False,False,False,119.35607499617618,297.4539159497913,1877.09375,8.378291595396691,,,0,1
plate_vampire/frontal/20260823T135229Z/frame_0012.jpg,20260823T135229Z,12,6.0,orb,D,magsac,magsac,False,plate_vampire,plate_vampire,frontal,False,True,True,False,105.96849799912889,True,False,4.134250993956812,34,28,0.8235294117647058,0.7586534023284912,118092.46917144209,True,plate_vampire,,0.8235294117647058,,,plate_vampire,plate_vampire,False,0.7184670450282838,0.55,True,False,False,False,120.93104601080995,298.07036231847167,1877.09375,8.269175145566926,,,0,1
plate_vampire/frontal/20260823T135229Z/frame_0013.jpg,20260823T135229Z,13,6.5,orb,D,magsac,magsac,False,plate_vampire,,frontal,False,True,False,True,101.15793699515052,False,True,0.0005559995770454407,0,0,0.0,,,False,,,,,,,,False,0.0,,False,False,False,True,112.29776999971364,307.7280047508762,1877.09375,8.904896330555362,,,1,1
plate_vampire/frontal/20260823T135229Z/frame_0014.jpg,20260823T135229Z,14,7.0,orb,D,magsac,magsac,False,plate_vampire,,frontal,False,True,False,True,102.01248699740972,False,True,0.0009259965736418962,0,0,0.0,,,False,,,,,,,,False,0.0,,False,False,False,True,113.03915399184916,306.12372685056573,1877.09375,8.846492252340338,,,2,2
plate_vampire/frontal/20260823T135229Z/frame_0015.jpg,20260823T135229Z,15,7.5,orb,D,magsac,magsac,False,plate_vampire,plate_vampire,frontal,True,False,True,False,94.6865909936605,True,False,4.126935993554071,51,48,0.9411764705882353,0.6934295892715454,179977.77318058338,True,plate_vampire,,0.8888888888888888,,,plate_vampire,plate_vampire,False,0.823183421938579,0.55,True,False,False,False,109.01979199843481,312.1528712923149,1877.09375,9.172646376121842,,,0,2
plate_vampire/frontal/20260823T135229Z/frame_0016.jpg,20260823T135229Z,16,8.0,orb,D,magsac,magsac,False,plate_vampire,plate_vampire,frontal,True,False,True,False,98.45821400813293,True,False,4.078842990566045,51,50,0.9803921568627451,0.798159658908844,180145.73920195454,True,plate_vampire,plate_bougie,0.8928571428571429,0.5,0.3928571428571429,plate_vampire,plate_vampire,False,0.8497854625368727,0.55,True,False,False,False,112.60165700514335,311.0469759642532,1877.09375,8.88086398190679,,,0,2
plate_vampire/frontal/20260823T135229Z/frame_0017.jpg,20260823T135229Z,17,8.5,orb,D,magsac,magsac,False,plate_vampire,,frontal,True,False,False,True,93.16587900684681,False,True,0.0005559995770454407,0,0,0.0,,,False,,,,,,,,False,0.0,,False,False,False,True,103.45640299783554,322.8146507345059,1877.09375,9.665907290638371,,,1,2
plate_vampire/frontal/20260823T135229Z/frame_0018.jpg,20260823T135229Z,18,9.0,orb,D,magsac,magsac,False,plate_vampire,plate_vampire,frontal,False,True,True,False,106.01347900228575,True,False,4.066287991008721,25,18,0.72,0.6987712383270264,185141.94891417224,True,plate_vampire,,0.75,,,plate_vampire,plate_vampire,False,0.8449510369756186,0.55,True,False,False,False,120.89147199003492,298.3014947735324,1877.09375,8.271882073554618,,,0,2
plate_vampire/frontal/20260823T135229Z/frame_0019.jpg,20260823T135229Z,19,9.5,orb,D,magsac,magsac,False,plate_vampire,plate_vampire,frontal,False,True,True,False,108.75929400208406,True,False,4.14732399804052,43,39,0.9069767441860465,0.9337102770805359,118319.24978501385,True,plate_vampire,,0.8666666666666667,,,plate_vampire,plate_vampire,False,0.8407659438796112,0.55,True,False,False,False,124.22898699878715,295.3362647990984,1877.09375,8.04965108513493,,,0,2
plate_vampire/main_sur_bord/20260823T135336Z/frame_0000.jpg,20260823T135336Z,0,0.0,orb,D,magsac,magsac,False,plate_vampire,,main_sur_bord,False,True,False,True,97.66555299574975,False,True,0.0006659975042566657,0,0,0.0,,,False,,,,,,,,False,0.0,,False,False,False,True,108.04113199992571,311.7719888389732,1877.09375,9.255734195756924,,,1,1
plate_vampire/main_sur_bord/20260823T135336Z/frame_0001.jpg,20260823T135336Z,1,0.5,orb,D,magsac,magsac,False,plate_vampire,plate_vampire,main_sur_bord,False,True,True,False,108.16668700135779,True,False,4.1131759935524315,37,32,0.8648648648648649,0.6389099359512329,127629.46490470562,True,plate_vampire,,0.8421052631578947,,,plate_vampire,plate_vampire,False,0.8155069449753027,0.55,True,False,False,False,123.13384599110577,296.90531799549774,1877.09375,8.12124393541831,0.5,,0,1
plate_vampire/main_sur_bord/20260823T135336Z/frame_0002.jpg,20260823T135336Z,2,1.0,orb,D,magsac,magsac,False,plate_vampire,,main_sur_bord,False,True,False,True,97.17988999909721,False,True,0.0005740002961829305,0,0,0.0,,,False,,,,,,,,False,0.0,,False,False,False,True,107.80446599528659,312.04630429187773,1877.09375,9.276053554624738,,,1,1
plate_vampire/main_sur_bord/20260823T135336Z/frame_0003.jpg,20260823T135336Z,3,1.5,orb,D,magsac,magsac,False,plate_vampire,,main_sur_bord,False,True,False,True,98.04808799526654,False,True,0.000610991264693439,0,0,0.0,,,False,,,,,,,,False,0.0,,False,False,False,True,108.51370300224517,311.2142675592156,1877.09375,9.215425999970805,,,2,2
plate_vampire/main_sur_bord/20260823T135336Z/frame_0004.jpg,20260823T135336Z,4,2.0,orb,D,magsac,magsac,False,plate_vampire,,main_sur_bord,False,True,False,True,95.81888100365177,False,True,0.0009080104064196348,0,0,0.0,,,False,,,,,,,,False,0.0,,False,False,False,True,105.89394300768618,314.4308801270472,1877.09375,9.44341075227897,,,3,3
plate_vampire/main_sur_bord/20260823T135336Z/frame_0005.jpg,20260823T135336Z,5,2.5,orb,D,magsac,magsac,False,plate_vampire,plate_vampire,main_sur_bord,False,True,True,False,104.2313979996834,True,False,4.03734300925862,17,17,1.0,1.135204553604126,125431.33501986554,True,plate_vampire,,0.7391304347826086,,,plate_vampire,plate_vampire,False,0.6064412216910889,0.55,True,False,False,False,118.9877449942287,300.55303848110117,1877.09375,8.40422683906232,,,0,3
plate_vampire/main_sur_bord/20260823T135336Z/frame_0006.jpg,20260823T135336Z,6,3.0,orb,D,magsac,magsac,False,plate_vampire,,main_sur_bord,False,True,False,True,99.56805899855681,False,True,0.0005750043783336878,0,0,0.0,,,False,,,,,,,,False,0.0,,False,False,False,True,110.5501709971577,308.8644250119765,1877.09375,9.045666695763959,,,1,3
plate_vampire/main_sur_bord/20260823T135336Z/frame_0007.jpg,20260823T135336Z,7,3.5,orb,D,magsac,magsac,False,plate_vampire,,main_sur_bord,False,True,False,True,97.00553899165243,False,True,0.0005370093276724219,0,0,0.0,,,False,,,,,,,,False,0.0,,False,False,False,True,107.22052599885501,313.9709042314843,1877.09375,9.326572414042055,,,2,3
plate_vampire/main_sur_bord/20260823T135336Z/frame_0008.jpg,20260823T135336Z,8,4.0,orb,D,magsac,magsac,False,plate_vampire,,main_sur_bord,False,True,False,True,97.82864501175936,False,True,0.0007780035957694054,0,0,0.0,,,False,,,,,,,,False,0.0,,False,False,False,True,108.14185399794951,311.6608237608529,1877.09375,9.247113518314205,,,3,3
plate_vampire/main_sur_bord/20260823T135336Z/frame_0009.jpg,20260823T135336Z,9,4.5,orb,D,magsac,magsac,False,plate_vampire,plate_vampire,main_sur_bord,False,True,True,False,109.2937530047493,True,False,4.066101988428272,24,19,0.7916666666666666,1.0273213386535645,168182.71298481006,True,plate_vampire,plate_dague,0.76,0.5,0.26,plate_vampire,plate_vampire,False,0.8207351940923604,0.55,True,False,False,False,124.16870900779031,296.87276363387207,1877.09375,8.053558807132804,,,0,3
plate_vampire/main_sur_bord/20260823T135336Z/frame_0010.jpg,20260823T135336Z,10,5.0,orb,D,magsac,magsac,False,plate_vampire,,main_sur_bord,False,True,False,True,100.69479199592024,False,True,0.0005740002961829305,0,0,0.0,,,False,,,,,,,,False,0.0,,False,False,False,True,111.41210999630857,309.0173420208293,1877.09375,8.975684959499763,,,1,3
plate_vampire/main_sur_bord/20260823T135336Z/frame_0011.jpg,20260823T135336Z,11,5.5,orb,D,magsac,magsac,False,plate_vampire,,main_sur_bord,False,True,False,True,103.94249299133662,False,True,0.0006659975042566657,0,0,0.0,,,False,,,,,,,,False,0.0,,False,False,False,True,114.96821499895304,304.0632108650393,1877.09375,8.698056241102,,,2,3
plate_vampire/main_sur_bord/20260823T135336Z/frame_0012.jpg,20260823T135336Z,12,6.0,orb,D,magsac,magsac,False,plate_vampire,plate_vampire,main_sur_bord,False,True,True,False,107.621653995011,True,False,4.06017700152006,25,24,0.96,0.6510260105133057,167930.93594581043,True,plate_vampire,plate_cellule,0.8,0.5384615384615384,0.2615384615384616,plate_vampire,plate_vampire,False,0.8259752340679962,0.55,True,False,False,False,122.57799800136127,296.1154472402697,1877.09375,8.158070912439724,,,0,3
plate_vampire/main_sur_bord/20260823T135336Z/frame_0013.jpg,20260823T135336Z,13,6.5,orb,D,magsac,magsac,False,plate_vampire,plate_vampire,main_sur_bord,False,True,True,False,101.23934400326107,True,False,4.052751013659872,20,11,0.55,0.9562938213348389,105633.07741006464,True,plate_vampire,,0.6470588235294118,,,plate_vampire,plate_vampire,False,0.6328370248519839,0.55,True,False,False,False,115.89113500667736,302.49399229705773,1877.09375,8.628787697543755,,,0,3
plate_vampire/main_sur_bord/20260823T135336Z/frame_0014.jpg,20260823T135336Z,14,7.0,orb,D,magsac,magsac,False,plate_vampire,,main_sur_bord,False,True,False,True,101.83965500618797,False,True,0.0006110058166086674,0,0,0.0,,,False,,,,,,,,False,0.0,,False,False,False,True,112.73552700004075,308.16021111055056,1877.09375,8.870318227187056,,,1,3
plate_vampire/main_sur_bord/20260823T135336Z/frame_0015.jpg,20260823T135336Z,15,7.5,orb,D,magsac,magsac,False,plate_vampire,,main_sur_bord,False,True,False,True,98.76971199992113,False,True,0.0006659975042566657,0,0,0.0,,,False,,,,,,,,False,0.0,,False,False,False,True,109.70721300691366,308.90350480309274,1877.09375,9.115170940829394,,,2,3
plate_vampire/main_sur_bord/20260823T135336Z/frame_0016.jpg,20260823T135336Z,16,8.0,orb,D,magsac,magsac,False,plate_vampire,,main_sur_bord,False,True,False,True,102.36861399607733,False,True,0.0005559995770454407,0,0,0.0,,,False,,,,,,,,False,0.0,,False,False,False,True,113.29746700357646,306.0086859568261,1877.09375,8.826322657049632,,,3,3
plate_vampire/main_sur_bord/20260823T135336Z/frame_0017.jpg,20260823T135336Z,17,8.5,orb,D,magsac,magsac,False,plate_vampire,,main_sur_bord,False,True,False,True,96.00339698954485,False,True,0.0007030030246824026,0,0,0.0,,,False,,,,,,,,False,0.0,,False,False,False,True,106.69606699957512,311.1860655569829,1877.09375,9.372416698396036,,,4,4
plate_vampire/main_sur_bord/20260823T135336Z/frame_0018.jpg,20260823T135336Z,18,9.0,orb,D,magsac,magsac,False,plate_vampire,plate_vampire,main_sur_bord,False,True,True,False,108.68903499795124,True,False,4.062824998982251,29,23,0.7931034482758621,0.8947124481201172,323020.7095427762,True,plate_vampire,plate_bois,0.7931034482758621,0.5,0.2931034482758621,plate_vampire,plate_vampire,False,0.6187913653945807,0.55,True,False,False,False,123.36638200213201,297.2665908232139,1877.09375,8.105936023824691,,,0,4
plate_vampire/main_sur_bord/20260823T135336Z/frame_0019.jpg,20260823T135336Z,19,9.5,orb,D,magsac,magsac,False,plate_vampire,plate_vampire,main_sur_bord,False,True,True,False,108.88666300161276,True,False,4.154731999733485,52,44,0.8461538461538461,0.7219719886779785,325607.78949951683,True,plate_vampire,,0.88,,,plate_vampire,plate_vampire,False,0.6231660333317897,0.55,True,False,False,False,124.01780400250573,296.77909713061325,1877.09375,8.063358386669993,,,0,4
plate_vampire/occlusion_angle/20260823T135419Z/frame_0000.jpg,20260823T135419Z,0,0.0,orb,D,magsac,magsac,False,plate_vampire,,occlusion_angle,False,True,True,False,104.62250601267442,False,True,4.076584009453654,18,15,0.8333333333333334,0.9264715909957886,399870.6775781235,True,plate_vampire,,0.7142857142857143,,,,plate_vampire,False,0.4521968636199941,0.55,False,False,False,True,119.79451699880883,298.44994575462465,1877.09375,8.347627462865796,,,1,1
plate_vampire/occlusion_angle/20260823T135419Z/frame_0001.jpg,20260823T135419Z,1,0.5,orb,D,magsac,magsac,False,plate_vampire,plate_vampire,occlusion_angle,False,True,True,False,107.30856300506275,True,False,4.054381002788432,31,25,0.8064516129032258,0.8298013806343079,132987.76819268023,True,plate_vampire,plate_bois,0.8064516129032258,0.5,0.30645161290322576,plate_vampire,plate_vampire,False,0.7747788465630111,0.55,True,False,False,False,122.43899999884889,297.2720464911711,1877.09375,8.167332304326248,0.5,,0,1
plate_vampire/occlusion_angle/20260823T135419Z/frame_0002.jpg,20260823T135419Z,2,1.0,orb,D,magsac,magsac,False,plate_vampire,,occlusion_angle,False,True,True,False,102.49370599922258,False,True,4.093213006854057,22,20,0.9090909090909091,1.5848476886749268,412676.6009054302,True,plate_vampire,,0.7692307692307693,,,,plate_vampire,False,0.5158984493371677,0.55,False,False,False,True,117.51923599513248,300.42741599723735,1877.09375,8.509245244254473,,,1,1
plate_vampire/occlusion_angle/20260823T135419Z/frame_0003.jpg,20260823T135419Z,3,1.5,orb,D,magsac,magsac,False,plate_vampire,plate_vampire,occlusion_angle,False,True,True,False,105.97316500206944,True,False,4.051121009979397,34,25,0.7352941176470589,1.2113310098648071,134867.51405331353,True,plate_vampire,,0.8064516129032258,,,plate_vampire,plate_vampire,False,0.7601826759102805,0.55,True,False,False,False,121.24072900041938,297.8884925698653,1877.09375,8.248053341848026,,,0,1
plate_vampire/occlusion_angle/20260823T135419Z/frame_0004.jpg,20260823T135419Z,4,2.0,orb,D,magsac,magsac,False,plate_vampire,,occlusion_angle,False,True,True,False,106.38192101032473,False,True,4.050214003655128,37,23,0.6216216216216216,1.09130859375,411227.2181405194,True,plate_vampire,,0.7931034482758621,,,,plate_vampire,False,0.453161935766587,0.55,False,False,False,True,121.3459690043237,298.45032016439615,1877.09375,8.240900033229524,,,1,1
plate_vampire/occlusion_angle/20260823T135419Z/frame_0005.jpg,20260823T135419Z,5,2.5,orb,D,magsac,magsac,False,plate_vampire,,occlusion_angle,False,True,True,False,103.37740399700124,False,True,4.121213001781143,30,28,0.9333333333333333,1.2398611307144165,405047.92676714505,True,plate_vampire,,0.8235294117647058,,,,plate_vampire,False,0.527128515710011,0.55,False,False,False,True,118.46571099886205,299.45539431497576,1877.09375,8.441261117401353,,,2,2
plate_vampire/occlusion_angle/20260823T135419Z/frame_0006.jpg,20260823T135419Z,6,3.0,orb,D,magsac,magsac,False,plate_vampire,plate_vampire,occlusion_angle,False,True,True,False,106.17584799183533,True,False,4.048047005198896,40,33,0.825,0.7128366231918335,128202.50105016718,True,plate_vampire,,0.8461538461538461,,,plate_vampire,plate_vampire,False,0.7974945994925335,0.55,True,False,False,False,121.27780300215818,298.50435037455486,1877.09375,8.245531954286843,,,0,2
plate_vampire/occlusion_angle/20260823T135419Z/frame_0007.jpg,20260823T135419Z,7,3.5,orb,D,magsac,magsac,False,plate_vampire,plate_vampire,occlusion_angle,False,True,True,False,108.03759499685839,True,False,4.1216389945475385,35,27,0.7714285714285715,0.9811597466468811,183776.44651900325,True,plate_vampire,,0.8181818181818182,,,plate_vampire,plate_vampire,False,0.7556959249461163,0.55,True,False,False,False,123.31436399836093,297.4059339956807,1877.09375,8.109355370906279,,,0,2
plate_vampire/occlusion_angle/20260823T135419Z/frame_0008.jpg,20260823T135419Z,8,4.0,orb,D,magsac,magsac,False,plate_vampire,plate_vampire,occlusion_angle,False,True,True,False,106.8707880040165,True,False,4.119231991353445,36,35,0.9722222222222222,0.8237274885177612,123605.55043109634,True,plate_vampire,,0.8536585365853658,,,plate_vampire,plate_vampire,False,0.8243156566445631,0.55,True,False,False,False,121.99831800535321,296.66683436081655,1877.09375,8.196834319929891,,,0,2
plate_vampire/occlusion_angle/20260823T135419Z/frame_0009.jpg,20260823T135419Z,9,4.5,orb,D,magsac,magsac,False,plate_vampire,,occlusion_angle,False,True,False,True,98.4395669947844,False,True,0.0006110058166086674,0,0,0.0,,,False,,,,,,,,False,0.0,,False,False,False,True,109.3201420007972,311.1121489373398,1877.09375,9.147445124913098,,,1,2
plate_vampire/occlusion_angle/20260823T135419Z/frame_0010.jpg,20260823T135419Z,10,5.0,orb,D,magsac,magsac,False,plate_vampire,plate_vampire,occlusion_angle,False,True,True,False,106.09203400963452,True,False,4.144991005887277,35,25,0.7142857142857143,0.9232932925224304,183094.50611226825,True,plate_vampire,,0.8064516129032258,,,plate_vampire,plate_vampire,False,0.7220492869362533,0.55,True,False,False,False,121.35896999097895,297.9103407243499,1877.09375,8.240017199176407,,,0,2
plate_vampire/occlusion_angle/20260823T135419Z/frame_0011.jpg,20260823T135419Z,11,5.5,orb,D,magsac,magsac,False,plate_vampire,plate_vampire,occlusion_angle,False,True,True,False,103.98349299794063,True,False,4.14125100360252,18,12,0.6666666666666666,0.6781793832778931,188276.56396544713,True,plate_vampire,,0.6666666666666666,,,plate_vampire,plate_vampire,False,0.5875383594584267,0.55,True,False,False,False,119.0376509912312,298.8460466396072,1877.09375,8.400703404956001,,,0,2
plate_vampire/occlusion_angle/20260823T135419Z/frame_0012.jpg,20260823T135419Z,12,6.0,orb,D,magsac,magsac,False,plate_vampire,,occlusion_angle,False,True,True,False,105.63735199684743,False,True,4.156416995101608,12,6,0.5,0.16524091362953186,5840.578821761999,True,plate_vampire,,0.5,,,,plate_vampire,False,0.18326244200999928,0.55,False,False,False,True,120.55871500342619,298.2536442840654,1877.09375,8.294713492687615,,,1,2
plate_vampire/occlusion_angle/20260823T135419Z/frame_0013.jpg,20260823T135419Z,13,6.5,orb,D,magsac,magsac,False,plate_vampire,plate_vampire,occlusion_angle,False,True,True,False,105.94044299796224,True,False,4.126640007598326,37,29,0.7837837837837838,0.9212130308151245,179198.20222473855,True,plate_vampire,,0.8285714285714286,,,plate_vampire,plate_vampire,False,0.6855621626755967,0.55,True,False,False,False,121.4053209987469,298.14946332018997,1877.09375,8.236871265389773,,,0,2
plate_vampire/occlusion_angle/20260823T135419Z/frame_0014.jpg,20260823T135419Z,14,7.0,orb,D,magsac,magsac,False,plate_vampire,,occlusion_angle,False,True,True,False,103.12820199760608,False,True,4.176454007392749,20,20,1.0,1.867483139038086,373561.9465291593,True,plate_vampire,,0.7692307692307693,,,,plate_vampire,False,0.5117157475274461,0.55,False,False,False,True,118.38272999739274,297.8419419858961,1877.09375,8.447178064081003,,,1,2
plate_vampire/occlusion_angle/20260823T135419Z/frame_0015.jpg,20260823T135419Z,15,7.5,orb,D,magsac,magsac,False,plate_vampire,,occlusion_angle,False,True,True,False,107.20895200211089,False,True,4.166990998783149,24,19,0.7916666666666666,1.2269796133041382,365763.25819708756,True,plate_vampire,,0.76,,,,plate_vampire,False,0.4963249987100006,0.55,False,False,False,True,122.56212800275534,297.03968014665196,1877.09375,8.159127263011612,,,2,2
plate_vampire/occlusion_angle/20260823T135419Z/frame_0016.jpg,20260823T135419Z,16,8.0,orb,D,magsac,magsac,False,plate_vampire,,occlusion_angle,False,True,False,True,102.24004100018647,False,True,0.0005549954948946834,0,0,0.0,,,False,,,,,,,,False,0.0,,False,False,False,True,112.9035810008645,309.6705701453709,1877.09375,8.85711499259127,,,3,3
plate_vampire/occlusion_angle/20260823T135419Z/frame_0017.jpg,20260823T135419Z,17,8.5,orb,D,magsac,magsac,False,plate_vampire,,occlusion_angle,False,True,False,True,95.79971400671639,False,True,0.0007589987944811583,0,0,0.0,,,False,,,,,,,,False,0.0,,False,False,False,True,106.60134600766469,311.9140118327571,1877.09375,9.38074459142476,,,4,4
plate_vampire/occlusion_angle/20260823T135419Z/frame_0018.jpg,20260823T135419Z,18,9.0,orb,D,magsac,magsac,False,plate_vampire,,occlusion_angle,False,True,True,False,103.27853499620687,False,True,4.135416995268315,14,10,0.7142857142857143,0.8238294124603271,105944.51651010523,True,plate_vampire,,0.625,,,,plate_vampire,False,0.547772199863334,0.55,False,False,False,True,118.40324899822008,299.4909996137162,1877.09375,8.445714188257053,,,5,5
plate_vampire/occlusion_angle/20260823T135419Z/frame_0019.jpg,20260823T135419Z,19,9.5,orb,D,magsac,magsac,False,plate_vampire,,occlusion_angle,False,True,False,True,98.52947399485856,False,True,0.0005740002961829305,0,0,0.0,,,False,,,,,,,,False,0.0,,False,False,False,True,109.29890201077797,310.21637341505397,1877.09375,9.149222742433313,,,6,6
negatives/aucune_plaque/20260823T132011Z/frame_0000.jpg,20260823T132011Z,0,0.0,akaze,E,magsac,magsac,False,,,aucune_plaque,False,True,False,True,1600.6665059976513,False,True,0.0009630020940676332,0,0,0.0,,,False,,,,,,,,False,0.0,,False,True,False,False,1610.3329969919287,364.8066686190769,1963.65625,0.6209895728821188,,,0,0
negatives/aucune_plaque/20260823T132011Z/frame_0001.jpg,20260823T132011Z,1,0.5,akaze,E,magsac,magsac,False,,,aucune_plaque,False,True,False,True,1620.517376009957,False,True,0.0007589987944811583,0,0,0.0,,,False,,,,,,,,False,0.0,,False,True,False,False,1630.2284039993538,366.0364682250104,1963.65625,0.6134109782081778,,,0,0
negatives/aucune_plaque/20260823T132011Z/frame_0002.jpg,20260823T132011Z,2,1.0,akaze,E,magsac,magsac,False,,,aucune_plaque,False,True,False,True,1631.0570119967451,False,True,0.0008700008038431406,0,0,0.0,,,False,,,,,,,,False,0.0,,False,True,False,False,1640.7693369983463,366.41745499697066,1963.65625,0.6094701902641712,,,0,0
negatives/aucune_plaque/20260823T132011Z/frame_0003.jpg,20260823T132011Z,3,1.5,akaze,E,magsac,magsac,False,,,aucune_plaque,False,True,False,True,1591.9385529996362,False,True,0.001148000592365861,0,0,0.0,,,False,,,,,,,,False,0.0,,False,True,False,False,1601.525229998515,365.01301375097796,1963.65625,0.6244047744417535,,,0,0
negatives/aucune_plaque/20260823T132011Z/frame_0004.jpg,20260823T132011Z,4,2.0,akaze,E,magsac,magsac,False,,,aucune_plaque,False,True,False,True,1579.1445470094914,False,True,0.0008520000847056508,0,0,0.0,,,False,,,,,,,,False,0.0,,False,True,False,False,1588.8347599975532,364.90902490131145,1963.65625,0.6293920709549053,,,0,0
negatives/aucune_plaque/20260823T132011Z/frame_0005.jpg,20260823T132011Z,5,2.5,akaze,E,magsac,magsac,False,,,aucune_plaque,False,True,True,False,1608.6756870063255,False,True,4.259341993019916,80,7,0.0875,0.0015322741819545627,5142.313345515024,True,plate_vampire,,0.5384615384615384,,,,plate_vampire,False,0.009399240964303474,0.55,False,True,False,False,1622.7623899903847,364.729057593878,1963.65625,0.6162331627650831,,,0,0
negatives/aucune_plaque/20260823T132011Z/frame_0006.jpg,20260823T132011Z,6,3.0,akaze,E,magsac,magsac,False,,,aucune_plaque,False,True,False,True,1575.210948009044,False,True,0.0009259965736418962,0,0,0.0,,,False,,,,,,,,False,0.0,,False,True,False,False,1584.7369410039391,364.73906472693096,1963.65625,0.631019555438958,,,0,0
negatives/aucune_plaque/20260823T132011Z/frame_0007.jpg,20260823T132011Z,7,3.5,akaze,E,magsac,magsac,False,,,aucune_plaque,False,True,False,True,1613.0218670004979,False,True,0.0008889910532161593,0,0,0.0,,,False,,,,,,,,False,0.0,,False,True,False,False,1622.6538209884893,365.65573613143425,1963.65625,0.6162743938758418,,,0,0
negatives/aucune_plaque/20260823T132011Z/frame_0008.jpg,20260823T132011Z,8,4.0,akaze,E,magsac,magsac,False,,,aucune_plaque,False,True,False,True,1598.195245009265,False,True,0.0008890056051313877,0,0,0.0,,,False,,,,,,,,False,0.0,,False,True,False,False,1607.6905889931368,365.4696345942936,1963.65625,0.6220102343363714,,,0,0
negatives/aucune_plaque/20260823T132011Z/frame_0009.jpg,20260823T132011Z,9,4.5,akaze,E,magsac,magsac,False,,,aucune_plaque,False,True,False,True,1566.8821029976243,False,True,0.000943997292779386,0,0,0.0,,,False,,,,,,,,False,0.0,,False,True,False,False,1576.525002004928,364.89962218701334,1963.65625,0.6343064643619741,,,0,0
negatives/aucune_plaque/20260823T132011Z/frame_0010.jpg,20260823T132011Z,10,5.0,akaze,E,magsac,magsac,False,,,aucune_plaque,False,True,False,True,1556.6811349999625,False,True,0.0007959897629916668,0,0,0.0,,,False,,,,,,,,False,0.0,,False,True,False,False,1566.2163319939282,364.7319780357145,1963.65625,0.6384814023276809,,,0,0
negatives/aucune_plaque/20260823T132011Z/frame_0011.jpg,20260823T132011Z,11,5.5,akaze,E,magsac,magsac,False,,,aucune_plaque,True,False,False,True,2.626834000693634,False,True,0.002148008206859231,0,0,0.0,,,False,,,,,,,,False,0.0,,False,True,False,False,12.547880003694445,248.08721465952993,1963.65625,79.69473725486475,,,0,0
negatives/aucune_plaque/20260823T132011Z/frame_0012.jpg,20260823T132011Z,12,6.0,akaze,E,magsac,magsac,False,,,aucune_plaque,True,False,False,True,2.597501006675884,False,True,0.002297005266882479,0,0,0.0,,,False,,,,,,,,False,0.0,,False,True,False,False,12.515936003183015,248.51562034268534,1963.65625,79.89813943964583,,,0,0
negatives/aucune_plaque/20260823T132011Z/frame_0013.jpg,20260823T132011Z,13,6.5,akaze,E,magsac,magsac,False,,,aucune_plaque,False,True,True,False,1531.4594350056723,False,True,4.213416003040038,64,7,0.109375,0.0011254326673224568,1258.104392213747,True,plate_vampire,,0.5384615384615384,,,,plate_vampire,False,0.01592949302180285,0.55,False,True,False,False,1545.183898997493,363.10467327806396,1963.65625,0.647172159021845,,,0,0
negatives/aucune_plaque/20260823T132011Z/frame_0014.jpg,20260823T132011Z,14,7.0,akaze,E,magsac,magsac,False,,,aucune_plaque,False,True,True,False,1578.8657160010189,False,True,4.280972003471106,48,6,0.125,0.08198990672826767,1869.9604353019968,True,plate_chaudron,,0.5,,,,plate_chaudron,False,0.06996410805145221,0.55,False,True,False,False,1592.4834400066175,364.3070336088454,1963.65625,0.6279500149752544,,,0,0
negatives/aucune_plaque/20260823T132011Z/frame_0015.jpg,20260823T132011Z,15,7.5,akaze,E,magsac,magsac,False,,,aucune_plaque,False,True,False,True,1534.7501399955945,False,True,0.0009069917723536491,0,0,0.0,,,False,,,,,,,,False,0.0,,False,True,False,False,1544.0843929973198,363.7688963422944,1963.65625,0.6476329950196807,,,0,0
negatives/aucune_plaque/20260823T132011Z/frame_0016.jpg,20260823T132011Z,16,8.0,akaze,E,magsac,magsac,False,,,aucune_plaque,False,True,False,True,1529.1763080022065,False,True,0.00100000761449337,0,0,0.0,,,False,,,,,,,,False,0.0,,False,True,False,False,1538.6803010042058,363.8552577391082,1963.65625,0.6499075859665968,,,0,0
negatives/aucune_plaque/20260823T132011Z/frame_0017.jpg,20260823T132011Z,17,8.5,akaze,E,magsac,magsac,False,,,aucune_plaque,False,True,False,True,1540.0252010003896,False,True,0.0009440118446946144,0,0,0.0,,,False,,,,,,,,False,0.0,,False,True,False,False,1549.4001759943785,364.2557107867758,1963.65625,0.6454110535764055,,,0,0
negatives/aucune_plaque/20260823T132011Z/frame_0018.jpg,20260823T132011Z,18,9.0,akaze,E,magsac,magsac,False,,,aucune_plaque,False,True,True,False,1538.3476040005917,False,True,6.914249999681488,82,8,0.0975609756097561,0.11834767460823059,836.512889157515,True,plate_bois,,0.5714285714285714,,,,plate_bois,False,0.04329159024465266,0.55,False,True,False,False,1554.7998459951486,362.95240467998826,1963.65625,0.6431696031973496,,,0,0
negatives/aucune_plaque/20260823T132011Z/frame_0019.jpg,20260823T132011Z,19,9.5,akaze,E,magsac,magsac,False,,,aucune_plaque,False,True,True,False,1546.9107890094165,False,True,6.973712996114045,95,8,0.08421052631578947,0.021229390054941177,1341.9073611260392,True,plate_bois,,0.5714285714285714,,,,plate_bois,False,0.09699312118230363,0.55,False,True,False,False,1563.5145319974981,363.05343409554996,1963.65625,0.6395847173370565,,,0,0
plate_bougie/frontal/20260823T135503Z/frame_0000.jpg,20260823T135503Z,0,0.0,akaze,E,magsac,magsac,False,plate_bougie,plate_bougie,frontal,False,True,True,False,2386.2692440015962,True,False,4.265545998350717,173,80,0.4624277456647399,1.074865698814392,255934.29218589538,True,plate_bougie,,0.9302325581395349,,,plate_bougie,plate_bougie,False,0.5965229905887318,0.55,True,False,False,False,2400.794647008297,375.25600489098696,1963.65625,0.4165287527803056,0.0,,0,0
plate_bougie/frontal/20260823T135503Z/frame_0001.jpg,20260823T135503Z,1,0.5,akaze,E,magsac,magsac,False,plate_bougie,,frontal,True,False,False,True,855.8851030102232,False,True,0.0010740041034296155,0,0,0.0,,,False,,,,,,,,False,0.0,,False,False,False,True,865.9629799949471,349.9190692906776,1963.65625,1.1547837760984137,,,1,1
plate_bougie/frontal/20260823T135503Z/frame_0002.jpg,20260823T135503Z,2,1.0,akaze,E,magsac,magsac,False,plate_bougie,,frontal,True,False,False,True,858.1988100049784,False,True,0.00100000761449337,0,0,0.0,,,False,,,,,,,,False,0.0,,False,False,False,True,868.3461689943215,349.1459337594824,1963.65625,1.1516144548183518,,,2,2
plate_bougie/frontal/20260823T135503Z/frame_0003.jpg,20260823T135503Z,3,1.5,akaze,E,magsac,magsac,False,plate_bougie,,frontal,True,False,False,True,834.4092830084264,False,True,0.000943997292779386,0,0,0.0,,,False,,,,,,,,False,0.0,,False,False,False,True,844.6211789996596,347.40406231287517,1963.65625,1.1839627336652458,,,3,3
plate_bougie/frontal/20260823T135503Z/frame_0004.jpg,20260823T135503Z,4,2.0,akaze,E,magsac,magsac,False,plate_bougie,plate_bougie,frontal,False,True,True,False,2382.258058991283,True,False,4.241804999765009,173,83,0.4797687861271676,1.0066227912902832,249687.5810988922,True,plate_bougie,,0.9325842696629213,,,plate_bougie,plate_bougie,False,0.5994263078640598,0.55,True,False,False,False,2396.2507249962073,375.1482853704448,1963.65625,0.41731860091626377,,,0,3
plate_bougie/frontal/20260823T135503Z/frame_0005.jpg,20260823T135503Z,5,2.5,akaze,E,magsac,magsac,False,plate_bougie,plate_bougie,frontal,False,True,True,False,2347.6880509988405,True,False,4.274694001651369,186,89,0.478494623655914,1.1448843479156494,249427.718595376,True,plate_bougie,,0.9368421052631579,,,plate_bougie,plate_bougie,False,0.6242126446975316,0.55,True,False,False,False,2362.4759899976198,375.4777088764867,1963.65625,0.4232847251078338,,,0,3
plate_bougie/frontal/20260823T135503Z/frame_0006.jpg,20260823T135503Z,6,3.0,akaze,E,magsac,magsac,False,plate_bougie,,frontal,True,False,False,True,853.9104730007239,False,True,0.0008700008038431406,0,0,0.0,,,False,,,,,,,,False,0.0,,False,False,False,True,863.8931099994807,349.613014739938,1963.65625,1.157550614103869,,,1,3
plate_bougie/frontal/20260823T135503Z/frame_0007.jpg,20260823T135503Z,7,3.5,akaze,E,magsac,magsac,False,plate_bougie,,frontal,True,False,False,True,898.3721060067182,False,True,0.0008890056051313877,0,0,0.0,,,False,,,,,,,,False,0.0,,False,False,False,True,908.5428719990887,351.82761601185655,1963.65625,1.1006635248809735,,,2,3
plate_bougie/frontal/20260823T135503Z/frame_0008.jpg,20260823T135503Z,8,4.0,akaze,E,magsac,magsac,False,plate_bougie,,frontal,True,False,False,True,838.8965919875773,False,True,0.0009079958545044065,0,0,0.0,,,False,,,,,,,,False,0.0,,False,False,False,True,849.0292839996982,347.8555557102386,1963.65625,1.1778156759082474,,,3,3
plate_bougie/frontal/20260823T135503Z/frame_0009.jpg,20260823T135503Z,9,4.5,akaze,E,magsac,magsac,False,plate_bougie,,frontal,True,False,False,True,826.4410270057851,False,True,0.0008520000847056508,0,0,0.0,,,False,,,,,,,,False,0.0,,False,False,False,True,836.556163005298,347.38224527087687,1963.65625,1.1953770042259158,,,4,4
plate_bougie/frontal/20260823T135503Z/frame_0010.jpg,20260823T135503Z,10,5.0,akaze,E,magsac,magsac,False,plate_bougie,plate_bougie,frontal,False,True,True,False,2349.1039790096693,True,False,4.280359993572347,173,90,0.5202312138728323,1.1606545448303223,245421.51844192483,True,plate_bougie,,0.9375,,,plate_bougie,plate_bougie,False,0.6187040169665066,0.55,True,False,False,False,2363.863122998737,375.17986704532206,1963.65625,0.42303633838638904,,,0,4
plate_bougie/frontal/20260823T135503Z/frame_0011.jpg,20260823T135503Z,11,5.5,akaze,E,magsac,magsac,False,plate_bougie,,frontal,True,False,False,True,813.0591539957095,False,True,0.0007589987944811583,0,0,0.0,,,False,,,,,,,,False,0.0,,False,False,False,True,823.0274959933013,346.85932473669857,1963.65625,1.2150262352937709,,,1,4
plate_bougie/frontal/20260823T135503Z/frame_0012.jpg,20260823T135503Z,12,6.0,akaze,E,magsac,magsac,False,plate_bougie,,frontal,True,False,False,True,874.5144159911433,False,True,0.0009999930625781417,0,0,0.0,,,False,,,,,,,,False,0.0,,False,False,False,True,884.5162200013874,348.9297452334761,1963.65625,1.130561517569945,,,2,4
plate_bougie/frontal/20260823T135503Z/frame_0013.jpg,20260823T135503Z,13,6.5,akaze,E,magsac,magsac,False,plate_bougie,,frontal,True,False,False,True,843.2222900009947,False,True,0.0007409980753436685,0,0,0.0,,,False,,,,,,,,False,0.0,,False,False,False,True,853.1855379987974,349.65386333172364,1963.65625,1.1720780011643956,,,3,4
plate_bougie/frontal/20260823T135503Z/frame_0014.jpg,20260823T135503Z,14,7.0,akaze,E,magsac,magsac,False,plate_bougie,plate_bougie,frontal,False,True,True,False,2355.1462449977407,True,False,4.121935009607114,153,80,0.5228758169934641,0.9922291040420532,244768.38531113695,True,plate_bougie,,0.9302325581395349,,,plate_bougie,plate_bougie,False,0.5894526972853406,0.55,True,False,False,False,2369.7715750022326,375.40314319077004,1963.65625,0.4219815996396437,,,0,4
plate_bougie/frontal/20260823T135503Z/frame_0015.jpg,20260823T135503Z,15,7.5,akaze,E,magsac,magsac,False,plate_bougie,,frontal,True,False,False,True,858.763579002698,False,True,0.0010189978638663888,0,0,0.0,,,False,,,,,,,,False,0.0,,False,False,False,True,868.9098260074388,350.0037266207192,1963.65625,1.1508674088713078,,,1,4
plate_bougie/frontal/20260823T135503Z/frame_0016.jpg,20260823T135503Z,16,8.0,akaze,E,magsac,magsac,False,plate_bougie,,frontal,True,False,False,True,846.1652549885912,False,True,0.0012410018825903535,0,0,0.0,,,False,,,,,,,,False,0.0,,False,False,False,True,856.151004001731,349.1423428844114,1963.65625,1.168018253001988,,,2,4
plate_bougie/frontal/20260823T135503Z/frame_0017.jpg,20260823T135503Z,17,8.5,akaze,E,magsac,magsac,False,plate_bougie,,frontal,True,False,False,True,825.7823160092812,False,True,0.000833999365568161,0,0,0.0,,,False,,,,,,,,False,0.0,,False,False,False,True,835.8475449931575,348.8985691791296,1963.65625,1.1963904254910342,,,3,4
plate_bougie/frontal/20260823T135503Z/frame_0018.jpg,20260823T135503Z,18,9.0,akaze,E,magsac,magsac,False,plate_bougie,,frontal,True,False,False,True,864.5461160049308,False,True,0.0006660120561718941,0,0,0.0,,,False,,,,,,,,False,0.0,,False,False,False,True,874.535476003075,350.84426054650186,1963.65625,1.1434641903497622,,,4,4
plate_bougie/frontal/20260823T135503Z/frame_0019.jpg,20260823T135503Z,19,9.5,akaze,E,magsac,magsac,False,plate_bougie,,frontal,True,False,False,True,868.4732580004493,False,True,0.000943997292779386,0,0,0.0,,,False,,,,,,,,False,0.0,,False,False,False,True,878.5658950073412,350.49758686278585,1963.65625,1.1382185510304201,,,5,5
plate_bougie/main_sur_bord/20260823T135543Z/frame_0000.jpg,20260823T135543Z,0,0.0,akaze,E,magsac,magsac,False,plate_bougie,,main_sur_bord,False,True,True,False,2311.6657490027137,False,True,4.114712995942682,151,73,0.48344370860927155,0.8798307776451111,320826.40852710156,True,plate_bougie,,0.9240506329113924,,,,plate_bougie,False,0.520491200445626,0.55,False,False,False,True,2326.3294310017955,375.0905090962285,1963.65625,0.42986173268218786,,,1,1
plate_bougie/main_sur_bord/20260823T135543Z/frame_0001.jpg,20260823T135543Z,1,0.5,akaze,E,magsac,magsac,False,plate_bougie,,main_sur_bord,False,True,True,False,2299.5807039987994,False,True,4.280193999875337,170,71,0.4176470588235294,1.0679395198822021,320232.2489408272,True,plate_bougie,,0.922077922077922,,,,plate_bougie,False,0.5070129308048071,0.55,False,False,False,True,2314.2343850049656,374.88876114772654,1963.65625,0.4321083493009522,,,2,2
plate_bougie/main_sur_bord/20260823T135543Z/frame_0002.jpg,20260823T135543Z,2,1.0,akaze,E,magsac,magsac,False,plate_bougie,,main_sur_bord,False,True,True,False,2353.011671002605,False,True,4.30706400948111,167,74,0.4431137724550898,0.8545593023300171,320723.85805653455,True,plate_bougie,,0.925,,,,plate_bougie,False,0.5245828262777569,0.55,False,False,False,True,2367.793036013609,375.2472115957707,1963.65625,0.42233420944745637,,,3,3
plate_bougie/main_sur_bord/20260823T135543Z/frame_0003.jpg,20260823T135543Z,3,1.5,akaze,E,magsac,magsac,False,plate_bougie,,main_sur_bord,False,True,True,False,2317.9363700037356,False,True,4.116434996831231,165,76,0.46060606060606063,1.2466241121292114,326104.3183205231,True,plate_bougie,,0.926829268292683,,,,plate_bougie,False,0.4881460055712874,0.55,False,False,False,True,2332.4659409991,375.1565087484994,1963.65625,0.42873080477722003,,,4,4
plate_bougie/main_sur_bord/20260823T135543Z/frame_0004.jpg,20260823T135543Z,4,2.0,akaze,E,magsac,magsac,False,plate_bougie,,main_sur_bord,False,True,True,False,2291.1029029928613,False,True,6.82006600254681,45,8,0.17777777777777778,0.8981938362121582,2884.150058024312,True,plate_bois,,0.5714285714285714,,,,plate_bois,False,0.13497288001799534,0.55,False,False,False,True,2308.3527520066127,374.5042942628618,1963.65625,0.43320935205016503,,,5,5
plate_bougie/main_sur_bord/20260823T135543Z/frame_0005.jpg,20260823T135543Z,5,2.5,akaze,E,magsac,magsac,False,plate_bougie,,main_sur_bord,False,True,False,True,2317.550121995737,False,True,0.0010179937817156315,0,0,0.0,,,False,,,,,,,,False,0.0,,False,False,False,True,2328.0803300003754,375.5604099364856,1963.65625,0.42953844294532517,,,6,6
plate_bougie/main_sur_bord/20260823T135543Z/frame_0006.jpg,20260823T135543Z,6,3.0,akaze,E,magsac,magsac,False,plate_bougie,,main_sur_bord,False,True,False,True,2382.0770530001028,False,True,0.0014069955796003342,0,0,0.0,,,False,,,,,,,,False,0.0,,False,False,False,True,2392.5241520046256,373.0703041606349,1963.65625,0.41796861242221084,,,7,7
plate_bougie/main_sur_bord/20260823T135543Z/frame_0007.jpg,20260823T135543Z,7,3.5,akaze,E,magsac,magsac,False,plate_bougie,,main_sur_bord,False,True,False,True,2286.7537589918356,False,True,0.0007590133463963866,0,0,0.0,,,False,,,,,,,,False,0.0,,False,False,False,True,2297.04872801085,375.2686279522045,1963.65625,0.4353412218929979,,,8,8
plate_bougie/main_sur_bord/20260823T135543Z/frame_0008.jpg,20260823T135543Z,8,4.0,akaze,E,magsac,magsac,False,plate_bougie,,main_sur_bord,False,True,True,False,2158.233238005778,False,True,4.267509008059278,154,60,0.38961038961038963,1.1075724363327026,316354.2562561208,True,plate_bougie,,0.9090909090909091,,,,plate_bougie,False,0.513075997790954,0.55,False,False,False,True,2172.494069993263,373.07279678904683,1963.65625,0.46030045090208277,,,9,9
plate_bougie/main_sur_bord/20260823T135543Z/frame_0009.jpg,20260823T135543Z,9,4.5,akaze,E,magsac,magsac,False,plate_bougie,,main_sur_bord,False,True,True,False,2290.743667006609,False,True,4.282545996829867,155,70,0.45161290322580644,1.0329582691192627,314516.73356358206,True,plate_bougie,,0.9210526315789473,,,,plate_bougie,False,0.5432955176852042,0.55,False,False,False,True,2305.555402999744,374.72708188921274,1963.65625,0.43373496845875237,,,10,10
plate_bougie/main_sur_bord/20260823T135543Z/frame_0010.jpg,20260823T135543Z,10,5.0,akaze,E,magsac,magsac,False,plate_bougie,,main_sur_bord,False,True,True,False,2337.220070010517,False,True,4.135009992751293,164,70,0.4268292682926829,1.0592117309570312,315205.9297312953,True,plate_bougie,,0.9210526315789473,,,,plate_bougie,False,0.5417224683953048,0.55,False,False,False,True,2351.674863995868,374.8011052439305,1963.65625,0.42522885085434037,,,11,11
plate_bougie/main_sur_bord/20260823T135543Z/frame_0011.jpg,20260823T135543Z,11,5.5,akaze,E,magsac,magsac,False,plate_bougie,,main_sur_bord,False,True,True,False,2313.0706590018235,False,True,4.279972010408528,156,72,0.46153846153846156,0.996056318283081,317327.4881974775,True,plate_bougie,,0.9230769230769231,,,,plate_bougie,False,0.5254488731560618,0.55,False,False,False,True,2327.6555630000075,374.7880253707364,1963.65625,0.4296168281492414,,,12,12
plate_bougie/main_sur_bord/20260823T135543Z/frame_0012.jpg,20260823T135543Z,12,6.0,akaze,E,magsac,magsac,False,plate_bougie,,main_sur_bord,False,True,True,False,2316.0865509998985,False,True,4.255916006513871,151,71,0.47019867549668876,1.0085102319717407,322987.6775783235,True,plate_bougie,,0.922077922077922,,,,plate_bougie,False,0.5310004504653317,0.55,False,False,False,True,2330.811972002266,375.000427618874,1963.65625,0.42903503672197024,,,13,13
plate_bougie/main_sur_bord/20260823T135543Z/frame_0013.jpg,20260823T135543Z,13,6.5,akaze,E,magsac,magsac,False,plate_bougie,,main_sur_bord,False,True,True,False,2233.505725991563,False,True,4.135880997637287,141,53,0.375886524822695,1.0558465719223022,318274.9809666651,True,plate_bougie,,0.8983050847457628,,,,plate_bougie,False,0.5268592676193807,0.55,False,False,False,True,2247.7526330039836,374.09785420926437,1963.65625,0.44488881263751934,,,14,14
plate_bougie/main_sur_bord/20260823T135543Z/frame_0014.jpg,20260823T135543Z,14,7.0,akaze,E,magsac,magsac,False,plate_bougie,,main_sur_bord,False,True,True,False,2302.99360799836,False,True,4.125621009734459,162,68,0.41975308641975306,0.9483922719955444,319720.9876764874,True,plate_bougie,,0.918918918918919,,,,plate_bougie,False,0.5268556321689969,0.55,False,False,False,True,2317.476327996701,374.8829986759734,1963.65625,0.4315038682032326,,,15,15
plate_bougie/main_sur_bord/20260823T135543Z/frame_0015.jpg,20260823T135543Z,15,7.5,akaze,E,magsac,magsac,False,plate_bougie,,main_sur_bord,False,True,True,False,2312.514104996808,False,True,4.129121007281356,155,64,0.4129032258064516,0.9399197101593018,319926.9452960214,True,plate_bougie,,0.9142857142857143,,,,plate_bougie,False,0.5255596827133937,0.55,False,False,False,True,2326.8757150071906,374.57810848196453,1963.65625,0.42976081341624633,,,16,16
plate_bougie/main_sur_bord/20260823T135543Z/frame_0016.jpg,20260823T135543Z,16,8.0,akaze,E,magsac,magsac,False,plate_bougie,,main_sur_bord,False,True,True,False,2337.279835002846,False,True,4.146157996729016,159,61,0.3836477987421384,0.9444351196289062,317456.8226885688,True,plate_bougie,,0.9104477611940298,,,,plate_bougie,False,0.5334423208464224,0.55,False,False,False,True,2351.779685006477,375.1120488982426,1963.65625,0.4252098980084718,,,17,17
plate_bougie/main_sur_bord/20260823T135543Z/frame_0017.jpg,20260823T135543Z,17,8.5,akaze,E,magsac,magsac,False,plate_bougie,,main_sur_bord,False,True,False,True,2273.2915749948006,False,True,0.0011290103429928422,0,0,0.0,,,False,,,,,,,,False,0.0,,False,False,False,True,2283.228694999707,375.41478581501855,1963.65625,0.4379762755215935,,,18,18
plate_bougie/main_sur_bord/20260823T135543Z/frame_0018.jpg,20260823T135543Z,18,9.0,akaze,E,magsac,magsac,False,plate_bougie,,main_sur_bord,False,True,False,True,2251.1786489922088,False,True,0.0007780035957694054,0,0,0.0,,,False,,,,,,,,False,0.0,,False,False,False,True,2261.6823950083926,374.83400546029355,1963.65625,0.4421487306117927,,,19,19
plate_bougie/main_sur_bord/20260823T135543Z/frame_0019.jpg,20260823T135543Z,19,9.5,akaze,E,magsac,magsac,False,plate_bougie,,main_sur_bord,False,True,False,True,2219.632897002157,False,True,0.0007040071068331599,0,0,0.0,,,False,,,,,,,,False,0.0,,False,False,False,True,2229.6656270045787,374.9104841890711,1963.65625,0.4484977423917324,,,20,20
plate_bougie/occlusion_angle/20260823T135620Z/frame_0000.jpg,20260823T135620Z,0,0.0,akaze,E,magsac,magsac,False,plate_bougie,,occlusion_angle,False,True,True,False,2399.523111002054,False,True,4.189361003227532,187,109,0.5828877005347594,1.164963722229004,325242.42308685544,True,plate_bougie,,0.9478260869565217,,,,plate_bougie,False,0.45302203513201744,0.55,False,False,False,True,2414.2487189965323,375.34719826904933,1963.65625,0.4142075305379654,,,1,1
plate_bougie/occlusion_angle/20260823T135620Z/frame_0001.jpg,20260823T135620Z,1,0.5,akaze,E,magsac,magsac,False,plate_bougie,,occlusion_angle,False,True,True,False,2288.6529349925695,False,True,4.180953998002224,170,100,0.5882352941176471,1.3020939826965332,325065.66591878625,True,plate_bougie,,0.9433962264150944,,,,plate_bougie,False,0.449229765475081,0.55,False,False,False,True,2303.006303991424,374.72212742288093,1963.65625,0.4342150511124801,,,2,2
plate_bougie/occlusion_angle/20260823T135620Z/frame_0002.jpg,20260823T135620Z,2,1.0,akaze,E,magsac,magsac,False,plate_bougie,,occlusion_angle,False,True,False,True,2196.311487001367,False,True,0.0008329952834174037,0,0,0.0,,,False,,,,,,,,False,0.0,,False,False,False,True,2206.4002730039647,374.75536221460675,1963.65625,0.45322691999059733,,,3,3
plate_bougie/occlusion_angle/20260823T135620Z/frame_0003.jpg,20260823T135620Z,3,1.5,akaze,E,magsac,magsac,False,plate_bougie,,occlusion_angle,False,True,False,True,2323.3849739917787,False,True,0.0010750081855803728,0,0,0.0,,,False,,,,,,,,False,0.0,,False,False,False,True,2333.6715729965363,375.26648780981895,1963.65625,0.4285093119234239,,,4,4
plate_bougie/occlusion_angle/20260823T135620Z/frame_0004.jpg,20260823T135620Z,4,2.0,akaze,E,magsac,magsac,False,plate_bougie,,occlusion_angle,False,True,False,True,2268.530651999754,False,True,0.0008890056051313877,0,0,0.0,,,False,,,,,,,,False,0.0,,False,False,False,True,2278.6537900101393,375.1355213975587,1963.65625,0.4388556104416153,,,5,5
plate_bougie/occlusion_angle/20260823T135620Z/frame_0005.jpg,20260823T135620Z,5,2.5,akaze,E,magsac,magsac,False,plate_bougie,,occlusion_angle,False,True,False,True,2298.5547930002213,False,True,0.0010740041034296155,0,0,0.0,,,False,,,,,,,,False,0.0,,False,False,False,True,2308.8424849993316,375.13658472905274,1963.65625,0.4331174631864458,,,6,6
plate_bougie/occlusion_angle/20260823T135620Z/frame_0006.jpg,20260823T135620Z,6,3.0,akaze,E,magsac,magsac,False,plate_bougie,,occlusion_angle,False,True,True,False,2276.3510899967514,False,True,4.129360997467302,63,7,0.1111111111111111,0.0004536764172371477,711.1976435959805,True,plate_chaudron,,0.5384615384615384,,,,plate_chaudron,False,0.17261407459970524,0.55,False,False,False,True,2291.1370300134877,374.29326053665216,1963.65625,0.4364645094990731,,,7,7
plate_bougie/occlusion_angle/20260823T135620Z/frame_0007.jpg,20260823T135620Z,7,3.5,akaze,E,magsac,magsac,False,plate_bougie,,occlusion_angle,False,True,False,True,2335.465041003772,False,True,0.0009259965736418962,0,0,0.0,,,False,,,,,,,,False,0.0,,False,False,False,True,2346.127933997195,375.7479075312102,1963.65625,0.4262342157515079,,,8,8
plate_bougie/occlusion_angle/20260823T135620Z/frame_0008.jpg,20260823T135620Z,8,4.0,akaze,E,magsac,magsac,False,plate_bougie,,occlusion_angle,False,True,False,True,2332.9745060036657,False,True,0.0007589987944811583,0,0,0.0,,,False,,,,,,,,False,0.0,,False,False,False,True,2343.2905679947,375.4293042509233,1963.65625,0.4267503201089409,,,9,9
plate_bougie/occlusion_angle/20260823T135620Z/frame_0009.jpg,20260823T135620Z,9,4.5,akaze,E,magsac,magsac,False,plate_bougie,,occlusion_angle,False,True,False,True,2253.1133649899857,False,True,0.0011849915608763695,0,0,0.0,,,False,,,,,,,,False,0.0,,False,False,False,True,2263.1959279970033,374.96675396152085,1963.65625,0.4418530396018475,,,10,10
plate_bougie/occlusion_angle/20260823T135620Z/frame_0010.jpg,20260823T135620Z,10,5.0,akaze,E,magsac,magsac,False,plate_bougie,,occlusion_angle,False,True,True,False,2374.415354002849,False,True,4.121380014112219,205,116,0.5658536585365853,1.06099534034729,327387.57991316804,True,plate_bougie,,0.9508196721311475,,,,plate_bougie,False,0.4497820604824698,0.55,False,False,False,True,2388.926371000707,375.4402683094389,1963.65625,0.4185980832808614,,,11,11
plate_bougie/occlusion_angle/20260823T135620Z/frame_0011.jpg,20260823T135620Z,11,5.5,akaze,E,magsac,magsac,False,plate_bougie,,occlusion_angle,False,True,True,False,2426.5144070086535,False,True,4.266824005753733,189,111,0.5873015873015873,0.9938929677009583,326707.83445458434,True,plate_bougie,plate_chaudron,0.9487179487179487,0.5714285714285714,0.3772893772893773,,plate_bougie,False,0.45718040669588156,0.55,False,False,False,True,2441.182384995045,375.21471276792437,1963.65625,0.4096375617596592,,,12,12
plate_bougie/occlusion_angle/20260823T135620Z/frame_0012.jpg,20260823T135620Z,12,6.0,akaze,E,magsac,magsac,False,plate_bougie,,occlusion_angle,False,True,True,False,2451.7586160072824,False,True,4.292989993700758,208,119,0.5721153846153846,1.0205668210983276,325626.63236920064,True,plate_bougie,,0.952,,,,plate_bougie,False,0.4640272693655449,0.55,False,False,False,True,2466.622335006832,375.8923222421257,1963.65625,0.40541269160170407,,,13,13
plate_bougie/occlusion_angle/20260823T135620Z/frame_0013.jpg,20260823T135620Z,13,6.5,akaze,E,magsac,magsac,False,plate_bougie,,occlusion_angle,False,True,True,False,2447.4756679992424,False,True,4.230267993989401,206,108,0.5242718446601942,1.11691415309906,326985.2869695154,True,plate_bougie,plate_cellule,0.9473684210526315,0.6,0.34736842105263155,,plate_bougie,False,0.4588609825406989,0.55,False,False,False,True,2462.124978992506,375.0855828926641,1963.65625,0.4061532247681419,,,14,14
plate_bougie/occlusion_angle/20260823T135620Z/frame_0014.jpg,20260823T135620Z,14,7.0,akaze,E,magsac,magsac,False,plate_bougie,,occlusion_angle,False,True,True,False,2451.382515995647,False,True,4.274546998203732,202,118,0.5841584158415841,0.9826238751411438,322337.3370109356,True,plate_bougie,,0.9516129032258065,,,,plate_bougie,False,0.4819197869307141,0.55,False,False,False,True,2466.1495499894954,376.01470134038817,1963.65625,0.40549041318449625,,,15,15
plate_bougie/occlusion_angle/20260823T135620Z/frame_0015.jpg,20260823T135620Z,15,7.5,akaze,E,magsac,magsac,False,plate_bougie,,occlusion_angle,False,True,True,False,2472.5080500065815,False,True,4.1210289928130805,187,111,0.5935828877005348,1.0680744647979736,321336.23175049137,True,plate_bougie,plate_chaudron,0.9487179487179487,0.5384615384615384,0.41025641025641024,,plate_bougie,False,0.4786678318054127,0.55,False,False,False,True,2487.116361997323,376.21122513486745,1963.65625,0.40207206035061915,,,16,16
plate_bougie/occlusion_angle/20260823T135620Z/frame_0016.jpg,20260823T135620Z,16,8.0,akaze,E,magsac,magsac,False,plate_bougie,,occlusion_angle,False,True,True,False,2507.423122995533,False,True,4.22484299633652,199,114,0.5728643216080402,1.1125566959381104,328341.8360903857,True,plate_bougie,,0.95,,,,plate_bougie,False,0.4716445951853406,0.55,False,False,False,True,2522.299784992356,376.146305940743,1963.65625,0.39646357897264406,,,17,17
plate_bougie/occlusion_angle/20260823T135620Z/frame_0017.jpg,20260823T135620Z,17,8.5,akaze,E,magsac,magsac,False,plate_bougie,,occlusion_angle,False,True,True,False,2525.0632899987977,False,True,4.2664539942052215,204,118,0.5784313725490197,0.9705415964126587,332048.5570459606,True,plate_bougie,plate_chaudron,0.9516129032258065,0.5,0.4516129032258065,,plate_bougie,False,0.47467393399947955,0.55,False,False,False,True,2539.8189529951196,376.0240711149061,1963.65625,0.39372885174383593,,,18,18
plate_bougie/occlusion_angle/20260823T135620Z/frame_0018.jpg,20260823T135620Z,18,9.0,akaze,E,magsac,magsac,False,plate_bougie,,occlusion_angle,False,True,True,False,2496.4611850009533,False,True,4.1777500009629875,196,116,0.5918367346938775,0.9924150705337524,332802.6188458464,True,plate_bougie,plate_bois,0.9508196721311475,0.5,0.4508196721311475,,plate_bougie,False,0.4645376653387862,0.55,False,False,False,True,2511.074460009695,375.90879833820856,1963.65625,0.3982359009760862,,,19,19
plate_bougie/occlusion_angle/20260823T135620Z/frame_0019.jpg,20260823T135620Z,19,9.5,akaze,E,magsac,magsac,False,plate_bougie,,occlusion_angle,False,True,True,False,2479.190728001413,False,True,4.2832689941860735,196,111,0.5663265306122449,0.944780707359314,334998.0949680733,True,plate_bougie,,0.9487179487179487,,,,plate_bougie,False,0.46100816285589385,0.55,False,False,False,True,2493.9752240024973,376.33714800649653,1963.65625,0.40096629283876106,,,20,20
plate_cellule/frontal/20260823T132156Z/frame_0000.jpg,20260823T132156Z,0,0.0,akaze,E,magsac,magsac,False,plate_cellule,,frontal,True,False,True,False,1367.5278090086067,False,True,8.347094000782818,59,10,0.1694915254237288,0.34151318669319153,1569.1502914008452,True,plate_vampire,plate_chaudron,0.625,0.5384615384615384,0.08653846153846156,,plate_chaudron,False,0.08301475926338911,0.55,False,False,False,True,1386.4133530005347,365.05825423899745,1963.65625,0.7212856092562564,,,1,1
plate_cellule/frontal/20260823T132156Z/frame_0001.jpg,20260823T132156Z,1,0.5,akaze,E,magsac,magsac,False,plate_cellule,,frontal,True,False,True,False,1267.9508849978447,False,True,4.261657988536172,49,7,0.14285714285714285,0.00020471813331823796,1510.8951815748587,True,plate_bougie,,0.5384615384615384,,,,plate_bougie,False,0.1723049493744697,0.55,False,False,False,True,1282.6459750067443,364.0105026623143,1963.65625,0.7796383565580065,,,2,2
plate_cellule/frontal/20260823T132156Z/frame_0002.jpg,20260823T132156Z,2,1.0,akaze,E,magsac,magsac,False,plate_cellule,plate_bois,frontal,False,True,True,False,2545.96224600391,True,False,6.849972996860743,137,43,0.31386861313868614,1.2585104703903198,191803.08718005734,True,plate_bois,,0.8775510204081632,,,plate_bois,plate_bois,False,0.6283873590452823,0.55,False,False,True,True,2563.7284090043977,376.7727428566088,1963.65625,0.3900569172958307,,,3,3
plate_cellule/frontal/20260823T132156Z/frame_0003.jpg,20260823T132156Z,3,1.5,akaze,E,magsac,magsac,False,plate_cellule,,frontal,True,False,False,True,1179.285614998662,False,True,0.0011299998732283711,0,0,0.0,,,False,,,,,,,,False,0.0,,False,False,False,True,1189.5454559999052,362.49337881547063,1963.65625,0.8406572400879144,,,4,4
plate_cellule/frontal/20260823T132156Z/frame_0004.jpg,20260823T132156Z,4,2.0,akaze,E,magsac,magsac,False,plate_cellule,plate_cellule,frontal,True,False,True,False,1109.0007400052855,True,False,4.233341998769902,236,130,0.5508474576271186,0.9152447581291199,248849.79248393705,True,plate_cellule,plate_chaudron,0.9558823529411765,0.6470588235294118,0.3088235294117647,plate_cellule,plate_cellule,False,0.6240094111345826,0.55,True,False,False,False,1123.4035349916667,357.88635844282004,1963.65625,0.8901520859175664,2.0,,0,4
plate_cellule/frontal/20260823T132156Z/frame_0005.jpg,20260823T132156Z,5,2.5,akaze,E,magsac,magsac,False,plate_cellule,plate_cellule,frontal,True,False,True,False,1060.9257019968936,True,False,4.263509006705135,221,121,0.5475113122171946,0.9015048146247864,248127.4052766764,True,plate_cellule,plate_vampire,0.952755905511811,0.5714285714285714,0.3813273340832396,plate_cellule,plate_cellule,False,0.6225855083075421,0.55,True,False,False,False,1075.3757379861781,356.1949402143844,1963.65625,0.9299075334102926,,,0,4
plate_cellule/frontal/20260823T132156Z/frame_0006.jpg,20260823T132156Z,6,3.0,akaze,E,magsac,magsac,False,plate_cellule,,frontal,True,False,False,True,1138.0083669937449,False,True,0.0012219970813021064,0,0,0.0,,,False,,,,,,,,False,0.0,,False,False,False,True,1148.2763749954756,360.97508006432184,1963.65625,0.8708704818593347,,,1,4
plate_cellule/frontal/20260823T132156Z/frame_0007.jpg,20260823T132156Z,7,3.5,akaze,E,magsac,magsac,False,plate_cellule,,frontal,True,False,False,True,1117.2208179923473,False,True,0.000833999365568161,0,0,0.0,,,False,,,,,,,,False,0.0,,False,False,False,True,1127.561102999607,360.90178103644,1963.65625,0.8868698976399051,,,2,4
plate_cellule/frontal/20260823T132156Z/frame_0008.jpg,20260823T132156Z,8,4.0,akaze,E,magsac,magsac,False,plate_cellule,,frontal,True,False,False,True,1118.5096080007497,False,True,0.0009079958545044065,0,0,0.0,,,False,,,,,,,,False,0.0,,False,False,False,True,1128.8443000084953,360.66522521919916,1963.65625,0.8858617614426315,,,3,4
plate_cellule/frontal/20260823T132156Z/frame_0009.jpg,20260823T132156Z,9,4.5,akaze,E,magsac,magsac,False,plate_cellule,,frontal,True,False,False,True,1110.4522719979286,False,True,0.0008889910532161593,0,0,0.0,,,False,,,,,,,,False,0.0,,False,False,False,True,1120.8269449998625,360.3669435338664,1963.65625,0.8921983937494674,,,4,4
plate_cellule/frontal/20260823T132156Z/frame_0010.jpg,20260823T132156Z,10,5.0,akaze,E,magsac,magsac,False,plate_cellule,,frontal,True,False,False,True,1100.5206529953284,False,True,0.0007960043149068952,0,0,0.0,,,False,,,,,,,,False,0.0,,False,False,False,True,1110.8373820025008,360.6519060222715,1963.65625,0.9002217752136727,,,5,5
plate_cellule/frontal/20260823T132156Z/frame_0011.jpg,20260823T132156Z,11,5.5,akaze,E,magsac,magsac,False,plate_cellule,,frontal,True,False,False,True,1089.6368730027461,False,True,0.0010189978638663888,0,0,0.0,,,False,,,,,,,,False,0.0,,False,False,False,True,1100.0706750055542,359.69453416980684,1963.65625,0.9090325037479533,,,6,6
plate_cellule/frontal/20260823T132156Z/frame_0012.jpg,20260823T132156Z,12,6.0,akaze,E,magsac,magsac,False,plate_cellule,,frontal,True,False,False,True,1104.0141679986846,False,True,0.000833999365568161,0,0,0.0,,,False,,,,,,,,False,0.0,,False,False,False,True,1114.322915993398,360.4336577265291,1963.65625,0.8974059365085557,,,7,7
plate_cellule/frontal/20260823T132156Z/frame_0013.jpg,20260823T132156Z,13,6.5,akaze,E,magsac,magsac,False,plate_cellule,,frontal,True,False,False,True,1069.7844289970817,False,True,0.0006660120561718941,0,0,0.0,,,False,,,,,,,,False,0.0,,False,False,False,True,1079.9997880094452,359.5836016929012,1963.65625,0.9259261076736938,,,8,8
plate_cellule/frontal/20260823T132156Z/frame_0014.jpg,20260823T132156Z,14,7.0,akaze,E,magsac,magsac,False,plate_cellule,,frontal,True,False,False,True,1047.5490750104655,False,True,0.0007219932740554214,0,0,0.0,,,False,,,,,,,,False,0.0,,False,False,False,True,1057.6824519957881,358.11738739288376,1963.65625,0.9454633553889974,,,9,9
plate_cellule/frontal/20260823T132156Z/frame_0015.jpg,20260823T132156Z,15,7.5,akaze,E,magsac,magsac,False,plate_cellule,,frontal,True,False,False,True,1071.6750660067191,False,True,0.000814005034044385,0,0,0.0,,,False,,,,,,,,False,0.0,,False,False,False,True,1081.9793139962712,359.4865513310317,1963.65625,0.9242320874939077,,,10,10
plate_cellule/frontal/20260823T132156Z/frame_0016.jpg,20260823T132156Z,16,8.0,akaze,E,magsac,magsac,False,plate_cellule,,frontal,True,False,False,True,1101.6633350081975,False,True,0.000981002813205123,0,0,0.0,,,False,,,,,,,,False,0.0,,False,False,False,True,1112.025212001754,359.8229777360113,1963.65625,0.8992601869159984,,,11,11
plate_cellule/frontal/20260823T132156Z/frame_0017.jpg,20260823T132156Z,17,8.5,akaze,E,magsac,magsac,False,plate_cellule,,frontal,True,False,True,False,1109.9056149978423,False,True,4.272286998457275,90,7,0.07777777777777778,0.0013037115568295121,706.7795562537467,True,plate_chaudron,,0.5384615384615384,,,,plate_chaudron,False,0.11251600968735492,0.55,False,False,False,True,1124.477150005987,359.45152598063646,1963.65625,0.8893021970207895,,,12,12
plate_cellule/frontal/20260823T132156Z/frame_0018.jpg,20260823T132156Z,18,9.0,akaze,E,magsac,magsac,False,plate_cellule,,frontal,True,False,True,False,1111.4821800001664,False,True,4.438452000613324,70,7,0.1,0.0002460405812598765,991.5557079385035,True,plate_vampire,,0.5384615384615384,,,,plate_vampire,False,0.018225089673242507,0.55,False,False,False,True,1126.3398800074356,358.96740271445816,1963.65625,0.8878314776472254,,,13,13
plate_cellule/frontal/20260823T132156Z/frame_0019.jpg,20260823T132156Z,19,9.5,akaze,E,magsac,magsac,False,plate_cellule,,frontal,True,False,False,True,1134.8736959917005,False,True,0.0008329952834174037,0,0,0.0,,,False,,,,,,,,False,0.0,,False,False,False,True,1145.070148006198,361.7894648824235,1963.65625,0.8733089424619139,,,14,14
plate_cellule/main_sur_bord/20260823T132507Z/frame_0000.jpg,20260823T132507Z,0,0.0,akaze,E,magsac,magsac,False,plate_cellule,plate_cellule,main_sur_bord,False,True,True,False,2556.3126240012934,True,False,4.2816760105779395,272,165,0.6066176470588235,0.7287240624427795,355459.6384360315,True,plate_cellule,plate_bois,0.9649122807017544,0.6470588235294118,0.3178534571723426,plate_cellule,plate_cellule,False,0.5858054510118823,0.55,True,False,False,False,2571.426561989938,376.1682984838712,1963.65625,0.3888891927857098,0.0,,0,0
plate_cellule/main_sur_bord/20260823T132507Z/frame_0001.jpg,20260823T132507Z,1,0.5,akaze,E,magsac,magsac,False,plate_cellule,plate_cellule,main_sur_bord,False,True,True,False,2470.4096490022494,True,False,4.15763899218291,252,159,0.6309523809523809,0.7097052335739136,366426.308153503,True,plate_cellule,,0.9636363636363636,,,plate_cellule,plate_cellule,False,0.5857601221358595,0.55,True,False,False,False,2485.180035000667,376.1195341325655,1963.65625,0.4023853346301857,,,0,0
plate_cellule/main_sur_bord/20260823T132507Z/frame_0002.jpg,20260823T132507Z,2,1.0,akaze,E,magsac,magsac,False,plate_cellule,,main_sur_bord,False,True,False,True,2473.3940410078503,False,True,0.0008329952834174037,0,0,0.0,,,False,,,,,,,,False,0.0,,False,False,False,True,2484.0923599986127,376.929486430412,1963.65625,0.40256152150500496,,,1,1
plate_cellule/main_sur_bord/20260823T132507Z/frame_0003.jpg,20260823T132507Z,3,1.5,akaze,E,magsac,magsac,False,plate_cellule,,main_sur_bord,False,True,True,False,2534.607148001669,False,True,4.265916999429464,64,6,0.09375,0.00033799532684497535,765.9637879012153,True,plate_chaudron,,0.5,,,,plate_chaudron,False,0.019381030881283064,0.55,False,False,False,True,2549.626606007223,376.6020460555603,1963.65625,0.3922142942985774,,,2,2
plate_cellule/main_sur_bord/20260823T132507Z/frame_0004.jpg,20260823T132507Z,4,2.0,akaze,E,magsac,magsac,False,plate_cellule,plate_cellule,main_sur_bord,False,True,True,False,2505.0012699939543,True,False,4.270397999789566,258,153,0.5930232558139535,0.730995774269104,369697.517625649,True,plate_cellule,,0.9622641509433962,,,plate_cellule,plate_cellule,False,0.5939011537470773,0.55,True,False,False,False,2519.8173039971152,376.5430342092343,1963.65625,0.3968541681231128,,,0,2
plate_cellule/main_sur_bord/20260823T132507Z/frame_0005.jpg,20260823T132507Z,5,2.5,akaze,E,magsac,magsac,False,plate_cellule,plate_cellule,main_sur_bord,False,True,True,False,2480.756580000161,True,False,4.274139006156474,272,162,0.5955882352941176,0.7292814254760742,367023.074242432,True,plate_cellule,plate_dague,0.9642857142857143,0.5,0.4642857142857143,plate_cellule,plate_cellule,False,0.6026481586259618,0.55,True,False,False,False,2495.568298996659,375.66357349424544,1963.65625,0.4007103313509989,,,0,2
plate_cellule/main_sur_bord/20260823T132507Z/frame_0006.jpg,20260823T132507Z,6,3.0,akaze,E,magsac,magsac,False,plate_cellule,plate_cellule,main_sur_bord,False,True,True,False,2508.8992540113395,True,False,4.2831390019273385,266,167,0.6278195488721805,0.6824960708618164,364716.1166510786,True,plate_cellule,,0.9653179190751445,,,plate_cellule,plate_cellule,False,0.6035767479718809,0.55,True,False,False,False,2523.8369530125055,376.1855509987492,1963.65625,0.39622210888321396,,,0,2
plate_cellule/main_sur_bord/20260823T132507Z/frame_0007.jpg,20260823T132507Z,7,3.5,akaze,E,magsac,magsac,False,plate_cellule,plate_cellule,main_sur_bord,False,True,True,False,2483.401737990789,True,False,4.2814540065592155,253,164,0.6482213438735178,0.6878356337547302,356653.0285433357,True,plate_cellule,,0.9647058823529412,,,plate_cellule,plate_cellule,False,0.6091973083992979,0.55,True,False,False,False,2498.3247890049824,375.9952425057319,1963.65625,0.40026821348487435,,,0,2
plate_cellule/main_sur_bord/20260823T132507Z/frame_0008.jpg,20260823T132507Z,8,4.0,akaze,E,magsac,magsac,False,plate_cellule,plate_cellule,main_sur_bord,False,True,True,False,2498.930215006112,True,False,4.279287008102983,259,162,0.6254826254826255,0.6580021381378174,357978.4413275237,True,plate_cellule,,0.9642857142857143,,,plate_cellule,plate_cellule,False,0.6075882616842434,0.55,True,False,False,False,2513.9449880080065,376.4085133978282,1963.65625,0.3977811784944338,,,0,2
plate_cellule/main_sur_bord/20260823T132507Z/frame_0009.jpg,20260823T132507Z,9,4.5,akaze,E,magsac,magsac,False,plate_cellule,plate_cellule,main_sur_bord,False,True,True,False,2551.598247999209,True,False,4.263454000465572,279,172,0.6164874551971327,0.6330069303512573,354980.24765070283,True,plate_cellule,plate_dague,0.9662921348314607,0.5384615384615384,0.42783059636992227,plate_cellule,plate_cellule,False,0.6095979276164849,0.55,True,False,False,False,2566.693649991066,376.1843140895953,1963.65625,0.38960629368584004,,,0,2
plate_cellule/main_sur_bord/20260823T132507Z/frame_0010.jpg,20260823T132507Z,10,5.0,akaze,E,magsac,magsac,False,plate_cellule,plate_cellule,main_sur_bord,False,True,True,False,2402.842993993545,True,False,4.675748001318425,261,168,0.6436781609195402,0.8147676587104797,377366.75727352354,True,plate_cellule,,0.9655172413793104,,,plate_cellule,plate_cellule,False,0.5955567126124861,0.55,True,False,False,False,2417.9510989924893,375.17694997140984,1963.65625,0.4135732936934413,,,0,2
plate_cellule/main_sur_bord/20260823T132507Z/frame_0011.jpg,20260823T132507Z,11,5.5,akaze,E,magsac,magsac,False,plate_cellule,,main_sur_bord,False,True,True,False,2377.3667180066695,False,True,4.24817600287497,57,6,0.10526315789473684,0.0008113582152873278,1559.6286704810336,True,plate_chaudron,,0.5,,,,plate_chaudron,False,0.1441555280470259,0.55,False,False,False,True,2392.092492998927,375.2354998508875,1963.65625,0.41804403589190503,,,1,2
plate_cellule/main_sur_bord/20260823T132507Z/frame_0012.jpg,20260823T132507Z,12,6.0,akaze,E,magsac,magsac,False,plate_cellule,,main_sur_bord,False,True,False,True,2331.6911839938257,False,True,0.0010929943528026342,0,0,0.0,,,False,,,,,,,,False,0.0,,False,False,False,True,2342.515059004654,375.3146069308872,1963.65625,0.4268915993329429,,,2,2
plate_cellule/main_sur_bord/20260823T132507Z/frame_0013.jpg,20260823T132507Z,13,6.5,akaze,E,magsac,magsac,False,plate_cellule,plate_cellule,main_sur_bord,False,True,True,False,2290.6496210052865,True,False,4.300674991100095,236,136,0.576271186440678,0.9397541284561157,312522.78198917466,True,plate_cellule,plate_vampire,0.9577464788732394,0.5,0.4577464788732394,plate_cellule,plate_cellule,False,0.554721892357046,0.55,True,False,False,False,2305.469118000474,374.09231486389444,1963.65625,0.4337512015200173,,,0,2
plate_cellule/main_sur_bord/20260823T132507Z/frame_0014.jpg,20260823T132507Z,14,7.0,akaze,E,magsac,magsac,False,plate_cellule,plate_cellule,main_sur_bord,False,True,True,False,2246.59431699547,True,False,4.2687129898695275,221,137,0.6199095022624435,1.0712779760360718,284966.95992155327,True,plate_cellule,,0.958041958041958,,,plate_cellule,plate_cellule,False,0.5838012560864319,0.55,True,False,False,False,2261.1841110046953,373.4755493769927,1963.65625,0.4422461643584066,,,0,2
plate_cellule/main_sur_bord/20260823T132507Z/frame_0015.jpg,20260823T132507Z,15,7.5,akaze,E,magsac,magsac,False,plate_cellule,plate_cellule,main_sur_bord,False,True,True,False,2340.1789180061314,True,False,4.2845839925576,272,170,0.625,0.78520667552948,291139.39934650157,True,plate_cellule,,0.9659090909090909,,,plate_cellule,plate_cellule,False,0.583059628177005,0.55,True,False,False,False,2354.9742290051654,374.6445851650426,1963.65625,0.42463309690757833,,,0,2
plate_cellule/main_sur_bord/20260823T132507Z/frame_0016.jpg,20260823T132507Z,16,8.0,akaze,E,magsac,magsac,False,plate_cellule,,main_sur_bord,False,True,False,True,2329.5941010001116,False,True,0.0010549993021413684,0,0,0.0,,,False,,,,,,,,False,0.0,,False,False,False,True,2340.0387180008693,375.6471033312547,1963.65625,0.42734335646134747,,,1,2
plate_cellule/main_sur_bord/20260823T132507Z/frame_0017.jpg,20260823T132507Z,17,8.5,akaze,E,magsac,magsac,False,plate_cellule,,main_sur_bord,False,True,False,True,2237.8944380034227,False,True,0.000981992343440652,0,0,0.0,,,False,,,,,,,,False,0.0,,False,False,False,True,2248.3549260068685,374.5486978319905,1963.65625,0.44476963509316725,,,2,2
plate_cellule/main_sur_bord/20260823T132507Z/frame_0018.jpg,20260823T132507Z,18,9.0,akaze,E,magsac,magsac,False,plate_cellule,plate_cellule,main_sur_bord,False,True,True,False,2361.3497159967665,True,False,4.255620995536447,246,153,0.6219512195121951,0.6673776507377625,316293.70433838805,True,plate_cellule,,0.9622641509433962,,,plate_cellule,plate_cellule,False,0.6006350841483556,0.55,True,False,False,False,2376.1300839978503,374.91618527093937,1963.65625,0.42085237956227345,,,0,2
plate_cellule/main_sur_bord/20260823T132507Z/frame_0019.jpg,20260823T132507Z,19,9.5,akaze,E,magsac,magsac,False,plate_cellule,plate_cellule,main_sur_bord,False,True,True,False,2357.246006009518,True,False,4.296786995837465,256,164,0.640625,0.7033047676086426,306850.2436567865,True,plate_cellule,,0.9647058823529412,,,plate_cellule,plate_cellule,False,0.5905838702656918,0.55,True,False,False,False,2372.0417250005994,375.0763036429141,1963.65625,0.42157774437957973,,,0,2
plate_cellule/occlusion_angle/20260823T132607Z/frame_0000.jpg,20260823T132607Z,0,0.0,akaze,E,magsac,magsac,False,plate_cellule,,occlusion_angle,False,True,True,False,2721.674170999904,False,True,4.277601998182945,228,133,0.5833333333333334,1.0421091318130493,261606.41715990007,True,plate_cellule,plate_bois,0.9568345323741008,0.8421052631578947,0.11472926921620608,,plate_cellule,False,0.508931697049474,0.55,False,False,False,True,2736.72551799973,377.674009761652,1963.65625,0.36540018113723693,,,1,1
plate_cellule/occlusion_angle/20260823T132607Z/frame_0001.jpg,20260823T132607Z,1,0.5,akaze,E,magsac,magsac,False,plate_cellule,,occlusion_angle,False,True,True,False,2743.394940989674,False,True,11.09000199357979,211,123,0.5829383886255924,1.007716417312622,260540.45375189552,True,plate_cellule,plate_bois,0.9534883720930233,0.8636363636363636,0.08985200845665964,,plate_cellule,False,0.4990512063874922,0.55,False,False,False,True,2764.998894999735,377.7250125809107,1963.65625,0.36166379733764625,,,2,2
plate_cellule/occlusion_angle/20260823T132607Z/frame_0002.jpg,20260823T132607Z,2,1.0,akaze,E,magsac,magsac,False,plate_cellule,,occlusion_angle,False,True,True,False,2708.8199479912873,False,True,4.144510006881319,214,135,0.6308411214953271,1.1160526275634766,265632.7682892547,True,plate_cellule,plate_bois,0.9574468085106383,0.8536585365853658,0.10378827192527251,,plate_cellule,False,0.48664222014895897,0.55,False,False,False,True,2723.6077039997326,377.7555181273301,1963.65625,0.36716007174287907,,,3,3
plate_cellule/occlusion_angle/20260823T132607Z/frame_0003.jpg,20260823T132607Z,3,1.5,akaze,E,magsac,magsac,False,plate_cellule,,occlusion_angle,False,True,True,False,2714.1868809994776,False,True,4.303861991502345,244,153,0.6270491803278688,1.1144282817840576,280134.3540058932,True,plate_cellule,plate_chaudron,0.9622641509433962,0.5,0.46226415094339623,,plate_cellule,False,0.5099398280413833,0.55,False,False,False,True,2729.162728006486,378.13934076178,1963.65625,0.3664127425375067,,,4,4
plate_cellule/occlusion_angle/20260823T132607Z/frame_0004.jpg,20260823T132607Z,4,2.0,akaze,E,magsac,magsac,False,plate_cellule,,occlusion_angle,False,True,True,False,2708.2368309929734,False,True,4.2622129985829815,263,159,0.6045627376425855,1.0789477825164795,287842.70511272195,True,plate_cellule,,0.9636363636363636,,,,plate_cellule,False,0.48960042513531266,0.55,False,False,False,True,2723.075993999373,377.4287288951211,1963.65625,0.367231763712662,,,5,5
plate_cellule/occlusion_angle/20260823T132607Z/frame_0005.jpg,20260823T132607Z,5,2.5,akaze,E,magsac,magsac,False,plate_cellule,,occlusion_angle,False,True,True,False,2786.1367949954,False,True,4.273084006854333,257,170,0.6614785992217899,1.0223605632781982,279236.8193583046,True,plate_cellule,,0.9659090909090909,,,,plate_cellule,False,0.5181406855770686,0.55,False,False,False,True,2801.1069200001657,378.6561184176168,1963.65625,0.35700172416122583,,,6,6
plate_cellule/occlusion_angle/20260823T132607Z/frame_0006.jpg,20260823T132607Z,6,3.0,akaze,E,magsac,magsac,False,plate_cellule,,occlusion_angle,False,True,True,False,2776.7095460003475,False,True,4.2114360112464055,256,153,0.59765625,1.0637003183364868,276671.5757793472,True,plate_cellule,plate_bois,0.9622641509433962,0.8536585365853658,0.1086056143580304,,plate_cellule,False,0.4944407739569252,0.55,False,False,False,True,2791.4278949901927,378.2984677108109,1963.65625,0.35823959551121176,,,7,7
plate_cellule/occlusion_angle/20260823T132607Z/frame_0007.jpg,20260823T132607Z,7,3.5,akaze,E,magsac,magsac,False,plate_cellule,,occlusion_angle,False,True,True,False,2800.1425469992682,False,True,4.298917003325187,254,161,0.6338582677165354,0.9627524614334106,277747.0182256351,True,plate_cellule,plate_bois,0.9640718562874252,0.8421052631578947,0.12196659312953051,,plate_cellule,False,0.5031300162963919,0.55,False,False,False,True,2815.0780059950193,378.3312837626282,1963.65625,0.3552299431384813,,,8,8
plate_cellule/occlusion_angle/20260823T132607Z/frame_0008.jpg,20260823T132607Z,8,4.0,akaze,E,magsac,magsac,False,plate_cellule,,occlusion_angle,False,True,True,False,2747.990646996186,False,True,4.323897999711335,247,149,0.6032388663967612,1.1426717042922974,281072.39903979655,True,plate_cellule,plate_chaudron,0.9612903225806452,0.5,0.4612903225806452,,plate_cellule,False,0.4944651485873702,0.55,False,False,False,True,2763.56723200297,377.98606605380553,1963.65625,0.36185115687423425,,,9,9
plate_cellule/occlusion_angle/20260823T132607Z/frame_0009.jpg,20260823T132607Z,9,4.5,akaze,E,magsac,magsac,False,plate_cellule,,occlusion_angle,False,True,True,False,2789.351514002192,False,True,4.281694986275397,253,160,0.6324110671936759,1.0254260301589966,277633.9249621606,True,plate_cellule,plate_dague,0.963855421686747,0.5384615384615384,0.42539388322520855,,plate_cellule,False,0.5133266221062044,0.55,False,False,False,True,2804.1945850127377,377.5794579873043,1963.65625,0.35660863384609154,,,10,10
plate_cellule/occlusion_angle/20260823T132607Z/frame_0010.jpg,20260823T132607Z,10,5.0,akaze,E,magsac,magsac,False,plate_cellule,,occlusion_angle,False,True,True,False,2764.2466059915023,False,True,4.280823995941319,235,153,0.6510638297872341,1.083450436592102,278995.16469771555,True,plate_cellule,,0.9622641509433962,,,,plate_cellule,False,0.4941166369158883,0.55,False,False,False,True,2779.1145849914756,378.4958416542672,1963.65625,0.3598268331217683,,,11,11
plate_cellule/occlusion_angle/20260823T132607Z/frame_0011.jpg,20260823T132607Z,11,5.5,akaze,E,magsac,magsac,False,plate_cellule,,occlusion_angle,False,True,True,False,2796.5886799938744,False,True,4.298583997297101,252,165,0.6547619047619048,1.0794488191604614,279985.3977731976,True,plate_cellule,,0.9649122807017544,,,,plate_cellule,False,0.4890885429481492,0.55,False,False,False,True,2811.593102000188,378.499876579903,1963.65625,0.35567024235782646,,,12,12
plate_cellule/occlusion_angle/20260823T132607Z/frame_0012.jpg,20260823T132607Z,12,6.0,akaze,E,magsac,magsac,False,plate_cellule,,occlusion_angle,False,True,True,False,2744.344058999559,False,True,4.283435002434999,262,152,0.5801526717557252,1.1204776763916016,278453.0407002574,True,plate_cellule,,0.9620253164556962,,,,plate_cellule,False,0.5019081955737658,0.55,False,False,False,True,2759.375424007885,378.63277291296106,1963.65625,0.3624008503154453,,,13,13
plate_cellule/occlusion_angle/20260823T132607Z/frame_0013.jpg,20260823T132607Z,13,6.5,akaze,E,magsac,magsac,False,plate_cellule,,occlusion_angle,False,True,True,False,2756.038505991455,False,True,4.266695003025234,266,165,0.6203007518796992,1.0227954387664795,276751.5959882842,True,plate_cellule,plate_chaudron,0.9649122807017544,0.5384615384615384,0.42645074224021595,,plate_cellule,False,0.5063735484473633,0.55,False,False,False,True,2770.890280997264,377.7830006041505,1963.65625,0.360894838333365,,,14,14
plate_cellule/occlusion_angle/20260823T132607Z/frame_0014.jpg,20260823T132607Z,14,7.0,akaze,E,magsac,magsac,False,plate_cellule,,occlusion_angle,False,True,True,False,2724.2906789906556,False,True,4.27717600541655,267,156,0.5842696629213483,1.0013022422790527,274569.17438501003,True,plate_cellule,,0.9629629629629629,,,,plate_cellule,False,0.5085991975752912,0.55,False,False,False,True,2739.151582994964,378.24238801970625,1963.65625,0.36507654640514964,,,15,15
plate_cellule/occlusion_angle/20260823T132607Z/frame_0015.jpg,20260823T132607Z,15,7.5,akaze,E,magsac,magsac,False,plate_cellule,,occlusion_angle,False,True,True,False,2699.971395006287,False,True,4.389822992379777,265,166,0.6264150943396226,1.223893642425537,281415.8323871839,True,plate_cellule,plate_vampire,0.9651162790697675,0.5384615384615384,0.42665474060822905,,plate_cellule,False,0.47286790518144883,0.55,False,False,False,True,2714.891039999202,377.47780828077373,1963.65625,0.36833890762713406,,,16,16
plate_cellule/occlusion_angle/20260823T132607Z/frame_0016.jpg,20260823T132607Z,16,8.0,akaze,E,magsac,magsac,False,plate_cellule,,occlusion_angle,False,True,True,False,2726.2200069963,False,True,4.2790279985638335,242,154,0.6363636363636364,1.1606485843658447,282203.9984645431,True,plate_cellule,plate_bois,0.9625,0.8378378378378378,0.1246621621621622,,plate_cellule,False,0.47745980888311185,0.55,False,False,False,True,2741.0244119964773,378.0869880488099,1963.65625,0.36482710464867074,,,17,17
plate_cellule/occlusion_angle/20260823T132607Z/frame_0017.jpg,20260823T132607Z,17,8.5,akaze,E,magsac,magsac,False,plate_cellule,,occlusion_angle,False,True,True,False,2761.376747992472,False,True,4.258528002537787,260,157,0.6038461538461538,1.0327918529510498,285445.44982906076,True,plate_cellule,,0.9631901840490797,,,,plate_cellule,False,0.45590838889660135,0.55,False,False,False,True,2776.2867999990704,378.0129836011025,1963.65625,0.3601933344927962,,,18,18
plate_cellule/occlusion_angle/20260823T132607Z/frame_0018.jpg,20260823T132607Z,18,9.0,akaze,E,magsac,magsac,False,plate_cellule,,occlusion_angle,False,True,True,False,2761.1029950057855,False,True,4.281435001757927,263,153,0.5817490494296578,1.0949852466583252,283075.1772319438,True,plate_cellule,,0.9622641509433962,,,,plate_cellule,False,0.46727349166115817,0.55,False,False,False,True,2776.0655470046913,378.42782604089666,1963.65625,0.36022204197554925,,,19,19
plate_cellule/occlusion_angle/20260823T132607Z/frame_0019.jpg,20260823T132607Z,19,9.5,akaze,E,magsac,magsac,False,plate_cellule,,occlusion_angle,False,True,True,False,2660.7378299959237,False,True,4.252213999279775,248,140,0.5645161290322581,1.4145214557647705,279709.1616802354,True,plate_cellule,,0.958904109589041,,,,plate_cellule,False,0.4382271346721388,0.55,False,False,False,True,2675.6430120003643,377.53296836292003,1963.65625,0.37374193624297436,,,20,20
plate_chaudron/frontal/20260823T135713Z/frame_0000.jpg,20260823T135713Z,0,0.0,akaze,E,magsac,magsac,False,plate_chaudron,plate_chaudron,frontal,True,False,True,False,1707.9435600026045,True,False,4.313750003348105,301,207,0.6877076411960132,0.9283371567726135,300669.55969275744,True,plate_chaudron,,0.971830985915493,,,plate_chaudron,plate_chaudron,False,0.6175467372345522,0.55,True,False,False,False,1722.398855999927,371.83470354096164,1963.65625,0.580585615530647,0.0,,0,0
plate_chaudron/frontal/20260823T135713Z/frame_0001.jpg,20260823T135713Z,1,0.5,akaze,E,magsac,magsac,False,plate_chaudron,plate_chaudron,frontal,True,False,True,False,1652.3837720014853,True,False,4.26938000600785,293,198,0.6757679180887372,0.9458646774291992,300544.091414795,True,plate_chaudron,,0.9705882352941176,,,plate_chaudron,plate_chaudron,False,0.6140821708751235,0.55,True,False,False,False,1666.711697995197,371.6511880519641,1963.65625,0.5999837891597265,,,0,0
plate_chaudron/frontal/20260823T135713Z/frame_0002.jpg,20260823T135713Z,2,1.0,akaze,E,magsac,magsac,False,plate_chaudron,plate_chaudron,frontal,True,False,True,False,1672.6841240015347,True,False,4.291028002626263,299,200,0.6688963210702341,0.9036276340484619,299323.45654669026,True,plate_chaudron,,0.970873786407767,,,plate_chaudron,plate_chaudron,False,0.618125793607586,0.55,True,False,False,False,1687.0435680029914,371.5946893665938,1963.65625,0.5927529193473839,,,0,0
plate_chaudron/frontal/20260823T135713Z/frame_0003.jpg,20260823T135713Z,3,1.5,akaze,E,magsac,magsac,False,plate_chaudron,plate_chaudron,frontal,True,False,True,False,1672.0764250057982,True,False,4.2797880014404655,305,202,0.6622950819672131,0.9947766065597534,298142.2525667401,True,plate_chaudron,,0.9711538461538461,,,plate_chaudron,plate_chaudron,False,0.6168402865405935,0.55,True,False,False,False,1686.2621309992392,371.5446592094979,1963.65625,0.5930276091816303,,,0,0
plate_chaudron/frontal/20260823T135713Z/frame_0004.jpg,20260823T135713Z,4,2.0,akaze,E,magsac,magsac,False,plate_chaudron,plate_chaudron,frontal,True,False,True,False,1670.474436992663,True,False,4.285361006623134,308,209,0.6785714285714286,0.9208366870880127,296404.7568538846,True,plate_chaudron,,0.9720930232558139,,,plate_chaudron,plate_chaudron,False,0.622755702786004,0.55,True,False,False,False,1684.787325997604,371.1235653020709,1963.65625,0.5935467251974224,,,0,0
plate_chaudron/frontal/20260823T135713Z/frame_0005.jpg,20260823T135713Z,5,2.5,akaze,E,magsac,magsac,False,plate_chaudron,plate_chaudron,frontal,False,True,True,False,2653.0534510093275,True,False,4.263879993231967,272,184,0.6764705882352942,0.9648032188415527,300034.1341584354,True,plate_chaudron,,0.968421052631579,,,plate_chaudron,plate_chaudron,False,0.6023689367609972,0.55,True,False,False,False,2668.139909990714,377.7799692308889,1963.65625,0.37479293955146464,,,0,0
plate_chaudron/frontal/20260823T135713Z/frame_0006.jpg,20260823T135713Z,6,3.0,akaze,E,magsac,magsac,False,plate_chaudron,,frontal,True,False,False,True,1730.0503909937106,False,True,0.0012410018825903535,0,0,0.0,,,False,,,,,,,,False,0.0,,False,False,False,True,1740.170732999104,372.817189771862,1963.65625,0.5746562570194168,,,1,1
plate_chaudron/frontal/20260823T135713Z/frame_0007.jpg,20260823T135713Z,7,3.5,akaze,E,magsac,magsac,False,plate_chaudron,plate_chaudron,frontal,True,False,True,False,1647.7361259894678,True,False,4.2713799921330065,319,205,0.6426332288401254,0.9843635559082031,297935.45267924655,True,plate_chaudron,,0.9715639810426541,,,plate_chaudron,plate_chaudron,False,0.6239165142176437,0.55,True,False,False,False,1661.826312993071,371.1129756329626,1963.65625,0.6017476027316758,,,0,1
plate_chaudron/frontal/20260823T135713Z/frame_0008.jpg,20260823T135713Z,8,4.0,akaze,E,magsac,magsac,False,plate_chaudron,plate_chaudron,frontal,True,False,True,False,1679.771940005594,True,False,4.282491005142219,309,212,0.686084142394822,0.9721047878265381,300192.54654454807,True,plate_chaudron,,0.9724770642201835,,,plate_chaudron,plate_chaudron,False,0.617358051135549,0.55,True,False,False,False,1693.9014599920483,371.3508745679733,1963.65625,0.5903531129872774,,,0,1
plate_chaudron/frontal/20260823T135713Z/frame_0009.jpg,20260823T135713Z,9,4.5,akaze,E,magsac,magsac,False,plate_chaudron,plate_chaudron,frontal,True,False,True,False,1639.3461459956598,True,False,4.273787999409251,291,198,0.6804123711340206,0.9239151477813721,298919.71760577755,True,plate_chaudron,,0.9705882352941176,,,plate_chaudron,plate_chaudron,False,0.6208437769024935,0.55,True,False,False,False,1653.430924998247,370.7018265674683,1963.65625,0.6048030098391078,,,0,1
plate_chaudron/frontal/20260823T135713Z/frame_0010.jpg,20260823T135713Z,10,5.0,akaze,E,magsac,magsac,False,plate_chaudron,plate_chaudron,frontal,True,False,True,False,1642.9367730015656,True,False,4.3281760008540004,313,208,0.6645367412140575,0.9587945938110352,298864.06450396264,True,plate_chaudron,plate_vampire,0.9719626168224299,0.5384615384615384,0.43350107836089147,plate_chaudron,plate_chaudron,False,0.6239341401089555,0.55,True,False,False,False,1657.1635690052062,370.4821456270424,1963.65625,0.6034407337353542,,,0,1
plate_chaudron/frontal/20260823T135713Z/frame_0011.jpg,20260823T135713Z,11,5.5,akaze,E,magsac,magsac,False,plate_chaudron,,frontal,True,False,False,True,1655.9116530115716,False,True,0.001110995071940124,0,0,0.0,,,False,,,,,,,,False,0.0,,False,False,False,True,1665.6861820083577,372.13415353704323,1963.65625,0.6003531822508583,,,1,1
plate_chaudron/frontal/20260823T135713Z/frame_0012.jpg,20260823T135713Z,12,6.0,akaze,E,magsac,magsac,False,plate_chaudron,plate_chaudron,frontal,True,False,True,False,1646.6836769977817,True,False,4.2645840003388,304,211,0.694078947368421,0.987861156463623,298824.389502179,True,plate_chaudron,,0.9723502304147466,,,plate_chaudron,plate_chaudron,False,0.6301826479704229,0.55,True,False,False,False,1660.7899189984892,371.2831285559898,1963.65625,0.6021231153685186,,,0,1
plate_chaudron/frontal/20260823T135713Z/frame_0013.jpg,20260823T135713Z,13,6.5,akaze,E,magsac,magsac,False,plate_chaudron,plate_chaudron,frontal,False,True,True,False,2488.8337300071726,True,False,4.279768996639177,261,179,0.685823754789272,1.0666561126708984,294530.6488932476,True,plate_chaudron,,0.9675675675675676,,,plate_chaudron,plate_chaudron,False,0.6131494347710749,0.55,True,False,False,False,2503.5727649956243,375.92933129772825,1963.65625,0.3994291733724575,,,0,1
plate_chaudron/frontal/20260823T135713Z/frame_0014.jpg,20260823T135713Z,14,7.0,akaze,E,magsac,magsac,False,plate_chaudron,plate_chaudron,frontal,True,False,True,False,1629.4168280001031,True,False,4.2787870042957366,318,219,0.6886792452830188,0.971432089805603,293639.3826912791,True,plate_chaudron,,0.9733333333333334,,,plate_chaudron,plate_chaudron,False,0.6315570542259668,0.55,True,False,False,False,1643.4231090097455,370.68716008688114,1963.65625,0.6084860280457879,,,0,1
plate_chaudron/frontal/20260823T135713Z/frame_0015.jpg,20260823T135713Z,15,7.5,akaze,E,magsac,magsac,False,plate_chaudron,plate_chaudron,frontal,True,False,True,False,1610.1378979947185,True,False,4.301934997783974,293,205,0.6996587030716723,0.9632298946380615,295876.8614635202,True,plate_chaudron,,0.9715639810426541,,,plate_chaudron,plate_chaudron,False,0.6268533846646078,0.55,True,False,False,False,1624.2726589989616,371.03269691891035,1963.65625,0.6156601814724256,,,0,1
plate_chaudron/frontal/20260823T135713Z/frame_0016.jpg,20260823T135713Z,16,8.0,akaze,E,magsac,magsac,False,plate_chaudron,plate_chaudron,frontal,True,False,True,False,1576.515485998243,True,False,4.2915459926007316,296,201,0.6790540540540541,0.9951131939888,293330.0877776828,True,plate_chaudron,,0.9710144927536232,,,plate_chaudron,plate_chaudron,False,0.6298402393843318,0.55,True,False,False,False,1590.534340008162,369.8320415999123,1963.65625,0.6287195283032169,,,0,1
plate_chaudron/frontal/20260823T135713Z/frame_0017.jpg,20260823T135713Z,17,8.5,akaze,E,magsac,magsac,False,plate_chaudron,,frontal,True,False,False,True,1599.8634659918025,False,True,0.0007589987944811583,0,0,0.0,,,False,,,,,,,,False,0.0,,False,False,False,True,1609.6341259981273,370.9613668446073,1963.65625,0.6212591941537673,,,1,1
plate_chaudron/frontal/20260823T135713Z/frame_0018.jpg,20260823T135713Z,18,9.0,akaze,E,magsac,magsac,False,plate_chaudron,,frontal,True,False,False,True,1683.991206009523,False,True,0.0007399939931929111,0,0,0.0,,,False,,,,,,,,False,0.0,,False,False,False,True,1693.8246429926949,372.1428435391595,1963.65625,0.5903798862160685,,,2,2
plate_chaudron/frontal/20260823T135713Z/frame_0019.jpg,20260823T135713Z,19,9.5,akaze,E,magsac,magsac,False,plate_chaudron,,frontal,True,False,False,True,1659.737973997835,False,True,0.0007040071068331599,0,0,0.0,,,False,,,,,,,,False,0.0,,False,False,False,True,1669.5310960058123,372.5568896488927,1963.65625,0.5989705746675824,,,3,3
plate_chaudron/main_sur_bord/20260823T135744Z/frame_0000.jpg,20260823T135744Z,0,0.0,akaze,E,magsac,magsac,False,plate_chaudron,,main_sur_bord,False,True,False,True,2787.382181995781,False,True,0.0010369985830038786,0,0,0.0,,,False,,,,,,,,False,0.0,,False,False,False,True,2798.330851990613,379.2910091545974,1963.65625,0.3573558856661437,,,1,1
plate_chaudron/main_sur_bord/20260823T135744Z/frame_0001.jpg,20260823T135744Z,1,0.5,akaze,E,magsac,magsac,False,plate_chaudron,,main_sur_bord,False,True,False,True,2787.4967039970215,False,True,0.0012220116332173347,0,0,0.0,,,False,,,,,,,,False,0.0,,False,False,False,True,2798.461206999491,379.6665669127474,1963.65625,0.3573392396860129,,,2,2
plate_chaudron/main_sur_bord/20260823T135744Z/frame_0002.jpg,20260823T135744Z,2,1.0,akaze,E,magsac,magsac,False,plate_chaudron,,main_sur_bord,False,True,True,False,2816.0946349962614,False,True,4.273787999409251,46,7,0.15217391304347827,0.0006724695558659732,6336.968790932908,True,plate_vampire,,0.5384615384615384,,,,plate_vampire,False,0.05938430048706407,0.55,False,False,False,True,2831.5929059899645,378.71076277650434,1963.65625,0.35315811036416833,,,3,3
plate_chaudron/main_sur_bord/20260823T135744Z/frame_0003.jpg,20260823T135744Z,3,1.5,akaze,E,magsac,magsac,False,plate_chaudron,,main_sur_bord,False,True,True,False,2754.0502400079276,False,True,7.0150300016393885,73,8,0.1095890410958904,0.10274436324834824,1157.3814151640981,True,plate_bois,,0.5714285714285714,,,,plate_bois,False,0.09411165450403845,0.55,False,False,False,True,2771.881515000132,377.90016955322716,1963.65625,0.3607657811448526,,,4,4
plate_chaudron/main_sur_bord/20260823T135744Z/frame_0004.jpg,20260823T135744Z,4,2.0,akaze,E,magsac,magsac,False,plate_chaudron,,main_sur_bord,False,True,False,True,2814.92496500141,False,True,0.0012590026017278433,0,0,0.0,,,False,,,,,,,,False,0.0,,False,False,False,True,2826.0012089886004,379.2848671086094,1963.65625,0.35385689037192264,,,5,5
plate_chaudron/main_sur_bord/20260823T135744Z/frame_0005.jpg,20260823T135744Z,5,2.5,akaze,E,magsac,magsac,False,plate_chaudron,,main_sur_bord,False,True,False,True,2785.34269600641,False,True,0.0007219932740554214,0,0,0.0,,,False,,,,,,,,False,0.0,,False,False,False,True,2796.393550990615,379.3999345064184,1963.65625,0.35760345665428694,,,6,6
plate_chaudron/main_sur_bord/20260823T135744Z/frame_0006.jpg,20260823T135744Z,6,3.0,akaze,E,magsac,magsac,False,plate_chaudron,,main_sur_bord,False,True,False,True,2721.498441998847,False,True,0.00100000761449337,0,0,0.0,,,False,,,,,,,,False,0.0,,False,False,False,True,2732.4357420002343,378.8451746873202,1963.65625,0.3659738396146021,,,7,7
plate_chaudron/main_sur_bord/20260823T135744Z/frame_0007.jpg,20260823T135744Z,7,3.5,akaze,E,magsac,magsac,False,plate_chaudron,,main_sur_bord,False,True,False,True,2698.196632001782,False,True,0.0010920048225671053,0,0,0.0,,,False,,,,,,,,False,0.0,,False,False,False,True,2709.0285449958174,378.3802621768366,1963.65625,0.36913601440162896,,,8,8
plate_chaudron/main_sur_bord/20260823T135744Z/frame_0008.jpg,20260823T135744Z,8,4.0,akaze,E,magsac,magsac,False,plate_chaudron,,main_sur_bord,False,True,False,True,2699.3501289980486,False,True,0.0007959897629916668,0,0,0.0,,,False,,,,,,,,False,0.0,,False,False,False,True,2710.1825779973296,378.73020077431596,1963.65625,0.3689788312117861,,,9,9
plate_chaudron/main_sur_bord/20260823T135744Z/frame_0009.jpg,20260823T135744Z,9,4.5,akaze,E,magsac,magsac,False,plate_chaudron,,main_sur_bord,False,True,False,True,2795.625311002368,False,True,0.0008329952834174037,0,0,0.0,,,False,,,,,,,,False,0.0,,False,False,False,True,2806.7797030089423,379.17083576567995,1963.65625,0.35628018790643723,,,10,10
plate_chaudron/main_sur_bord/20260823T135744Z/frame_0010.jpg,20260823T135744Z,10,5.0,akaze,E,magsac,magsac,False,plate_chaudron,plate_chaudron,main_sur_bord,False,True,True,False,2789.1535789967747,True,False,4.288398005883209,243,142,0.5843621399176955,1.1780319213867188,372731.01457716315,True,plate_chaudron,plate_vampire,0.9594594594594594,0.5,0.45945945945945943,plate_chaudron,plate_chaudron,False,0.6088930542451275,0.55,True,False,False,False,2804.693812999176,378.2045468505924,1963.65625,0.35654515846443086,5.0,,0,10
plate_chaudron/main_sur_bord/20260823T135744Z/frame_0011.jpg,20260823T135744Z,11,5.5,akaze,E,magsac,magsac,False,plate_chaudron,plate_chaudron,main_sur_bord,False,True,True,False,2769.679819000885,True,False,4.177528011496179,229,133,0.5807860262008734,1.2668681144714355,374459.9256144813,True,plate_chaudron,,0.9568345323741008,,,plate_chaudron,plate_chaudron,False,0.5993949026973932,0.55,True,False,False,False,2784.810684999684,378.6885353752932,1963.65625,0.3590908370850759,,,0,10
plate_chaudron/main_sur_bord/20260823T135744Z/frame_0012.jpg,20260823T135744Z,12,6.0,akaze,E,magsac,magsac,False,plate_chaudron,,main_sur_bord,False,True,False,True,2770.793870993657,False,True,0.0008700008038431406,0,0,0.0,,,False,,,,,,,,False,0.0,,False,False,False,True,2781.702560998383,379.17226772851967,1963.65625,0.35949206576604265,,,1,10
plate_chaudron/main_sur_bord/20260823T135744Z/frame_0013.jpg,20260823T135744Z,13,6.5,akaze,E,magsac,magsac,False,plate_chaudron,,main_sur_bord,False,True,True,False,2302.9577209963463,False,True,4.271491008694284,164,71,0.4329268292682927,1.5575636625289917,371714.507855312,True,plate_chaudron,,0.922077922077922,,,,plate_chaudron,False,0.4962768645843283,0.55,False,False,False,True,2317.453794996254,374.6260771086424,1963.65625,0.43150806378930046,,,2,10
plate_chaudron/main_sur_bord/20260823T135744Z/frame_0014.jpg,20260823T135744Z,14,7.0,akaze,E,magsac,magsac,False,plate_chaudron,,main_sur_bord,False,True,False,True,2819.142344989814,False,True,0.0008890056051313877,0,0,0.0,,,False,,,,,,,,False,0.0,,False,False,False,True,2830.619957007002,379.7013710510398,1963.65625,0.3532794989043195,,,3,10
plate_chaudron/main_sur_bord/20260823T135744Z/frame_0015.jpg,20260823T135744Z,15,7.5,akaze,E,magsac,magsac,False,plate_chaudron,,main_sur_bord,False,True,False,True,2764.0148689970374,False,True,0.0011849915608763695,0,0,0.0,,,False,,,,,,,,False,0.0,,False,False,False,True,2774.9778180004796,378.5874388924006,1963.65625,0.36036324092873423,,,4,10
plate_chaudron/main_sur_bord/20260823T135744Z/frame_0016.jpg,20260823T135744Z,16,8.0,akaze,E,magsac,magsac,False,plate_chaudron,,main_sur_bord,False,True,False,True,1668.5760660038795,False,True,0.0009450013749301434,0,0,0.0,,,False,,,,,,,,False,0.0,,False,False,False,True,1677.9774309979985,366.2613133804022,1963.65625,0.5959555721826588,,,5,10
plate_chaudron/main_sur_bord/20260823T135744Z/frame_0017.jpg,20260823T135744Z,17,8.5,akaze,E,magsac,magsac,False,plate_chaudron,,main_sur_bord,False,True,False,True,2574.110367000685,False,True,0.0008520000847056508,0,0,0.0,,,False,,,,,,,,False,0.0,,False,False,False,True,2584.7719840094214,378.12861000757067,1963.65625,0.38688132113256263,,,6,10
plate_chaudron/main_sur_bord/20260823T135744Z/frame_0018.jpg,20260823T135744Z,18,9.0,akaze,E,magsac,magsac,False,plate_chaudron,,main_sur_bord,False,True,True,False,2223.363650002284,False,True,7.0355290081351995,99,8,0.08080808080808081,0.03840528056025505,1751.650749327615,True,plate_bois,,0.5714285714285714,,,,plate_bois,False,0.08885259836810218,0.55,False,False,False,True,2240.4438930097967,372.97977048533386,1963.65625,0.44634012175891047,,,7,10
plate_chaudron/main_sur_bord/20260823T135744Z/frame_0019.jpg,20260823T135744Z,19,9.5,akaze,E,magsac,magsac,False,plate_chaudron,,main_sur_bord,False,True,False,True,2073.1309829861857,False,True,0.0009079958545044065,0,0,0.0,,,False,,,,,,,,False,0.0,,False,False,False,True,2083.0878280103207,372.64313907559995,1963.65625,0.4800565710929042,,,8,10
plate_chaudron/occlusion_angle/20260823T135821Z/frame_0000.jpg,20260823T135821Z,0,0.0,akaze,E,magsac,magsac,False,plate_chaudron,plate_chaudron,occlusion_angle,False,True,True,False,2827.403534000041,True,False,4.2667509987950325,246,161,0.6544715447154471,1.1534991264343262,330245.35332831816,True,plate_chaudron,plate_dague,0.9640718562874252,0.5,0.4640718562874252,plate_chaudron,plate_chaudron,False,0.5532479476341781,0.55,True,False,False,False,2842.4387150007533,378.7889961243149,1963.65625,0.3518105754479688,0.0,,0,0
plate_chaudron/occlusion_angle/20260823T135821Z/frame_0001.jpg,20260823T135821Z,1,0.5,akaze,E,magsac,magsac,False,plate_chaudron,plate_chaudron,occlusion_angle,False,True,True,False,2932.4273850070313,True,False,4.212528001517057,272,190,0.6985294117647058,0.9247502088546753,327670.55048195436,True,plate_chaudron,,0.9693877551020408,,,plate_chaudron,plate_chaudron,False,0.5678701625507893,0.55,True,False,False,False,2947.654268995393,379.4894503625771,1963.65625,0.33925281214910447,,,0,0
plate_chaudron/occlusion_angle/20260823T135821Z/frame_0002.jpg,20260823T135821Z,2,1.0,akaze,E,magsac,magsac,False,plate_chaudron,,occlusion_angle,False,True,True,False,2748.0275859998073,False,True,4.252990998793393,220,149,0.6772727272727272,1.1000720262527466,335856.605527267,True,plate_chaudron,,0.9612903225806452,,,,plate_chaudron,False,0.5342805836081597,0.55,False,False,False,True,2762.8706569958013,378.5154229902272,1963.65625,0.36194238679538726,,,1,1
plate_chaudron/occlusion_angle/20260823T135821Z/frame_0003.jpg,20260823T135821Z,3,1.5,akaze,E,magsac,magsac,False,plate_chaudron,plate_chaudron,occlusion_angle,False,True,True,False,2794.1018129931763,True,False,4.2518069967627525,230,153,0.6652173913043479,1.053635835647583,328883.7552841093,True,plate_chaudron,,0.9622641509433962,,,plate_chaudron,plate_chaudron,False,0.5516990405242487,0.55,True,False,False,False,2809.089087997563,378.56555598172855,1963.65625,0.3559872857976327,,,0,1
plate_chaudron/occlusion_angle/20260823T135821Z/frame_0004.jpg,20260823T135821Z,4,2.0,akaze,E,magsac,magsac,False,plate_chaudron,plate_chaudron,occlusion_angle,False,True,True,False,2938.6727820092347,True,False,4.129695997107774,250,179,0.716,0.8749837279319763,328164.5126564922,True,plate_chaudron,,0.9675675675675676,,,plate_chaudron,plate_chaudron,False,0.5542059078530279,0.55,True,False,False,False,2953.768797000521,379.71994749179504,1963.65625,0.3385505328025251,,,0,1
plate_chaudron/occlusion_angle/20260823T135821Z/frame_0005.jpg,20260823T135821Z,5,2.5,akaze,E,magsac,magsac,False,plate_chaudron,,occlusion_angle,False,True,True,False,2765.195746003883,False,True,4.269843004294671,249,157,0.6305220883534136,0.9759783148765564,322674.6741939706,True,plate_chaudron,,0.9631901840490797,,,,plate_chaudron,False,0.5459349935882928,0.55,False,False,False,True,2780.2826870029094,378.1718254100931,1963.65625,0.3596756562470202,,,1,1
plate_chaudron/occlusion_angle/20260823T135821Z/frame_0006.jpg,20260823T135821Z,6,3.0,akaze,E,magsac,magsac,False,plate_chaudron,,occlusion_angle,False,True,True,False,2856.82718300086,False,True,4.197770002065226,269,172,0.6394052044609665,1.1210823059082031,327359.2286496612,True,plate_chaudron,,0.9662921348314607,,,,plate_chaudron,False,0.5446010607675367,0.55,False,False,False,True,2871.977289003553,378.8591499195141,1963.65625,0.3481921684509403,,,2,2
plate_chaudron/occlusion_angle/20260823T135821Z/frame_0007.jpg,20260823T135821Z,7,3.5,akaze,E,magsac,magsac,False,plate_chaudron,,occlusion_angle,False,True,True,False,2847.8142999956617,False,True,4.176899004960433,248,157,0.6330645161290323,1.078823208808899,327285.5454639029,True,plate_chaudron,,0.9631901840490797,,,,plate_chaudron,False,0.5415472397117822,0.55,False,False,False,True,2862.754777990631,379.0696841179507,1963.65625,0.34931388733962765,,,3,3
plate_chaudron/occlusion_angle/20260823T135821Z/frame_0008.jpg,20260823T135821Z,8,4.0,akaze,E,magsac,magsac,False,plate_chaudron,,occlusion_angle,False,True,True,False,2754.293604011764,False,True,4.290862008929253,229,141,0.6157205240174672,1.3596227169036865,328718.1062844793,True,plate_chaudron,,0.9591836734693877,,,,plate_chaudron,False,0.5181502911579074,0.55,False,False,False,True,2769.3440259899944,378.34518224054455,1963.65625,0.3610963428938796,,,4,4
plate_chaudron/occlusion_angle/20260823T135821Z/frame_0009.jpg,20260823T135821Z,9,4.5,akaze,E,magsac,magsac,False,plate_chaudron,,occlusion_angle,False,True,True,False,2930.8671839971794,False,True,4.246936005074531,235,163,0.6936170212765957,0.7748849391937256,325127.1547729721,True,plate_chaudron,,0.9644970414201184,,,,plate_chaudron,False,0.5471997922017696,0.55,False,False,False,True,2945.9209400083637,379.50883780231163,1963.65625,0.3394524226428021,,,5,5
plate_chaudron/occlusion_angle/20260823T135821Z/frame_0010.jpg,20260823T135821Z,10,5.0,akaze,E,magsac,magsac,False,plate_chaudron,,occlusion_angle,False,True,True,False,2819.0461969934404,False,True,4.282620997400954,251,156,0.6215139442231076,1.029719352722168,321069.4598340605,True,plate_chaudron,plate_bois,0.9629629629629629,0.5,0.4629629629629629,,plate_chaudron,False,0.5314605450302454,0.55,False,False,False,True,2834.186137013603,378.44797544956367,1963.65625,0.3528349768352566,,,6,6
plate_chaudron/occlusion_angle/20260823T135821Z/frame_0011.jpg,20260823T135821Z,11,5.5,akaze,E,magsac,magsac,False,plate_chaudron,,occlusion_angle,False,True,True,False,2821.318889997201,False,True,4.275972009054385,254,162,0.6377952755905512,0.9812623262405396,320812.29917284346,True,plate_chaudron,,0.9642857142857143,,,,plate_chaudron,False,0.5407821154015939,0.55,False,False,False,True,2836.6182739991928,378.5481958720381,1963.65625,0.35253245357901286,,,7,7
plate_chaudron/occlusion_angle/20260823T135821Z/frame_0012.jpg,20260823T135821Z,12,6.0,akaze,E,magsac,magsac,False,plate_chaudron,,occlusion_angle,False,True,True,False,2818.0606180103496,False,True,4.141954996157438,244,154,0.6311475409836066,0.7999082207679749,327751.1318494046,True,plate_chaudron,plate_bougie,0.9625,0.5,0.4625,,plate_chaudron,False,0.5285064398006274,0.55,False,False,False,True,2833.247187008965,378.5223914868216,1963.65625,0.35295190782689584,,,8,8
plate_chaudron/occlusion_angle/20260823T135821Z/frame_0013.jpg,20260823T135821Z,13,6.5,akaze,E,magsac,magsac,False,plate_chaudron,,occlusion_angle,False,True,True,False,2913.802585011581,False,True,4.22262201027479,234,161,0.688034188034188,0.8755343556404114,331745.25156278023,True,plate_chaudron,,0.9640718562874252,,,,plate_chaudron,False,0.5383327628014631,0.55,False,False,False,True,2929.0520810027374,379.1432801426259,1963.65625,0.3414073810724656,,,9,9
plate_chaudron/occlusion_angle/20260823T135821Z/frame_0014.jpg,20260823T135821Z,14,7.0,akaze,E,magsac,magsac,False,plate_chaudron,,occlusion_angle,False,True,True,False,2869.668332001311,False,True,4.277195010217838,234,158,0.6752136752136753,1.095078468322754,331543.8754887583,True,plate_chaudron,,0.9634146341463414,,,,plate_chaudron,False,0.5407527564034446,0.55,False,False,False,True,2884.930328000337,378.97706665165185,1963.65625,0.34662882160247555,,,10,10
plate_chaudron/occlusion_angle/20260823T135821Z/frame_0015.jpg,20260823T135821Z,15,7.5,akaze,E,magsac,magsac,False,plate_chaudron,,occlusion_angle,False,True,True,False,2796.732745002373,False,True,4.2131959926337,229,149,0.6506550218340611,1.2628214359283447,343745.30412754207,True,plate_chaudron,,0.9612903225806452,,,,plate_chaudron,False,0.5250076868111311,0.55,False,False,False,True,2811.958018995938,378.61799134546237,1963.65625,0.3556240858663561,,,11,11
plate_chaudron/occlusion_angle/20260823T135821Z/frame_0016.jpg,20260823T135821Z,16,8.0,akaze,E,magsac,magsac,False,plate_chaudron,,occlusion_angle,False,True,True,False,2704.4195780035807,False,True,4.124472994590178,205,119,0.5804878048780487,1.1891528367996216,347535.0146523026,True,plate_chaudron,plate_vampire,0.952,0.5,0.45199999999999996,,plate_chaudron,False,0.5050964848874526,0.55,False,False,False,True,2719.283946993528,377.84435389175985,1963.65625,0.367743869155559,,,12,12
plate_chaudron/occlusion_angle/20260823T135821Z/frame_0017.jpg,20260823T135821Z,17,8.5,akaze,E,magsac,magsac,False,plate_chaudron,,occlusion_angle,False,True,True,False,2825.109108001925,False,True,4.250769008649513,240,148,0.6166666666666667,1.0834463834762573,351614.24474661966,True,plate_chaudron,,0.961038961038961,,,,plate_chaudron,False,0.5394455572908542,0.55,False,False,False,True,2840.3866779990494,378.94243183051026,1963.65625,0.35206474095437745,,,13,13
plate_chaudron/occlusion_angle/20260823T135821Z/frame_0018.jpg,20260823T135821Z,18,9.0,akaze,E,magsac,magsac,False,plate_chaudron,,occlusion_angle,False,True,True,False,2784.7207579907263,False,True,4.127937005250715,221,141,0.6380090497737556,1.1510142087936401,358637.7446417078,True,plate_chaudron,,0.9591836734693877,,,,plate_chaudron,False,0.5290015487068089,0.55,False,False,False,True,2799.8939210083336,378.7728593010682,1963.65625,0.35715638813911466,,,14,14
plate_chaudron/occlusion_angle/20260823T135821Z/frame_0019.jpg,20260823T135821Z,19,9.5,akaze,E,magsac,magsac,False,plate_chaudron,plate_chaudron,occlusion_angle,False,True,True,False,2838.504493003711,True,False,4.148196007008664,243,159,0.654320987654321,1.1583575010299683,364556.8570025135,True,plate_chaudron,,0.9636363636363636,,,plate_chaudron,plate_chaudron,False,0.5522017661160764,0.55,True,False,False,False,2853.8872089993674,378.98196364922387,1963.65625,0.35039927185861736,,,0,14
plate_dague/frontal/20260823T135916Z/frame_0000.jpg,20260823T135916Z,0,0.0,akaze,E,magsac,magsac,False,plate_dague,plate_dague,frontal,True,False,True,False,1540.553964994615,True,False,4.225305994623341,275,173,0.6290909090909091,0.9736636281013489,352465.95095288206,True,plate_dague,,0.9664804469273743,,,plate_dague,plate_dague,False,0.589274829571167,0.55,True,False,False,False,1554.2954150005244,368.53465555636836,1963.65625,0.643378337444084,0.0,,0,0
plate_dague/frontal/20260823T135916Z/frame_0001.jpg,20260823T135916Z,1,0.5,akaze,E,magsac,magsac,False,plate_dague,plate_dague,frontal,True,False,True,False,1541.6273299924796,True,False,4.138492004130967,275,173,0.6290909090909091,0.9736636281013489,352465.95095288206,True,plate_dague,,0.9664804469273743,,,plate_dague,plate_dague,False,0.589274829571167,0.55,True,False,False,False,1555.400760989869,368.6633479818132,1963.65625,0.6429211204471781,,,0,0
plate_dague/frontal/20260823T135916Z/frame_0002.jpg,20260823T135916Z,2,1.0,akaze,E,magsac,magsac,False,plate_dague,,frontal,True,False,True,False,1578.4982810000656,False,True,4.122065991396084,58,6,0.10344827586206896,0.00046387873589992523,987.2608494227752,True,plate_chaudron,,0.5,,,,plate_chaudron,False,0.026986458858375858,0.55,False,False,False,True,1592.2973419947084,366.3493357774609,1963.65625,0.6280234059470805,,,1,1
plate_dague/frontal/20260823T135916Z/frame_0003.jpg,20260823T135916Z,3,1.5,akaze,E,magsac,magsac,False,plate_dague,,frontal,False,True,False,True,2274.683684008778,False,True,0.001481996150687337,0,0,0.0,,,False,,,,,,,,False,0.0,,False,False,False,True,2284.6736010105815,374.2661566718956,1963.65625,0.4376992842906178,,,2,2
plate_dague/frontal/20260823T135916Z/frame_0004.jpg,20260823T135916Z,4,2.0,akaze,E,magsac,magsac,False,plate_dague,,frontal,True,False,True,False,1585.818218998611,False,True,7.020789009402506,94,10,0.10638297872340426,0.027126336470246315,1826.3083839309402,True,plate_bois,,0.625,,,,plate_bois,False,0.04378987004892448,0.55,False,False,False,True,1602.4764649919234,368.26954909627875,1963.65625,0.6240341258335048,,,3,3
plate_dague/frontal/20260823T135916Z/frame_0005.jpg,20260823T135916Z,5,2.5,akaze,E,magsac,magsac,False,plate_dague,,frontal,True,False,False,True,1580.7276780105894,False,True,0.0009809882612898946,0,0,0.0,,,False,,,,,,,,False,0.0,,False,False,False,True,1590.4037650034297,370.5943256483745,1963.65625,0.6287711473053784,,,4,4
plate_dague/frontal/20260823T135916Z/frame_0006.jpg,20260823T135916Z,6,3.0,akaze,E,magsac,magsac,False,plate_dague,,frontal,True,False,False,True,1560.3704940003809,False,True,0.0010369985830038786,0,0,0.0,,,False,,,,,,,,False,0.0,,False,False,False,True,1570.0949699967168,370.3423848948329,1963.65625,0.636904148544652,,,5,5
plate_dague/frontal/20260823T135916Z/frame_0007.jpg,20260823T135916Z,7,3.5,akaze,E,magsac,magsac,False,plate_dague,,frontal,True,False,False,True,1583.5319769976195,False,True,0.0008520000847056508,0,0,0.0,,,False,,,,,,,,False,0.0,,False,False,False,True,1594.5594619988697,369.49671074753576,1963.65625,0.6271324612419558,,,6,6
plate_dague/frontal/20260823T135916Z/frame_0008.jpg,20260823T135916Z,8,4.0,akaze,E,magsac,magsac,False,plate_dague,plate_dague,frontal,False,True,True,False,2312.5128590036184,True,False,4.257713007973507,231,161,0.696969696969697,0.903964102268219,342889.6239341889,True,plate_dague,plate_chaudron,0.9640718562874252,0.5,0.4640718562874252,plate_dague,plate_dague,False,0.593730700553753,0.55,True,False,False,False,2325.987290998455,374.2076273453856,1963.65625,0.4299249629909797,,,0,6
plate_dague/frontal/20260823T135916Z/frame_0009.jpg,20260823T135916Z,9,4.5,akaze,E,magsac,magsac,False,plate_dague,,frontal,False,True,False,True,2281.8928329943446,False,True,0.0008329952834174037,0,0,0.0,,,False,,,,,,,,False,0.0,,False,False,False,True,2291.2852360022953,374.485101687768,1963.65625,0.4364362778964802,,,1,6
plate_dague/frontal/20260823T135916Z/frame_0010.jpg,20260823T135916Z,10,5.0,akaze,E,magsac,magsac,False,plate_dague,,frontal,True,False,False,True,1561.308973992709,False,True,0.0009069917723536491,0,0,0.0,,,False,,,,,,,,False,0.0,,False,False,False,True,1571.0583760082955,369.8687810547463,1963.65625,0.6365135855363785,,,2,6
plate_dague/frontal/20260823T135916Z/frame_0011.jpg,20260823T135916Z,11,5.5,akaze,E,magsac,magsac,False,plate_dague,,frontal,True,False,False,True,1551.259336003568,False,True,0.0011299998732283711,0,0,0.0,,,False,,,,,,,,False,0.0,,False,False,False,True,1560.843033992569,369.6556368157644,1963.65625,0.6406794137665741,,,3,6
plate_dague/frontal/20260823T135916Z/frame_0012.jpg,20260823T135916Z,12,6.0,akaze,E,magsac,magsac,False,plate_dague,,frontal,True,False,False,True,1550.3099170018686,False,True,0.0007229973562061787,0,0,0.0,,,False,,,,,,,,False,0.0,,False,False,False,True,1559.8971889994573,370.28343468614946,1963.65625,0.64106789027642,,,4,6
plate_dague/frontal/20260823T135916Z/frame_0013.jpg,20260823T135916Z,13,6.5,akaze,E,magsac,magsac,False,plate_dague,,frontal,True,False,False,True,1534.6836840035394,False,True,0.000667001586407423,0,0,0.0,,,False,,,,,,,,False,0.0,,False,False,False,True,1544.2374929989455,369.44765613226554,1963.65625,0.6475687868826293,,,5,6
plate_dague/frontal/20260823T135916Z/frame_0014.jpg,20260823T135916Z,14,7.0,akaze,E,magsac,magsac,False,plate_dague,plate_dague,frontal,True,False,True,False,1555.9113829949638,True,False,4.238751003867947,246,167,0.6788617886178862,0.874915599822998,166662.92545517677,True,plate_dague,,0.9653179190751445,,,plate_dague,plate_dague,False,0.8789037323577769,0.55,True,False,False,False,1569.6942590002436,368.4357194300297,1963.65625,0.6370667372109213,,,0,6
plate_dague/frontal/20260823T135916Z/frame_0015.jpg,20260823T135916Z,15,7.5,akaze,E,magsac,magsac,False,plate_dague,plate_dague,frontal,True,False,True,False,1469.2826390091795,True,False,4.261435999069363,242,149,0.6157024793388429,1.0716639757156372,334959.44478432427,True,plate_dague,,0.9612903225806452,,,plate_dague,plate_dague,False,0.5816457789988132,0.55,True,False,False,False,1483.1191069970373,366.8328516794273,1963.65625,0.674254680748306,,,0,6
plate_dague/frontal/20260823T135916Z/frame_0016.jpg,20260823T135916Z,16,8.0,akaze,E,magsac,magsac,False,plate_dague,plate_dague,frontal,False,True,True,False,2289.644515985856,True,False,4.303769004764035,260,170,0.6538461538461539,0.9325718283653259,330829.3363067275,True,plate_dague,,0.9659090909090909,,,plate_dague,plate_dague,False,0.5954754188672631,0.55,True,False,False,False,2303.1744489999255,374.3609629198287,1963.65625,0.4341833509112676,,,0,6
plate_dague/frontal/20260823T135916Z/frame_0017.jpg,20260823T135916Z,17,8.5,akaze,E,magsac,magsac,False,plate_dague,plate_dague,frontal,True,False,True,False,1538.3642939996207,True,False,4.2775290057761595,240,170,0.7083333333333334,0.9620113968849182,338858.5798449464,True,plate_dague,,0.9659090909090909,,,plate_dague,plate_dague,False,0.5834732130084352,0.55,True,False,False,False,1552.1002070017857,368.9867168475509,1963.65625,0.6442882975524592,,,0,6
plate_dague/frontal/20260823T135916Z/frame_0018.jpg,20260823T135916Z,18,9.0,akaze,E,magsac,magsac,False,plate_dague,,frontal,False,True,True,False,2342.3835180001333,False,True,8.350631993380375,49,7,0.14285714285714285,0.8861185908317566,10302.19911866833,True,plate_bougie,plate_vampire,0.5384615384615384,0.5384615384615384,0.0,,plate_bougie,False,0.19870351225468091,0.55,False,False,False,True,2360.0329799955944,374.09924669853166,1963.65625,0.42372289221223797,,,1,6
plate_dague/frontal/20260823T135916Z/frame_0019.jpg,20260823T135916Z,19,9.5,akaze,E,magsac,magsac,False,plate_dague,plate_dague,frontal,True,False,True,False,1532.83523900609,True,False,4.269806013326161,279,175,0.6272401433691757,0.9031888842582703,161070.68652538932,True,plate_dague,,0.9668508287292817,,,plate_dague,plate_dague,False,0.8815644796492957,0.55,True,False,False,False,1546.6170029976638,368.3392310416154,1963.65625,0.6465724856650309,,,0,6
plate_dague/main_sur_bord/20260823T135957Z/frame_0000.jpg,20260823T135957Z,0,0.0,akaze,E,magsac,magsac,False,plate_dague,plate_dague,main_sur_bord,False,True,True,False,2651.8121659901226,True,False,4.128974003833719,203,138,0.6798029556650246,0.9212244749069214,126452.74609404395,True,plate_dague,,0.9583333333333334,,,plate_dague,plate_dague,False,0.8548096109319577,0.55,True,False,False,False,2666.249333997257,377.9281046042891,1963.65625,0.37505869659263785,0.0,,0,0
plate_dague/main_sur_bord/20260823T135957Z/frame_0001.jpg,20260823T135957Z,1,0.5,akaze,E,magsac,magsac,False,plate_dague,plate_dague,main_sur_bord,False,True,True,False,2452.2324739955366,True,False,4.273843005648814,178,97,0.5449438202247191,1.200600504875183,129444.26784141036,True,plate_dague,,0.941747572815534,,,plate_dague,plate_dague,False,0.8092455792275177,0.55,True,False,False,False,2467.551783993258,375.81143970937194,1963.65625,0.4052599854182968,,,0,0
plate_dague/main_sur_bord/20260823T135957Z/frame_0002.jpg,20260823T135957Z,2,1.0,akaze,E,magsac,magsac,False,plate_dague,plate_dague,main_sur_bord,False,True,True,False,2233.2289420010056,True,False,4.154473004746251,109,52,0.47706422018348627,1.810503363609314,129214.20630728919,True,plate_dague,,0.896551724137931,,,plate_dague,plate_dague,False,0.683234335061077,0.55,True,False,False,False,2247.267518992885,374.029728457381,1963.65625,0.4449848500672278,,,0,0
plate_dague/main_sur_bord/20260823T135957Z/frame_0003.jpg,20260823T135957Z,3,1.5,akaze,E,magsac,magsac,False,plate_dague,,main_sur_bord,False,True,False,True,2239.5994780090405,False,True,0.0009630020940676332,0,0,0.0,,,False,,,,,,,,False,0.0,,False,False,False,True,2252.264767012093,374.14210164905575,1963.65625,0.44399753290401256,,,1,1
plate_dague/main_sur_bord/20260823T135957Z/frame_0004.jpg,20260823T135957Z,4,2.0,akaze,E,magsac,magsac,False,plate_dague,,main_sur_bord,False,True,False,True,2593.9078960072948,False,True,0.0010739895515143871,0,0,0.0,,,False,,,,,,,,False,0.0,,False,False,False,True,2604.127200989751,378.0327471814384,1963.65625,0.38400581953904933,,,2,2
plate_dague/main_sur_bord/20260823T135957Z/frame_0005.jpg,20260823T135957Z,5,2.5,akaze,E,magsac,magsac,False,plate_dague,,main_sur_bord,False,True,False,True,2560.3774999908637,False,True,0.0008509960025548935,0,0,0.0,,,False,,,,,,,,False,0.0,,False,False,False,True,2570.815767001477,377.6162783660966,1963.65625,0.3889815881930622,,,3,3
plate_dague/main_sur_bord/20260823T135957Z/frame_0006.jpg,20260823T135957Z,6,3.0,akaze,E,magsac,magsac,False,plate_dague,,main_sur_bord,False,True,False,True,2149.739035012317,False,True,0.0007229973562061787,0,0,0.0,,,False,,,,,,,,False,0.0,,False,False,False,True,2159.509287987021,373.92897311995637,1963.65625,0.46306816347715113,,,4,4
plate_dague/main_sur_bord/20260823T135957Z/frame_0007.jpg,20260823T135957Z,7,3.5,akaze,E,magsac,magsac,False,plate_dague,,main_sur_bord,True,False,False,True,180.35979899286758,False,True,0.0008139904821291566,0,0,0.0,,,False,,,,,,,,False,0.0,,False,False,False,True,189.5198709971737,203.61177905529263,1963.65625,5.276491561219524,,,5,5
plate_dague/main_sur_bord/20260823T135957Z/frame_0008.jpg,20260823T135957Z,8,4.0,akaze,E,magsac,magsac,False,plate_dague,,main_sur_bord,True,False,False,True,187.15757101017516,False,True,0.0009070063242688775,0,0,0.0,,,False,,,,,,,,False,0.0,,False,False,False,True,197.0995080046123,209.48619160924275,1963.65625,5.073579381926206,,,6,6
plate_dague/main_sur_bord/20260823T135957Z/frame_0009.jpg,20260823T135957Z,9,4.5,akaze,E,magsac,magsac,False,plate_dague,,main_sur_bord,True,False,False,True,188.15378700674046,False,True,0.0007780035957694054,0,0,0.0,,,False,,,,,,,,False,0.0,,False,False,False,True,197.93755799764767,213.96791254978308,1963.65625,5.052098298655802,,,7,7
plate_dague/main_sur_bord/20260823T135957Z/frame_0010.jpg,20260823T135957Z,10,5.0,akaze,E,magsac,magsac,False,plate_dague,,main_sur_bord,True,False,False,True,192.51727699884214,False,True,0.0006850023055449128,0,0,0.0,,,False,,,,,,,,False,0.0,,False,False,False,True,202.07308800308965,213.57458693015715,1963.65625,4.9487045003474694,,,8,8
plate_dague/main_sur_bord/20260823T135957Z/frame_0011.jpg,20260823T135957Z,11,5.5,akaze,E,magsac,magsac,False,plate_dague,,main_sur_bord,True,False,False,True,191.48215500172228,False,True,0.0007399939931929111,0,0,0.0,,,False,,,,,,,,False,0.0,,False,False,False,True,201.0550940030953,214.28695907243568,1963.65625,4.973761072597369,,,9,9
plate_dague/main_sur_bord/20260823T135957Z/frame_0012.jpg,20260823T135957Z,12,6.0,akaze,E,magsac,magsac,False,plate_dague,,main_sur_bord,True,False,False,True,189.06735499331262,False,True,0.000667001586407423,0,0,0.0,,,False,,,,,,,,False,0.0,,False,False,False,True,198.67947901366279,213.05637356287707,1963.65625,5.033232445366097,,,10,10
plate_dague/main_sur_bord/20260823T135957Z/frame_0013.jpg,20260823T135957Z,13,6.5,akaze,E,magsac,magsac,False,plate_dague,,main_sur_bord,True,False,False,True,197.836595994886,False,True,0.0013700046110898256,0,0,0.0,,,False,,,,,,,,False,0.0,,False,False,False,True,207.52466400153935,220.42580249500233,1963.65625,4.81870434442714,,,11,11
plate_dague/main_sur_bord/20260823T135957Z/frame_0014.jpg,20260823T135957Z,14,7.0,akaze,E,magsac,magsac,False,plate_dague,,main_sur_bord,False,True,False,True,1873.199312001816,False,True,0.000943997292779386,0,0,0.0,,,False,,,,,,,,False,0.0,,False,False,False,True,1882.4879940075334,369.89190221483705,1963.65625,0.5312118872382026,,,12,12
plate_dague/main_sur_bord/20260823T135957Z/frame_0015.jpg,20260823T135957Z,15,7.5,akaze,E,magsac,magsac,False,plate_dague,,main_sur_bord,True,False,False,True,192.3993899981724,False,True,0.0007030030246824026,0,0,0.0,,,False,,,,,,,,False,0.0,,False,False,False,True,202.06329200300388,221.68387714580834,1963.65625,4.948944412848297,,,13,13
plate_dague/main_sur_bord/20260823T135957Z/frame_0016.jpg,20260823T135957Z,16,8.0,akaze,E,magsac,magsac,False,plate_dague,,main_sur_bord,False,True,False,True,1921.9338560069446,False,True,0.0007960043149068952,0,0,0.0,,,False,,,,,,,,False,0.0,,False,False,False,True,1931.5747570071835,370.7199663912744,1963.65625,0.5177122947855344,,,14,14
plate_dague/main_sur_bord/20260823T135957Z/frame_0017.jpg,20260823T135957Z,17,8.5,akaze,E,magsac,magsac,False,plate_dague,,main_sur_bord,False,True,False,True,1914.4246829964686,False,True,0.001038002665154636,0,0,0.0,,,False,,,,,,,,False,0.0,,False,False,False,True,1923.9450669992948,370.78291752508915,1963.65625,0.5197653598081481,,,15,15
plate_dague/main_sur_bord/20260823T135957Z/frame_0018.jpg,20260823T135957Z,18,9.0,akaze,E,magsac,magsac,False,plate_dague,,main_sur_bord,True,False,False,True,190.53141999756917,False,True,0.0008150091161951423,0,0,0.0,,,False,,,,,,,,False,0.0,,False,False,False,True,200.06595199811272,216.49529201442564,1963.65625,4.998351743576205,,,16,16
plate_dague/main_sur_bord/20260823T135957Z/frame_0019.jpg,20260823T135957Z,19,9.5,akaze,E,magsac,magsac,False,plate_dague,,main_sur_bord,True,False,False,True,193.43573600053787,False,True,0.0007400085451081395,0,0,0.0,,,False,,,,,,,,False,0.0,,False,False,False,True,202.84310200077016,214.91564697079056,1963.65625,4.929918691522491,,,17,17
plate_dague/occlusion_angle/20260823T140102Z/frame_0000.jpg,20260823T140102Z,0,0.0,akaze,E,magsac,magsac,False,plate_dague,,occlusion_angle,False,True,False,True,2649.83718500298,False,True,0.0008520000847056508,0,0,0.0,,,False,,,,,,,,False,0.0,,False,False,False,True,2660.0434529973427,378.44633123030826,1963.65625,0.3759337084787836,,,1,1
plate_dague/occlusion_angle/20260823T140102Z/frame_0001.jpg,20260823T140102Z,1,0.5,akaze,E,magsac,magsac,False,plate_dague,plate_dague,occlusion_angle,False,True,True,False,2684.9676499987254,True,False,4.236973007209599,239,158,0.6610878661087866,1.0822319984436035,294448.20584371424,True,plate_dague,,0.9634146341463414,,,plate_dague,plate_dague,False,0.565542769791782,0.55,True,False,False,False,2699.4957979914034,378.11579527537907,1963.65625,0.37043954680131885,0.5,,0,1
plate_dague/occlusion_angle/20260823T140102Z/frame_0002.jpg,20260823T140102Z,2,1.0,akaze,E,magsac,magsac,False,plate_dague,plate_dague,occlusion_angle,False,True,True,False,2662.187351990724,True,False,4.254843006492592,229,156,0.6812227074235808,1.0757884979248047,141429.35860057757,True,plate_dague,,0.9629629629629629,,,plate_dague,plate_dague,False,0.8157069679689295,0.55,True,False,False,False,2676.7144090117654,377.3640222129113,1963.65625,0.3735923401589925,,,0,1
plate_dague/occlusion_angle/20260823T140102Z/frame_0003.jpg,20260823T140102Z,3,1.5,akaze,E,magsac,magsac,False,plate_dague,plate_dague,occlusion_angle,False,True,True,False,2642.7085710020037,True,False,4.243250994477421,230,154,0.6695652173913044,1.0470730066299438,290468.3413263077,True,plate_dague,plate_cellule,0.9625,0.5714285714285714,0.3910714285714286,plate_dague,plate_dague,False,0.5704477752764587,0.55,True,False,False,False,2657.183202012675,377.47547336603975,1963.65625,0.37633837186783103,,,0,1
plate_dague/occlusion_angle/20260823T140102Z/frame_0004.jpg,20260823T140102Z,4,2.0,akaze,E,magsac,magsac,False,plate_dague,plate_dague,occlusion_angle,False,True,True,False,2618.743872997584,True,False,4.137807001825422,216,141,0.6527777777777778,1.1322096586227417,141800.00837267935,True,plate_dague,plate_vampire,0.9591836734693877,0.5,0.4591836734693877,plate_dague,plate_dague,False,0.8131299211686387,0.55,True,False,False,False,2633.0847829958657,377.0953815510171,1963.65625,0.3797826816887461,,,0,1
plate_dague/occlusion_angle/20260823T140102Z/frame_0005.jpg,20260823T140102Z,5,2.5,akaze,E,magsac,magsac,False,plate_dague,,occlusion_angle,False,True,True,False,2606.8350989953615,False,True,4.124380997382104,235,150,0.6382978723404256,1.126857042312622,300526.8076142758,True,plate_dague,,0.9615384615384616,,,,plate_dague,False,0.5441284902508028,0.55,False,False,False,True,2621.2050640024245,377.465248670469,1963.65625,0.3815039173139164,,,1,1
plate_dague/occlusion_angle/20260823T140102Z/frame_0006.jpg,20260823T140102Z,6,3.0,akaze,E,magsac,magsac,False,plate_dague,plate_dague,occlusion_angle,False,True,True,False,2488.8947760045994,True,False,4.134604008868337,186,113,0.6075268817204301,1.1830321550369263,150451.9897688912,True,plate_dague,plate_bois,0.9495798319327731,0.5384615384615384,0.41111829347123463,plate_dague,plate_dague,False,0.7729310697257201,0.55,True,False,False,False,2502.967037988128,376.31115708061344,1963.65625,0.39952583666614916,,,0,1
plate_dague/occlusion_angle/20260823T140102Z/frame_0007.jpg,20260823T140102Z,7,3.5,akaze,E,magsac,magsac,False,plate_dague,,occlusion_angle,False,True,True,False,2486.0767770005623,False,True,4.138047996093519,201,127,0.6318407960199005,1.266745686531067,304925.46989586286,True,plate_dague,,0.9548872180451128,,,,plate_dague,False,0.5017128603963463,0.55,False,False,False,True,2500.290373005555,375.98152344598407,1963.65625,0.39995354571473934,,,1,1
plate_dague/occlusion_angle/20260823T140102Z/frame_0008.jpg,20260823T140102Z,8,4.0,akaze,E,magsac,magsac,False,plate_dague,plate_dague,occlusion_angle,False,True,True,False,2419.1988140082685,True,False,4.141862998949364,130,66,0.5076923076923077,1.097330093383789,107747.02758870658,True,plate_dague,,0.9166666666666666,,,plate_dague,plate_dague,False,0.7646846565516774,0.55,True,False,False,False,2433.2683550019283,375.87961246438266,1963.65625,0.4109698784124481,,,0,1
plate_dague/occlusion_angle/20260823T140102Z/frame_0009.jpg,20260823T140102Z,9,4.5,akaze,E,magsac,magsac,False,plate_dague,plate_dague,occlusion_angle,False,True,True,False,2573.853837006027,True,False,4.129399996600114,173,99,0.5722543352601156,1.3326762914657593,237881.75097201014,True,plate_dague,,0.9428571428571428,,,plate_dague,plate_dague,False,0.5640537846693832,0.55,True,False,False,False,2588.13128300244,376.9166640450835,1963.65625,0.38637916344024087,,,0,1
plate_dague/occlusion_angle/20260823T140102Z/frame_0010.jpg,20260823T140102Z,10,5.0,akaze,E,magsac,magsac,False,plate_dague,plate_dague,occlusion_angle,False,True,True,False,2373.086906998651,True,False,4.215028995531611,150,80,0.5333333333333333,1.3637628555297852,125318.64833778364,True,plate_dague,plate_bois,0.9302325581395349,0.6666666666666666,0.26356589147286824,plate_dague,plate_dague,False,0.7330839854924913,0.55,True,False,False,False,2387.234965994139,374.84544548270856,1963.65625,0.4188946686207574,,,0,1
plate_dague/occlusion_angle/20260823T140102Z/frame_0011.jpg,20260823T140102Z,11,5.5,akaze,E,magsac,magsac,False,plate_dague,,occlusion_angle,False,True,True,False,2600.6089309958043,False,True,4.423231992404908,218,137,0.6284403669724771,1.0764826536178589,286155.2126106983,True,plate_dague,,0.958041958041958,,,,plate_dague,False,0.5305040134143365,0.55,False,False,False,True,2615.285892999964,376.93954555356027,1963.65625,0.3823673743190316,,,1,1
plate_dague/occlusion_angle/20260823T140102Z/frame_0012.jpg,20260823T140102Z,12,6.0,akaze,E,magsac,magsac,False,plate_dague,plate_dague,occlusion_angle,False,True,True,False,2457.7076160057914,True,False,4.122825994272716,181,117,0.6464088397790055,1.3021570444107056,134206.82324667834,True,plate_dague,,0.9512195121951219,,,plate_dague,plate_dague,False,0.7724456478800297,0.55,True,False,False,False,2472.0336549944477,376.1576482671346,1963.65625,0.4045252369358402,,,0,1
plate_dague/occlusion_angle/20260823T140102Z/frame_0013.jpg,20260823T140102Z,13,6.5,akaze,E,magsac,magsac,False,plate_dague,plate_dague,occlusion_angle,False,True,True,False,2660.748905997025,True,False,4.151825996814296,215,147,0.6837209302325581,1.0741780996322632,135468.50312268815,True,plate_dague,,0.9607843137254902,,,plate_dague,plate_dague,False,0.8122343961798084,0.55,True,False,False,False,2675.062352005625,377.8369916283165,1963.65625,0.37382306219899925,,,0,1
plate_dague/occlusion_angle/20260823T140102Z/frame_0014.jpg,20260823T140102Z,14,7.0,akaze,E,magsac,magsac,False,plate_dague,plate_dague,occlusion_angle,False,True,True,False,2421.485645987559,True,False,4.19567700009793,150,82,0.5466666666666666,1.382305383682251,129799.76022534631,True,plate_dague,,0.9318181818181818,,,plate_dague,plate_dague,False,0.7247070286316847,0.55,True,False,False,False,2435.7498150056927,375.51431726079204,1963.65625,0.4105511961201413,,,0,1
plate_dague/occlusion_angle/20260823T140102Z/frame_0015.jpg,20260823T140102Z,15,7.5,akaze,E,magsac,magsac,False,plate_dague,plate_dague,occlusion_angle,False,True,True,False,2697.4981219973415,True,False,4.125991996261291,221,124,0.5610859728506787,0.9800840616226196,259719.65292314027,True,plate_dague,,0.9538461538461539,,,plate_dague,plate_dague,False,0.57986490794054,0.55,True,False,False,False,2712.1068260021275,378.108104580694,1963.65625,0.36871703961384283,,,0,1
plate_dague/occlusion_angle/20260823T140102Z/frame_0016.jpg,20260823T140102Z,16,8.0,akaze,E,magsac,magsac,False,plate_dague,,occlusion_angle,False,True,True,False,2513.7888620083686,False,True,4.172585002379492,158,84,0.5316455696202531,1.5287411212921143,268630.4228959091,True,plate_dague,,0.9333333333333333,,,,plate_dague,False,0.5108410519527373,0.55,False,False,False,True,2528.069031002815,376.64836550063825,1963.65625,0.3955588188995487,,,1,1
plate_dague/occlusion_angle/20260823T140102Z/frame_0017.jpg,20260823T140102Z,17,8.5,akaze,E,magsac,magsac,False,plate_dague,plate_dague,occlusion_angle,False,True,True,False,2357.8285190014867,True,False,4.142602992942557,143,57,0.3986013986013986,1.6389329433441162,128232.97762520704,True,plate_dague,,0.9047619047619048,,,plate_dague,plate_dague,False,0.7137126840646429,0.55,True,False,False,False,2372.556276008254,375.22251914620233,1963.65625,0.4214863141971352,,,0,1
plate_dague/occlusion_angle/20260823T140102Z/frame_0018.jpg,20260823T140102Z,18,9.0,akaze,E,magsac,magsac,False,plate_dague,plate_dague,occlusion_angle,False,True,True,False,2412.9693190043326,True,False,4.127196007175371,150,69,0.46,1.7096043825149536,127791.72476248967,True,plate_dague,,0.92,,,plate_dague,plate_dague,False,0.6845349504004177,0.55,True,False,False,False,2427.3564869945403,375.55907081811705,1963.65625,0.4119708025408998,,,0,1
plate_dague/occlusion_angle/20260823T140102Z/frame_0019.jpg,20260823T140102Z,19,9.5,akaze,E,magsac,magsac,False,plate_dague,plate_dague,occlusion_angle,False,True,True,False,2668.8355160003994,True,False,4.123677994357422,178,112,0.6292134831460674,1.1841144561767578,127266.30123308068,True,plate_dague,,0.9491525423728814,,,plate_dague,plate_dague,False,0.7773753459778305,0.55,True,False,False,False,2683.1817780039273,377.8210502212349,1963.65625,0.37269185718155856,,,0,1
plate_vampire/frontal/20260823T135229Z/frame_0000.jpg,20260823T135229Z,0,0.0,akaze,E,magsac,magsac,False,plate_vampire,,frontal,True,False,True,False,2137.700175997452,False,True,4.14578799973242,54,7,0.12962962962962962,3.0517578125e-05,4148.73812910961,True,plate_bougie,,0.5384615384615384,,,,plate_bougie,False,0.26355195841243045,0.55,False,False,False,True,2152.2482319996925,375.9516710338964,1963.65625,0.4646304200100943,,,1,1
plate_vampire/frontal/20260823T135229Z/frame_0001.jpg,20260823T135229Z,1,0.5,akaze,E,magsac,magsac,False,plate_vampire,,frontal,True,False,False,True,2100.659727002494,False,True,0.00100000761449337,0,0,0.0,,,False,,,,,,,,False,0.0,,False,False,False,True,2111.013975998503,376.7574372991948,1963.65625,0.47370600638823485,,,2,2
plate_vampire/frontal/20260823T135229Z/frame_0002.jpg,20260823T135229Z,2,1.0,akaze,E,magsac,magsac,False,plate_vampire,,frontal,True,False,False,True,2053.6699509975733,False,True,0.000981992343440652,0,0,0.0,,,False,,,,,,,,False,0.0,,False,False,False,True,2063.982904990553,376.5252914745172,1963.65625,0.48450013688683,,,3,3
plate_vampire/frontal/20260823T135229Z/frame_0003.jpg,20260823T135229Z,3,1.5,akaze,E,magsac,magsac,False,plate_vampire,,frontal,True,False,False,True,2043.5344800062012,False,True,0.0007030030246824026,0,0,0.0,,,False,,,,,,,,False,0.0,,False,False,False,True,2053.814933009562,376.56001418136964,1963.65625,0.4868987871924019,,,4,4
plate_vampire/frontal/20260823T135229Z/frame_0004.jpg,20260823T135229Z,4,2.0,akaze,E,magsac,magsac,False,plate_vampire,,frontal,True,False,False,True,2135.4474000108894,False,True,0.001167005393654108,0,0,0.0,,,False,,,,,,,,False,0.0,,False,False,False,True,2145.6925390084507,376.72996415113073,1963.65625,0.46604999636253175,,,5,5
plate_vampire/frontal/20260823T135229Z/frame_0005.jpg,20260823T135229Z,5,2.5,akaze,E,magsac,magsac,False,plate_vampire,,frontal,True,False,False,True,2106.8644339975435,False,True,0.0010549993021413684,0,0,0.0,,,False,,,,,,,,False,0.0,,False,False,False,True,2117.2115730005316,376.63017639274494,1963.65625,0.4723193528470992,,,6,6
plate_vampire/frontal/20260823T135229Z/frame_0006.jpg,20260823T135229Z,6,3.0,akaze,E,magsac,magsac,False,plate_vampire,,frontal,True,False,True,False,2075.050173996715,False,True,4.143511003348976,65,8,0.12307692307692308,0.5188208222389221,2037.8243304410717,True,plate_bougie,,0.5714285714285714,,,,plate_bougie,False,0.12815506007809066,0.55,False,False,False,True,2089.3306020007003,375.799667725209,1963.65625,0.4786221955694424,,,7,7
plate_vampire/frontal/20260823T135229Z/frame_0007.jpg,20260823T135229Z,7,3.5,akaze,E,magsac,magsac,False,plate_vampire,,frontal,False,True,False,True,3042.701815997134,False,True,0.0008149945642799139,0,0,0.0,,,False,,,,,,,,False,0.0,,False,False,False,True,3053.8095049996627,380.25902011857556,1963.65625,0.32745984920238513,,,8,8
plate_vampire/frontal/20260823T135229Z/frame_0008.jpg,20260823T135229Z,8,4.0,akaze,E,magsac,magsac,False,plate_vampire,,frontal,True,False,False,True,2081.2899340089643,False,True,0.0009260111255571246,0,0,0.0,,,False,,,,,,,,False,0.0,,False,False,False,True,2091.518592002103,376.0120169179055,1963.65625,0.47812149689893574,,,9,9
plate_vampire/frontal/20260823T135229Z/frame_0009.jpg,20260823T135229Z,9,4.5,akaze,E,magsac,magsac,False,plate_vampire,,frontal,False,True,False,True,3098.0782299884595,False,True,0.0008329952834174037,0,0,0.0,,,False,,,,,,,,False,0.0,,False,False,False,True,3109.205753004062,380.9834368007191,1963.65625,0.3216255466637475,,,10,10
plate_vampire/frontal/20260823T135229Z/frame_0010.jpg,20260823T135229Z,10,5.0,akaze,E,magsac,magsac,False,plate_vampire,,frontal,False,True,True,False,3075.7830229995307,False,True,4.13054799719248,65,6,0.09230769230769231,3.68379769497551e-05,4453.263185101561,True,plate_bougie,,0.5,,,,plate_bougie,False,0.13023100786134292,0.55,False,False,False,True,3091.1423880024813,380.216568431683,1963.65625,0.3235049941022637,,,11,11
plate_vampire/frontal/20260823T135229Z/frame_0011.jpg,20260823T135229Z,11,5.5,akaze,E,magsac,magsac,False,plate_vampire,,frontal,False,True,False,True,3046.982393003418,False,True,0.0007409980753436685,0,0,0.0,,,False,,,,,,,,False,0.0,,False,False,False,True,3058.0892669968307,380.42783719736224,1963.65625,0.3270015727768605,,,12,12
plate_vampire/frontal/20260823T135229Z/frame_0012.jpg,20260823T135229Z,12,6.0,akaze,E,magsac,magsac,False,plate_vampire,,frontal,False,True,False,True,2970.318268999108,False,True,0.0008520000847056508,0,0,0.0,,,False,,,,,,,,False,0.0,,False,False,False,True,2981.329607006046,380.407408437797,1963.65625,0.3354208127977619,,,13,13
plate_vampire/frontal/20260823T135229Z/frame_0013.jpg,20260823T135229Z,13,6.5,akaze,E,magsac,magsac,False,plate_vampire,,frontal,False,True,True,False,3031.4407190016937,False,True,6.971641007112339,81,7,0.08641975308641975,0.000152587890625,2454.245611067803,True,plate_bois,,0.5384615384615384,,,,plate_bois,False,0.10036688629256235,0.55,False,False,False,True,3049.584288994083,379.48992496341134,1963.65625,0.3279135466460098,,,14,14
plate_vampire/frontal/20260823T135229Z/frame_0014.jpg,20260823T135229Z,14,7.0,akaze,E,magsac,magsac,False,plate_vampire,,frontal,False,True,True,False,3014.7679750079988,False,True,7.010696004726924,106,6,0.05660377358490566,0.14216074347496033,22898.111765345326,True,plate_bois,,0.5,,,,plate_bois,False,0.12111399806135328,0.55,False,False,False,True,3032.9068419960095,379.47106345757476,1963.65625,0.3297166883444011,,,15,15
plate_vampire/frontal/20260823T135229Z/frame_0015.jpg,20260823T135229Z,15,7.5,akaze,E,magsac,magsac,False,plate_vampire,,frontal,True,False,False,True,2151.0154889983824,False,True,0.0008700008038431406,0,0,0.0,,,False,,,,,,,,False,0.0,,False,False,False,True,2161.2316640093923,376.80633911742626,1963.65625,0.4626991250650371,,,16,16
plate_vampire/frontal/20260823T135229Z/frame_0016.jpg,20260823T135229Z,16,8.0,akaze,E,magsac,magsac,False,plate_vampire,,frontal,True,False,False,True,2168.753044999903,False,True,0.0008330098353326321,0,0,0.0,,,False,,,,,,,,False,0.0,,False,False,False,True,2178.929016998154,377.1366075211153,1963.65625,0.45894106333838736,,,17,17
plate_vampire/frontal/20260823T135229Z/frame_0017.jpg,20260823T135229Z,17,8.5,akaze,E,magsac,magsac,False,plate_vampire,,frontal,True,False,False,True,2182.071424991591,False,True,0.0007969938451424241,0,0,0.0,,,False,,,,,,,,False,0.0,,False,False,False,True,2192.3236189904856,377.41350584960014,1963.65625,0.4561370371316243,,,18,18
plate_vampire/frontal/20260823T135229Z/frame_0018.jpg,20260823T135229Z,18,9.0,akaze,E,magsac,magsac,False,plate_vampire,,frontal,False,True,False,True,2924.164481999469,False,True,0.0007040071068331599,0,0,0.0,,,False,,,,,,,,False,0.0,,False,False,False,True,2935.0598760065623,380.02183325732426,1963.65625,0.340708551867977,,,19,19
plate_vampire/frontal/20260823T135229Z/frame_0019.jpg,20260823T135229Z,19,9.5,akaze,E,magsac,magsac,False,plate_vampire,,frontal,False,True,False,True,3118.987162000849,False,True,0.0007399939931929111,0,0,0.0,,,False,,,,,,,,False,0.0,,False,False,False,True,3130.3631640039384,381.0233293105819,1963.65625,0.3194517529144877,,,20,20
plate_vampire/main_sur_bord/20260823T135336Z/frame_0000.jpg,20260823T135336Z,0,0.0,akaze,E,magsac,magsac,False,plate_vampire,,main_sur_bord,False,True,False,True,2669.716796997818,False,True,0.0007409980753436685,0,0,0.0,,,False,,,,,,,,False,0.0,,False,False,False,True,2680.386840002029,378.2083324581694,1963.65625,0.37308047669687966,,,1,1
plate_vampire/main_sur_bord/20260823T135336Z/frame_0001.jpg,20260823T135336Z,1,0.5,akaze,E,magsac,magsac,False,plate_vampire,,main_sur_bord,False,True,False,True,2940.3047210071236,False,True,0.0007030030246824026,0,0,0.0,,,False,,,,,,,,False,0.0,,False,False,False,True,2951.1294300027657,380.30809163763627,1963.65625,0.3388533182697659,,,2,2
plate_vampire/main_sur_bord/20260823T135336Z/frame_0002.jpg,20260823T135336Z,2,1.0,akaze,E,magsac,magsac,False,plate_vampire,,main_sur_bord,False,True,True,False,2777.7903970127227,False,True,6.839919995400123,97,6,0.061855670103092786,0.10933490097522736,5040.68320417346,True,plate_bois,,0.5,,,,plate_bois,False,0.11989172878085967,0.55,False,False,False,True,2795.3678780031623,378.37255848254796,1963.65625,0.35773466808037374,,,3,3
plate_vampire/main_sur_bord/20260823T135336Z/frame_0003.jpg,20260823T135336Z,3,1.5,akaze,E,magsac,magsac,False,plate_vampire,,main_sur_bord,False,True,False,True,2569.7568230098113,False,True,0.0008520000847056508,0,0,0.0,,,False,,,,,,,,False,0.0,,False,False,False,True,2580.154645998846,377.9599165159925,1963.65625,0.38757366793914544,,,4,4
plate_vampire/main_sur_bord/20260823T135336Z/frame_0004.jpg,20260823T135336Z,4,2.0,akaze,E,magsac,magsac,False,plate_vampire,,main_sur_bord,False,True,False,True,2471.6519260109635,False,True,0.0013889948604628444,0,0,0.0,,,False,,,,,,,,False,0.0,,False,False,False,True,2481.8516750092385,376.7329663230383,1963.65625,0.4029249652867662,,,5,5
plate_vampire/main_sur_bord/20260823T135336Z/frame_0005.jpg,20260823T135336Z,5,2.5,akaze,E,magsac,magsac,False,plate_vampire,,main_sur_bord,False,True,False,True,2949.08354600193,False,True,0.00100000761449337,0,0,0.0,,,False,,,,,,,,False,0.0,,False,False,False,True,2959.9569020065246,380.43320767157854,1963.65625,0.33784275687328763,,,6,6
plate_vampire/main_sur_bord/20260823T135336Z/frame_0006.jpg,20260823T135336Z,6,3.0,akaze,E,magsac,magsac,False,plate_vampire,,main_sur_bord,False,True,False,True,3090.530266999849,False,True,0.0010739895515143871,0,0,0.0,,,False,,,,,,,,False,0.0,,False,False,False,True,3101.6061039990745,380.8667127578989,1963.65625,0.3224136032975444,,,7,7
plate_vampire/main_sur_bord/20260823T135336Z/frame_0007.jpg,20260823T135336Z,7,3.5,akaze,E,magsac,magsac,False,plate_vampire,,main_sur_bord,False,True,False,True,2517.2308670007624,False,True,0.0009450013749301434,0,0,0.0,,,False,,,,,,,,False,0.0,,False,False,False,True,2527.502839002409,377.2421557303865,1963.65625,0.395647428983579,,,8,8
plate_vampire/main_sur_bord/20260823T135336Z/frame_0008.jpg,20260823T135336Z,8,4.0,akaze,E,magsac,magsac,False,plate_vampire,plate_vampire,main_sur_bord,False,True,True,False,2693.467682998744,True,False,4.122585000004619,252,158,0.626984126984127,1.370307207107544,352996.22770046256,True,plate_vampire,,0.9634146341463414,,,plate_vampire,plate_vampire,False,0.5610095886169559,0.55,True,False,False,False,2708.042034995742,377.9394775537841,1963.65625,0.36927048660142836,4.0,,0,8
plate_vampire/main_sur_bord/20260823T135336Z/frame_0009.jpg,20260823T135336Z,9,4.5,akaze,E,magsac,magsac,False,plate_vampire,plate_vampire,main_sur_bord,False,True,True,False,3025.4414070077473,True,False,4.224232005071826,314,227,0.7229299363057324,0.8442233204841614,347280.26884009095,True,plate_vampire,,0.9742489270386266,,,plate_vampire,plate_vampire,False,0.618489869748954,0.55,True,False,False,False,3040.4487199994037,380.1219734764143,1963.65625,0.32889882122405806,,,0,8
plate_vampire/main_sur_bord/20260823T135336Z/frame_0010.jpg,20260823T135336Z,10,5.0,akaze,E,magsac,magsac,False,plate_vampire,,main_sur_bord,False,True,False,True,3015.6456010008696,False,True,0.0007780035957694054,0,0,0.0,,,False,,,,,,,,False,0.0,,False,False,False,True,3026.351385997259,380.515692800326,1963.65625,0.3304308959716106,,,1,8
plate_vampire/main_sur_bord/20260823T135336Z/frame_0011.jpg,20260823T135336Z,11,5.5,akaze,E,magsac,magsac,False,plate_vampire,,main_sur_bord,False,True,False,True,3097.6281789917266,False,True,0.0007589987944811583,0,0,0.0,,,False,,,,,,,,False,0.0,,False,False,False,True,3108.589925002889,380.9571299112267,1963.65625,0.32168926237482764,,,2,8
plate_vampire/main_sur_bord/20260823T135336Z/frame_0012.jpg,20260823T135336Z,12,6.0,akaze,E,magsac,magsac,False,plate_vampire,,main_sur_bord,False,True,True,False,3070.296205987688,False,True,4.270362012903206,55,6,0.10909090909090909,0.09319339692592621,24028.796087348106,True,plate_dague,,0.5,,,,plate_dague,False,0.013713463490729872,0.55,False,False,False,True,3085.62231399992,380.41157165421214,1963.65625,0.3240837335998167,,,3,8
plate_vampire/main_sur_bord/20260823T135336Z/frame_0013.jpg,20260823T135336Z,13,6.5,akaze,E,magsac,magsac,False,plate_vampire,,main_sur_bord,False,True,False,True,2801.913250994403,False,True,0.0008149945642799139,0,0,0.0,,,False,,,,,,,,False,0.0,,False,False,False,True,2812.3691669898108,379.37843915490623,1963.65625,0.3555720962018437,,,4,8
plate_vampire/main_sur_bord/20260823T135336Z/frame_0014.jpg,20260823T135336Z,14,7.0,akaze,E,magsac,magsac,False,plate_vampire,,main_sur_bord,False,True,False,True,3092.6081640063785,False,True,0.0012590026017278433,0,0,0.0,,,False,,,,,,,,False,0.0,,False,False,False,True,3103.672538010869,380.9570307819062,1963.65625,0.32219893940257494,,,5,8
plate_vampire/main_sur_bord/20260823T135336Z/frame_0015.jpg,20260823T135336Z,15,7.5,akaze,E,magsac,magsac,False,plate_vampire,,main_sur_bord,False,True,False,True,3035.3076930041425,False,True,0.0008150091161951423,0,0,0.0,,,False,,,,,,,,False,0.0,,False,False,False,True,3046.1818650073837,380.8661643375719,1963.65625,0.3282798087295343,,,6,8
plate_vampire/main_sur_bord/20260823T135336Z/frame_0016.jpg,20260823T135336Z,16,8.0,akaze,E,magsac,magsac,False,plate_vampire,,main_sur_bord,False,True,False,True,3142.599261002033,False,True,0.0007399939931929111,0,0,0.0,,,False,,,,,,,,False,0.0,,False,False,False,True,3153.666932004853,381.08397015661876,1963.65625,0.31709118989438706,,,7,8
plate_vampire/main_sur_bord/20260823T135336Z/frame_0017.jpg,20260823T135336Z,17,8.5,akaze,E,magsac,magsac,False,plate_vampire,plate_vampire,main_sur_bord,False,True,True,False,2924.779116990976,True,False,4.267880009138025,236,168,0.711864406779661,1.0172522068023682,328739.1060125569,True,plate_vampire,,0.9655172413793104,,,plate_vampire,plate_vampire,False,0.5985090145165884,0.55,True,False,False,False,2939.7564299870282,379.13972009065435,1963.65625,0.34016423598890216,,,0,8
plate_vampire/main_sur_bord/20260823T135336Z/frame_0018.jpg,20260823T135336Z,18,9.0,akaze,E,magsac,magsac,False,plate_vampire,plate_vampire,main_sur_bord,False,True,True,False,2926.9719940057257,True,False,4.255620995536447,308,222,0.7207792207792207,0.8219241499900818,321541.66285150556,True,plate_vampire,,0.9736842105263158,,,plate_vampire,plate_vampire,False,0.6282850456492316,0.55,True,False,False,False,2941.7214749992127,379.3321249083398,1963.65625,0.33993700916238767,,,0,8
plate_vampire/main_sur_bord/20260823T135336Z/frame_0019.jpg,20260823T135336Z,19,9.5,akaze,E,magsac,magsac,False,plate_vampire,plate_vampire,main_sur_bord,False,True,True,False,3068.557456994313,True,False,4.118732991628349,321,238,0.7414330218068536,0.8620879650115967,326603.9582840311,True,plate_vampire,,0.9754098360655737,,,plate_vampire,plate_vampire,False,0.6290674220337495,0.55,True,False,False,False,3083.5472519975156,380.285209101448,1963.65625,0.3243018245795332,,,0,8
plate_vampire/occlusion_angle/20260823T135419Z/frame_0000.jpg,20260823T135419Z,0,0.0,akaze,E,magsac,magsac,False,plate_vampire,,occlusion_angle,False,True,True,False,3064.987610996468,False,True,4.127196007175371,305,225,0.7377049180327869,1.5351015329360962,404871.77221192187,True,plate_vampire,,0.974025974025974,,,,plate_vampire,False,0.5322237948642754,0.55,False,False,False,True,3080.2000900002895,377.2300636481879,1963.65625,0.3246542337448948,,,1,1
plate_vampire/occlusion_angle/20260823T135419Z/frame_0001.jpg,20260823T135419Z,1,0.5,akaze,E,magsac,magsac,False,plate_vampire,,occlusion_angle,False,True,True,False,3055.340452992823,False,True,4.095215001143515,311,235,0.7556270096463023,1.4076576232910156,409733.0306493799,True,plate_vampire,,0.975103734439834,,,,plate_vampire,False,0.5405973200333583,0.55,False,False,False,True,3070.454247004818,380.2523881731589,1963.65625,0.32568470967300195,,,2,2
plate_vampire/occlusion_angle/20260823T135419Z/frame_0002.jpg,20260823T135419Z,2,1.0,akaze,E,magsac,magsac,False,plate_vampire,,occlusion_angle,False,True,True,False,3075.5280870071147,False,True,4.223880998324603,339,245,0.7227138643067846,1.4323865175247192,410600.95266345504,True,plate_vampire,,0.9760956175298805,,,,plate_vampire,False,0.5226210366220772,0.55,False,False,False,True,3090.8024910022505,380.0602554901913,1963.65625,0.32354057009826315,,,3,3
plate_vampire/occlusion_angle/20260823T135419Z/frame_0003.jpg,20260823T135419Z,3,1.5,akaze,E,magsac,magsac,False,plate_vampire,,occlusion_angle,False,True,True,False,3150.2882490021875,False,True,4.10373299382627,363,251,0.6914600550964187,1.5249496698379517,414173.75197990314,True,plate_vampire,,0.9766536964980544,,,,plate_vampire,False,0.536441489736568,0.55,False,False,False,True,3165.640300998348,380.7436091585841,1963.65625,0.31589185912392825,,,4,4
plate_vampire/occlusion_angle/20260823T135419Z/frame_0004.jpg,20260823T135419Z,4,2.0,akaze,E,magsac,magsac,False,plate_vampire,,occlusion_angle,False,True,True,False,3117.69158601237,False,True,4.2708620021585375,315,250,0.7936507936507936,1.5179736614227295,412587.9074719746,True,plate_vampire,plate_bois,0.9765625,0.5384615384615384,0.43810096153846156,,plate_vampire,False,0.5270124074642297,0.55,False,False,False,True,3133.1968220038107,380.26096935015045,1963.65625,0.3191628412799353,,,5,5
plate_vampire/occlusion_angle/20260823T135419Z/frame_0005.jpg,20260823T135419Z,5,2.5,akaze,E,magsac,magsac,False,plate_vampire,,occlusion_angle,False,True,True,False,3150.972620001994,False,True,4.130881003220566,329,238,0.723404255319149,1.4500951766967773,400095.40465607116,True,plate_vampire,,0.9754098360655737,,,,plate_vampire,False,0.5347509863366641,0.55,False,False,False,True,3165.9738769958494,380.94309689770273,1963.65625,0.31585857586067223,,,6,6
plate_vampire/occlusion_angle/20260823T135419Z/frame_0006.jpg,20260823T135419Z,6,3.0,akaze,E,magsac,magsac,False,plate_vampire,,occlusion_angle,False,True,False,True,3175.265155005036,False,True,0.0009079958545044065,0,0,0.0,,,False,,,,,,,,False,0.0,,False,False,False,True,3186.3123820076,381.42994769214846,1963.65625,0.3138424235008402,,,7,7
plate_vampire/occlusion_angle/20260823T135419Z/frame_0007.jpg,20260823T135419Z,7,3.5,akaze,E,magsac,magsac,False,plate_vampire,,occlusion_angle,False,True,True,False,3163.8014519994613,False,True,4.255862004356459,345,250,0.7246376811594203,1.4287889003753662,381036.6972856477,True,plate_vampire,,0.9765625,,,,plate_vampire,False,0.5467991855076663,0.55,False,False,False,True,3179.2369290051283,380.89484462518783,1963.65625,0.31454088585745255,,,8,8
plate_vampire/occlusion_angle/20260823T135419Z/frame_0008.jpg,20260823T135419Z,8,4.0,akaze,E,magsac,magsac,False,plate_vampire,plate_vampire,occlusion_angle,False,True,True,False,3172.9092309979023,True,False,4.216418004943989,342,250,0.7309941520467836,1.3882508277893066,379497.50640074315,True,plate_vampire,,0.9765625,,,plate_vampire,plate_vampire,False,0.5549474014921887,0.55,True,False,False,False,3188.2483750086976,380.43546111638983,1963.65625,0.3136518496609512,4.0,,0,8
plate_vampire/occlusion_angle/20260823T135419Z/frame_0009.jpg,20260823T135419Z,9,4.5,akaze,E,magsac,magsac,False,plate_vampire,,occlusion_angle,False,True,True,False,2959.8114990076283,False,True,4.2523620068095624,290,209,0.7206896551724138,1.5689911842346191,379530.3891542549,True,plate_vampire,,0.9720930232558139,,,,plate_vampire,False,0.5286517818969133,0.55,False,False,False,True,2974.790905005648,379.27940891624837,1963.65625,0.33615808032669153,,,1,8
plate_vampire/occlusion_angle/20260823T135419Z/frame_0010.jpg,20260823T135419Z,10,5.0,akaze,E,magsac,magsac,False,plate_vampire,,occlusion_angle,False,True,True,False,3217.9007490049116,False,True,4.155047994572669,315,233,0.7396825396825397,1.6211423873901367,380410.075405701,True,plate_vampire,,0.9748953974895398,,,,plate_vampire,False,0.5170011577649481,0.55,False,False,False,True,3233.272264013067,380.9133184693259,1963.65625,0.30928419209547847,,,2,8
plate_vampire/occlusion_angle/20260823T135419Z/frame_0011.jpg,20260823T135419Z,11,5.5,akaze,E,magsac,magsac,False,plate_vampire,,occlusion_angle,False,True,True,False,3084.0557780029485,False,True,4.10728900169488,282,208,0.7375886524822695,1.636724591255188,375993.9739393397,True,plate_vampire,,0.9719626168224299,,,,plate_vampire,False,0.5093969858058505,0.55,False,False,False,True,3099.1656279948074,380.56878133456655,1963.65625,0.32266749184586513,,,3,8
plate_vampire/occlusion_angle/20260823T135419Z/frame_0012.jpg,20260823T135419Z,12,6.0,akaze,E,magsac,magsac,False,plate_vampire,,occlusion_angle,False,True,True,False,3058.599515003152,False,True,4.182733013294637,284,205,0.721830985915493,1.6513766050338745,370021.2856298196,True,plate_vampire,,0.9715639810426541,,,,plate_vampire,False,0.5133759650897239,0.55,False,False,False,True,3073.907252008212,379.99697636838937,1963.65625,0.32531885903411395,,,4,8
plate_vampire/occlusion_angle/20260823T135419Z/frame_0013.jpg,20260823T135419Z,13,6.5,akaze,E,magsac,magsac,False,plate_vampire,,occlusion_angle,False,True,True,False,3130.3476949979085,False,True,4.2750840075314045,346,245,0.708092485549133,1.521483302116394,369928.4137032373,True,plate_vampire,,0.9760956175298805,,,,plate_vampire,False,0.5275430206962026,0.55,False,False,False,True,3145.804099011002,380.6844151790869,1963.65625,0.3178837488050786,,,5,8
plate_vampire/occlusion_angle/20260823T135419Z/frame_0014.jpg,20260823T135419Z,14,7.0,akaze,E,magsac,magsac,False,plate_vampire,,occlusion_angle,False,True,True,False,3157.406861006166,False,True,4.250843994668685,319,232,0.7272727272727273,1.5982904434204102,372527.7944600282,True,plate_vampire,,0.9747899159663865,,,,plate_vampire,False,0.5129000712255032,0.55,False,False,False,True,3172.8067279909737,380.697300419822,1963.65625,0.3151783533418065,,,6,8
plate_vampire/occlusion_angle/20260823T135419Z/frame_0015.jpg,20260823T135419Z,15,7.5,akaze,E,magsac,magsac,False,plate_vampire,,occlusion_angle,False,True,True,False,3166.789859998971,False,True,4.264139992301352,295,220,0.7457627118644068,1.5691008567810059,364592.03837754973,True,plate_vampire,,0.9734513274336283,,,,plate_vampire,False,0.507371282236357,0.55,False,False,False,True,3182.1958189975703,380.93671023107396,1963.65625,0.3142484174072644,,,7,8
plate_vampire/occlusion_angle/20260823T135419Z/frame_0016.jpg,20260823T135419Z,16,8.0,akaze,E,magsac,magsac,False,plate_vampire,,occlusion_angle,False,True,True,False,2997.251632012194,False,True,4.215252003632486,273,208,0.7619047619047619,1.5862058401107788,362795.2546516331,True,plate_vampire,plate_cellule,0.9719626168224299,0.5,0.4719626168224299,,plate_vampire,False,0.5175711691804399,0.55,False,False,False,True,3012.253666995093,379.42480692208875,1963.65625,0.3319773533540291,,,8,8
plate_vampire/occlusion_angle/20260823T135419Z/frame_0017.jpg,20260823T135419Z,17,8.5,akaze,E,magsac,magsac,False,plate_vampire,,occlusion_angle,False,True,True,False,2918.7709230027394,False,True,4.276287989341654,242,165,0.6818181818181818,1.8815650939941406,360940.01898861903,True,plate_vampire,,0.9649122807017544,,,,plate_vampire,False,0.5040329715860052,0.55,False,False,False,True,2933.8338280067546,379.05656662755626,1963.65625,0.34085093383744897,,,9,9
plate_vampire/occlusion_angle/20260823T135419Z/frame_0018.jpg,20260823T135419Z,18,9.0,akaze,E,magsac,magsac,False,plate_vampire,,occlusion_angle,False,True,True,False,3089.9870349967387,False,True,4.231418002746068,303,220,0.7260726072607261,1.5444049835205078,358891.94949506497,True,plate_vampire,,0.9734513274336283,,,,plate_vampire,False,0.5230417074860358,0.55,False,False,False,True,3105.359994005994,380.2734282593283,1963.65625,0.3220238561487921,,,10,10
plate_vampire/occlusion_angle/20260823T135419Z/frame_0019.jpg,20260823T135419Z,19,9.5,akaze,E,magsac,magsac,False,plate_vampire,,occlusion_angle,False,True,True,False,2888.347766987863,False,True,4.2543440067674965,266,181,0.6804511278195489,1.6082217693328857,360435.2777927539,True,plate_vampire,,0.9679144385026738,,,,plate_vampire,False,0.5068880922980904,0.55,False,False,False,True,2903.3429130067816,379.2932785743559,1963.65625,0.3444305512518232,,,11,11
