sample_id,sequence_id,frame_index,timestamp_s,backend,variant,homography_backend,homography_requested,homography_fallback_used,object_expected,object_detected,condition,l1_hit,l1_miss,l2_success,l2_fail,l2_latency_ms,l3_success,l3_fail,l3_latency_ms,matches,inliers,inlier_ratio,reprojection_error,quadrilateral_area,geometry_valid,top1,top2,top1_score,top2_score,top1_top2_margin,final_candidate,l3_best_candidate,l3_corrected_top1,score,threshold_used,true_positive,true_negative,false_positive,false_negative,total_latency_ms,cpu_percent,ram_mb,fps,time_to_first_detection,time_to_trigger,miss_streak,longest_miss_streak
negatives/aucune_plaque/20260823T132011Z/frame_0000.jpg,20260823T132011Z,0,0.0,orb,A,ransac,ransac,False,,,aucune_plaque,False,True,False,True,93.50698700291105,False,True,0.0009619980119168758,0,0,0.0,,,False,,,,,,,,False,0.0,,False,True,False,False,103.01072399306577,313.92321349160505,312.71875,9.707727130112353,,,0,0
negatives/aucune_plaque/20260823T132011Z/frame_0001.jpg,20260823T132011Z,1,0.5,orb,A,ransac,ransac,False,,,aucune_plaque,False,True,False,True,101.39153100317344,False,True,0.0011299998732283711,0,0,0.0,,,False,,,,,,,,False,0.0,,False,True,False,False,111.03395199461374,301.0901044179871,312.71875,9.00625423157513,,,0,0
negatives/aucune_plaque/20260823T132011Z/frame_0002.jpg,20260823T132011Z,2,1.0,orb,A,ransac,ransac,False,,,aucune_plaque,False,True,False,True,95.0064589997055,False,True,0.0006479967851191759,0,0,0.0,,,False,,,,,,,,False,0.0,,False,True,False,False,104.71562099701259,313.1044240375111,312.71875,9.549673587176919,,,0,0
negatives/aucune_plaque/20260823T132011Z/frame_0003.jpg,20260823T132011Z,3,1.5,orb,A,ransac,ransac,False,,,aucune_plaque,False,True,False,True,95.24158699787222,False,True,0.0005740002961829305,0,0,0.0,,,False,,,,,,,,False,0.0,,False,True,False,False,104.76874999585561,313.18884496854184,312.71875,9.544830877905458,,,0,0
negatives/aucune_plaque/20260823T132011Z/frame_0004.jpg,20260823T132011Z,4,2.0,orb,A,ransac,ransac,False,,,aucune_plaque,False,True,True,False,127.4284959945362,False,True,15.952343994285911,12,7,0.5833333333333334,1.0990432500839233,636.602882235311,True,plate_chaudron,,0.5384615384615384,,,,plate_chaudron,False,0.02125,0.2,False,True,False,False,152.93353999732062,268.1300053651958,312.71875,6.538788025292031,,,0,0
negatives/aucune_plaque/20260823T132011Z/frame_0005.jpg,20260823T132011Z,5,2.5,orb,A,ransac,ransac,False,,,aucune_plaque,False,True,False,True,92.82663899648469,False,True,0.0007600028766319156,0,0,0.0,,,False,,,,,,,,False,0.0,,False,True,False,False,102.47606100165285,317.12470778395596,312.71875,9.758376641583354,,,0,0
negatives/aucune_plaque/20260823T132011Z/frame_0006.jpg,20260823T132011Z,6,3.0,orb,A,ransac,ransac,False,,,aucune_plaque,False,True,False,True,97.91025599406566,False,True,0.0006110058166086674,0,0,0.0,,,False,,,,,,,,False,0.0,,False,True,False,False,107.37886400602292,308.34849582821914,312.71875,9.312819699265114,,,0,0
negatives/aucune_plaque/20260823T132011Z/frame_0007.jpg,20260823T132011Z,7,3.5,orb,A,ransac,ransac,False,,,aucune_plaque,False,True,False,True,116.63439699623268,False,True,0.0006110058166086674,0,0,0.0,,,False,,,,,,,,False,0.0,,False,True,False,False,126.08587500290014,281.29568596945626,312.71875,7.931102512291711,,,0,0
negatives/aucune_plaque/20260823T132011Z/frame_0008.jpg,20260823T132011Z,8,4.0,orb,A,ransac,ransac,False,,,aucune_plaque,False,True,False,True,106.8179779977072,False,True,0.0006480113370344043,0,0,0.0,,,False,,,,,,,,False,0.0,,False,True,False,False,116.27549200784415,293.9414979873334,312.71875,8.600264619241845,,,0,0
negatives/aucune_plaque/20260823T132011Z/frame_0009.jpg,20260823T132011Z,9,4.5,orb,A,ransac,ransac,False,,,aucune_plaque,False,True,False,True,125.54591600201093,False,True,0.0006119953468441963,0,0,0.0,,,False,,,,,,,,False,0.0,,False,True,False,False,134.9378380109556,270.9035355748931,312.71875,7.410819787395808,,,0,0
negatives/aucune_plaque/20260823T132011Z/frame_0010.jpg,20260823T132011Z,10,5.0,orb,A,ransac,ransac,False,,,aucune_plaque,False,True,False,True,105.61863399925642,False,True,0.00048200308810919523,0,0,0.0,,,False,,,,,,,,False,0.0,,False,True,False,False,115.09931499313097,295.8527911485159,312.71875,8.688149013394902,,,0,0
negatives/aucune_plaque/20260823T132011Z/frame_0011.jpg,20260823T132011Z,11,5.5,orb,A,ransac,ransac,False,,,aucune_plaque,True,False,False,True,67.6410570013104,False,True,0.0004079920472577214,0,0,0.0,,,False,,,,,,,,False,0.0,,False,True,False,False,77.35605200286955,189.94108824807813,312.71875,12.927236772152032,,,0,0
negatives/aucune_plaque/20260823T132011Z/frame_0012.jpg,20260823T132011Z,12,6.0,orb,A,ransac,ransac,False,,,aucune_plaque,True,False,False,True,1.2604370131157339,False,True,0.0017229904187843204,0,0,0.0,,,False,,,,,,,,False,0.0,,False,True,False,False,10.90098699205555,216.09086422328326,312.71875,91.73481270354534,,,0,0
negatives/aucune_plaque/20260823T132011Z/frame_0013.jpg,20260823T132011Z,13,6.5,orb,A,ransac,ransac,False,,,aucune_plaque,False,True,False,True,91.49201800755691,False,True,0.0010740041034296155,0,0,0.0,,,False,,,,,,,,False,0.0,,False,True,False,False,100.86203399987426,319.316293978765,312.71875,9.914533351580504,,,0,0
negatives/aucune_plaque/20260823T132011Z/frame_0014.jpg,20260823T132011Z,14,7.0,orb,A,ransac,ransac,False,,,aucune_plaque,False,True,False,True,104.16293899470475,False,True,0.0005559995770454407,0,0,0.0,,,False,,,,,,,,False,0.0,,False,True,False,False,113.4219179948559,299.105001041674,312.71875,8.816638068537632,,,0,0
negatives/aucune_plaque/20260823T132011Z/frame_0015.jpg,20260823T132011Z,15,7.5,orb,A,ransac,ransac,False,,,aucune_plaque,False,True,False,True,100.7174239930464,False,True,0.0008139904821291566,0,0,0.0,,,False,,,,,,,,False,0.0,,False,True,False,False,110.0635129987495,304.6972360438929,312.71875,9.085663111728604,,,0,0
negatives/aucune_plaque/20260823T132011Z/frame_0016.jpg,20260823T132011Z,16,8.0,orb,A,ransac,ransac,False,,,aucune_plaque,False,True,False,True,97.78436699707527,False,True,0.0005369947757571936,0,0,0.0,,,False,,,,,,,,False,0.0,,False,True,False,False,107.15566101134755,309.33135111256354,312.71875,9.332218107395205,,,0,0
negatives/aucune_plaque/20260823T132011Z/frame_0017.jpg,20260823T132011Z,17,8.5,orb,A,ransac,ransac,False,,,aucune_plaque,False,True,False,True,109.12829700100701,False,True,0.0006479967851191759,0,0,0.0,,,False,,,,,,,,False,0.0,,False,True,False,False,118.40327599202283,291.75550431837206,312.71875,8.445712262787163,,,0,0
negatives/aucune_plaque/20260823T132011Z/frame_0018.jpg,20260823T132011Z,18,9.0,orb,A,ransac,ransac,False,,,aucune_plaque,False,True,False,True,98.347327002557,False,True,0.0008149945642799139,0,0,0.0,,,False,,,,,,,,False,0.0,,False,True,False,False,107.79295300017111,308.06574526209835,312.71875,9.277044298048061,,,0,0
negatives/aucune_plaque/20260823T132011Z/frame_0019.jpg,20260823T132011Z,19,9.5,orb,A,ransac,ransac,False,,,aucune_plaque,False,True,False,True,116.35038099484518,False,True,0.0006490008672699332,0,0,0.0,,,False,,,,,,,,False,0.0,,False,True,False,False,125.81819199840538,281.1907462511331,312.71875,7.947976235524621,,,0,0
plate_bougie/frontal/20260823T135503Z/frame_0000.jpg,20260823T135503Z,0,0.0,orb,A,ransac,ransac,False,plate_bougie,,frontal,False,True,False,True,106.08283500187099,False,True,0.0007960043149068952,0,0,0.0,,,False,,,,,,,,False,0.0,,False,False,False,True,116.2375480053015,293.5666080847102,312.71875,8.60307204651625,,,1,1
plate_bougie/frontal/20260823T135503Z/frame_0001.jpg,20260823T135503Z,1,0.5,orb,A,ransac,ransac,False,plate_bougie,,frontal,True,False,True,False,583.9045220054686,False,True,6.9496409996645525,12,9,0.75,0.15026994049549103,7509.137974932259,True,plate_bois,,0.6,,,,plate_bois,False,0.002936857562408223,0.2,False,False,False,True,600.8533220010577,141.22591786194815,312.71875,1.6642996940911308,,,2,2
plate_bougie/frontal/20260823T135503Z/frame_0002.jpg,20260823T135503Z,2,1.0,orb,A,ransac,ransac,False,plate_bougie,plate_bougie,frontal,True,False,True,False,262.2335589985596,True,False,18.417458995827474,38,26,0.6842105263157895,0.5925348997116089,80690.85554783203,True,plate_bougie,,0.8125,,,plate_bougie,plate_bougie,False,0.2725,0.2,True,False,False,False,290.72778699628543,190.18165195439872,312.71875,3.4396436967092407,1.0,,0,2
plate_bougie/frontal/20260823T135503Z/frame_0003.jpg,20260823T135503Z,3,1.5,orb,A,ransac,ransac,False,plate_bougie,,frontal,True,False,True,False,121.45451600372326,False,True,29.355500999372452,11,7,0.6363636363636364,0.30946338176727295,768.1073285900056,True,plate_bois,,0.5384615384615384,,,,plate_bois,False,0.01195219123505976,0.2,False,False,False,True,160.90338000503834,279.9371287202894,312.71875,6.214909841972786,,,1,2
plate_bougie/frontal/20260823T135503Z/frame_0004.jpg,20260823T135503Z,4,2.0,orb,A,ransac,ransac,False,plate_bougie,plate_bougie,frontal,False,True,True,False,123.42881900258362,True,False,22.63578400015831,29,15,0.5172413793103449,0.5795932412147522,257859.08037744486,True,plate_bougie,,0.7142857142857143,,,plate_bougie,plate_bougie,False,0.32375,0.2,True,False,False,False,155.75059699767735,274.2521519878154,312.71875,6.420521136204137,,,0,2
plate_bougie/frontal/20260823T135503Z/frame_0005.jpg,20260823T135503Z,5,2.5,orb,A,ransac,ransac,False,plate_bougie,plate_bougie,frontal,False,True,True,False,431.90680899715517,True,False,22.693838996929117,35,16,0.45714285714285713,0.573563814163208,225660.85277902032,True,plate_bougie,plate_ready_check,0.7272727272727273,0.5384615384615384,0.18881118881118886,plate_bougie,plate_bougie,False,0.31875,0.2,True,False,False,False,464.91550900100265,160.38856901166366,312.71875,2.1509284604180485,,,0,2
plate_bougie/frontal/20260823T135503Z/frame_0006.jpg,20260823T135503Z,6,3.0,orb,A,ransac,ransac,False,plate_bougie,plate_bougie,frontal,True,False,True,False,103.41609199531376,True,False,18.358959001488984,41,30,0.7317073170731707,0.696891188621521,80225.29114383218,True,plate_bougie,,0.8333333333333334,,,plate_bougie,plate_bougie,False,0.24875,0.2,True,False,False,False,131.84902499779128,295.67232371003905,312.71875,7.584432270293632,,,0,2
plate_bougie/frontal/20260823T135503Z/frame_0007.jpg,20260823T135503Z,7,3.5,orb,A,ransac,ransac,False,plate_bougie,plate_bougie,frontal,True,False,True,False,103.48194300604519,True,False,17.544538000947796,37,27,0.7297297297297297,0.805332601070404,75030.12255437899,True,plate_bougie,,0.8181818181818182,,,plate_bougie,plate_bougie,False,0.25125,0.2,True,False,False,False,131.15878800454084,297.23022370906807,312.71875,7.624346147246947,,,0,2
plate_bougie/frontal/20260823T135503Z/frame_0008.jpg,20260823T135503Z,8,4.0,orb,A,ransac,ransac,False,plate_bougie,plate_bougie,frontal,True,False,True,False,138.9913320017513,True,False,21.748808008851483,46,30,0.6521739130434783,0.842499852180481,118178.62039307275,True,plate_bougie,,0.8333333333333334,,,plate_bougie,plate_bougie,False,0.3475,0.2,True,False,False,False,170.84287200123072,257.5656981444515,312.71875,5.853331709342818,,,0,2
plate_bougie/frontal/20260823T135503Z/frame_0009.jpg,20260823T135503Z,9,4.5,orb,A,ransac,ransac,False,plate_bougie,plate_bougie,frontal,True,False,True,False,402.79860199370887,True,False,21.498791000340134,53,41,0.7735849056603774,0.7624617218971252,117525.6065952786,True,plate_bougie,,0.8723404255319149,,,plate_bougie,plate_bougie,False,0.3375,0.2,True,False,False,False,434.31886700273026,162.2404805627683,312.71875,2.3024558129401127,,,0,2
plate_bougie/frontal/20260823T135503Z/frame_0010.jpg,20260823T135503Z,10,5.0,orb,A,ransac,ransac,False,plate_bougie,,frontal,False,True,False,True,155.69670900003985,False,True,0.0006659975042566657,0,0,0.0,,,False,,,,,,,,False,0.0,,False,False,False,True,166.01369899581186,239.43706718445316,312.71875,6.023599293605449,,,1,2
plate_bougie/frontal/20260823T135503Z/frame_0011.jpg,20260823T135503Z,11,5.5,orb,A,ransac,ransac,False,plate_bougie,,frontal,True,False,False,True,104.95358200569171,False,True,0.000443993485532701,0,0,0.0,,,False,,,,,,,,False,0.0,,False,False,False,True,114.88952000217978,293.30852717776685,312.71875,8.704014082233325,,,2,2
plate_bougie/frontal/20260823T135503Z/frame_0012.jpg,20260823T135503Z,12,6.0,orb,A,ransac,ransac,False,plate_bougie,plate_bougie,frontal,True,False,True,False,116.01571599021554,True,False,21.67554901097901,37,28,0.7567567567567568,0.7168409824371338,119761.20887903601,True,plate_bougie,,0.8235294117647058,,,plate_bougie,plate_bougie,False,0.38875,0.2,True,False,False,False,147.6032960053999,280.6963815935691,312.71875,6.774916462322198,,,0,2
plate_bougie/frontal/20260823T135503Z/frame_0013.jpg,20260823T135503Z,13,6.5,orb,A,ransac,ransac,False,plate_bougie,,frontal,True,False,False,True,89.73182599584106,False,True,0.0007959897629916668,0,0,0.0,,,False,,,,,,,,False,0.0,,False,False,False,True,99.73402299510781,321.5590330851573,312.71875,10.026668632920307,,,1,2
plate_bougie/frontal/20260823T135503Z/frame_0014.jpg,20260823T135503Z,14,7.0,orb,A,ransac,ransac,False,plate_bougie,plate_bougie,frontal,False,True,True,False,116.33199200150557,True,False,22.771912001189776,19,10,0.5263157894736842,0.3341975808143616,254349.19251764496,True,plate_bougie,,0.625,,,plate_bougie,plate_bougie,False,0.33125,0.2,True,False,False,False,149.37352600099985,281.65927273965787,312.71875,6.694626730531262,,,0,2
plate_bougie/frontal/20260823T135503Z/frame_0015.jpg,20260823T135503Z,15,7.5,orb,A,ransac,ransac,False,plate_bougie,plate_bougie,frontal,True,False,True,False,103.21627899247687,True,False,21.481569012394175,33,28,0.8484848484848485,0.9453693628311157,122137.1117093426,True,plate_bougie,,0.8235294117647058,,,plate_bougie,plate_bougie,False,0.345,0.2,True,False,False,False,134.57474901224487,297.387626532809,312.71875,7.430814527538228,,,0,2
plate_bougie/frontal/20260823T135503Z/frame_0016.jpg,20260823T135503Z,16,8.0,orb,A,ransac,ransac,False,plate_bougie,plate_bougie,frontal,True,False,True,False,93.215434011654,True,False,21.41951399971731,33,25,0.7575757575757576,0.9516544938087463,118897.75917344328,True,plate_bougie,,0.8064516129032258,,,plate_bougie,plate_bougie,False,0.32625,0.2,True,False,False,False,124.5790890097851,310.2647965017952,312.71875,8.027029318872726,,,0,2
plate_bougie/frontal/20260823T135503Z/frame_0017.jpg,20260823T135503Z,17,8.5,orb,A,ransac,ransac,False,plate_bougie,,frontal,True,False,False,True,119.30260401277337,False,True,0.0005179899744689465,0,0,0.0,,,False,,,,,,,,False,0.0,,False,False,False,True,129.3064850033261,277.0466446371846,312.71875,7.733564174869323,,,1,2
plate_bougie/frontal/20260823T135503Z/frame_0018.jpg,20260823T135503Z,18,9.0,orb,A,ransac,ransac,False,plate_bougie,,frontal,True,False,False,True,102.34043200034648,False,True,0.00048200308810919523,0,0,0.0,,,False,,,,,,,,False,0.0,,False,False,False,True,112.1419630071614,299.9105624524547,312.71875,8.917268551257123,,,2,2
plate_bougie/frontal/20260823T135503Z/frame_0019.jpg,20260823T135503Z,19,9.5,orb,A,ransac,ransac,False,plate_bougie,plate_bougie,frontal,True,False,True,False,150.26853900053538,True,False,21.719197000493295,34,27,0.7941176470588235,0.7486878037452698,119145.10498252924,True,plate_bougie,,0.8181818181818182,,,plate_bougie,plate_bougie,False,0.3475,0.2,True,False,False,False,181.84997099160682,247.86056524628336,312.71875,5.499038545605016,,,0,2
plate_bougie/main_sur_bord/20260823T135543Z/frame_0000.jpg,20260823T135543Z,0,0.0,orb,A,ransac,ransac,False,plate_bougie,,main_sur_bord,False,True,True,False,148.6485859932145,False,True,22.86298699618783,22,14,0.6363636363636364,0.5015150308609009,318726.22618229437,True,plate_bougie,,0.7,,,,plate_bougie,False,0.16,0.2,False,False,False,True,181.78621199331246,252.98665116412673,312.71875,5.50096725727905,,,1,1
plate_bougie/main_sur_bord/20260823T135543Z/frame_0001.jpg,20260823T135543Z,1,0.5,orb,A,ransac,ransac,False,plate_bougie,,main_sur_bord,False,True,False,True,162.77688600530382,False,True,0.0005370093276724219,0,0,0.0,,,False,,,,,,,,False,0.0,,False,False,False,True,172.95091500272974,235.51783116820837,312.71875,5.781987334292025,,,2,2
plate_bougie/main_sur_bord/20260823T135543Z/frame_0002.jpg,20260823T135543Z,2,1.0,orb,A,ransac,ransac,False,plate_bougie,,main_sur_bord,False,True,False,True,180.50836700422224,False,True,0.0005930050974711776,0,0,0.0,,,False,,,,,,,,False,0.0,,False,False,False,True,190.7064150000224,225.1230945744283,312.71875,5.243662097050498,,,3,3
plate_bougie/main_sur_bord/20260823T135543Z/frame_0003.jpg,20260823T135543Z,3,1.5,orb,A,ransac,ransac,False,plate_bougie,plate_bougie,main_sur_bord,False,True,True,False,225.38895600882825,True,False,20.549297012621537,14,10,0.7142857142857143,0.5454838275909424,101994.46410991985,True,plate_bougie,,0.625,,,plate_bougie,plate_bougie,False,0.24875,0.2,True,False,False,False,256.11300401214976,208.0538690548954,312.71875,3.904526456425309,1.5,,0,3
plate_bougie/main_sur_bord/20260823T135543Z/frame_0004.jpg,20260823T135543Z,4,2.0,orb,A,ransac,ransac,False,plate_bougie,,main_sur_bord,False,True,False,True,121.34307199448813,False,True,0.0004260073183104396,0,0,0.0,,,False,,,,,,,,False,0.0,,False,False,False,True,131.5716009994503,274.54711522550144,312.71875,7.6004243499642286,,,1,3
plate_bougie/main_sur_bord/20260823T135543Z/frame_0005.jpg,20260823T135543Z,5,2.5,orb,A,ransac,ransac,False,plate_bougie,,main_sur_bord,False,True,False,True,197.2264669893775,False,True,0.0007219932740554214,0,0,0.0,,,False,,,,,,,,False,0.0,,False,False,False,True,207.41588399687316,214.24298295626215,312.71875,4.8212315312123115,,,2,3
plate_bougie/main_sur_bord/20260823T135543Z/frame_0006.jpg,20260823T135543Z,6,3.0,orb,A,ransac,ransac,False,plate_bougie,plate_bougie,main_sur_bord,False,True,True,False,562.7221370086772,True,False,21.630271992762573,21,14,0.6666666666666666,0.703402042388916,155124.46438654404,True,plate_bougie,,0.7,,,plate_bougie,plate_bougie,False,0.26375,0.2,True,False,False,False,594.6604360069614,146.94051883918686,312.71875,1.6816319691870227,,,0,3
plate_bougie/main_sur_bord/20260823T135543Z/frame_0007.jpg,20260823T135543Z,7,3.5,orb,A,ransac,ransac,False,plate_bougie,,main_sur_bord,False,True,False,True,152.31076699274126,False,True,0.0005180045263841748,0,0,0.0,,,False,,,,,,,,False,0.0,,False,False,False,True,162.4544619990047,243.3349574617534,312.71875,6.155571153263408,,,1,3
plate_bougie/main_sur_bord/20260823T135543Z/frame_0008.jpg,20260823T135543Z,8,4.0,orb,A,ransac,ransac,False,plate_bougie,,main_sur_bord,False,True,False,True,194.70707500295248,False,True,0.0007039925549179316,0,0,0.0,,,False,,,,,,,,False,0.0,,False,False,False,True,204.62129000225104,216.81050099680203,312.71875,4.887076999607416,,,2,3
plate_bougie/main_sur_bord/20260823T135543Z/frame_0009.jpg,20260823T135543Z,9,4.5,orb,A,ransac,ransac,False,plate_bougie,,main_sur_bord,False,True,False,True,147.74224000575487,False,True,0.0005189940566197038,0,0,0.0,,,False,,,,,,,,False,0.0,,False,False,False,True,158.04910099541303,247.27046122922457,312.71875,6.327147662984951,,,3,3
plate_bougie/main_sur_bord/20260823T135543Z/frame_0010.jpg,20260823T135543Z,10,5.0,orb,A,ransac,ransac,False,plate_bougie,,main_sur_bord,False,True,False,True,126.07035700057168,False,True,0.0007409980753436685,0,0,0.0,,,False,,,,,,,,False,0.0,,False,False,False,True,136.34123699739575,266.2545133039496,312.71875,7.334538119373971,,,4,4
plate_bougie/main_sur_bord/20260823T135543Z/frame_0011.jpg,20260823T135543Z,11,5.5,orb,A,ransac,ransac,False,plate_bougie,,main_sur_bord,False,True,False,True,861.1023760022363,False,True,0.0004260073183104396,0,0,0.0,,,False,,,,,,,,False,0.0,,False,False,False,True,871.3414599915268,127.84081558690372,312.71875,1.1476557077976346,,,5,5
plate_bougie/main_sur_bord/20260823T135543Z/frame_0012.jpg,20260823T135543Z,12,6.0,orb,A,ransac,ransac,False,plate_bougie,,main_sur_bord,False,True,True,False,455.59965999564156,False,True,22.659579990431666,19,14,0.7368421052631579,0.598151683807373,317852.84314432956,True,plate_bougie,,0.7,,,,plate_bougie,False,0.16,0.2,False,False,False,True,488.53915800282266,157.99604337868465,312.71875,2.0469188265032017,,,6,6
plate_bougie/main_sur_bord/20260823T135543Z/frame_0013.jpg,20260823T135543Z,13,6.5,orb,A,ransac,ransac,False,plate_bougie,,main_sur_bord,False,True,False,True,176.54729999776464,False,True,0.0005189940566197038,0,0,0.0,,,False,,,,,,,,False,0.0,,False,False,False,True,186.57749600242823,226.74547845496465,312.71875,5.359703187285702,,,7,7
plate_bougie/main_sur_bord/20260823T135543Z/frame_0014.jpg,20260823T135543Z,14,7.0,orb,A,ransac,ransac,False,plate_bougie,,main_sur_bord,False,True,False,True,633.3632489986485,False,True,0.00048200308810919523,0,0,0.0,,,False,,,,,,,,False,0.0,,False,False,False,True,643.5613339999691,137.47059561537372,312.71875,1.5538534513635776,,,8,8
plate_bougie/main_sur_bord/20260823T135543Z/frame_0015.jpg,20260823T135543Z,15,7.5,orb,A,ransac,ransac,False,plate_bougie,,main_sur_bord,False,True,False,True,205.13651000510436,False,True,0.0005549954948946834,0,0,0.0,,,False,,,,,,,,False,0.0,,False,False,False,True,215.3710749989841,208.52680797647443,312.71875,4.6431490394182084,,,9,9
plate_bougie/main_sur_bord/20260823T135543Z/frame_0016.jpg,20260823T135543Z,16,8.0,orb,A,ransac,ransac,False,plate_bougie,,main_sur_bord,False,True,False,True,246.21632500202395,False,True,0.0018520076991990209,0,0,0.0,,,False,,,,,,,,False,0.0,,False,False,False,True,256.54968700837344,189.27699178372148,312.71875,3.897880413190141,,,10,10
plate_bougie/main_sur_bord/20260823T135543Z/frame_0017.jpg,20260823T135543Z,17,8.5,orb,A,ransac,ransac,False,plate_bougie,,main_sur_bord,False,True,False,True,164.62770799989812,False,True,0.0006479967851191759,0,0,0.0,,,False,,,,,,,,False,0.0,,False,False,False,True,174.57199799537193,233.4421749648558,312.71875,5.728295554173075,,,11,11
plate_bougie/main_sur_bord/20260823T135543Z/frame_0018.jpg,20260823T135543Z,18,9.0,orb,A,ransac,ransac,False,plate_bougie,,main_sur_bord,False,True,False,True,375.3291830071248,False,True,0.0005740002961829305,0,0,0.0,,,False,,,,,,,,False,0.0,,False,False,False,True,385.6740629998967,161.56863703851582,312.71875,2.5928629792257194,,,12,12
plate_bougie/main_sur_bord/20260823T135543Z/frame_0019.jpg,20260823T135543Z,19,9.5,orb,A,ransac,ransac,False,plate_bougie,,main_sur_bord,False,True,False,True,114.24324600375257,False,True,0.000500003807246685,0,0,0.0,,,False,,,,,,,,False,0.0,,False,False,False,True,124.1167400003178,283.60050384750275,312.71875,8.056930918403427,,,13,13
plate_bougie/occlusion_angle/20260823T135620Z/frame_0000.jpg,20260823T135620Z,0,0.0,orb,A,ransac,ransac,False,plate_bougie,plate_bougie,occlusion_angle,False,True,True,False,153.11829900019802,True,False,22.10073200694751,41,22,0.5365853658536586,0.7888878583908081,153514.0775255735,True,plate_bougie,,0.7857142857142857,,,plate_bougie,plate_bougie,False,0.3525,0.2,True,False,False,False,185.56905799778178,248.3930979514415,312.71875,5.388829424418125,0.0,,0,0
plate_bougie/occlusion_angle/20260823T135620Z/frame_0001.jpg,20260823T135620Z,1,0.5,orb,A,ransac,ransac,False,plate_bougie,plate_bougie,occlusion_angle,False,True,True,False,131.4931569941109,True,False,21.443106001242995,26,14,0.5384615384615384,0.8045687675476074,158081.25245609344,True,plate_bougie,,0.7,,,plate_bougie,plate_bougie,False,0.32375,0.2,True,False,False,False,163.0087369994726,267.27416150792527,312.71875,6.134640500915208,,,0,0
plate_bougie/occlusion_angle/20260823T135620Z/frame_0002.jpg,20260823T135620Z,2,1.0,orb,A,ransac,ransac,False,plate_bougie,,occlusion_angle,False,True,False,True,151.5923269907944,False,True,0.0005559995770454407,0,0,0.0,,,False,,,,,,,,False,0.0,,False,False,False,True,161.56120899540838,244.90583504561872,312.71875,6.1896045852715815,,,1,1
plate_bougie/occlusion_angle/20260823T135620Z/frame_0003.jpg,20260823T135620Z,3,1.5,orb,A,ransac,ransac,False,plate_bougie,,occlusion_angle,False,True,False,True,164.88813199975993,False,True,0.0004629982868209481,0,0,0.0,,,False,,,,,,,,False,0.0,,False,False,False,True,175.12773399357684,236.08156547903798,312.71875,5.710117850532327,,,2,2
plate_bougie/occlusion_angle/20260823T135620Z/frame_0004.jpg,20260823T135620Z,4,2.0,orb,A,ransac,ransac,False,plate_bougie,,occlusion_angle,False,True,True,False,137.48495301115327,False,True,33.833714012871496,12,7,0.5833333333333334,0.41326189041137695,5926.825280299876,True,plate_bois,,0.5384615384615384,,,,plate_bois,False,0.015267175572519083,0.2,False,False,False,True,181.30988199845888,272.79587110657604,312.71875,5.515419176151138,,,3,3
plate_bougie/occlusion_angle/20260823T135620Z/frame_0005.jpg,20260823T135620Z,5,2.5,orb,A,ransac,ransac,False,plate_bougie,,occlusion_angle,False,True,False,True,192.99817900173366,False,True,0.0004070025170221925,0,0,0.0,,,False,,,,,,,,False,0.0,,False,False,False,True,203.21305899415165,217.68926474982533,312.71875,4.920943589697055,,,4,4
plate_bougie/occlusion_angle/20260823T135620Z/frame_0006.jpg,20260823T135620Z,6,3.0,orb,A,ransac,ransac,False,plate_bougie,,occlusion_angle,False,True,False,True,171.88931100827176,False,True,0.0006289919838309288,0,0,0.0,,,False,,,,,,,,False,0.0,,False,False,False,True,182.1388950047549,230.60823663668066,312.71875,5.49031550879835,,,5,5
plate_bougie/occlusion_angle/20260823T135620Z/frame_0007.jpg,20260823T135620Z,7,3.5,orb,A,ransac,ransac,False,plate_bougie,,occlusion_angle,False,True,False,True,132.66152000869624,False,True,0.0005740002961829305,0,0,0.0,,,False,,,,,,,,False,0.0,,False,False,False,True,143.57313599612098,261.36173692698094,312.71875,6.965091296933276,,,6,6
plate_bougie/occlusion_angle/20260823T135620Z/frame_0008.jpg,20260823T135620Z,8,4.0,orb,A,ransac,ransac,False,plate_bougie,plate_bougie,occlusion_angle,False,True,True,False,166.7385100008687,True,False,22.415600004023872,37,28,0.7567567567567568,0.767141580581665,159894.0919702032,True,plate_bougie,,0.8235294117647058,,,plate_bougie,plate_bougie,False,0.37375,0.2,True,False,False,False,199.3948050076142,240.3828113684809,312.71875,5.015175796389547,,,0,6
plate_bougie/occlusion_angle/20260823T135620Z/frame_0009.jpg,20260823T135620Z,9,4.5,orb,A,ransac,ransac,False,plate_bougie,,occlusion_angle,False,True,True,False,276.5914880001219,False,True,13.497619002009742,11,6,0.5454545454545454,0.2941332161426544,20289.695038052276,True,plate_cellule,,0.5,,,,plate_cellule,False,0.02875,0.2,False,False,False,True,300.01639599504415,189.13172965699158,312.71875,3.333151165566693,,,1,6
plate_bougie/occlusion_angle/20260823T135620Z/frame_0010.jpg,20260823T135620Z,10,5.0,orb,A,ransac,ransac,False,plate_bougie,plate_bougie,occlusion_angle,False,True,True,False,380.15537499450147,True,False,23.194946988951415,50,31,0.62,0.6701896786689758,320796.42333742377,True,plate_bougie,,0.8378378378378378,,,plate_bougie,plate_bougie,False,0.295,0.2,True,False,False,False,413.49349899974186,167.6757017165172,312.71875,2.4184177077004643,,,0,6
plate_bougie/occlusion_angle/20260823T135620Z/frame_0011.jpg,20260823T135620Z,11,5.5,orb,A,ransac,ransac,False,plate_bougie,plate_bougie,occlusion_angle,False,True,True,False,193.38302800315432,True,False,23.308502000872977,60,40,0.6666666666666666,0.7835255861282349,325340.14672391734,True,plate_bougie,,0.8695652173913043,,,plate_bougie,plate_bougie,False,0.30375,0.2,True,False,False,False,227.00422498746775,223.73736260989983,312.71875,4.405204352717255,,,0,6
plate_bougie/occlusion_angle/20260823T135620Z/frame_0012.jpg,20260823T135620Z,12,6.0,orb,A,ransac,ransac,False,plate_bougie,plate_bougie,occlusion_angle,False,True,True,False,486.89674300840124,True,False,23.190799009171315,46,33,0.717391304347826,0.7623879909515381,323078.0426036451,True,plate_bougie,,0.8461538461538461,,,plate_bougie,plate_bougie,False,0.295,0.2,True,False,False,False,520.5282350070775,153.28769302767037,312.71875,1.9211253737012044,,,0,6
plate_bougie/occlusion_angle/20260823T135620Z/frame_0013.jpg,20260823T135620Z,13,6.5,orb,A,ransac,ransac,False,plate_bougie,plate_bougie,occlusion_angle,False,True,True,False,169.07342099875677,True,False,23.28794600907713,39,25,0.6410256410256411,0.5439990758895874,333590.87006103713,True,plate_bougie,,0.8064516129032258,,,plate_bougie,plate_bougie,False,0.28125,0.2,True,False,False,False,203.0087830062257,237.01887616618507,312.71875,4.925895250400732,,,0,6
plate_bougie/occlusion_angle/20260823T135620Z/frame_0014.jpg,20260823T135620Z,14,7.0,orb,A,ransac,ransac,False,plate_bougie,,occlusion_angle,False,True,False,True,128.85787700361107,False,True,0.0006110058166086674,0,0,0.0,,,False,,,,,,,,False,0.0,,False,False,False,True,139.27147799404338,267.49412468785033,312.71875,7.180221064666018,,,1,6
plate_bougie/occlusion_angle/20260823T135620Z/frame_0015.jpg,20260823T135620Z,15,7.5,orb,A,ransac,ransac,False,plate_bougie,plate_bougie,occlusion_angle,False,True,True,False,164.0368039952591,True,False,22.29906400316395,47,38,0.8085106382978723,0.940859317779541,156065.0408585894,True,plate_bougie,,0.8636363636363636,,,plate_bougie,plate_bougie,False,0.3875,0.2,True,False,False,False,196.6390260058688,241.31724339696459,312.71875,5.08546050248517,,,0,6
plate_bougie/occlusion_angle/20260823T135620Z/frame_0016.jpg,20260823T135620Z,16,8.0,orb,A,ransac,ransac,False,plate_bougie,plate_bougie,occlusion_angle,False,True,True,False,187.69748900376726,True,False,22.148249991005287,47,34,0.723404255319149,0.8880970478057861,158456.87202896795,True,plate_bougie,,0.85,,,plate_bougie,plate_bougie,False,0.38875,0.2,True,False,False,False,219.9506390024908,225.42085362815502,312.71875,4.546474629649408,,,0,6
plate_bougie/occlusion_angle/20260823T135620Z/frame_0017.jpg,20260823T135620Z,17,8.5,orb,A,ransac,ransac,False,plate_bougie,plate_bougie,occlusion_angle,False,True,True,False,140.2885459974641,True,False,21.937676996458322,46,36,0.782608695652174,0.8010112047195435,107856.78303812328,True,plate_bougie,plate_bois,0.8571428571428571,0.5,0.3571428571428571,plate_bougie,plate_bougie,False,0.31625,0.2,True,False,False,False,172.66660199675243,262.4072395937452,312.71875,5.791507960635076,,,0,6
plate_bougie/occlusion_angle/20260823T135620Z/frame_0018.jpg,20260823T135620Z,18,9.0,orb,A,ransac,ransac,False,plate_bougie,plate_bougie,occlusion_angle,False,True,True,False,121.57958900206722,True,False,22.266101994318888,33,23,0.696969696969697,0.6457688212394714,160741.23526182116,True,plate_bougie,,0.7931034482758621,,,plate_bougie,plate_bougie,False,0.3825,0.2,True,False,False,False,154.28392098692711,278.187552697967,312.71875,6.481556818125802,,,0,6
plate_bougie/occlusion_angle/20260823T135620Z/frame_0019.jpg,20260823T135620Z,19,9.5,orb,A,ransac,ransac,False,plate_bougie,plate_bougie,occlusion_angle,False,True,True,False,156.34216699982062,True,False,23.348761009401642,37,23,0.6216216216216216,0.7112361788749695,332909.7378320043,True,plate_bougie,,0.7931034482758621,,,plate_bougie,plate_bougie,False,0.29125,0.2,True,False,False,False,190.045437993831,247.79907214362078,312.71875,5.2618995254832726,,,0,6
plate_cellule/frontal/20260823T132156Z/frame_0000.jpg,20260823T132156Z,0,0.0,orb,A,ransac,ransac,False,plate_cellule,,frontal,True,False,False,True,153.06155900179874,False,True,0.0005549954948946834,0,0,0.0,,,False,,,,,,,,False,0.0,,False,False,False,True,163.58343700994737,240.09539913024284,312.71875,6.113088331425576,,,1,1
plate_cellule/frontal/20260823T132156Z/frame_0001.jpg,20260823T132156Z,1,0.5,orb,A,ransac,ransac,False,plate_cellule,,frontal,True,False,False,True,96.09037899645045,False,True,0.0004250032361596823,0,0,0.0,,,False,,,,,,,,False,0.0,,False,False,False,True,106.42990599444602,308.09452844683915,312.71875,9.39585533461041,,,2,2
plate_cellule/frontal/20260823T132156Z/frame_0002.jpg,20260823T132156Z,2,1.0,orb,A,ransac,ransac,False,plate_cellule,plate_cellule,frontal,False,True,True,False,103.26655599055812,True,False,23.72664700669702,28,25,0.8928571428571429,0.8399852514266968,77294.0756644546,True,plate_cellule,,0.8064516129032258,,,plate_cellule,plate_cellule,False,0.34125,0.2,True,False,False,False,137.74200600164477,297.34194229399503,312.71875,7.259949444819753,1.0,,0,2
plate_cellule/frontal/20260823T132156Z/frame_0003.jpg,20260823T132156Z,3,1.5,orb,A,ransac,ransac,False,plate_cellule,,frontal,True,False,False,True,93.56580300664064,False,True,0.0008709903340786695,0,0,0.0,,,False,,,,,,,,False,0.0,,False,False,False,True,103.6401650053449,315.3022372968478,312.71875,9.648768891369754,,,1,2
plate_cellule/frontal/20260823T132156Z/frame_0004.jpg,20260823T132156Z,4,2.0,orb,A,ransac,ransac,False,plate_cellule,plate_cellule,frontal,True,False,True,False,92.79756699106656,True,False,22.921597003005445,39,33,0.8461538461538461,0.8076375722885132,77339.74617606164,True,plate_cellule,,0.8461538461538461,,,plate_cellule,plate_cellule,False,0.32625,0.2,True,False,False,False,125.80509899999015,311.26383359074333,312.71875,7.948803410584163,,,0,2
plate_cellule/frontal/20260823T132156Z/frame_0005.jpg,20260823T132156Z,5,2.5,orb,A,ransac,ransac,False,plate_cellule,plate_cellule,frontal,True,False,True,False,157.88995400362182,True,False,22.871227003633976,37,31,0.8378378378378378,0.8323394060134888,251603.84573887216,True,plate_cellule,,0.8378378378378378,,,plate_cellule,plate_cellule,False,0.2575,0.2,True,False,False,False,190.86967399925925,240.6928509773578,312.71875,5.239176968489405,,,0,2
plate_cellule/frontal/20260823T132156Z/frame_0006.jpg,20260823T132156Z,6,3.0,orb,A,ransac,ransac,False,plate_cellule,plate_cellule,frontal,True,False,True,False,90.94096599437762,True,False,23.06976300315,56,50,0.8928571428571429,0.6983678340911865,125246.21544657553,True,plate_cellule,,0.8928571428571429,,,plate_cellule,plate_cellule,False,0.4125,0.2,True,False,False,False,124.96323499362916,312.30912597604447,312.71875,8.002353652664176,,,0,2
plate_cellule/frontal/20260823T132156Z/frame_0007.jpg,20260823T132156Z,7,3.5,orb,A,ransac,ransac,False,plate_cellule,,frontal,True,False,False,True,117.30828300642315,False,True,0.0006850023055449128,0,0,0.0,,,False,,,,,,,,False,0.0,,False,False,False,True,127.5658850063337,276.5871541458612,312.71875,7.839086445018976,,,1,2
plate_cellule/frontal/20260823T132156Z/frame_0008.jpg,20260823T132156Z,8,4.0,orb,A,ransac,ransac,False,plate_cellule,plate_cellule,frontal,True,False,True,False,112.69616299250629,True,False,23.40876001107972,52,45,0.8653846153846154,0.6212390661239624,82661.11523172075,True,plate_cellule,,0.8823529411764706,,,plate_cellule,plate_cellule,False,0.37625,0.2,True,False,False,False,146.28678699955344,284.87214706634234,312.71875,6.83588737240536,,,0,2
plate_cellule/frontal/20260823T132156Z/frame_0009.jpg,20260823T132156Z,9,4.5,orb,A,ransac,ransac,False,plate_cellule,plate_cellule,frontal,True,False,True,False,105.46763399906922,True,False,23.354742006631568,38,34,0.8947368421052632,0.7606675624847412,79509.01961893553,True,plate_cellule,,0.85,,,plate_cellule,plate_cellule,False,0.36,0.2,True,False,False,False,139.00703599210829,291.98057069790866,312.71875,7.193880459811919,,,0,2
plate_cellule/frontal/20260823T132156Z/frame_0010.jpg,20260823T132156Z,10,5.0,orb,A,ransac,ransac,False,plate_cellule,plate_cellule,frontal,True,False,True,False,90.96287400461733,True,False,23.30235400586389,45,43,0.9555555555555556,0.7528295516967773,120719.7060165652,True,plate_cellule,,0.8775510204081632,,,plate_cellule,plate_cellule,False,0.40375,0.2,True,False,False,False,124.53431200992782,313.29507804153974,312.71875,8.029915481608638,,,0,2
plate_cellule/frontal/20260823T132156Z/frame_0011.jpg,20260823T132156Z,11,5.5,orb,A,ransac,ransac,False,plate_cellule,,frontal,True,False,False,True,150.09961399482563,False,True,0.0005930050974711776,0,0,0.0,,,False,,,,,,,,False,0.0,,False,False,False,True,160.3489019908011,238.13841395802024,312.71875,6.236400671189928,,,1,2
plate_cellule/frontal/20260823T132156Z/frame_0012.jpg,20260823T132156Z,12,6.0,orb,A,ransac,ransac,False,plate_cellule,,frontal,True,False,False,True,105.44106100860517,False,True,0.0005750043783336878,0,0,0.0,,,False,,,,,,,,False,0.0,,False,False,False,True,115.73799699544907,293.6995030364669,312.71875,8.640204824344083,,,2,2
plate_cellule/frontal/20260823T132156Z/frame_0013.jpg,20260823T132156Z,13,6.5,orb,A,ransac,ransac,False,plate_cellule,,frontal,True,False,True,False,111.75644800823648,False,True,16.693358003976755,10,7,0.7,0.013864136300981045,621.7812466010218,True,plate_bougie,,0.5384615384615384,,,,plate_bougie,False,0.01375,0.2,False,False,False,True,138.5707419976825,283.9295065668156,312.71875,7.21653060078674,,,3,3
plate_cellule/frontal/20260823T132156Z/frame_0014.jpg,20260823T132156Z,14,7.0,orb,A,ransac,ransac,False,plate_cellule,,frontal,True,False,False,True,181.36238100123592,False,True,0.000443993485532701,0,0,0.0,,,False,,,,,,,,False,0.0,,False,False,False,True,191.5083359926939,220.09563072809732,312.71875,5.221704814134829,,,4,4
plate_cellule/frontal/20260823T132156Z/frame_0015.jpg,20260823T132156Z,15,7.5,orb,A,ransac,ransac,False,plate_cellule,,frontal,True,False,False,True,84.83452300424688,False,True,0.0004629982868209481,0,0,0.0,,,False,,,,,,,,False,0.0,,False,False,False,True,95.0403859897051,329.4582473959272,312.71875,10.521842789109899,,,5,5
plate_cellule/frontal/20260823T132156Z/frame_0016.jpg,20260823T132156Z,16,8.0,orb,A,ransac,ransac,False,plate_cellule,,frontal,True,False,False,True,99.05876799894031,False,True,0.000500003807246685,0,0,0.0,,,False,,,,,,,,False,0.0,,False,False,False,True,109.25911099184304,302.23437752907824,312.71875,9.152554793116128,,,6,6
plate_cellule/frontal/20260823T132156Z/frame_0017.jpg,20260823T132156Z,17,8.5,orb,A,ransac,ransac,False,plate_cellule,plate_cellule,frontal,True,False,True,False,104.6617139945738,True,False,22.951542006921954,45,40,0.8888888888888888,0.6098883152008057,123045.57669946893,True,plate_cellule,,0.8695652173913043,,,plate_cellule,plate_cellule,False,0.38625,0.2,True,False,False,False,137.81452500552405,293.7370999056694,312.71875,7.256129206699488,,,0,6
plate_cellule/frontal/20260823T132156Z/frame_0018.jpg,20260823T132156Z,18,9.0,orb,A,ransac,ransac,False,plate_cellule,,frontal,True,False,False,True,101.81680599635001,False,True,0.0004629982868209481,0,0,0.0,,,False,,,,,,,,False,0.0,,False,False,False,True,112.09040900575928,299.4162408513974,312.71875,8.921369891233239,,,1,6
plate_cellule/frontal/20260823T132156Z/frame_0019.jpg,20260823T132156Z,19,9.5,orb,A,ransac,ransac,False,plate_cellule,plate_cellule,frontal,True,False,True,False,96.33406199282035,True,False,23.148428997956216,44,40,0.9090909090909091,0.6682618856430054,121151.98506767544,True,plate_cellule,,0.8695652173913043,,,plate_cellule,plate_cellule,False,0.38,0.2,True,False,False,False,129.65170499228407,304.42665989120246,312.71875,7.712972228629872,,,0,6
plate_cellule/main_sur_bord/20260823T132507Z/frame_0000.jpg,20260823T132507Z,0,0.0,orb,A,ransac,ransac,False,plate_cellule,,main_sur_bord,False,True,True,False,118.28042499837466,False,True,23.564999995869584,31,24,0.7741935483870968,0.9677001237869263,358010.0088848503,True,plate_cellule,plate_bois,0.8,0.5,0.30000000000000004,,plate_cellule,False,0.19,0.2,False,False,False,True,152.4518399965018,284.277105484555,312.71875,6.559448544687596,,,1,1
plate_cellule/main_sur_bord/20260823T132507Z/frame_0001.jpg,20260823T132507Z,1,0.5,orb,A,ransac,ransac,False,plate_cellule,plate_cellule,main_sur_bord,False,True,True,False,113.02773599163629,True,False,23.435982002411038,33,25,0.7575757575757576,0.889458179473877,385799.56456555333,True,plate_cellule,,0.8064516129032258,,,plate_cellule,plate_cellule,False,0.2,0.2,True,False,False,False,146.92668900534045,285.6271517727765,312.71875,6.8061153951659,0.5,,0,1
plate_cellule/main_sur_bord/20260823T132507Z/frame_0002.jpg,20260823T132507Z,2,1.0,orb,A,ransac,ransac,False,plate_cellule,,main_sur_bord,False,True,False,True,137.30082400434185,False,True,0.0005740002961829305,0,0,0.0,,,False,,,,,,,,False,0.0,,False,False,False,True,147.83772100054193,256.2458109041134,312.71875,6.764173535902479,,,1,1
plate_cellule/main_sur_bord/20260823T132507Z/frame_0003.jpg,20260823T132507Z,3,1.5,orb,A,ransac,ransac,False,plate_cellule,,main_sur_bord,False,True,False,True,111.39196800650097,False,True,0.00048200308810919523,0,0,0.0,,,False,,,,,,,,False,0.0,,False,False,False,True,121.95036499178968,288.42967056612,312.71875,8.200057458354676,,,2,2
plate_cellule/main_sur_bord/20260823T132507Z/frame_0004.jpg,20260823T132507Z,4,2.0,orb,A,ransac,ransac,False,plate_cellule,plate_cellule,main_sur_bord,False,True,True,False,132.3440779960947,True,False,23.682518003624864,27,21,0.7777777777777778,0.8635926842689514,180501.46865022474,True,plate_cellule,,0.7777777777777778,,,plate_cellule,plate_cellule,False,0.32875,0.2,True,False,False,False,166.47964100411627,268.1633539736897,312.71875,6.006740487716901,,,0,2
plate_cellule/main_sur_bord/20260823T132507Z/frame_0005.jpg,20260823T132507Z,5,2.5,orb,A,ransac,ransac,False,plate_cellule,plate_cellule,main_sur_bord,False,True,True,False,127.31908999558073,True,False,23.58859199739527,23,19,0.8260869565217391,0.9116829037666321,368877.73106609756,True,plate_cellule,,0.76,,,plate_cellule,plate_cellule,False,0.20625,0.2,True,False,False,False,161.38972900807858,271.2928484922903,312.71875,6.1961811705498535,,,0,2
plate_cellule/main_sur_bord/20260823T132507Z/frame_0006.jpg,20260823T132507Z,6,3.0,orb,A,ransac,ransac,False,plate_cellule,plate_cellule,main_sur_bord,False,True,True,False,152.03573201142717,True,False,23.434816001099534,41,32,0.7804878048780488,0.81705242395401,363010.0960534613,True,plate_cellule,,0.8421052631578947,,,plate_cellule,plate_cellule,False,0.21625,0.2,True,False,False,False,186.00037100259215,247.82723148093933,312.71875,5.376333362184873,,,0,2
plate_cellule/main_sur_bord/20260823T132507Z/frame_0007.jpg,20260823T132507Z,7,3.5,orb,A,ransac,ransac,False,plate_cellule,plate_cellule,main_sur_bord,False,True,True,False,141.47248399967793,True,False,23.548130004201084,25,21,0.84,0.7795113325119019,358873.87947267876,True,plate_cellule,,0.7777777777777778,,,plate_cellule,plate_cellule,False,0.225,0.2,True,False,False,False,175.51601100421976,260.2421541981244,312.71875,5.697485911846287,,,0,2
plate_cellule/main_sur_bord/20260823T132507Z/frame_0008.jpg,20260823T132507Z,8,4.0,orb,A,ransac,ransac,False,plate_cellule,,main_sur_bord,False,True,False,True,116.3366029941244,False,True,0.0004080065991729498,0,0,0.0,,,False,,,,,,,,False,0.0,,False,False,False,True,126.98446300055366,279.83787118779514,312.71875,7.87497916178643,,,1,2
plate_cellule/main_sur_bord/20260823T132507Z/frame_0009.jpg,20260823T132507Z,9,4.5,orb,A,ransac,ransac,False,plate_cellule,plate_cellule,main_sur_bord,False,True,True,False,120.97013099992182,True,False,23.4610190091189,26,23,0.8846153846153846,0.8697952032089233,353535.4153555951,True,plate_cellule,,0.7931034482758621,,,plate_cellule,plate_cellule,False,0.22375,0.2,True,False,False,False,155.05034200032242,277.75707582709515,312.71875,6.449518182926166,,,0,2
plate_cellule/main_sur_bord/20260823T132507Z/frame_0010.jpg,20260823T132507Z,10,5.0,orb,A,ransac,ransac,False,plate_cellule,,main_sur_bord,False,True,True,False,100.9525150002446,False,True,23.508575002779253,11,8,0.7272727272727273,0.6146445274353027,166104.34042646165,True,plate_cellule,,0.5714285714285714,,,,plate_cellule,False,0.16875,0.2,False,False,False,True,134.77526600763667,300.81457229476365,312.71875,7.419759052401631,,,1,2
plate_cellule/main_sur_bord/20260823T132507Z/frame_0011.jpg,20260823T132507Z,11,5.5,orb,A,ransac,ransac,False,plate_cellule,,main_sur_bord,False,True,False,True,102.09502698853612,False,True,0.0006479967851191759,0,0,0.0,,,False,,,,,,,,False,0.0,,False,False,False,True,112.3458509973716,301.8394617954647,312.71875,8.901085274821547,,,2,2
plate_cellule/main_sur_bord/20260823T132507Z/frame_0012.jpg,20260823T132507Z,12,6.0,orb,A,ransac,ransac,False,plate_cellule,,main_sur_bord,False,True,False,True,122.89959899499081,False,True,0.0005370093276724219,0,0,0.0,,,False,,,,,,,,False,0.0,,False,False,False,True,133.77486499666702,272.4139837547785,312.71875,7.475245817104094,,,3,3
plate_cellule/main_sur_bord/20260823T132507Z/frame_0013.jpg,20260823T132507Z,13,6.5,orb,A,ransac,ransac,False,plate_cellule,plate_cellule,main_sur_bord,False,True,True,False,131.84228500176687,True,False,40.51198600791395,11,8,0.7272727272727273,0.3693302869796753,96075.13156795269,True,plate_cellule,plate_dague,0.5714285714285714,0.5714285714285714,0.0,plate_cellule,plate_cellule,False,0.21,0.2,True,False,False,False,182.67778000154067,269.0557308041811,312.71875,5.474119512463783,,,0,3
plate_cellule/main_sur_bord/20260823T132507Z/frame_0014.jpg,20260823T132507Z,14,7.0,orb,A,ransac,ransac,False,plate_cellule,plate_cellule,main_sur_bord,False,True,True,False,130.26197999715805,True,False,23.313076002523303,16,14,0.875,0.8979320526123047,140195.75345411338,True,plate_cellule,,0.7,,,plate_cellule,plate_cellule,False,0.30625,0.2,True,False,False,False,163.7817320006434,269.11320060913005,312.71875,6.105687049371731,,,0,3
plate_cellule/main_sur_bord/20260823T132507Z/frame_0015.jpg,20260823T132507Z,15,7.5,orb,A,ransac,ransac,False,plate_cellule,plate_cellule,main_sur_bord,False,True,True,False,129.59481700090691,True,False,23.449057000107132,38,36,0.9473684210526315,0.7367268800735474,292409.0153649687,True,plate_cellule,,0.8571428571428571,,,plate_cellule,plate_cellule,False,0.21625,0.2,True,False,False,False,163.4884380036965,268.0043276149573,312.71875,6.116640492812035,,,0,3
plate_cellule/main_sur_bord/20260823T132507Z/frame_0016.jpg,20260823T132507Z,16,8.0,orb,A,ransac,ransac,False,plate_cellule,plate_cellule,main_sur_bord,False,True,True,False,115.00233400147408,True,False,23.788128994056024,28,26,0.9285714285714286,0.7898045778274536,139716.15768278902,True,plate_cellule,,0.8125,,,plate_cellule,plate_cellule,False,0.36375,0.2,True,False,False,False,149.16071300103795,285.12191075208773,312.71875,6.704178197331635,,,0,3
plate_cellule/main_sur_bord/20260823T132507Z/frame_0017.jpg,20260823T132507Z,17,8.5,orb,A,ransac,ransac,False,plate_cellule,,main_sur_bord,False,True,False,True,130.00124000245705,False,True,0.0005369947757571936,0,0,0.0,,,False,,,,,,,,False,0.0,,False,False,False,True,140.21130600303877,266.69238284670837,312.71875,7.132092471760638,,,1,3
plate_cellule/main_sur_bord/20260823T132507Z/frame_0018.jpg,20260823T132507Z,18,9.0,orb,A,ransac,ransac,False,plate_cellule,plate_cellule,main_sur_bord,False,True,True,False,104.66582600201946,True,False,23.460722994059324,26,25,0.9615384615384616,0.7121374011039734,317376.63294607913,True,plate_cellule,,0.8064516129032258,,,plate_cellule,plate_cellule,False,0.235,0.2,True,False,False,False,138.4513539960608,296.4249183230599,312.71875,7.222753488047881,,,0,3
plate_cellule/main_sur_bord/20260823T132507Z/frame_0019.jpg,20260823T132507Z,19,9.5,orb,A,ransac,ransac,False,plate_cellule,plate_cellule,main_sur_bord,False,True,True,False,164.35780299070757,True,False,23.29863100021612,43,41,0.9534883720930233,0.6336438655853271,307994.91504662787,True,plate_cellule,,0.8723404255319149,,,plate_cellule,plate_cellule,False,0.2525,0.2,True,False,False,False,197.90870399447158,240.71348777732976,312.71875,5.052834866868383,,,0,3
plate_cellule/occlusion_angle/20260823T132607Z/frame_0000.jpg,20260823T132607Z,0,0.0,orb,A,ransac,ransac,False,plate_cellule,plate_cellule,occlusion_angle,False,True,True,False,117.16820999572519,True,False,24.01177500723861,31,26,0.8387096774193549,0.7122882604598999,127607.23486675415,True,plate_cellule,,0.8125,,,plate_cellule,plate_cellule,False,0.34875,0.2,True,False,False,False,151.7347329936456,282.2579138936759,312.71875,6.590448872651184,0.0,,0,0
plate_cellule/occlusion_angle/20260823T132607Z/frame_0001.jpg,20260823T132607Z,1,0.5,orb,A,ransac,ransac,False,plate_cellule,plate_cellule,occlusion_angle,False,True,True,False,110.92958200606517,True,False,23.968256995431148,35,30,0.8571428571428571,0.7367786765098572,126594.31333134073,True,plate_cellule,,0.8333333333333334,,,plate_cellule,plate_cellule,False,0.3625,0.2,True,False,False,False,145.3447550011333,289.9471790342273,312.71875,6.880193234301455,,,0,0
plate_cellule/occlusion_angle/20260823T132607Z/frame_0002.jpg,20260823T132607Z,2,1.0,orb,A,ransac,ransac,False,plate_cellule,plate_cellule,occlusion_angle,False,True,True,False,148.28753299661912,True,False,23.86935100366827,20,15,0.75,0.6736682653427124,129386.13522089401,True,plate_cellule,,0.7142857142857143,,,plate_cellule,plate_cellule,False,0.31,0.2,True,False,False,False,182.6641700026812,253.27478125196072,312.71875,5.474527379865037,,,0,0
plate_cellule/occlusion_angle/20260823T132607Z/frame_0003.jpg,20260823T132607Z,3,1.5,orb,A,ransac,ransac,False,plate_cellule,plate_cellule,occlusion_angle,False,True,True,False,191.84555699757766,True,False,23.75805500196293,27,20,0.7407407407407407,0.8561316728591919,136306.78334132454,True,plate_cellule,,0.7692307692307693,,,plate_cellule,plate_cellule,False,0.355,0.2,True,False,False,False,226.05843500059564,222.32396371260154,312.71875,4.423634977378151,,,0,0
plate_cellule/occlusion_angle/20260823T132607Z/frame_0004.jpg,20260823T132607Z,4,2.0,orb,A,ransac,ransac,False,plate_cellule,plate_cellule,occlusion_angle,False,True,True,False,110.32667900144588,True,False,23.71883299201727,26,23,0.8846153846153846,0.8296123147010803,138809.32560139187,True,plate_cellule,,0.7931034482758621,,,plate_cellule,plate_cellule,False,0.37875,0.2,True,False,False,False,144.57246400706936,289.5981021527909,312.71875,6.916946507538957,,,0,0
plate_cellule/occlusion_angle/20260823T132607Z/frame_0005.jpg,20260823T132607Z,5,2.5,orb,A,ransac,ransac,False,plate_cellule,plate_cellule,occlusion_angle,False,True,True,False,119.90335999871604,True,False,23.832721009966917,33,27,0.8181818181818182,0.5742791891098022,135163.9742738643,True,plate_cellule,,0.8181818181818182,,,plate_cellule,plate_cellule,False,0.3825,0.2,True,False,False,False,154.17214500484988,279.1515049534151,312.71875,6.486255996299088,,,0,0
plate_cellule/occlusion_angle/20260823T132607Z/frame_0006.jpg,20260823T132607Z,6,3.0,orb,A,ransac,ransac,False,plate_cellule,plate_cellule,occlusion_angle,False,True,True,False,213.343255003565,True,False,23.92266500100959,26,22,0.8461538461538461,0.8634384870529175,134026.87081533045,True,plate_cellule,,0.7857142857142857,,,plate_cellule,plate_cellule,False,0.3425,0.2,True,False,False,False,247.78531699848827,213.09794478387923,312.71875,4.035751642241582,,,0,0
plate_cellule/occlusion_angle/20260823T132607Z/frame_0007.jpg,20260823T132607Z,7,3.5,orb,A,ransac,ransac,False,plate_cellule,plate_cellule,occlusion_angle,False,True,True,False,123.21520900877658,True,False,23.857905995100737,31,24,0.7741935483870968,0.7855421304702759,134739.18244656362,True,plate_cellule,,0.8,,,plate_cellule,plate_cellule,False,0.33875,0.2,True,False,False,False,157.5414379913127,273.97284263953577,312.71875,6.347536322825382,,,0,0
plate_cellule/occlusion_angle/20260823T132607Z/frame_0008.jpg,20260823T132607Z,8,4.0,orb,A,ransac,ransac,False,plate_cellule,plate_cellule,occlusion_angle,False,True,True,False,118.42003499623388,True,False,23.913238997920416,34,29,0.8529411764705882,0.7241724133491516,136651.39417312358,True,plate_cellule,,0.8285714285714286,,,plate_cellule,plate_cellule,False,0.37125,0.2,True,False,False,False,152.89939299691468,279.0923565070051,312.71875,6.540248331922277,,,0,0
plate_cellule/occlusion_angle/20260823T132607Z/frame_0009.jpg,20260823T132607Z,9,4.5,orb,A,ransac,ransac,False,plate_cellule,plate_cellule,occlusion_angle,False,True,True,False,113.10977200628258,True,False,23.88901700032875,33,31,0.9393939393939394,0.4495469033718109,134803.02661420457,True,plate_cellule,,0.8378378378378378,,,plate_cellule,plate_cellule,False,0.38125,0.2,True,False,False,False,147.4292609927943,287.4382555717453,312.71875,6.78291401086841,,,0,0
plate_cellule/occlusion_angle/20260823T132607Z/frame_0010.jpg,20260823T132607Z,10,5.0,orb,A,ransac,ransac,False,plate_cellule,plate_cellule,occlusion_angle,False,True,True,False,108.71429998951498,True,False,23.806518001947552,27,22,0.8148148148148148,0.8492807149887085,134663.64643333317,True,plate_cellule,,0.7857142857142857,,,plate_cellule,plate_cellule,False,0.36,0.2,True,False,False,False,143.0052700015949,291.16959885139966,312.71875,6.992749288112579,,,0,0
plate_cellule/occlusion_angle/20260823T132607Z/frame_0011.jpg,20260823T132607Z,11,5.5,orb,A,ransac,ransac,False,plate_cellule,plate_cellule,occlusion_angle,False,True,True,False,110.58821399637964,True,False,23.74729599978309,29,23,0.7931034482758621,0.6846779584884644,135287.4419915732,True,plate_cellule,,0.7931034482758621,,,plate_cellule,plate_cellule,False,0.3775,0.2,True,False,False,False,144.94735100015532,287.48256461724424,312.71875,6.899056747845833,,,0,0
plate_cellule/occlusion_angle/20260823T132607Z/frame_0012.jpg,20260823T132607Z,12,6.0,orb,A,ransac,ransac,False,plate_cellule,plate_cellule,occlusion_angle,False,True,True,False,121.98266199266072,True,False,23.507575009716675,19,18,0.9473684210526315,0.7739756107330322,279404.81491653185,True,plate_cellule,,0.75,,,plate_cellule,plate_cellule,False,0.22625,0.2,True,False,False,False,156.1266320059076,277.64081786098455,312.71875,6.405057145933703,,,0,0
plate_cellule/occlusion_angle/20260823T132607Z/frame_0013.jpg,20260823T132607Z,13,6.5,orb,A,ransac,ransac,False,plate_cellule,plate_cellule,occlusion_angle,False,True,True,False,124.13537000247743,True,False,23.841646005166695,34,25,0.7352941176470589,0.697504460811615,133848.57607089006,True,plate_cellule,,0.8064516129032258,,,plate_cellule,plate_cellule,False,0.35625,0.2,True,False,False,False,158.41404400998726,274.04895362221214,312.71875,6.312571629930454,,,0,0
plate_cellule/occlusion_angle/20260823T132607Z/frame_0014.jpg,20260823T132607Z,14,7.0,orb,A,ransac,ransac,False,plate_cellule,plate_cellule,occlusion_angle,False,True,True,False,105.37970899895299,True,False,23.77840699045919,34,34,1.0,0.7391163110733032,133099.31436184546,True,plate_cellule,,0.85,,,plate_cellule,plate_cellule,False,0.34375,0.2,True,False,False,False,139.77936501032673,295.2185209666067,312.71875,7.154131798539228,,,0,0
plate_cellule/occlusion_angle/20260823T132607Z/frame_0015.jpg,20260823T132607Z,15,7.5,orb,A,ransac,ransac,False,plate_cellule,plate_cellule,occlusion_angle,False,True,True,False,103.46827701141592,True,False,23.32968699920457,22,21,0.9545454545454546,0.8560221195220947,280439.5443562411,True,plate_cellule,,0.7777777777777778,,,plate_cellule,plate_cellule,False,0.20625,0.2,True,False,False,False,137.17721399734728,297.1488413577803,312.71875,7.289840425096678,,,0,0
plate_cellule/occlusion_angle/20260823T132607Z/frame_0016.jpg,20260823T132607Z,16,8.0,orb,A,ransac,ransac,False,plate_cellule,plate_cellule,occlusion_angle,False,True,True,False,124.3315729952883,True,False,23.60698200936895,17,14,0.8235294117647058,0.664954423904419,286605.5996679754,True,plate_cellule,,0.7,,,plate_cellule,plate_cellule,False,0.2175,0.2,True,False,False,False,158.44198800914455,274.30553949810013,312.71875,6.3114582981771505,,,0,0
plate_cellule/occlusion_angle/20260823T132607Z/frame_0017.jpg,20260823T132607Z,17,8.5,orb,A,ransac,ransac,False,plate_cellule,plate_cellule,occlusion_angle,False,True,True,False,115.56566499348264,True,False,23.751351996907033,31,27,0.8709677419354839,0.7941475510597229,137907.52092301863,True,plate_cellule,,0.8181818181818182,,,plate_cellule,plate_cellule,False,0.3575,0.2,True,False,False,False,149.84850501059555,283.0962524250742,312.71875,6.673406584398634,,,0,0
plate_cellule/occlusion_angle/20260823T132607Z/frame_0018.jpg,20260823T132607Z,18,9.0,orb,A,ransac,ransac,False,plate_cellule,plate_cellule,occlusion_angle,False,True,True,False,132.29196600150317,True,False,23.82305399805773,27,21,0.7777777777777778,0.5399309396743774,136984.588560638,True,plate_cellule,,0.7777777777777778,,,plate_cellule,plate_cellule,False,0.3675,0.2,True,False,False,False,166.73538098984864,266.44818835843733,312.71875,5.997527303823315,,,0,0
plate_cellule/occlusion_angle/20260823T132607Z/frame_0019.jpg,20260823T132607Z,19,9.5,orb,A,ransac,ransac,False,plate_cellule,plate_cellule,occlusion_angle,False,True,True,False,114.86177900223993,True,False,23.4469459974207,19,14,0.7368421052631579,0.772946834564209,134858.8999503584,True,plate_cellule,,0.7,,,plate_cellule,plate_cellule,False,0.335,0.2,True,False,False,False,148.8380109949503,285.16184619961973,312.71875,6.718713810505889,,,0,0
plate_chaudron/frontal/20260823T135713Z/frame_0000.jpg,20260823T135713Z,0,0.0,orb,A,ransac,ransac,False,plate_chaudron,plate_chaudron,frontal,True,False,True,False,104.59021500719246,True,False,24.484919995302334,49,40,0.8163265306122449,0.7775439620018005,94083.35823571518,True,plate_chaudron,,0.8695652173913043,,,plate_chaudron,plate_chaudron,False,0.45875,0.2,True,False,False,False,139.1528130043298,293.51650906783584,312.71875,7.186344123484479,0.0,,0,0
plate_chaudron/frontal/20260823T135713Z/frame_0001.jpg,20260823T135713Z,1,0.5,orb,A,ransac,ransac,False,plate_chaudron,plate_chaudron,frontal,True,False,True,False,129.44165199587587,True,False,24.272866008686833,52,46,0.8846153846153846,0.8168476819992065,93828.2801909573,True,plate_chaudron,,0.8846153846153846,,,plate_chaudron,plate_chaudron,False,0.4,0.2,True,False,False,False,163.7489179993281,267.21561787772623,312.71875,6.106910581260165,,,0,0
plate_chaudron/frontal/20260823T135713Z/frame_0002.jpg,20260823T135713Z,2,1.0,orb,A,ransac,ransac,False,plate_chaudron,,frontal,True,False,False,True,447.10508501157165,False,True,0.0005369947757571936,0,0,0.0,,,False,,,,,,,,False,0.0,,False,False,False,True,457.09222700679675,149.82046587937577,312.71875,2.187742299947556,,,1,1
plate_chaudron/frontal/20260823T135713Z/frame_0003.jpg,20260823T135713Z,3,1.5,orb,A,ransac,ransac,False,plate_chaudron,,frontal,True,False,True,False,180.11750000005122,False,True,21.528716999455355,51,17,0.3333333333333333,1.0999475717544556,1178.6251493048621,True,plate_dague,,0.7391304347826086,,,,plate_dague,False,0.02125,0.2,False,False,False,True,211.47063699027058,229.12187805169944,312.71875,4.7287888958598465,,,2,2
plate_chaudron/frontal/20260823T135713Z/frame_0004.jpg,20260823T135713Z,4,2.0,orb,A,ransac,ransac,False,plate_chaudron,plate_chaudron,frontal,True,False,True,False,118.7957189977169,True,False,24.34371800336521,50,46,0.92,0.9079136848449707,92316.14980601682,True,plate_chaudron,,0.8846153846153846,,,plate_chaudron,plate_chaudron,False,0.39375,0.2,True,False,False,False,153.18778100481723,277.42484368686564,312.71875,6.527935801671763,,,0,2
plate_chaudron/frontal/20260823T135713Z/frame_0005.jpg,20260823T135713Z,5,2.5,orb,A,ransac,ransac,False,plate_chaudron,plate_chaudron,frontal,False,True,True,False,111.10698900301941,True,False,23.431852998328395,33,26,0.7878787878787878,0.5013874769210815,95007.50703357207,True,plate_chaudron,,0.8125,,,plate_chaudron,plate_chaudron,False,0.38875,0.2,True,False,False,False,145.17496000917163,288.08726241328134,312.71875,6.888240230524765,,,0,2
plate_chaudron/frontal/20260823T135713Z/frame_0006.jpg,20260823T135713Z,6,3.0,orb,A,ransac,ransac,False,plate_chaudron,plate_chaudron,frontal,True,False,True,False,154.03879299992695,True,False,24.46188400790561,48,38,0.7916666666666666,0.6045172214508057,93735.95361441266,True,plate_chaudron,plate_dague,0.8636363636363636,0.5384615384615384,0.3251748251748252,plate_chaudron,plate_chaudron,False,0.40375,0.2,True,False,False,False,188.50426298740786,245.6592931433786,312.71875,5.304919815350809,,,0,2
plate_chaudron/frontal/20260823T135713Z/frame_0007.jpg,20260823T135713Z,7,3.5,orb,A,ransac,ransac,False,plate_chaudron,plate_chaudron,frontal,True,False,True,False,96.86813299776986,True,False,24.565457002609037,55,50,0.9090909090909091,0.8626805543899536,92014.43046709937,True,plate_chaudron,,0.8928571428571429,,,plate_chaudron,plate_chaudron,False,0.43125,0.2,True,False,False,False,131.2011769914534,302.80429193548684,312.71875,7.621882843818857,,,0,2
plate_chaudron/frontal/20260823T135713Z/frame_0008.jpg,20260823T135713Z,8,4.0,orb,A,ransac,ransac,False,plate_chaudron,plate_chaudron,frontal,True,False,True,False,126.31318900093902,True,False,24.507791007636115,53,49,0.9245283018867925,0.7090604305267334,92877.52700962224,True,plate_chaudron,,0.8909090909090909,,,plate_chaudron,plate_chaudron,False,0.4175,0.2,True,False,False,False,160.59419700468425,267.006992779135,312.71875,6.226875059320056,,,0,2
plate_chaudron/frontal/20260823T135713Z/frame_0009.jpg,20260823T135713Z,9,4.5,orb,A,ransac,ransac,False,plate_chaudron,plate_chaudron,frontal,True,False,True,False,110.38371600443497,True,False,24.42632900783792,52,46,0.8846153846153846,0.7732962369918823,94465.627922146,True,plate_chaudron,,0.8846153846153846,,,plate_chaudron,plate_chaudron,False,0.44625,0.2,True,False,False,False,144.55427900247741,287.27239198009113,312.71875,6.917816663060259,,,0,2
plate_chaudron/frontal/20260823T135713Z/frame_0010.jpg,20260823T135713Z,10,5.0,orb,A,ransac,ransac,False,plate_chaudron,plate_chaudron,frontal,True,False,True,False,120.98066699400079,True,False,24.46518000215292,52,47,0.9038461538461539,0.7723846435546875,92422.99161175439,True,plate_chaudron,,0.8867924528301887,,,plate_chaudron,plate_chaudron,False,0.43875,0.2,True,False,False,False,155.2844709949568,273.9643496057164,312.71875,6.43979397033511,,,0,2
plate_chaudron/frontal/20260823T135713Z/frame_0011.jpg,20260823T135713Z,11,5.5,orb,A,ransac,ransac,False,plate_chaudron,plate_chaudron,frontal,True,False,True,False,105.58739300176967,True,False,24.431920988718048,52,46,0.8846153846153846,0.839169442653656,93962.70448742338,True,plate_chaudron,,0.8846153846153846,,,plate_chaudron,plate_chaudron,False,0.445,0.2,True,False,False,False,139.77684600104112,291.81680848411844,312.71875,7.154260727792868,,,0,2
plate_chaudron/frontal/20260823T135713Z/frame_0012.jpg,20260823T135713Z,12,6.0,orb,A,ransac,ransac,False,plate_chaudron,plate_chaudron,frontal,True,False,True,False,108.77892999269534,True,False,24.43262399174273,45,43,0.9555555555555556,0.6881309747695923,92783.85222288981,True,plate_chaudron,,0.8775510204081632,,,plate_chaudron,plate_chaudron,False,0.40625,0.2,True,False,False,False,143.0484919983428,287.65795448215033,312.71875,6.99063643405332,,,0,2
plate_chaudron/frontal/20260823T135713Z/frame_0013.jpg,20260823T135713Z,13,6.5,orb,A,ransac,ransac,False,plate_chaudron,plate_chaudron,frontal,False,True,True,False,153.45209299994167,True,False,23.96912699623499,22,20,0.9090909090909091,0.8417378067970276,294967.1484920937,True,plate_chaudron,,0.7692307692307693,,,plate_chaudron,plate_chaudron,False,0.27,0.2,True,False,False,False,187.6082319940906,248.6282030602435,312.71875,5.330256510447253,,,0,2
plate_chaudron/frontal/20260823T135713Z/frame_0014.jpg,20260823T135713Z,14,7.0,orb,A,ransac,ransac,False,plate_chaudron,plate_chaudron,frontal,True,False,True,False,108.01489699224476,True,False,24.370642990106717,53,40,0.7547169811320755,0.6777361631393433,92114.37855243999,True,plate_chaudron,,0.8695652173913043,,,plate_chaudron,plate_chaudron,False,0.4325,0.2,True,False,False,False,142.03916500264313,288.33032071990795,312.71875,7.040311733608061,,,0,2
plate_chaudron/frontal/20260823T135713Z/frame_0015.jpg,20260823T135713Z,15,7.5,orb,A,ransac,ransac,False,plate_chaudron,plate_chaudron,frontal,True,False,True,False,104.20247699948959,True,False,24.353365995921195,44,40,0.9090909090909091,0.8244160413742065,91207.48557880346,True,plate_chaudron,,0.8695652173913043,,,plate_chaudron,plate_chaudron,False,0.3925,0.2,True,False,False,False,138.2811699877493,294.2535025094574,312.71875,7.231642602449724,,,0,2
plate_chaudron/frontal/20260823T135713Z/frame_0016.jpg,20260823T135713Z,16,8.0,orb,A,ransac,ransac,False,plate_chaudron,plate_chaudron,frontal,True,False,True,False,107.96141599712428,True,False,24.30729199841153,44,37,0.8409090909090909,0.8064217567443848,92173.62540689162,True,plate_chaudron,,0.8604651162790697,,,plate_chaudron,plate_chaudron,False,0.395,0.2,True,False,False,False,141.9551469880389,289.1627719807707,312.71875,7.044478634397524,,,0,2
plate_chaudron/frontal/20260823T135713Z/frame_0017.jpg,20260823T135713Z,17,8.5,orb,A,ransac,ransac,False,plate_chaudron,plate_chaudron,frontal,True,False,True,False,103.443221989437,True,False,24.185625996324234,35,32,0.9142857142857143,0.850600004196167,92120.63629042883,True,plate_chaudron,,0.8421052631578947,,,plate_chaudron,plate_chaudron,False,0.4025,0.2,True,False,False,False,137.30489900626708,295.70638333994583,312.71875,7.283061327289979,,,0,2
plate_chaudron/frontal/20260823T135713Z/frame_0018.jpg,20260823T135713Z,18,9.0,orb,A,ransac,ransac,False,plate_chaudron,,frontal,True,False,False,True,242.57653500535525,False,True,0.0005559995770454407,0,0,0.0,,,False,,,,,,,,False,0.0,,False,False,False,True,252.2805850021541,189.5412336212545,312.71875,3.9638404992261353,,,1,2
plate_chaudron/frontal/20260823T135713Z/frame_0019.jpg,20260823T135713Z,19,9.5,orb,A,ransac,ransac,False,plate_chaudron,plate_chaudron,frontal,True,False,True,False,178.48089900508057,True,False,24.393198007601313,59,43,0.7288135593220338,0.802222490310669,92732.34300157515,True,plate_chaudron,plate_dague,0.8775510204081632,0.6842105263157895,0.19334049409237375,plate_chaudron,plate_chaudron,False,0.41625,0.2,True,False,False,False,212.5352599978214,230.03519698566893,312.71875,4.705101638242287,,,0,2
plate_chaudron/main_sur_bord/20260823T135744Z/frame_0000.jpg,20260823T135744Z,0,0.0,orb,A,ransac,ransac,False,plate_chaudron,,main_sur_bord,False,True,False,True,419.0292810089886,False,True,0.0005190086085349321,0,0,0.0,,,False,,,,,,,,False,0.0,,False,False,False,True,429.93210098939016,154.75423804569994,312.71875,2.3259486735201427,,,1,1
plate_chaudron/main_sur_bord/20260823T135744Z/frame_0001.jpg,20260823T135744Z,1,0.5,orb,A,ransac,ransac,False,plate_chaudron,plate_chaudron,main_sur_bord,False,True,True,False,127.87771700823214,True,False,24.282198995933868,27,26,0.9629629629629629,0.7976694107055664,177719.15793079985,True,plate_chaudron,,0.8125,,,plate_chaudron,plate_chaudron,False,0.4525,0.2,True,False,False,False,162.95207099756226,269.6594331756374,312.71875,6.136773800284869,0.5,,0,1
plate_chaudron/main_sur_bord/20260823T135744Z/frame_0002.jpg,20260823T135744Z,2,1.0,orb,A,ransac,ransac,False,plate_chaudron,,main_sur_bord,False,True,False,True,226.67594999074936,False,True,0.00048200308810919523,0,0,0.0,,,False,,,,,,,,False,0.0,,False,False,False,True,237.61621399899013,199.50503504024897,312.71875,4.208467019865277,,,1,1
plate_chaudron/main_sur_bord/20260823T135744Z/frame_0003.jpg,20260823T135744Z,3,1.5,orb,A,ransac,ransac,False,plate_chaudron,plate_chaudron,main_sur_bord,False,True,True,False,138.70575999317225,True,False,23.86799899977632,31,26,0.8387096774193549,1.0691773891448975,120063.66286271717,True,plate_chaudron,,0.8125,,,plate_chaudron,plate_chaudron,False,0.34125,0.2,True,False,False,False,173.42798699974082,260.65199730460955,312.71875,5.766082033815537,,,0,1
plate_chaudron/main_sur_bord/20260823T135744Z/frame_0004.jpg,20260823T135744Z,4,2.0,orb,A,ransac,ransac,False,plate_chaudron,plate_chaudron,main_sur_bord,False,True,True,False,110.58978800429031,True,False,24.300328994286247,35,31,0.8857142857142857,0.8129436373710632,181224.351780986,True,plate_chaudron,,0.8378378378378378,,,plate_chaudron,plate_chaudron,False,0.46,0.2,True,False,False,False,145.78882699424867,288.67903437935695,312.71875,6.859236202232766,,,0,1
plate_chaudron/main_sur_bord/20260823T135744Z/frame_0005.jpg,20260823T135744Z,5,2.5,orb,A,ransac,ransac,False,plate_chaudron,plate_chaudron,main_sur_bord,False,True,True,False,115.25551899103448,True,False,23.977553006261587,37,28,0.7567567567567568,1.1339664459228516,119796.80149068672,True,plate_chaudron,plate_cellule,0.8235294117647058,0.5,0.32352941176470584,plate_chaudron,plate_chaudron,False,0.35875,0.2,True,False,False,False,150.17661500314716,285.4345092216994,312.71875,6.658826342430501,,,0,1
plate_chaudron/main_sur_bord/20260823T135744Z/frame_0006.jpg,20260823T135744Z,6,3.0,orb,A,ransac,ransac,False,plate_chaudron,,main_sur_bord,False,True,False,True,1198.8642629876267,False,True,0.0004440080374479294,0,0,0.0,,,False,,,,,,,,False,0.0,,False,False,False,True,1209.5452330104308,119.60189743375416,312.71875,0.8267570097491147,,,1,1
plate_chaudron/main_sur_bord/20260823T135744Z/frame_0007.jpg,20260823T135744Z,7,3.5,orb,A,ransac,ransac,False,plate_chaudron,,main_sur_bord,False,True,False,True,107.95476801285986,False,True,0.0004629982868209481,0,0,0.0,,,False,,,,,,,,False,0.0,,False,False,False,True,118.65616298746318,293.47724318103633,312.71875,8.427712263927301,,,2,2
plate_chaudron/main_sur_bord/20260823T135744Z/frame_0008.jpg,20260823T135744Z,8,4.0,orb,A,ransac,ransac,False,plate_chaudron,plate_chaudron,main_sur_bord,False,True,True,False,121.76995900517795,True,False,24.224071006756276,30,24,0.8,0.7382687926292419,185182.2604462506,True,plate_chaudron,,0.8,,,plate_chaudron,plate_chaudron,False,0.43875,0.2,True,False,False,False,156.60850000858773,275.93345378846504,312.71875,6.385349453862111,,,0,2
plate_chaudron/main_sur_bord/20260823T135744Z/frame_0009.jpg,20260823T135744Z,9,4.5,orb,A,ransac,ransac,False,plate_chaudron,plate_chaudron,main_sur_bord,False,True,True,False,131.76274798752274,True,False,23.825091004255228,31,27,0.8709677419354839,0.9823993444442749,120003.05567251134,True,plate_chaudron,plate_cellule,0.8181818181818182,0.5384615384615384,0.2797202797202798,plate_chaudron,plate_chaudron,False,0.3525,0.2,True,False,False,False,166.35317899635993,269.56082276600813,312.71875,6.0113068234294555,,,0,2
plate_chaudron/main_sur_bord/20260823T135744Z/frame_0010.jpg,20260823T135744Z,10,5.0,orb,A,ransac,ransac,False,plate_chaudron,plate_chaudron,main_sur_bord,False,True,True,False,122.94832200859673,True,False,24.257476994534954,28,26,0.9285714285714286,0.5949079990386963,182719.65226861706,True,plate_chaudron,,0.8125,,,plate_chaudron,plate_chaudron,False,0.4375,0.2,True,False,False,False,158.05756500049029,275.8052934692733,312.71875,6.32680884332805,,,0,2
plate_chaudron/main_sur_bord/20260823T135744Z/frame_0011.jpg,20260823T135744Z,11,5.5,orb,A,ransac,ransac,False,plate_chaudron,plate_chaudron,main_sur_bord,False,True,True,False,122.09877200075425,True,False,24.74995600641705,33,24,0.7272727272727273,0.9925103187561035,376808.58215038374,True,plate_chaudron,,0.8,,,plate_chaudron,plate_chaudron,False,0.28375,0.2,True,False,False,False,157.65669700340368,275.86356828890064,312.71875,6.342895791977748,,,0,2
plate_chaudron/main_sur_bord/20260823T135744Z/frame_0012.jpg,20260823T135744Z,12,6.0,orb,A,ransac,ransac,False,plate_chaudron,plate_chaudron,main_sur_bord,False,True,True,False,159.81207198638003,True,False,24.147442003595643,39,29,0.7435897435897436,1.063883662223816,119054.62509582588,True,plate_chaudron,plate_dague,0.8285714285714286,0.5714285714285714,0.25714285714285723,plate_chaudron,plate_chaudron,False,0.38375,0.2,True,False,False,False,194.87764898804016,245.4886496651812,312.71875,5.131424794956199,,,0,2
plate_chaudron/main_sur_bord/20260823T135744Z/frame_0013.jpg,20260823T135744Z,13,6.5,orb,A,ransac,ransac,False,plate_chaudron,,main_sur_bord,False,True,False,True,111.92272500193212,False,True,0.0006299960659816861,0,0,0.0,,,False,,,,,,,,False,0.0,,False,False,False,True,121.9802349951351,286.116904934572,312.71875,8.19804946301245,,,1,2
plate_chaudron/main_sur_bord/20260823T135744Z/frame_0014.jpg,20260823T135744Z,14,7.0,orb,A,ransac,ransac,False,plate_chaudron,plate_chaudron,main_sur_bord,False,True,True,False,135.55835399893112,True,False,24.328031999175437,35,27,0.7714285714285715,0.7567448616027832,190879.09201661078,True,plate_chaudron,,0.8181818181818182,,,plate_chaudron,plate_chaudron,False,0.405,0.2,True,False,False,False,170.81670700281393,263.7020429111582,312.71875,5.854228298544162,,,0,2
plate_chaudron/main_sur_bord/20260823T135744Z/frame_0015.jpg,20260823T135744Z,15,7.5,orb,A,ransac,ransac,False,plate_chaudron,plate_chaudron,main_sur_bord,False,True,True,False,199.64843399066012,True,False,23.797683999873698,20,17,0.85,0.6912193298339844,125937.05340980401,True,plate_chaudron,,0.7391304347826086,,,plate_chaudron,plate_chaudron,False,0.32875,0.2,True,False,False,False,234.40228999243118,220.59178091506843,312.71875,4.266169925354782,,,0,2
plate_chaudron/main_sur_bord/20260823T135744Z/frame_0016.jpg,20260823T135744Z,16,8.0,orb,A,ransac,ransac,False,plate_chaudron,,main_sur_bord,False,True,False,True,93.06849099812098,False,True,0.0009450013749301434,0,0,0.0,,,False,,,,,,,,False,0.0,,False,False,False,True,102.11143399646971,319.3953597902337,312.71875,9.793222569321403,,,1,2
plate_chaudron/main_sur_bord/20260823T135744Z/frame_0017.jpg,20260823T135744Z,17,8.5,orb,A,ransac,ransac,False,plate_chaudron,,main_sur_bord,False,True,False,True,119.56156499218196,False,True,0.0005929905455559492,0,0,0.0,,,False,,,,,,,,False,0.0,,False,False,False,True,129.86131600337103,277.244509050453,312.71875,7.700522609627961,,,2,2
plate_chaudron/main_sur_bord/20260823T135744Z/frame_0018.jpg,20260823T135744Z,18,9.0,orb,A,ransac,ransac,False,plate_chaudron,,main_sur_bord,False,True,True,False,350.9230780036887,False,True,16.038955000112765,16,6,0.375,0.17685434222221375,6648.085770330005,True,plate_chaudron,,0.5,,,,plate_chaudron,False,0.015,0.2,False,False,False,True,376.78300798870623,170.67156118125138,312.71875,2.6540474989519014,,,3,3
plate_chaudron/main_sur_bord/20260823T135744Z/frame_0019.jpg,20260823T135744Z,19,9.5,orb,A,ransac,ransac,False,plate_chaudron,,main_sur_bord,False,True,False,True,121.74510800105054,False,True,0.0005369947757571936,0,0,0.0,,,False,,,,,,,,False,0.0,,False,False,False,True,131.5699529950507,273.57759184845503,312.71875,7.60051955052091,,,4,4
plate_chaudron/occlusion_angle/20260823T135821Z/frame_0000.jpg,20260823T135821Z,0,0.0,orb,A,ransac,ransac,False,plate_chaudron,plate_chaudron,occlusion_angle,False,True,True,False,310.7483109924942,True,False,23.980628000572324,23,15,0.6521739130434783,0.5695573091506958,339404.99635217653,True,plate_chaudron,,0.7142857142857143,,,plate_chaudron,plate_chaudron,False,0.23875,0.2,True,False,False,False,345.3129830013495,180.82576176915975,312.71875,2.8959235511747092,0.0,,0,0
plate_chaudron/occlusion_angle/20260823T135821Z/frame_0001.jpg,20260823T135821Z,1,0.5,orb,A,ransac,ransac,False,plate_chaudron,plate_chaudron,occlusion_angle,False,True,True,False,129.24557899532374,True,False,24.23997799633071,33,26,0.7878787878787878,0.8717824816703796,327457.23180419276,True,plate_chaudron,,0.8125,,,plate_chaudron,plate_chaudron,False,0.29875,0.2,True,False,False,False,164.39993199310265,268.16965959480905,312.71875,6.082727577052493,,,0,0
plate_chaudron/occlusion_angle/20260823T135821Z/frame_0002.jpg,20260823T135821Z,2,1.0,orb,A,ransac,ransac,False,plate_chaudron,plate_chaudron,occlusion_angle,False,True,True,False,109.50216499622911,True,False,24.037349998252466,16,15,0.9375,1.1211985349655151,331298.1169676549,True,plate_chaudron,,0.7142857142857143,,,plate_chaudron,plate_chaudron,False,0.26125,0.2,True,False,False,False,144.0039489971241,291.1152304638314,312.71875,6.944254008061758,,,0,0
plate_chaudron/occlusion_angle/20260823T135821Z/frame_0003.jpg,20260823T135821Z,3,1.5,orb,A,ransac,ransac,False,plate_chaudron,plate_chaudron,occlusion_angle,False,True,True,False,109.5526470016921,True,False,24.26675499009434,15,12,0.8,0.5494602918624878,328034.69769675925,True,plate_chaudron,,0.6666666666666666,,,plate_chaudron,plate_chaudron,False,0.25375,0.2,True,False,False,False,144.30757699301466,290.0251156044713,312.71875,6.929643064053427,,,0,0
plate_chaudron/occlusion_angle/20260823T135821Z/frame_0004.jpg,20260823T135821Z,4,2.0,orb,A,ransac,ransac,False,plate_chaudron,plate_chaudron,occlusion_angle,False,True,True,False,136.60279200121295,True,False,24.277606993564405,31,23,0.7419354838709677,0.7438666820526123,327996.3263785051,True,plate_chaudron,,0.7931034482758621,,,plate_chaudron,plate_chaudron,False,0.31125,0.2,True,False,False,False,171.7293690016959,260.257201548086,312.71875,5.8231157885994715,,,0,0
plate_chaudron/occlusion_angle/20260823T135821Z/frame_0005.jpg,20260823T135821Z,5,2.5,orb,A,ransac,ransac,False,plate_chaudron,plate_chaudron,occlusion_angle,False,True,True,False,194.9088339897571,True,False,24.10721901105717,21,13,0.6190476190476191,0.9739616513252258,318711.0475586937,True,plate_chaudron,,0.6842105263157895,,,plate_chaudron,plate_chaudron,False,0.25375,0.2,True,False,False,False,229.8405229958007,222.0589969721414,312.71875,4.350842866896324,,,0,0
plate_chaudron/occlusion_angle/20260823T135821Z/frame_0006.jpg,20260823T135821Z,6,3.0,orb,A,ransac,ransac,False,plate_chaudron,plate_chaudron,occlusion_angle,False,True,True,False,333.49253999767825,True,False,24.25177399709355,54,29,0.5370370370370371,0.818450391292572,322776.84846409765,True,plate_chaudron,,0.8285714285714286,,,plate_chaudron,plate_chaudron,False,0.31125,0.2,True,False,False,False,368.6874670092948,175.79111171242155,312.71875,2.7123243654354803,,,0,0
plate_chaudron/occlusion_angle/20260823T135821Z/frame_0007.jpg,20260823T135821Z,7,3.5,orb,A,ransac,ransac,False,plate_chaudron,plate_chaudron,occlusion_angle,False,True,True,False,113.55323198949918,True,False,24.142125999787822,25,19,0.76,0.5720230937004089,322189.59093648597,True,plate_chaudron,,0.76,,,plate_chaudron,plate_chaudron,False,0.265,0.2,True,False,False,False,148.3929030073341,286.53735817741955,312.71875,6.7388667499184685,,,0,0
plate_chaudron/occlusion_angle/20260823T135821Z/frame_0008.jpg,20260823T135821Z,8,4.0,orb,A,ransac,ransac,False,plate_chaudron,plate_chaudron,occlusion_angle,False,True,True,False,150.43146400421392,True,False,23.85423899977468,18,13,0.7222222222222222,0.49432656168937683,337626.4362629656,True,plate_chaudron,plate_bois,0.6842105263157895,0.5384615384615384,0.14574898785425106,plate_chaudron,plate_chaudron,False,0.24875,0.2,True,False,False,False,184.90693399508018,254.13777668960148,312.71875,5.4081260144987695,,,0,0
plate_chaudron/occlusion_angle/20260823T135821Z/frame_0009.jpg,20260823T135821Z,9,4.5,orb,A,ransac,ransac,False,plate_chaudron,plate_chaudron,occlusion_angle,False,True,True,False,193.8305249932455,True,False,24.33395899424795,28,17,0.6071428571428571,0.8797869086265564,327851.343456449,True,plate_chaudron,,0.7391304347826086,,,plate_chaudron,plate_chaudron,False,0.25625,0.2,True,False,False,False,228.98178700415883,220.25618569866165,312.71875,4.367159559209125,,,0,0
plate_chaudron/occlusion_angle/20260823T135821Z/frame_0010.jpg,20260823T135821Z,10,5.0,orb,A,ransac,ransac,False,plate_chaudron,plate_chaudron,occlusion_angle,False,True,True,False,148.66484599770047,True,False,24.046238002483733,32,15,0.46875,0.9812582731246948,318791.449447784,True,plate_chaudron,,0.7142857142857143,,,plate_chaudron,plate_chaudron,False,0.26625,0.2,True,False,False,False,183.45648000831716,253.099911204524,312.71875,5.450884045931025,,,0,0
plate_chaudron/occlusion_angle/20260823T135821Z/frame_0011.jpg,20260823T135821Z,11,5.5,orb,A,ransac,ransac,False,plate_chaudron,plate_chaudron,occlusion_angle,False,True,True,False,191.35613398975693,True,False,24.292015004903078,30,21,0.7,0.831218957901001,323067.87202619016,True,plate_chaudron,,0.7777777777777778,,,plate_chaudron,plate_chaudron,False,0.2675,0.2,True,False,False,False,226.57909798726905,223.62909178341997,312.71875,4.413469772292004,,,0,0
plate_chaudron/occlusion_angle/20260823T135821Z/frame_0012.jpg,20260823T135821Z,12,6.0,orb,A,ransac,ransac,False,plate_chaudron,,occlusion_angle,False,True,False,True,167.006785995909,False,True,0.000667001586407423,0,0,0.0,,,False,,,,,,,,False,0.0,,False,False,False,True,177.87086698808707,232.44909523474018,312.71875,5.622056140688712,,,1,1
plate_chaudron/occlusion_angle/20260823T135821Z/frame_0013.jpg,20260823T135821Z,13,6.5,orb,A,ransac,ransac,False,plate_chaudron,plate_chaudron,occlusion_angle,False,True,True,False,107.9789530049311,True,False,24.320921002072282,30,26,0.8666666666666667,0.6609672904014587,328789.29856189416,True,plate_chaudron,,0.8125,,,plate_chaudron,plate_chaudron,False,0.26,0.2,True,False,False,False,143.2624540029792,291.52410860651383,312.71875,6.980195941493537,,,0,1
plate_chaudron/occlusion_angle/20260823T135821Z/frame_0014.jpg,20260823T135821Z,14,7.0,orb,A,ransac,ransac,False,plate_chaudron,plate_chaudron,occlusion_angle,False,True,True,False,108.59263500606176,True,False,24.299235999933444,23,20,0.8695652173913043,1.1695787906646729,333312.4192989733,True,plate_chaudron,,0.7692307692307693,,,plate_chaudron,plate_chaudron,False,0.2675,0.2,True,False,False,False,143.81891299854033,290.7429449172939,312.71875,6.953188416951457,,,0,1
plate_chaudron/occlusion_angle/20260823T135821Z/frame_0015.jpg,20260823T135821Z,15,7.5,orb,A,ransac,ransac,False,plate_chaudron,plate_chaudron,occlusion_angle,False,True,True,False,114.23996899975464,True,False,24.190477997763082,19,16,0.8421052631578947,0.7497222423553467,341431.93398642505,True,plate_chaudron,,0.7272727272727273,,,plate_chaudron,plate_chaudron,False,0.27125,0.2,True,False,False,False,149.2877130076522,284.81505907870724,312.71875,6.698474910314568,,,0,1
plate_chaudron/occlusion_angle/20260823T135821Z/frame_0016.jpg,20260823T135821Z,16,8.0,orb,A,ransac,ransac,False,plate_chaudron,,occlusion_angle,False,True,False,True,131.14097400102764,False,True,0.0005189940566197038,0,0,0.0,,,False,,,,,,,,False,0.0,,False,False,False,True,141.65466799749993,264.0858302012307,312.71875,7.059421437616507,,,1,1
plate_chaudron/occlusion_angle/20260823T135821Z/frame_0017.jpg,20260823T135821Z,17,8.5,orb,A,ransac,ransac,False,plate_chaudron,plate_chaudron,occlusion_angle,False,True,True,False,141.8118889996549,True,False,24.29768101137597,19,12,0.631578947368421,0.43582460284233093,169269.6845227694,True,plate_chaudron,,0.6666666666666666,,,plate_chaudron,plate_chaudron,False,0.4525,0.2,True,False,False,False,177.01124199084006,258.12645110057395,312.71875,5.64935870034598,,,0,1
plate_chaudron/occlusion_angle/20260823T135821Z/frame_0018.jpg,20260823T135821Z,18,9.0,orb,A,ransac,ransac,False,plate_chaudron,,occlusion_angle,False,True,False,True,115.25687100947835,False,True,0.0007039925549179316,0,0,0.0,,,False,,,,,,,,False,0.0,,False,False,False,True,126.14020900218748,282.95676836384274,312.71875,7.927686246204479,,,1,1
plate_chaudron/occlusion_angle/20260823T135821Z/frame_0019.jpg,20260823T135821Z,19,9.5,orb,A,ransac,ransac,False,plate_chaudron,plate_chaudron,occlusion_angle,False,True,True,False,467.9106229887111,True,False,23.926756999571808,29,20,0.6896551724137931,1.0770593881607056,109129.50256039936,True,plate_chaudron,plate_dague,0.7692307692307693,0.6470588235294118,0.12217194570135748,plate_chaudron,plate_chaudron,False,0.395,0.2,True,False,False,False,502.8906819934491,156.0351080456514,312.71875,1.9885037361122282,,,0,1
plate_dague/frontal/20260823T135916Z/frame_0000.jpg,20260823T135916Z,0,0.0,orb,A,ransac,ransac,False,plate_dague,plate_dague,frontal,True,False,True,False,498.95020700932946,True,False,23.158836003858596,69,39,0.5652173913043478,1.0347164869308472,171631.56297692453,True,plate_dague,,0.8666666666666667,,,plate_dague,plate_dague,False,0.425,0.2,True,False,False,False,531.664501002524,151.81513501052223,312.71875,1.8808854044503012,0.0,,0,0
plate_dague/frontal/20260823T135916Z/frame_0001.jpg,20260823T135916Z,1,0.5,orb,A,ransac,ransac,False,plate_dague,plate_dague,frontal,True,False,True,False,498.8458550069481,True,False,23.20320600119885,69,39,0.5652173913043478,1.0347164869308472,171631.56297692453,True,plate_dague,,0.8666666666666667,,,plate_dague,plate_dague,False,0.425,0.2,True,False,False,False,531.5789279993623,151.8157915019859,312.71875,1.88118818735644,,,0,0
plate_dague/frontal/20260823T135916Z/frame_0002.jpg,20260823T135916Z,2,1.0,orb,A,ransac,ransac,False,plate_dague,plate_dague,frontal,True,False,True,False,116.68019399803597,True,False,22.965855998336338,41,33,0.8048780487804879,0.7837595343589783,109237.91992593557,True,plate_dague,,0.8461538461538461,,,plate_dague,plate_dague,False,0.38125,0.2,True,False,False,False,149.1650469979504,280.7527563784805,312.71875,6.703983407143232,,,0,0
plate_dague/frontal/20260823T135916Z/frame_0003.jpg,20260823T135916Z,3,1.5,orb,A,ransac,ransac,False,plate_dague,plate_dague,frontal,False,True,True,False,114.56339299911633,True,False,22.824226994998753,45,39,0.8666666666666667,0.8040269613265991,111998.73317960335,True,plate_dague,,0.8666666666666667,,,plate_dague,plate_dague,False,0.40375,0.2,True,False,False,False,147.3794839985203,287.20030666157567,312.71875,6.785204920449036,,,0,0
plate_dague/frontal/20260823T135916Z/frame_0004.jpg,20260823T135916Z,4,2.0,orb,A,ransac,ransac,False,plate_dague,plate_dague,frontal,True,False,True,False,137.5528979988303,True,False,22.61641400400549,55,46,0.8363636363636363,0.9931736588478088,111215.40618091557,True,plate_dague,,0.8846153846153846,,,plate_dague,plate_dague,False,0.3575,0.2,True,False,False,False,169.58667799190152,261.27128748942823,312.71875,5.89668959756234,,,0,0
plate_dague/frontal/20260823T135916Z/frame_0005.jpg,20260823T135916Z,5,2.5,orb,A,ransac,ransac,False,plate_dague,plate_dague,frontal,True,False,True,False,601.4228980056942,True,False,22.692728001857176,74,46,0.6216216216216216,0.7602759599685669,109422.68932335777,True,plate_dague,,0.8846153846153846,,,plate_dague,plate_dague,False,0.38,0.2,True,False,False,False,633.6055669962661,143.56587589852478,312.71875,1.5782689611467589,,,0,0
plate_dague/frontal/20260823T135916Z/frame_0006.jpg,20260823T135916Z,6,3.0,orb,A,ransac,ransac,False,plate_dague,plate_dague,frontal,True,False,True,False,131.84463600919116,True,False,22.931503990548663,55,42,0.7636363636363637,1.0646204948425293,108923.55101000756,True,plate_dague,,0.875,,,plate_dague,plate_dague,False,0.39375,0.2,True,False,False,False,164.31030399689917,264.24580713343147,312.71875,6.086045583719885,,,0,0
plate_dague/frontal/20260823T135916Z/frame_0007.jpg,20260823T135916Z,7,3.5,orb,A,ransac,ransac,False,plate_dague,plate_dague,frontal,True,False,True,False,218.6210560030304,True,False,22.99748599762097,78,42,0.5384615384615384,1.116584062576294,109484.61067496752,True,plate_dague,,0.875,,,plate_dague,plate_dague,False,0.375,0.2,True,False,False,False,251.09927800076548,209.4278009028791,312.71875,3.982488551786881,,,0,0
plate_dague/frontal/20260823T135916Z/frame_0008.jpg,20260823T135916Z,8,4.0,orb,A,ransac,ransac,False,plate_dague,plate_dague,frontal,False,True,True,False,127.54357099765912,True,False,22.78524600842502,44,34,0.7727272727272727,0.8097207546234131,106356.71519175475,True,plate_dague,,0.85,,,plate_dague,plate_dague,False,0.38375,0.2,True,False,False,False,159.52414899948053,274.2222928275346,312.71875,6.268643376390971,,,0,0
plate_dague/frontal/20260823T135916Z/frame_0009.jpg,20260823T135916Z,9,4.5,orb,A,ransac,ransac,False,plate_dague,plate_dague,frontal,False,True,True,False,323.3876400045119,True,False,23.175891998107545,40,26,0.65,0.9439781308174133,166610.24784205697,True,plate_dague,,0.8125,,,plate_dague,plate_dague,False,0.41625,0.2,True,False,False,False,355.69804899569135,179.35772287795984,312.71875,2.811373306160904,,,0,0
plate_dague/frontal/20260823T135916Z/frame_0010.jpg,20260823T135916Z,10,5.0,orb,A,ransac,ransac,False,plate_dague,plate_dague,frontal,True,False,True,False,125.42438101081643,True,False,22.722394001903012,60,43,0.7166666666666667,0.9925926923751831,108967.03444994002,True,plate_dague,,0.8775510204081632,,,plate_dague,plate_dague,False,0.35875,0.2,True,False,False,False,157.59069799969438,272.4465780339662,312.71875,6.345552197515739,,,0,0
plate_dague/frontal/20260823T135916Z/frame_0011.jpg,20260823T135916Z,11,5.5,orb,A,ransac,ransac,False,plate_dague,plate_dague,frontal,True,False,True,False,131.64671300910413,True,False,22.689801990054548,59,48,0.8135593220338984,0.9370371103286743,108678.27746561475,True,plate_dague,,0.8888888888888888,,,plate_dague,plate_dague,False,0.40625,0.2,True,False,False,False,163.89584400167223,265.4663110283364,312.71875,6.101435982658578,,,0,0
plate_dague/frontal/20260823T135916Z/frame_0012.jpg,20260823T135916Z,12,6.0,orb,A,ransac,ransac,False,plate_dague,plate_dague,frontal,True,False,True,False,176.73354099679273,True,False,23.241632006829605,61,49,0.8032786885245902,0.9274910092353821,170162.3092927115,True,plate_dague,plate_bois,0.8909090909090909,0.5384615384615384,0.35244755244755244,plate_dague,plate_dague,False,0.43375,0.2,True,False,False,False,209.43603999330662,233.267856389765,312.71875,4.774727406190258,,,0,0
plate_dague/frontal/20260823T135916Z/frame_0013.jpg,20260823T135916Z,13,6.5,orb,A,ransac,ransac,False,plate_dague,plate_dague,frontal,True,False,True,False,102.03658300451934,True,False,22.736857004929334,52,42,0.8076923076923077,1.0998128652572632,107577.89905357159,True,plate_dague,,0.875,,,plate_dague,plate_dague,False,0.37,0.2,True,False,False,False,134.30413900641724,300.0400605529782,312.71875,7.4457869087133535,,,0,0
plate_dague/frontal/20260823T135916Z/frame_0014.jpg,20260823T135916Z,14,7.0,orb,A,ransac,ransac,False,plate_dague,plate_dague,frontal,True,False,True,False,170.37454299861565,True,False,22.656914006802253,48,44,0.9166666666666666,1.046485185623169,107817.35135888853,True,plate_dague,,0.88,,,plate_dague,plate_dague,False,0.3675,0.2,True,False,False,False,202.69871100026648,232.65488895950122,312.71875,4.933430484413319,,,0,0
plate_dague/frontal/20260823T135916Z/frame_0015.jpg,20260823T135916Z,15,7.5,orb,A,ransac,ransac,False,plate_dague,plate_dague,frontal,True,False,True,False,114.70855899096932,True,False,22.513543997774832,41,32,0.7804878048780488,1.1411913633346558,104431.90236865016,True,plate_dague,,0.8421052631578947,,,plate_dague,plate_dague,False,0.3025,0.2,True,False,False,False,146.76950601278804,284.2768054037342,312.71875,6.813404413263269,,,0,0
plate_dague/frontal/20260823T135916Z/frame_0016.jpg,20260823T135916Z,16,8.0,orb,A,ransac,ransac,False,plate_dague,plate_dague,frontal,False,True,True,False,125.91067400353495,True,False,23.238706999109127,44,35,0.7954545454545454,0.8698074221611023,161083.26411721495,True,plate_dague,,0.8536585365853658,,,plate_dague,plate_dague,False,0.43125,0.2,True,False,False,False,158.3216740109492,275.440933608263,312.71875,6.316254588937975,,,0,0
plate_dague/frontal/20260823T135916Z/frame_0017.jpg,20260823T135916Z,17,8.5,orb,A,ransac,ransac,False,plate_dague,plate_dague,frontal,True,False,True,False,118.49727600929327,True,False,22.613803012063727,45,36,0.8,0.9404219388961792,106040.59012929378,True,plate_dague,,0.8571428571428571,,,plate_dague,plate_dague,False,0.33875,0.2,True,False,False,False,150.64092600368895,278.8420823898305,312.71875,6.638302263061711,,,0,0
plate_dague/frontal/20260823T135916Z/frame_0018.jpg,20260823T135916Z,18,9.0,orb,A,ransac,ransac,False,plate_dague,plate_dague,frontal,False,True,True,False,130.4563860030612,True,False,23.279501998331398,40,37,0.925,1.004813313484192,166101.00322075363,True,plate_dague,,0.8604651162790697,,,plate_dague,plate_dague,False,0.44125,0.2,True,False,False,False,162.91673899104353,270.90959513022153,312.71875,6.138104691961553,,,0,0
plate_dague/frontal/20260823T135916Z/frame_0019.jpg,20260823T135916Z,19,9.5,orb,A,ransac,ransac,False,plate_dague,plate_dague,frontal,True,False,True,False,132.3178009915864,True,False,22.68256200477481,49,44,0.8979591836734694,0.8471498489379883,104964.78413352247,True,plate_dague,,0.88,,,plate_dague,plate_dague,False,0.36625,0.2,True,False,False,False,164.60609799833037,262.9812335411712,312.71875,6.0751090765188005,,,0,0
plate_dague/main_sur_bord/20260823T135957Z/frame_0000.jpg,20260823T135957Z,0,0.0,orb,A,ransac,ransac,False,plate_dague,plate_dague,main_sur_bord,False,True,True,False,147.75179700518493,True,False,22.95526399393566,30,26,0.8666666666666667,0.8250218629837036,81991.28857012047,True,plate_dague,,0.8125,,,plate_dague,plate_dague,False,0.355,0.2,True,False,False,False,180.99373699806165,253.47994721215895,312.71875,5.52505305755806,0.0,,0,0
plate_dague/main_sur_bord/20260823T135957Z/frame_0001.jpg,20260823T135957Z,1,0.5,orb,A,ransac,ransac,False,plate_dague,,main_sur_bord,False,True,False,True,157.17214399774093,False,True,0.0005740002961829305,0,0,0.0,,,False,,,,,,,,False,0.0,,False,False,False,True,167.29274799581617,240.7069402733854,312.71875,5.977545422500975,,,1,1
plate_dague/main_sur_bord/20260823T135957Z/frame_0002.jpg,20260823T135957Z,2,1.0,orb,A,ransac,ransac,False,plate_dague,,main_sur_bord,False,True,False,True,93.67441300128121,False,True,0.0008509960025548935,0,0,0.0,,,False,,,,,,,,False,0.0,,False,False,False,True,103.48685199278407,315.1931600187606,312.71875,9.663063285273457,,,2,2
plate_dague/main_sur_bord/20260823T135957Z/frame_0003.jpg,20260823T135957Z,3,1.5,orb,A,ransac,ransac,False,plate_dague,,main_sur_bord,False,True,False,True,121.5988119947724,False,True,0.0004999892553314567,0,0,0.0,,,False,,,,,,,,False,0.0,,False,False,False,True,131.45173199882265,273.5501020277349,312.71875,7.607355070901283,,,3,3
plate_dague/main_sur_bord/20260823T135957Z/frame_0004.jpg,20260823T135957Z,4,2.0,orb,A,ransac,ransac,False,plate_dague,,main_sur_bord,False,True,False,True,119.94826700538397,False,True,0.0005559995770454407,0,0,0.0,,,False,,,,,,,,False,0.0,,False,False,False,True,130.0420369952917,277.4446404688866,312.71875,7.689821100204743,,,4,4
plate_dague/main_sur_bord/20260823T135957Z/frame_0005.jpg,20260823T135957Z,5,2.5,orb,A,ransac,ransac,False,plate_dague,,main_sur_bord,False,True,True,False,166.3179950119229,False,True,19.609637005487457,14,6,0.42857142857142855,1.039183497428894,2361.064575043507,True,plate_bougie,,0.5,,,,plate_bougie,False,0.0275,0.2,False,False,False,True,196.33047400566284,239.101001705144,312.71875,5.0934527870143915,,,5,5
plate_dague/main_sur_bord/20260823T135957Z/frame_0006.jpg,20260823T135957Z,6,3.0,orb,A,ransac,ransac,False,plate_dague,,main_sur_bord,False,True,False,True,126.00695100263692,False,True,0.00048200308810919523,0,0,0.0,,,False,,,,,,,,False,0.0,,False,False,False,True,135.95468499988783,270.2889665040154,312.71875,7.355391982268394,,,6,6
plate_dague/main_sur_bord/20260823T135957Z/frame_0007.jpg,20260823T135957Z,7,3.5,orb,A,ransac,ransac,False,plate_dague,,main_sur_bord,True,False,False,True,52.78657699818723,False,True,0.0005189940566197038,0,0,0.0,,,False,,,,,,,,False,0.0,,False,False,False,True,62.01151899585966,267.5869043154278,312.71875,16.126036197674296,,,7,7
plate_dague/main_sur_bord/20260823T135957Z/frame_0008.jpg,20260823T135957Z,8,4.0,orb,A,ransac,ransac,False,plate_dague,,main_sur_bord,True,False,False,True,116.01568100741133,False,True,0.00048200308810919523,0,0,0.0,,,False,,,,,,,,False,0.0,,False,False,False,True,125.8457299991278,189.50911485169516,312.71875,7.94623703169691,,,8,8
plate_dague/main_sur_bord/20260823T135957Z/frame_0009.jpg,20260823T135957Z,9,4.5,orb,A,ransac,ransac,False,plate_dague,,main_sur_bord,True,False,False,True,43.87948400108144,False,True,0.0005369947757571936,0,0,0.0,,,False,,,,,,,,False,0.0,,False,False,False,True,53.61516401171684,296.30022201422537,312.71875,18.651439726668823,,,9,9
plate_dague/main_sur_bord/20260823T135957Z/frame_0010.jpg,20260823T135957Z,10,5.0,orb,A,ransac,ransac,False,plate_dague,,main_sur_bord,True,False,False,True,39.3562350072898,False,True,0.0007030030246824026,0,0,0.0,,,False,,,,,,,,False,0.0,,False,False,False,True,48.89324899704661,317.0843361408876,312.71875,20.45272139841647,,,10,10
plate_dague/main_sur_bord/20260823T135957Z/frame_0011.jpg,20260823T135957Z,11,5.5,orb,A,ransac,ransac,False,plate_dague,,main_sur_bord,True,False,False,True,46.431320006377064,False,True,0.0006659975042566657,0,0,0.0,,,False,,,,,,,,False,0.0,,False,False,False,True,56.06305600667838,291.71325940655913,312.71875,17.837058327339083,,,11,11
plate_dague/main_sur_bord/20260823T135957Z/frame_0012.jpg,20260823T135957Z,12,6.0,orb,A,ransac,ransac,False,plate_dague,,main_sur_bord,True,False,False,True,40.56050600775052,False,True,0.0006299960659816861,0,0,0.0,,,False,,,,,,,,False,0.0,,False,False,False,True,50.08361198997591,314.9376826726788,312.71875,19.966611038360156,,,12,12
plate_dague/main_sur_bord/20260823T135957Z/frame_0013.jpg,20260823T135957Z,13,6.5,orb,A,ransac,ransac,False,plate_dague,,main_sur_bord,True,False,False,True,51.404566009296104,False,True,0.0004999892553314567,0,0,0.0,,,False,,,,,,,,False,0.0,,False,False,False,True,61.11728399991989,283.94098795395615,312.71875,16.361983624817338,,,13,13
plate_dague/main_sur_bord/20260823T135957Z/frame_0014.jpg,20260823T135957Z,14,7.0,orb,A,ransac,ransac,False,plate_dague,,main_sur_bord,False,True,False,True,92.47203200357035,False,True,0.0006110058166086674,0,0,0.0,,,False,,,,,,,,False,0.0,,False,False,False,True,101.65608600073028,318.26445393311747,312.71875,9.83708934055179,,,14,14
plate_dague/main_sur_bord/20260823T135957Z/frame_0015.jpg,20260823T135957Z,15,7.5,orb,A,ransac,ransac,False,plate_dague,,main_sur_bord,True,False,False,True,33.659993001492694,False,True,0.0009630020940676332,0,0,0.0,,,False,,,,,,,,False,0.0,,False,False,False,True,43.394838998210616,344.4293801992427,312.71875,23.04421500541193,,,15,15
plate_dague/main_sur_bord/20260823T135957Z/frame_0016.jpg,20260823T135957Z,16,8.0,orb,A,ransac,ransac,False,plate_dague,,main_sur_bord,False,True,False,True,91.88366599846631,False,True,0.0008889910532161593,0,0,0.0,,,False,,,,,,,,False,0.0,,False,False,False,True,101.29049498937093,319.45635474873995,312.71875,9.872594660584259,,,16,16
plate_dague/main_sur_bord/20260823T135957Z/frame_0017.jpg,20260823T135957Z,17,8.5,orb,A,ransac,ransac,False,plate_dague,,main_sur_bord,False,True,False,True,102.64343100425322,False,True,0.00038799771573394537,0,0,0.0,,,False,,,,,,,,False,0.0,,False,False,False,True,111.98505699576344,301.91633961733856,312.71875,8.929762834677412,,,17,17
plate_dague/main_sur_bord/20260823T135957Z/frame_0018.jpg,20260823T135957Z,18,9.0,orb,A,ransac,ransac,False,plate_dague,,main_sur_bord,True,False,False,True,45.07258799276315,False,True,0.0008150091161951423,0,0,0.0,,,False,,,,,,,,False,0.0,,False,False,False,True,54.62663900107145,299.8446856611365,312.71875,18.306086888859955,,,18,18
plate_dague/main_sur_bord/20260823T135957Z/frame_0019.jpg,20260823T135957Z,19,9.5,orb,A,ransac,ransac,False,plate_dague,,main_sur_bord,True,False,True,False,60.3891780046979,False,True,10.35278700874187,9,6,0.6666666666666666,0.03741702437400818,1005.9864838804315,True,plate_bougie,,0.5,,,,plate_bougie,False,0.00625,0.2,False,False,False,True,80.1854790042853,257.48035126030675,312.71875,12.471085942462945,,,19,19
plate_dague/occlusion_angle/20260823T140102Z/frame_0000.jpg,20260823T140102Z,0,0.0,orb,A,ransac,ransac,False,plate_dague,plate_dague,occlusion_angle,False,True,True,False,129.97168600850273,True,False,22.801839004387148,40,29,0.725,0.6716655492782593,88396.6060561249,True,plate_dague,,0.8285714285714286,,,plate_dague,plate_dague,False,0.345,0.2,True,False,False,False,162.94325700437184,269.9947712400247,312.71875,6.137105753159025,0.0,,0,0
plate_dague/occlusion_angle/20260823T140102Z/frame_0001.jpg,20260823T140102Z,1,0.5,orb,A,ransac,ransac,False,plate_dague,plate_dague,occlusion_angle,False,True,True,False,110.59551099606324,True,False,22.833987008198164,37,33,0.8918918918918919,0.7731323838233948,90508.0043504904,True,plate_dague,,0.8461538461538461,,,plate_dague,plate_dague,False,0.35,0.2,True,False,False,False,143.79332099633757,291.2961889312493,312.71875,6.954425929320251,,,0,0
plate_dague/occlusion_angle/20260823T140102Z/frame_0002.jpg,20260823T140102Z,2,1.0,orb,A,ransac,ransac,False,plate_dague,plate_dague,occlusion_angle,False,True,True,False,142.39129399356898,True,False,23.384501997497864,43,30,0.6976744186046512,0.6368896961212158,141950.67654685263,True,plate_dague,,0.8333333333333334,,,plate_dague,plate_dague,False,0.4375,0.2,True,False,False,False,175.93561999092344,257.71205116018143,312.71875,5.683897325917232,,,0,0
plate_dague/occlusion_angle/20260823T140102Z/frame_0003.jpg,20260823T140102Z,3,1.5,orb,A,ransac,ransac,False,plate_dague,plate_dague,occlusion_angle,False,True,True,False,143.75700600794517,True,False,22.920504998182878,40,37,0.925,0.749456524848938,88942.30394290993,True,plate_dague,,0.8604651162790697,,,plate_dague,plate_dague,False,0.36625,0.2,True,False,False,False,177.00340900046285,259.1196037353201,312.71875,5.649608703284269,,,0,0
plate_dague/occlusion_angle/20260823T140102Z/frame_0004.jpg,20260823T140102Z,4,2.0,orb,A,ransac,ransac,False,plate_dague,plate_dague,occlusion_angle,False,True,True,False,117.01635899953544,True,False,23.83240600465797,29,26,0.896551724137931,0.6608379483222961,296991.8382412675,True,plate_dague,,0.8125,,,plate_dague,plate_dague,False,0.38125,0.2,True,False,False,False,151.02790598757565,282.534566846939,312.71875,6.621292889290706,,,0,0
plate_dague/occlusion_angle/20260823T140102Z/frame_0005.jpg,20260823T140102Z,5,2.5,orb,A,ransac,ransac,False,plate_dague,plate_dague,occlusion_angle,False,True,True,False,147.21368900791276,True,False,23.165170001448132,38,33,0.868421052631579,0.6562379002571106,92578.02595767193,True,plate_dague,,0.8461538461538461,,,plate_dague,plate_dague,False,0.3825,0.2,True,False,False,False,180.6764790089801,254.12142826691814,312.71875,5.534754747740559,,,0,0
plate_dague/occlusion_angle/20260823T140102Z/frame_0006.jpg,20260823T140102Z,6,3.0,orb,A,ransac,ransac,False,plate_dague,,occlusion_angle,False,True,False,True,165.52955500083044,False,True,0.000500003807246685,0,0,0.0,,,False,,,,,,,,False,0.0,,False,False,False,True,175.3520489874063,235.17335576136708,312.71875,5.702813316266521,,,1,1
plate_dague/occlusion_angle/20260823T140102Z/frame_0007.jpg,20260823T140102Z,7,3.5,orb,A,ransac,ransac,False,plate_dague,plate_dague,occlusion_angle,False,True,True,False,140.25899198895786,True,False,22.18321300460957,17,14,0.8235294117647058,0.7901442050933838,91499.85877887206,True,plate_dague,plate_bois,0.7,0.5384615384615384,0.16153846153846152,plate_dague,plate_dague,False,0.30125,0.2,True,False,False,False,172.5683080003364,262.94066694976067,312.71875,5.794806772968132,,,0,1
plate_dague/occlusion_angle/20260823T140102Z/frame_0008.jpg,20260823T140102Z,8,4.0,orb,A,ransac,ransac,False,plate_dague,,occlusion_angle,False,True,False,True,499.882368996623,False,True,0.0004999892553314567,0,0,0.0,,,False,,,,,,,,False,0.0,,False,False,False,True,509.83593599812593,146.8675505452709,312.71875,1.9614152894935908,,,1,1
plate_dague/occlusion_angle/20260823T140102Z/frame_0009.jpg,20260823T140102Z,9,4.5,orb,A,ransac,ransac,False,plate_dague,plate_dague,occlusion_angle,False,True,True,False,136.58207100525033,True,False,23.402520004310645,27,14,0.5185185185185185,0.8768762350082397,115191.4485007627,True,plate_dague,,0.7,,,plate_dague,plate_dague,False,0.39,0.2,True,False,False,False,170.1926740061026,263.4677812183128,312.71875,5.875693568127045,,,0,1
plate_dague/occlusion_angle/20260823T140102Z/frame_0010.jpg,20260823T140102Z,10,5.0,orb,A,ransac,ransac,False,plate_dague,,occlusion_angle,False,True,False,True,112.00059500697535,False,True,0.000500003807246685,0,0,0.0,,,False,,,,,,,,False,0.0,,False,False,False,True,121.81686599797104,287.65175916268134,312.71875,8.209043893943683,,,1,1
plate_dague/occlusion_angle/20260823T140102Z/frame_0011.jpg,20260823T140102Z,11,5.5,orb,A,ransac,ransac,False,plate_dague,plate_dague,occlusion_angle,False,True,True,False,122.12771599297412,True,False,23.345649999100715,27,20,0.7407407407407407,0.6132612228393555,140513.3094400398,True,plate_dague,,0.7692307692307693,,,plate_dague,plate_dague,False,0.38625,0.2,True,False,False,False,155.64978400652763,277.48431374751715,312.71875,6.4246796510688515,,,0,1
plate_dague/occlusion_angle/20260823T140102Z/frame_0012.jpg,20260823T140102Z,12,6.0,orb,A,ransac,ransac,False,plate_dague,,occlusion_angle,False,True,False,True,155.66784000839107,False,True,0.0005190086085349321,0,0,0.0,,,False,,,,,,,,False,0.0,,False,False,False,True,165.64860999642406,241.64804099995024,312.71875,6.036875286919628,,,1,1
plate_dague/occlusion_angle/20260823T140102Z/frame_0013.jpg,20260823T140102Z,13,6.5,orb,A,ransac,ransac,False,plate_dague,plate_dague,occlusion_angle,False,True,True,False,217.18693598813843,True,False,23.313427998800762,36,23,0.6388888888888888,0.8157492280006409,137853.81828024797,True,plate_dague,,0.7931034482758621,,,plate_dague,plate_dague,False,0.4075,0.2,True,False,False,False,250.7850030087866,212.00160919565892,312.71875,3.987479267111374,,,0,1
plate_dague/occlusion_angle/20260823T140102Z/frame_0014.jpg,20260823T140102Z,14,7.0,orb,A,ransac,ransac,False,plate_dague,,occlusion_angle,False,True,False,True,112.62484999315348,False,True,0.000500003807246685,0,0,0.0,,,False,,,,,,,,False,0.0,,False,False,False,True,122.60837999929208,286.3218729437729,312.71875,8.156049366330212,,,1,1
plate_dague/occlusion_angle/20260823T140102Z/frame_0015.jpg,20260823T140102Z,15,7.5,orb,A,ransac,ransac,False,plate_dague,plate_dague,occlusion_angle,False,True,True,False,129.0883759938879,True,False,23.176336006144993,30,26,0.8666666666666667,0.8290684819221497,125187.30121570511,True,plate_dague,,0.8125,,,plate_dague,plate_dague,False,0.38875,0.2,True,False,False,False,162.65964799094945,269.83626635195037,312.71875,6.1478062466706005,,,0,1
plate_dague/occlusion_angle/20260823T140102Z/frame_0016.jpg,20260823T140102Z,16,8.0,orb,A,ransac,ransac,False,plate_dague,,occlusion_angle,False,True,False,True,100.94633100379724,False,True,0.0010560033842921257,0,0,0.0,,,False,,,,,,,,False,0.0,,False,False,False,True,110.96945300232619,304.22019021119917,312.71875,9.011488954343477,,,1,1
plate_dague/occlusion_angle/20260823T140102Z/frame_0017.jpg,20260823T140102Z,17,8.5,orb,A,ransac,ransac,False,plate_dague,,occlusion_angle,False,True,False,True,155.99585601012222,False,True,0.0007780035957694054,0,0,0.0,,,False,,,,,,,,False,0.0,,False,False,False,True,165.98295999574475,238.31855270573539,312.71875,6.024714826302873,,,2,2
plate_dague/occlusion_angle/20260823T140102Z/frame_0018.jpg,20260823T140102Z,18,9.0,orb,A,ransac,ransac,False,plate_dague,,occlusion_angle,False,True,False,True,102.62376499304082,False,True,0.0007780035957694054,0,0,0.0,,,False,,,,,,,,False,0.0,,False,False,False,True,112.58135001116898,300.04083355412956,312.71875,8.882465878236422,,,3,3
plate_dague/occlusion_angle/20260823T140102Z/frame_0019.jpg,20260823T140102Z,19,9.5,orb,A,ransac,ransac,False,plate_dague,plate_dague,occlusion_angle,False,True,True,False,144.86540800135117,True,False,23.17500300705433,25,18,0.72,0.6150844097137451,128650.02154630842,True,plate_dague,,0.75,,,plate_dague,plate_dague,False,0.37,0.2,True,False,False,False,178.24555000697728,255.6650985015732,312.71875,5.610238235741963,,,0,3
plate_vampire/frontal/20260823T135229Z/frame_0000.jpg,20260823T135229Z,0,0.0,orb,A,ransac,ransac,False,plate_vampire,plate_vampire,frontal,True,False,True,False,103.12683500524145,True,False,24.11260899680201,51,47,0.9215686274509803,0.7989979386329651,180349.04848547446,True,plate_vampire,,0.8867924528301887,,,plate_vampire,plate_vampire,False,0.43375,0.2,True,False,False,False,137.44828700146172,296.1779363577398,312.71875,7.2754635348010215,0.0,,0,0
plate_vampire/frontal/20260823T135229Z/frame_0001.jpg,20260823T135229Z,1,0.5,orb,A,ransac,ransac,False,plate_vampire,plate_vampire,frontal,True,False,True,False,112.27337099262513,True,False,24.02229400468059,48,44,0.9166666666666666,0.8998165726661682,177538.3376632553,True,plate_vampire,,0.88,,,plate_vampire,plate_vampire,False,0.39375,0.2,True,False,False,False,146.5070270060096,285.19026052098684,312.71875,6.825611169892764,,,0,0
plate_vampire/frontal/20260823T135229Z/frame_0002.jpg,20260823T135229Z,2,1.0,orb,A,ransac,ransac,False,plate_vampire,plate_vampire,frontal,True,False,True,False,116.67699100507889,True,False,23.424760991474614,52,46,0.8846153846153846,0.7760950326919556,114452.3077565542,True,plate_vampire,,0.8846153846153846,,,plate_vampire,plate_vampire,False,0.35,0.2,True,False,False,False,150.41015099268407,280.82011766648446,312.71875,6.648487441839214,,,0,0
plate_vampire/frontal/20260823T135229Z/frame_0003.jpg,20260823T135229Z,3,1.5,orb,A,ransac,ransac,False,plate_vampire,plate_vampire,frontal,True,False,True,False,116.53054799535312,True,False,23.905868001747876,57,52,0.9122807017543859,0.7118813991546631,177824.31621274666,True,plate_vampire,,0.896551724137931,,,plate_vampire,plate_vampire,False,0.40375,0.2,True,False,False,False,150.72753699496388,280.16289021833745,312.71875,6.634487764723523,,,0,0
plate_vampire/frontal/20260823T135229Z/frame_0004.jpg,20260823T135229Z,4,2.0,orb,A,ransac,ransac,False,plate_vampire,plate_vampire,frontal,True,False,True,False,103.25668599398341,True,False,24.053424000157975,58,53,0.9137931034482759,0.8830535411834717,180101.8155279479,True,plate_vampire,,0.8983050847457628,,,plate_vampire,plate_vampire,False,0.44375,0.2,True,False,False,False,137.5157680013217,297.2609431931329,312.71875,7.271893358370283,,,0,0
plate_vampire/frontal/20260823T135229Z/frame_0005.jpg,20260823T135229Z,5,2.5,orb,A,ransac,ransac,False,plate_vampire,plate_vampire,frontal,True,False,True,False,107.79908399854321,True,False,24.026330997003242,58,51,0.8793103448275862,1.0466530323028564,179568.22964468884,True,plate_vampire,,0.8947368421052632,,,plate_vampire,plate_vampire,False,0.425,0.2,True,False,False,False,142.08809100091457,290.58332411358595,312.71875,7.037887503137496,,,0,0
plate_vampire/frontal/20260823T135229Z/frame_0006.jpg,20260823T135229Z,6,3.0,orb,A,ransac,ransac,False,plate_vampire,plate_vampire,frontal,True,False,True,False,130.303054000251,True,False,23.958756995853037,44,41,0.9318181818181818,0.665065348148346,180135.83433781995,True,plate_vampire,,0.8723404255319149,,,plate_vampire,plate_vampire,False,0.425,0.2,True,False,False,False,164.36585900373757,266.36621841890627,312.71875,6.083988524510194,,,0,0
plate_vampire/frontal/20260823T135229Z/frame_0007.jpg,20260823T135229Z,7,3.5,orb,A,ransac,ransac,False,plate_vampire,plate_vampire,frontal,False,True,True,False,153.0802630004473,True,False,23.938109996379353,25,21,0.84,0.754470944404602,182738.46160115462,True,plate_vampire,,0.7777777777777778,,,plate_vampire,plate_vampire,False,0.3975,0.2,True,False,False,False,188.08330300089438,249.37624845825428,312.71875,5.316793059484099,,,0,0
plate_vampire/frontal/20260823T135229Z/frame_0008.jpg,20260823T135229Z,8,4.0,orb,A,ransac,ransac,False,plate_vampire,plate_vampire,frontal,True,False,True,False,97.41138998651877,True,False,23.82949899765663,42,36,0.8571428571428571,0.9859007596969604,181493.41702293773,True,plate_vampire,,0.8571428571428571,,,plate_vampire,plate_vampire,False,0.4075,0.2,True,False,False,False,131.41773200186435,304.5688385448074,312.71875,7.609323222727763,,,0,0
plate_vampire/frontal/20260823T135229Z/frame_0009.jpg,20260823T135229Z,9,4.5,orb,A,ransac,ransac,False,plate_vampire,plate_vampire,frontal,False,True,True,False,201.25923899468035,True,False,24.05064601043705,37,31,0.8378378378378378,0.7667515277862549,179980.86272938078,True,plate_vampire,,0.8378378378378378,,,plate_vampire,plate_vampire,False,0.425,0.2,True,False,False,False,236.32998300308827,218.93066949242242,312.71875,4.231371691787971,,,0,0
plate_vampire/frontal/20260823T135229Z/frame_0010.jpg,20260823T135229Z,10,5.0,orb,A,ransac,ransac,False,plate_vampire,plate_vampire,frontal,False,True,True,False,146.68493300268892,True,False,24.524513006326742,34,27,0.7941176470588235,0.8063827157020569,180641.0094672474,True,plate_vampire,,0.8181818181818182,,,plate_vampire,plate_vampire,False,0.42875,0.2,True,False,False,False,182.27685899182688,254.3527843108127,312.71875,5.486159930179832,,,0,0
plate_vampire/frontal/20260823T135229Z/frame_0011.jpg,20260823T135229Z,11,5.5,orb,A,ransac,ransac,False,plate_vampire,plate_vampire,frontal,False,True,True,False,114.57707900262903,True,False,23.90207300777547,31,27,0.8709677419354839,0.8441644906997681,183238.91031600352,True,plate_vampire,,0.8181818181818182,,,plate_vampire,plate_vampire,False,0.39125,0.2,True,False,False,False,149.57213700108696,284.13952191972214,312.71875,6.685737197114011,,,0,0
plate_vampire/frontal/20260823T135229Z/frame_0012.jpg,20260823T135229Z,12,6.0,orb,A,ransac,ransac,False,plate_vampire,plate_vampire,frontal,False,True,True,False,130.39349799510092,True,False,23.25520699378103,34,28,0.8235294117647058,0.7593481540679932,118062.42721513775,True,plate_vampire,,0.8235294117647058,,,plate_vampire,plate_vampire,False,0.35125,0.2,True,False,False,False,164.4804140087217,270.2953045682513,312.71875,6.0797512337668005,,,0,0
plate_vampire/frontal/20260823T135229Z/frame_0013.jpg,20260823T135229Z,13,6.5,orb,A,ransac,ransac,False,plate_vampire,,frontal,False,True,False,True,121.42931400740054,False,True,0.00048200308810919523,0,0,0.0,,,False,,,,,,,,False,0.0,,False,False,False,True,132.65613200201187,275.73243353307737,312.71875,7.538287035120502,,,1,1
plate_vampire/frontal/20260823T135229Z/frame_0014.jpg,20260823T135229Z,14,7.0,orb,A,ransac,ransac,False,plate_vampire,,frontal,False,True,False,True,120.44380100269336,False,True,0.0005189940566197038,0,0,0.0,,,False,,,,,,,,False,0.0,,False,False,False,True,131.46428800246213,276.61017111595953,312.71875,7.606628501127785,,,2,2
plate_vampire/frontal/20260823T135229Z/frame_0015.jpg,20260823T135229Z,15,7.5,orb,A,ransac,ransac,False,plate_vampire,plate_vampire,frontal,True,False,True,False,132.228522998048,True,False,23.973219998879358,51,48,0.9411764705882353,0.6940330266952515,179960.4423576735,True,plate_vampire,,0.8888888888888888,,,plate_vampire,plate_vampire,False,0.4125,0.2,True,False,False,False,166.46397599834017,263.4962599982498,312.71875,6.00730574890252,,,0,2
plate_vampire/frontal/20260823T135229Z/frame_0016.jpg,20260823T135229Z,16,8.0,orb,A,ransac,ransac,False,plate_vampire,plate_vampire,frontal,True,False,True,False,131.36897400545422,True,False,23.9927389920922,51,49,0.9607843137254902,0.7857611775398254,179782.86877881704,True,plate_vampire,plate_bougie,0.8909090909090909,0.5,0.3909090909090909,plate_vampire,plate_vampire,False,0.4275,0.2,True,False,False,False,165.4720930091571,268.2254360410128,312.71875,6.043315110208105,,,0,2
plate_vampire/frontal/20260823T135229Z/frame_0017.jpg,20260823T135229Z,17,8.5,orb,A,ransac,ransac,False,plate_vampire,plate_vampire,frontal,True,False,True,False,132.75179799529724,True,False,23.966608991031535,50,46,0.92,0.6938753128051758,181771.29600558287,True,plate_vampire,,0.8846153846153846,,,plate_vampire,plate_vampire,False,0.43375,0.2,True,False,False,False,166.99313900608104,264.6404209360344,312.71875,5.988269972957303,,,0,2
plate_vampire/frontal/20260823T135229Z/frame_0018.jpg,20260823T135229Z,18,9.0,orb,A,ransac,ransac,False,plate_vampire,plate_vampire,frontal,False,True,True,False,160.65343801165,True,False,23.74837000388652,25,18,0.72,0.7031662464141846,185133.01197874077,True,plate_vampire,,0.75,,,plate_vampire,plate_vampire,False,0.40625,0.2,True,False,False,False,195.2141290094005,244.91524175332265,312.71875,5.122580035955519,,,0,2
plate_vampire/frontal/20260823T135229Z/frame_0019.jpg,20260823T135229Z,19,9.5,orb,A,ransac,ransac,False,plate_vampire,plate_vampire,frontal,False,True,True,False,223.52976599358954,True,False,23.343761000433005,43,39,0.9069767441860465,0.9232315421104431,118266.69114185299,True,plate_vampire,,0.8666666666666667,,,plate_vampire,plate_vampire,False,0.35,0.2,True,False,False,False,258.22186400182545,209.82793734157178,312.71875,3.8726387630480845,,,0,2
plate_vampire/main_sur_bord/20260823T135336Z/frame_0000.jpg,20260823T135336Z,0,0.0,orb,A,ransac,ransac,False,plate_vampire,,main_sur_bord,False,True,False,True,125.7547489949502,False,True,0.0005740002961829305,0,0,0.0,,,False,,,,,,,,False,0.0,,False,False,False,True,136.2111280031968,268.50612234223183,312.71875,7.34154407690193,,,1,1
plate_vampire/main_sur_bord/20260823T135336Z/frame_0001.jpg,20260823T135336Z,1,0.5,orb,A,ransac,ransac,False,plate_vampire,plate_vampire,main_sur_bord,False,True,True,False,175.74112200236414,True,False,24.176645005354658,37,31,0.8378378378378378,0.6563957929611206,127665.39277798508,True,plate_vampire,plate_dague,0.8378378378378378,0.5384615384615384,0.2993762993762994,plate_vampire,plate_vampire,False,0.3625,0.2,True,False,False,False,210.69090299715754,236.34096390328097,312.71875,4.746289402032185,0.5,,0,1
plate_vampire/main_sur_bord/20260823T135336Z/frame_0002.jpg,20260823T135336Z,2,1.0,orb,A,ransac,ransac,False,plate_vampire,,main_sur_bord,False,True,False,True,103.36674099380616,False,True,0.0006290065357461572,0,0,0.0,,,False,,,,,,,,False,0.0,,False,False,False,True,113.96941600833088,300.4769735548862,312.71875,8.774283794934094,,,1,1
plate_vampire/main_sur_bord/20260823T135336Z/frame_0003.jpg,20260823T135336Z,3,1.5,orb,A,ransac,ransac,False,plate_vampire,,main_sur_bord,False,True,True,False,122.72210100491066,False,True,25.765468992176466,12,7,0.5833333333333334,1.183113932609558,52228.04288947303,True,plate_bois,,0.5384615384615384,,,,plate_bois,False,0.011764705882352941,0.2,False,False,False,True,158.9746340032434,282.0627113321951,312.71875,6.290311698277588,,,2,2
plate_vampire/main_sur_bord/20260823T135336Z/frame_0004.jpg,20260823T135336Z,4,2.0,orb,A,ransac,ransac,False,plate_vampire,,main_sur_bord,False,True,False,True,105.90959500405006,False,True,0.0004629982868209481,0,0,0.0,,,False,,,,,,,,False,0.0,,False,False,False,True,115.99718099751044,295.78091126831833,312.71875,8.620899158070593,,,3,3
plate_vampire/main_sur_bord/20260823T135336Z/frame_0005.jpg,20260823T135336Z,5,2.5,orb,A,ransac,ransac,False,plate_vampire,plate_vampire,main_sur_bord,False,True,True,False,139.40919999731705,True,False,23.179392010206357,17,17,1.0,1.1345617771148682,124954.26086789416,True,plate_vampire,,0.7391304347826086,,,plate_vampire,plate_vampire,False,0.2225,0.2,True,False,False,False,174.39701799594332,259.61338456517547,312.71875,5.734042998506208,,,0,3
plate_vampire/main_sur_bord/20260823T135336Z/frame_0006.jpg,20260823T135336Z,6,3.0,orb,A,ransac,ransac,False,plate_vampire,,main_sur_bord,False,True,False,True,122.52939899917692,False,True,0.0005370093276724219,0,0,0.0,,,False,,,,,,,,False,0.0,,False,False,False,True,133.74001400370616,272.5802129719412,312.71875,7.477193773677101,,,1,3
plate_vampire/main_sur_bord/20260823T135336Z/frame_0007.jpg,20260823T135336Z,7,3.5,orb,A,ransac,ransac,False,plate_vampire,,main_sur_bord,False,True,False,True,118.66353399818763,False,True,0.0006479967851191759,0,0,0.0,,,False,,,,,,,,False,0.0,,False,False,False,True,128.93245200393721,278.0296600494751,312.71875,7.755999241908957,,,2,3
plate_vampire/main_sur_bord/20260823T135336Z/frame_0008.jpg,20260823T135336Z,8,4.0,orb,A,ransac,ransac,False,plate_vampire,,main_sur_bord,False,True,False,True,112.78434899577405,False,True,0.0006299960659816861,0,0,0.0,,,False,,,,,,,,False,0.0,,False,False,False,True,123.1160989991622,285.41996120459385,312.71875,8.122414599952561,,,3,3
plate_vampire/main_sur_bord/20260823T135336Z/frame_0009.jpg,20260823T135336Z,9,4.5,orb,A,ransac,ransac,False,plate_vampire,plate_vampire,main_sur_bord,False,True,True,False,146.30378798756283,True,False,23.823869007173926,24,18,0.75,0.92356938123703,168381.52268104488,True,plate_vampire,plate_dague,0.75,0.5384615384615384,0.21153846153846156,plate_vampire,plate_vampire,False,0.3175,0.2,True,False,False,False,180.87599700083956,258.05742427937344,312.71875,5.5286495531817765,,,0,3
plate_vampire/main_sur_bord/20260823T135336Z/frame_0010.jpg,20260823T135336Z,10,5.0,orb,A,ransac,ransac,False,plate_vampire,,main_sur_bord,False,True,False,True,136.3310170127079,False,True,0.0004809990059584379,0,0,0.0,,,False,,,,,,,,False,0.0,,False,False,False,True,147.02644900535233,259.016205979468,312.71875,6.801497327624339,,,1,3
plate_vampire/main_sur_bord/20260823T135336Z/frame_0011.jpg,20260823T135336Z,11,5.5,orb,A,ransac,ransac,False,plate_vampire,,main_sur_bord,False,True,False,True,174.5297770103207,False,True,0.000500003807246685,0,0,0.0,,,False,,,,,,,,False,0.0,,False,False,False,True,185.45161600923166,226.57098495118032,312.71875,5.392242038754845,,,2,3
plate_vampire/main_sur_bord/20260823T135336Z/frame_0012.jpg,20260823T135336Z,12,6.0,orb,A,ransac,ransac,False,plate_vampire,plate_vampire,main_sur_bord,False,True,True,False,383.9674839982763,True,False,23.84564701060299,25,24,0.96,0.6578942537307739,167905.95909767333,True,plate_vampire,,0.8,,,plate_vampire,plate_vampire,False,0.35625,0.2,True,False,False,False,418.6582670081407,165.94881738868762,312.71875,2.388582953697067,,,0,3
plate_vampire/main_sur_bord/20260823T135336Z/frame_0013.jpg,20260823T135336Z,13,6.5,orb,A,ransac,ransac,False,plate_vampire,plate_vampire,main_sur_bord,False,True,True,False,127.01303799985908,True,False,23.736628994811326,17,10,0.5882352941176471,0.8380635976791382,286181.39148763526,True,plate_vampire,,0.625,,,plate_vampire,plate_vampire,False,0.21,0.2,True,False,False,False,161.32947099686135,270.78693018742655,312.71875,6.1984955000531485,,,0,3
plate_vampire/main_sur_bord/20260823T135336Z/frame_0014.jpg,20260823T135336Z,14,7.0,orb,A,ransac,ransac,False,plate_vampire,,main_sur_bord,False,True,False,True,171.87497900158633,False,True,0.0005190086085349321,0,0,0.0,,,False,,,,,,,,False,0.0,,False,False,False,True,182.7865030063549,228.24053260951777,312.71875,5.470863458475559,,,1,3
plate_vampire/main_sur_bord/20260823T135336Z/frame_0015.jpg,20260823T135336Z,15,7.5,orb,A,ransac,ransac,False,plate_vampire,,main_sur_bord,False,True,False,True,183.8295530033065,False,True,0.000500003807246685,0,0,0.0,,,False,,,,,,,,False,0.0,,False,False,False,True,194.79448400670663,217.3439659541086,312.71875,5.133615590293465,,,2,3
plate_vampire/main_sur_bord/20260823T135336Z/frame_0016.jpg,20260823T135336Z,16,8.0,orb,A,ransac,ransac,False,plate_vampire,plate_vampire,main_sur_bord,False,True,True,False,157.87332599575166,True,False,24.04060801200103,31,26,0.8387096774193549,0.7708696722984314,163422.90099559946,True,plate_vampire,plate_bois,0.8125,0.5,0.3125,plate_vampire,plate_vampire,False,0.33625,0.2,True,False,False,False,192.84401398908813,246.71183054036078,312.71875,5.185538193871986,,,0,3
plate_vampire/main_sur_bord/20260823T135336Z/frame_0017.jpg,20260823T135336Z,17,8.5,orb,A,ransac,ransac,False,plate_vampire,,main_sur_bord,False,True,False,True,98.07316400110722,False,True,0.0008329952834174037,0,0,0.0,,,False,,,,,,,,False,0.0,,False,False,False,True,108.83557799388655,306.78111069411074,312.71875,9.188171905111503,,,1,3
plate_vampire/main_sur_bord/20260823T135336Z/frame_0018.jpg,20260823T135336Z,18,9.0,orb,A,ransac,ransac,False,plate_vampire,plate_vampire,main_sur_bord,False,True,True,False,236.62720299034845,True,False,24.05299700330943,29,23,0.7931034482758621,0.9079598188400269,322989.104036462,True,plate_vampire,,0.7931034482758621,,,plate_vampire,plate_vampire,False,0.36125,0.2,True,False,False,False,271.1303760006558,203.52351703989174,312.71875,3.688262505849146,,,0,3
plate_vampire/main_sur_bord/20260823T135336Z/frame_0019.jpg,20260823T135336Z,19,9.5,orb,A,ransac,ransac,False,plate_vampire,plate_vampire,main_sur_bord,False,True,True,False,207.52990400069393,True,False,24.256625009002164,52,44,0.8461538461538461,0.7232985496520996,325597.74068279075,True,plate_vampire,,0.88,,,plate_vampire,plate_vampire,False,0.37625,0.2,True,False,False,False,242.6354619965423,217.89076940761993,312.71875,4.121409095650868,,,0,3
plate_vampire/occlusion_angle/20260823T135419Z/frame_0000.jpg,20260823T135419Z,0,0.0,orb,A,ransac,ransac,False,plate_vampire,plate_vampire,occlusion_angle,False,True,True,False,132.05143199593294,True,False,24.278329001390375,18,15,0.8333333333333334,0.9246283769607544,399813.0439279504,True,plate_vampire,,0.7142857142857143,,,plate_vampire,plate_vampire,False,0.29875,0.2,True,False,False,False,167.274545005057,266.9091420852544,312.71875,5.978195905239307,0.0,,0,0
plate_vampire/occlusion_angle/20260823T135419Z/frame_0001.jpg,20260823T135419Z,1,0.5,orb,A,ransac,ransac,False,plate_vampire,plate_vampire,occlusion_angle,False,True,True,False,142.88706799561623,True,False,23.260706002474762,31,23,0.7419354838709677,0.8642985224723816,132929.81299191364,True,plate_vampire,,0.7931034482758621,,,plate_vampire,plate_vampire,False,0.37375,0.2,True,False,False,False,177.00261299614795,256.97601199249146,312.71875,5.649634110326737,,,0,0
plate_vampire/occlusion_angle/20260823T135419Z/frame_0002.jpg,20260823T135419Z,2,1.0,orb,A,ransac,ransac,False,plate_vampire,plate_vampire,occlusion_angle,False,True,True,False,128.9172300021164,True,False,24.3278849957278,22,18,0.8181818181818182,1.3635674715042114,415694.52711702604,True,plate_vampire,,0.75,,,plate_vampire,plate_vampire,False,0.3075,0.2,True,False,False,False,164.12547200161498,268.2208286326576,312.71875,6.09289946163969,,,0,0
plate_vampire/occlusion_angle/20260823T135419Z/frame_0003.jpg,20260823T135419Z,3,1.5,orb,A,ransac,ransac,False,plate_vampire,plate_vampire,occlusion_angle,False,True,True,False,154.508606006857,True,False,24.48895799170714,26,24,0.9230769230769231,1.1050078868865967,418964.84809120506,True,plate_vampire,,0.8,,,plate_vampire,plate_vampire,False,0.33625,0.2,True,False,False,False,190.07540198799688,247.9392315212582,312.71875,5.261070025584632,,,0,0
plate_vampire/occlusion_angle/20260823T135419Z/frame_0004.jpg,20260823T135419Z,4,2.0,orb,A,ransac,ransac,False,plate_vampire,plate_vampire,occlusion_angle,False,True,True,False,152.8302469960181,True,False,24.313588000950404,37,22,0.5945945945945946,1.1459498405456543,415428.43643796694,True,plate_vampire,plate_bois,0.7857142857142857,0.5714285714285714,0.2142857142857143,plate_vampire,plate_vampire,False,0.3025,0.2,True,False,False,False,188.01841500680894,251.37047186728086,312.71875,5.318627965052177,,,0,0
plate_vampire/occlusion_angle/20260823T135419Z/frame_0005.jpg,20260823T135419Z,5,2.5,orb,A,ransac,ransac,False,plate_vampire,plate_vampire,occlusion_angle,False,True,True,False,153.05859700310975,True,False,24.337625000043772,30,26,0.8666666666666667,1.1300137042999268,403276.94013977586,True,plate_vampire,,0.8125,,,plate_vampire,plate_vampire,False,0.3475,0.2,True,False,False,False,188.2755810074741,247.53197865924594,312.71875,5.311363240251015,,,0,0
plate_vampire/occlusion_angle/20260823T135419Z/frame_0006.jpg,20260823T135419Z,6,3.0,orb,A,ransac,ransac,False,plate_vampire,plate_vampire,occlusion_angle,False,True,True,False,145.18218299781438,True,False,23.589944990817457,40,31,0.775,0.9262189865112305,127767.01486471531,True,plate_vampire,,0.8378378378378378,,,plate_vampire,plate_vampire,False,0.4025,0.2,True,False,False,False,179.75315199873876,256.8523326941418,312.71875,5.56318478358041,,,0,0
plate_vampire/occlusion_angle/20260823T135419Z/frame_0007.jpg,20260823T135419Z,7,3.5,orb,A,ransac,ransac,False,plate_vampire,plate_vampire,occlusion_angle,False,True,True,False,209.19807899917942,True,False,24.00462700461503,35,27,0.7714285714285715,0.9703922271728516,183762.36841660616,True,plate_vampire,,0.8181818181818182,,,plate_vampire,plate_vampire,False,0.3825,0.2,True,False,False,False,244.3003590014996,216.4732189348752,312.71875,4.093321860381963,,,0,0
plate_vampire/occlusion_angle/20260823T135419Z/frame_0008.jpg,20260823T135419Z,8,4.0,orb,A,ransac,ransac,False,plate_vampire,plate_vampire,occlusion_angle,False,True,True,False,155.99815199675504,True,False,23.612667006091215,36,35,0.9722222222222222,0.830451250076294,123528.4783874494,True,plate_vampire,,0.8536585365853658,,,plate_vampire,plate_vampire,False,0.36875,0.2,True,False,False,False,190.59084399486892,247.81016396186675,312.71875,5.246841763431836,,,0,0
plate_vampire/occlusion_angle/20260823T135419Z/frame_0009.jpg,20260823T135419Z,9,4.5,orb,A,ransac,ransac,False,plate_vampire,,occlusion_angle,False,True,True,False,127.2639989911113,False,True,22.077417001128197,10,6,0.6,0.12518703937530518,1651.5594465723261,True,plate_vampire,,0.5,,,,plate_vampire,False,0.0075,0.2,False,False,False,True,160.1069050084334,272.0387562154553,312.71875,6.245826811450303,,,1,1
plate_vampire/occlusion_angle/20260823T135419Z/frame_0010.jpg,20260823T135419Z,10,5.0,orb,A,ransac,ransac,False,plate_vampire,plate_vampire,occlusion_angle,False,True,True,False,163.10125599557068,True,False,23.892721001175232,35,25,0.7142857142857143,0.8460716009140015,182913.3881763132,True,plate_vampire,,0.8064516129032258,,,plate_vampire,plate_vampire,False,0.3775,0.2,True,False,False,False,198.06814899493475,242.76282301820999,312.71875,5.048767331215749,,,0,1
plate_vampire/occlusion_angle/20260823T135419Z/frame_0011.jpg,20260823T135419Z,11,5.5,orb,A,ransac,ransac,False,plate_vampire,plate_vampire,occlusion_angle,False,True,True,False,132.53870699554682,True,False,23.682869999902323,18,12,0.6666666666666666,0.6766700744628906,188327.7276151192,True,plate_vampire,,0.6666666666666666,,,plate_vampire,plate_vampire,False,0.3125,0.2,True,False,False,False,167.13543400692288,265.45205188603256,312.71875,5.983171707075468,,,0,1
plate_vampire/occlusion_angle/20260823T135419Z/frame_0012.jpg,20260823T135419Z,12,6.0,orb,A,ransac,ransac,False,plate_vampire,,occlusion_angle,False,True,True,False,212.1726339973975,False,True,22.67258000210859,12,6,0.5,0.48967093229293823,11577.674754920416,True,plate_vampire,,0.5,,,,plate_vampire,False,0.015,0.2,False,False,False,True,245.6897200027015,213.74836521212154,312.71875,4.070174364596958,,,1,1
plate_vampire/occlusion_angle/20260823T135419Z/frame_0013.jpg,20260823T135419Z,13,6.5,orb,A,ransac,ransac,False,plate_vampire,plate_vampire,occlusion_angle,False,True,True,False,144.4401140033733,True,False,23.963035011547618,37,29,0.7837837837837838,0.9114609956741333,179202.4710463155,True,plate_vampire,plate_cellule,0.8285714285714286,0.5,0.3285714285714286,plate_vampire,plate_vampire,False,0.36875,0.2,True,False,False,False,179.5485230104532,258.5400192754494,312.71875,5.569525068951865,,,0,1
plate_vampire/occlusion_angle/20260823T135419Z/frame_0014.jpg,20260823T135419Z,14,7.0,orb,A,ransac,ransac,False,plate_vampire,plate_vampire,occlusion_angle,False,True,True,False,118.77495898806956,True,False,24.392866005655378,20,18,0.9,1.5128211975097656,377194.9415382929,True,plate_vampire,,0.75,,,plate_vampire,plate_vampire,False,0.30875,0.2,True,False,False,False,154.3945510056801,278.9641481480561,312.71875,6.476912517224849,,,0,1
plate_vampire/occlusion_angle/20260823T135419Z/frame_0015.jpg,20260823T135419Z,15,7.5,orb,A,ransac,ransac,False,plate_vampire,plate_vampire,occlusion_angle,False,True,True,False,224.05257799255196,True,False,24.418607004918158,24,18,0.75,0.9671679735183716,358417.0441006572,True,plate_vampire,plate_bois,0.75,0.5384615384615384,0.21153846153846156,plate_vampire,plate_vampire,False,0.3125,0.2,True,False,False,False,259.66463300574105,210.0165731803569,312.71875,3.8511213037544874,,,0,1
plate_vampire/occlusion_angle/20260823T135419Z/frame_0016.jpg,20260823T135419Z,16,8.0,orb,A,ransac,ransac,False,plate_vampire,,occlusion_angle,False,True,False,True,255.19692100351676,False,True,0.00038799771573394537,0,0,0.0,,,False,,,,,,,,False,0.0,,False,False,False,True,265.95272299891803,188.7570021240361,312.71875,3.7600667845166913,,,1,1
plate_vampire/occlusion_angle/20260823T135419Z/frame_0017.jpg,20260823T135419Z,17,8.5,orb,A,ransac,ransac,False,plate_vampire,,occlusion_angle,False,True,False,True,103.25935400032904,False,True,0.0008149945642799139,0,0,0.0,,,False,,,,,,,,False,0.0,,False,False,False,True,114.0888410009211,298.67213218271195,312.71875,8.765099121235936,,,2,2
plate_vampire/occlusion_angle/20260823T135419Z/frame_0018.jpg,20260823T135419Z,18,9.0,orb,A,ransac,ransac,False,plate_vampire,plate_vampire,occlusion_angle,False,True,True,False,134.31669599958695,True,False,22.928726990357973,14,10,0.7142857142857143,0.8153181076049805,105917.06707274413,True,plate_vampire,,0.625,,,plate_vampire,plate_vampire,False,0.24,0.2,True,False,False,False,168.185706002987,265.2353815324182,312.71875,5.945808498031575,,,0,2
plate_vampire/occlusion_angle/20260823T135419Z/frame_0019.jpg,20260823T135419Z,19,9.5,orb,A,ransac,ransac,False,plate_vampire,,occlusion_angle,False,True,True,False,116.37379000603687,False,True,23.785740006132983,10,6,0.6,0.2723376154899597,4166.55396238016,True,plate_bois,,0.5,,,,plate_bois,False,0.00881057268722467,0.2,False,False,False,True,150.9779619955225,288.4335953699791,312.71875,6.623483234126956,,,1,2
negatives/aucune_plaque/20260823T132011Z/frame_0000.jpg,20260823T132011Z,0,0.0,orb,A,magsac,magsac,False,,,aucune_plaque,False,True,False,True,92.00759000668768,False,True,0.0008520000847056508,0,0,0.0,,,False,,,,,,,,False,0.0,,False,True,False,False,101.59751199535094,319.7345157575016,323.34375,9.842760716874244,,,0,0
negatives/aucune_plaque/20260823T132011Z/frame_0001.jpg,20260823T132011Z,1,0.5,orb,A,magsac,magsac,False,,,aucune_plaque,False,True,False,True,93.19773099559825,False,True,0.000723011908121407,0,0,0.0,,,False,,,,,,,,False,0.0,,False,True,False,False,102.824633999262,318.4821713076621,323.34375,9.725295983131602,,,0,0
negatives/aucune_plaque/20260823T132011Z/frame_0002.jpg,20260823T132011Z,2,1.0,orb,A,magsac,magsac,False,,,aucune_plaque,False,True,False,True,92.6958280033432,False,True,0.0006860063876956701,0,0,0.0,,,False,,,,,,,,False,0.0,,False,True,False,False,102.27697099617217,319.5069376978508,323.34375,9.777372073694147,,,0,0
negatives/aucune_plaque/20260823T132011Z/frame_0003.jpg,20260823T132011Z,3,1.5,orb,A,magsac,magsac,False,,,aucune_plaque,False,True,False,True,92.3071620054543,False,True,0.0004629982868209481,0,0,0.0,,,False,,,,,,,,False,0.0,,False,True,False,False,101.84841700538527,320.0295366227896,323.34375,9.818512937192972,,,0,0
negatives/aucune_plaque/20260823T132011Z/frame_0004.jpg,20260823T132011Z,4,2.0,orb,A,magsac,magsac,False,,,aucune_plaque,False,True,False,True,94.74999899975955,False,True,0.0005189940566197038,0,0,0.0,,,False,,,,,,,,False,0.0,,False,True,False,False,104.32069899979979,318.37564662083815,323.34375,9.585825340395,,,0,0
negatives/aucune_plaque/20260823T132011Z/frame_0005.jpg,20260823T132011Z,5,2.5,orb,A,magsac,magsac,False,,,aucune_plaque,False,True,False,True,92.12042299623135,False,True,0.0010740041034296155,0,0,0.0,,,False,,,,,,,,False,0.0,,False,True,False,False,101.87771399796475,318.76865631915945,323.34375,9.81568942565768,,,0,0
negatives/aucune_plaque/20260823T132011Z/frame_0006.jpg,20260823T132011Z,6,3.0,orb,A,magsac,magsac,False,,,aucune_plaque,False,True,False,True,93.2502130017383,False,True,0.0005369947757571936,0,0,0.0,,,False,,,,,,,,False,0.0,,False,True,False,False,102.83252299996093,318.0995500811835,323.34375,9.724549887785793,,,0,0
negatives/aucune_plaque/20260823T132011Z/frame_0007.jpg,20260823T132011Z,7,3.5,orb,A,magsac,magsac,False,,,aucune_plaque,False,True,False,True,96.01189900422469,False,True,0.000500003807246685,0,0,0.0,,,False,,,,,,,,False,0.0,,False,True,False,False,105.61120900092646,318.0363497183916,323.34375,9.468691907420808,,,0,0
negatives/aucune_plaque/20260823T132011Z/frame_0008.jpg,20260823T132011Z,8,4.0,orb,A,magsac,magsac,False,,,aucune_plaque,False,True,False,True,94.2044480034383,False,True,0.000667001586407423,0,0,0.0,,,False,,,,,,,,False,0.0,,False,True,False,False,103.67849899921566,318.53788797857925,323.34375,9.645201364340403,,,0,0
negatives/aucune_plaque/20260823T132011Z/frame_0009.jpg,20260823T132011Z,9,4.5,orb,A,magsac,magsac,False,,,aucune_plaque,False,True,False,True,96.97081800550222,False,True,0.0007599883247166872,0,0,0.0,,,False,,,,,,,,False,0.0,,False,True,False,False,106.56701799598522,317.2736878240653,323.34375,9.3837663735479,,,0,0
negatives/aucune_plaque/20260823T132011Z/frame_0010.jpg,20260823T132011Z,10,5.0,orb,A,magsac,magsac,False,,,aucune_plaque,False,True,False,True,93.90713399625383,False,True,0.00048198853619396687,0,0,0.0,,,False,,,,,,,,False,0.0,,False,True,False,False,103.48161098954733,319.02550979164835,323.34375,9.663552687646213,,,0,0
negatives/aucune_plaque/20260823T132011Z/frame_0011.jpg,20260823T132011Z,11,5.5,orb,A,magsac,magsac,False,,,aucune_plaque,True,False,False,True,21.987307001836598,False,True,0.0005180045263841748,0,0,0.0,,,False,,,,,,,,False,0.0,,False,True,False,False,31.604247007635422,320.2983224866677,323.34375,31.641317059647243,,,0,0
negatives/aucune_plaque/20260823T132011Z/frame_0012.jpg,20260823T132011Z,12,6.0,orb,A,magsac,magsac,False,,,aucune_plaque,True,False,False,True,1.3044919905951247,False,True,0.0014079996617510915,0,0,0.0,,,False,,,,,,,,False,0.0,,False,True,False,False,10.943708999548107,216.26105921647087,323.34375,91.37669870802416,,,0,0
negatives/aucune_plaque/20260823T132011Z/frame_0013.jpg,20260823T132011Z,13,6.5,orb,A,magsac,magsac,False,,,aucune_plaque,False,True,False,True,91.49774200341199,False,True,0.0007409980753436685,0,0,0.0,,,False,,,,,,,,False,0.0,,False,True,False,False,100.80812800151762,320.50764794990727,323.34375,9.919835035374781,,,0,0
negatives/aucune_plaque/20260823T132011Z/frame_0014.jpg,20260823T132011Z,14,7.0,orb,A,magsac,magsac,False,,,aucune_plaque,False,True,False,True,94.56820400373545,False,True,0.0007220078259706497,0,0,0.0,,,False,,,,,,,,False,0.0,,False,True,False,False,103.92286798742134,318.79802820695346,323.34375,9.622521196403456,,,0,0
negatives/aucune_plaque/20260823T132011Z/frame_0015.jpg,20260823T132011Z,15,7.5,orb,A,magsac,magsac,False,,,aucune_plaque,False,True,False,True,93.70619099354371,False,True,0.0007960043149068952,0,0,0.0,,,False,,,,,,,,False,0.0,,False,True,False,False,103.02924399729818,319.3148015417963,323.34375,9.705982119273084,,,0,0
negatives/aucune_plaque/20260823T132011Z/frame_0016.jpg,20260823T132011Z,16,8.0,orb,A,magsac,magsac,False,,,aucune_plaque,False,True,False,True,92.97291800612584,False,True,0.0004630128387361765,0,0,0.0,,,False,,,,,,,,False,0.0,,False,True,False,False,102.33671100286301,319.8894764077869,323.34375,9.771664441825022,,,0,0
negatives/aucune_plaque/20260823T132011Z/frame_0017.jpg,20260823T132011Z,17,8.5,orb,A,magsac,magsac,False,,,aucune_plaque,False,True,False,True,95.83912199013866,False,True,0.0005369947757571936,0,0,0.0,,,False,,,,,,,,False,0.0,,False,True,False,False,105.12634199403692,315.2020356789305,323.34375,9.512363704776515,,,0,0
negatives/aucune_plaque/20260823T132011Z/frame_0018.jpg,20260823T132011Z,18,9.0,orb,A,magsac,magsac,False,,,aucune_plaque,False,True,False,True,93.14608298882376,False,True,0.0006850023055449128,0,0,0.0,,,False,,,,,,,,False,0.0,,False,True,False,False,102.62982099084184,319.530455996082,323.34375,9.743756642518504,,,0,0
negatives/aucune_plaque/20260823T132011Z/frame_0019.jpg,20260823T132011Z,19,9.5,orb,A,magsac,magsac,False,,,aucune_plaque,False,True,False,True,95.1659220008878,False,True,0.0007219932740554214,0,0,0.0,,,False,,,,,,,,False,0.0,,False,True,False,False,104.64275200502016,318.7019039636849,323.34375,9.556323594700814,,,0,0
plate_bougie/frontal/20260823T135503Z/frame_0000.jpg,20260823T135503Z,0,0.0,orb,A,magsac,magsac,False,plate_bougie,,frontal,False,True,False,True,95.35184799460694,False,True,0.0007040071068331599,0,0,0.0,,,False,,,,,,,,False,0.0,,False,False,False,True,105.7085609936621,314.11874391129857,323.34375,9.459971743063992,,,1,1
plate_bougie/frontal/20260823T135503Z/frame_0001.jpg,20260823T135503Z,1,0.5,orb,A,magsac,magsac,False,plate_bougie,,frontal,True,False,False,True,93.56274700257927,False,True,0.0005179899744689465,0,0,0.0,,,False,,,,,,,,False,0.0,,False,False,False,True,103.63775900623295,328.79178329155985,323.34375,9.648992892058368,,,2,2
plate_bougie/frontal/20260823T135503Z/frame_0002.jpg,20260823T135503Z,2,1.0,orb,A,magsac,magsac,False,plate_bougie,plate_bougie,frontal,True,False,True,False,90.02426901133731,True,False,18.29303400882054,38,26,0.6842105263157895,0.6048092246055603,80895.55086535244,True,plate_bougie,,0.8125,,,plate_bougie,plate_bougie,False,0.27125,0.2,True,False,False,False,118.35096300637815,321.9972548761369,323.34375,8.449445400339567,1.0,,0,2
plate_bougie/frontal/20260823T135503Z/frame_0003.jpg,20260823T135503Z,3,1.5,orb,A,magsac,magsac,False,plate_bougie,,frontal,True,False,False,True,84.68684100080281,False,True,0.0005740002961829305,0,0,0.0,,,False,,,,,,,,False,0.0,,False,False,False,True,94.75212899269536,337.9579323486094,323.34375,10.553852569128995,,,1,2
plate_bougie/frontal/20260823T135503Z/frame_0004.jpg,20260823T135503Z,4,2.0,orb,A,magsac,magsac,False,plate_bougie,plate_bougie,frontal,False,True,True,False,100.66242500033695,True,False,22.81928299635183,29,16,0.5517241379310345,0.5024063587188721,252390.54028188286,True,plate_bougie,,0.7272727272727273,,,plate_bougie,plate_bougie,False,0.335,0.2,True,False,False,False,133.12388899794314,306.0563329893953,323.34375,7.511799779342764,,,0,2
plate_bougie/frontal/20260823T135503Z/frame_0005.jpg,20260823T135503Z,5,2.5,orb,A,magsac,magsac,False,plate_bougie,plate_bougie,frontal,False,True,True,False,103.11176200048067,True,False,22.777895006584004,35,16,0.45714285714285713,0.568342924118042,226653.0362243224,True,plate_bougie,,0.7272727272727273,,,plate_bougie,plate_bougie,False,0.3025,0.2,True,False,False,False,136.2769620027393,304.4914238634494,323.34375,7.3379974524226546,,,0,2
plate_bougie/frontal/20260823T135503Z/frame_0006.jpg,20260823T135503Z,6,3.0,orb,A,magsac,magsac,False,plate_bougie,plate_bougie,frontal,True,False,True,False,86.39321799273603,True,False,18.312589003471658,41,30,0.7317073170731707,0.7114485502243042,80167.79242227349,True,plate_bougie,,0.8333333333333334,,,plate_bougie,plate_bougie,False,0.23625,0.2,True,False,False,False,114.72902300010901,325.5473482064266,323.34375,8.716190322644426,,,0,2
plate_bougie/frontal/20260823T135503Z/frame_0007.jpg,20260823T135503Z,7,3.5,orb,A,magsac,magsac,False,plate_bougie,plate_bougie,frontal,True,False,True,False,88.02852299413644,True,False,17.67688999825623,37,27,0.7297297297297297,0.8195541501045227,74831.23654772775,True,plate_bougie,,0.8181818181818182,,,plate_bougie,plate_bougie,False,0.25125,0.2,True,False,False,False,115.9392929985188,323.84037567384894,323.34375,8.625203536585095,,,0,2
plate_bougie/frontal/20260823T135503Z/frame_0008.jpg,20260823T135503Z,8,4.0,orb,A,magsac,magsac,False,plate_bougie,plate_bougie,frontal,True,False,True,False,89.41545800189488,True,False,21.618234997731633,46,30,0.6521739130434783,0.8534852266311646,118196.33190908236,True,plate_bougie,,0.8333333333333334,,,plate_bougie,plate_bougie,False,0.35,0.2,True,False,False,False,121.33401799655985,321.96325931535085,323.34375,8.241711735189984,,,0,2
plate_bougie/frontal/20260823T135503Z/frame_0009.jpg,20260823T135503Z,9,4.5,orb,A,magsac,magsac,False,plate_bougie,plate_bougie,frontal,True,False,True,False,89.90653000364546,True,False,21.609493996948004,53,41,0.7735849056603774,0.7491574883460999,117544.32915096851,True,plate_bougie,,0.8723404255319149,,,plate_bougie,plate_bougie,False,0.3375,0.2,True,False,False,False,121.53023899008986,322.4663040709851,323.34375,8.228404784767557,,,0,2
plate_bougie/frontal/20260823T135503Z/frame_0010.jpg,20260823T135503Z,10,5.0,orb,A,magsac,magsac,False,plate_bougie,,frontal,False,True,False,True,98.69742000591941,False,True,0.0007589987944811583,0,0,0.0,,,False,,,,,,,,False,0.0,,False,False,False,True,109.28877900005318,312.45014275419413,323.34375,9.150070200706638,,,1,2
plate_bougie/frontal/20260823T135503Z/frame_0011.jpg,20260823T135503Z,11,5.5,orb,A,magsac,magsac,False,plate_bougie,,frontal,True,False,False,True,83.48884800216183,False,True,0.0007960043149068952,0,0,0.0,,,False,,,,,,,,False,0.0,,False,False,False,True,93.49184100574348,338.5181279942488,323.34375,10.696120530331273,,,2,2
plate_bougie/frontal/20260823T135503Z/frame_0012.jpg,20260823T135503Z,12,6.0,orb,A,magsac,magsac,False,plate_bougie,plate_bougie,frontal,True,False,True,False,87.42769301170483,True,False,21.588734991382807,37,28,0.7567567567567568,0.7606767416000366,119002.80226591547,True,plate_bougie,,0.8235294117647058,,,plate_bougie,plate_bougie,False,0.37875,0.2,True,False,False,False,119.01086600846611,323.86115312578994,323.34375,8.402594095306076,,,0,2
plate_bougie/frontal/20260823T135503Z/frame_0013.jpg,20260823T135503Z,13,6.5,orb,A,magsac,magsac,False,plate_bougie,,frontal,True,False,False,True,82.57983499788679,False,True,0.0005740002961829305,0,0,0.0,,,False,,,,,,,,False,0.0,,False,False,False,True,92.67595599521883,339.55279189807516,323.34375,10.790285239157287,,,1,2
plate_bougie/frontal/20260823T135503Z/frame_0014.jpg,20260823T135503Z,14,7.0,orb,A,magsac,magsac,False,plate_bougie,plate_bougie,frontal,False,True,True,False,100.28972399595659,True,False,22.932800988201052,19,10,0.5263157894736842,0.35956844687461853,253978.57654748927,True,plate_bougie,,0.625,,,plate_bougie,plate_bougie,False,0.31875,0.2,True,False,False,False,133.61984900257085,304.6328124440456,323.34375,7.483918051581992,,,0,2
plate_bougie/frontal/20260823T135503Z/frame_0015.jpg,20260823T135503Z,15,7.5,orb,A,magsac,magsac,False,plate_bougie,plate_bougie,frontal,True,False,True,False,87.47993399447296,True,False,21.693217000574805,33,28,0.8484848484848485,0.9418438673019409,122151.20518004423,True,plate_bougie,,0.8235294117647058,,,plate_bougie,plate_bougie,False,0.34875,0.2,True,False,False,False,119.16153201309498,324.3143902828651,323.34375,8.391969984827883,,,0,2
plate_bougie/frontal/20260823T135503Z/frame_0016.jpg,20260823T135503Z,16,8.0,orb,A,magsac,magsac,False,plate_bougie,plate_bougie,frontal,True,False,True,False,85.67003799544182,True,False,21.48547599790618,33,26,0.7878787878787878,0.953502893447876,118754.58717356395,True,plate_bougie,,0.8125,,,plate_bougie,plate_bougie,False,0.32,0.2,True,False,False,False,117.1401369938394,324.48421929024704,323.34375,8.536783596664153,,,0,2
plate_bougie/frontal/20260823T135503Z/frame_0017.jpg,20260823T135503Z,17,8.5,orb,A,magsac,magsac,False,plate_bougie,,frontal,True,False,False,True,86.38510800665244,False,True,0.000500003807246685,0,0,0.0,,,False,,,,,,,,False,0.0,,False,False,False,True,96.3876559981145,338.0305368213887,323.34375,10.374772471067889,,,1,2
plate_bougie/frontal/20260823T135503Z/frame_0018.jpg,20260823T135503Z,18,9.0,orb,A,magsac,magsac,False,plate_bougie,,frontal,True,False,False,True,84.19865800533444,False,True,0.0005740002961829305,0,0,0.0,,,False,,,,,,,,False,0.0,,False,False,False,True,94.08402199915145,338.44698412538435,323.34375,10.628797310653015,,,2,2
plate_bougie/frontal/20260823T135503Z/frame_0019.jpg,20260823T135503Z,19,9.5,orb,A,magsac,magsac,False,plate_bougie,plate_bougie,frontal,True,False,True,False,89.21931199438404,True,False,21.600809006486088,34,30,0.8823529411764706,0.7567281723022461,117641.33973242299,True,plate_bougie,,0.8333333333333334,,,plate_bougie,plate_bougie,False,0.34375,0.2,True,False,False,False,120.80929899821058,323.00130390275837,323.34375,8.277508505490227,,,0,2
plate_bougie/main_sur_bord/20260823T135543Z/frame_0000.jpg,20260823T135543Z,0,0.0,orb,A,magsac,magsac,False,plate_bougie,,main_sur_bord,False,True,True,False,104.24544000125024,False,True,23.11193000059575,22,14,0.6363636363636364,0.4971333146095276,318702.61415957357,True,plate_bougie,,0.7,,,,plate_bougie,False,0.16625,0.2,False,False,False,True,137.71669300331268,302.5514735457312,323.34375,7.261283858856135,,,1,1
plate_bougie/main_sur_bord/20260823T135543Z/frame_0001.jpg,20260823T135543Z,1,0.5,orb,A,magsac,magsac,False,plate_bougie,,main_sur_bord,False,True,True,False,103.50220400141552,False,True,15.541273998678662,14,6,0.42857142857142855,3.0517578125e-05,12920.600253534503,True,plate_bougie,,0.5,,,,plate_bougie,False,0.01875,0.2,False,False,False,True,129.27482101076748,304.44899163095573,323.34375,7.735458399255556,,,2,2
plate_bougie/main_sur_bord/20260823T135543Z/frame_0002.jpg,20260823T135543Z,2,1.0,orb,A,magsac,magsac,False,plate_bougie,,main_sur_bord,False,True,False,True,107.50162300246302,False,True,0.0005189940566197038,0,0,0.0,,,False,,,,,,,,False,0.0,,False,False,False,True,117.72417000611313,301.10758477343984,323.34375,8.494432366336262,,,3,3
plate_bougie/main_sur_bord/20260823T135543Z/frame_0003.jpg,20260823T135543Z,3,1.5,orb,A,magsac,magsac,False,plate_bougie,plate_bougie,main_sur_bord,False,True,True,False,104.84458500286564,True,False,20.542241996736266,14,10,0.7142857142857143,0.5435128808021545,101999.62093437903,True,plate_bougie,,0.625,,,plate_bougie,plate_bougie,False,0.24875,0.2,True,False,False,False,135.88796400290448,304.17639563071555,323.34375,7.35900348009207,1.5,,0,3
plate_bougie/main_sur_bord/20260823T135543Z/frame_0004.jpg,20260823T135543Z,4,2.0,orb,A,magsac,magsac,False,plate_bougie,,main_sur_bord,False,True,True,False,100.98540400213096,False,True,8.446983993053436,14,6,0.42857142857142855,0.0001796371361706406,705.3042413461953,True,plate_cellule,,0.5,,,,plate_cellule,False,0.005,0.2,False,False,False,True,119.7844529961003,304.9986503773536,323.34375,8.348328810522313,,,1,3
plate_bougie/main_sur_bord/20260823T135543Z/frame_0005.jpg,20260823T135543Z,5,2.5,orb,A,magsac,magsac,False,plate_bougie,,main_sur_bord,False,True,False,True,102.8104120050557,False,True,0.0005369947757571936,0,0,0.0,,,False,,,,,,,,False,0.0,,False,False,False,True,113.05897700367495,310.0229687984721,323.34375,8.844941167011402,,,2,3
plate_bougie/main_sur_bord/20260823T135543Z/frame_0006.jpg,20260823T135543Z,6,3.0,orb,A,magsac,magsac,False,plate_bougie,plate_bougie,main_sur_bord,False,True,True,False,105.35872899345122,True,False,21.832511003594846,21,14,0.6666666666666666,0.7077849507331848,155103.1251982181,True,plate_bougie,,0.7,,,plate_bougie,plate_bougie,False,0.2675,0.2,True,False,False,False,137.629453005502,304.1492673688585,323.34375,7.265886611930537,,,0,3
plate_bougie/main_sur_bord/20260823T135543Z/frame_0007.jpg,20260823T135543Z,7,3.5,orb,A,magsac,magsac,False,plate_bougie,,main_sur_bord,False,True,False,True,99.1355639998801,False,True,0.000500003807246685,0,0,0.0,,,False,,,,,,,,False,0.0,,False,False,False,True,109.42720399179962,314.08518125509204,323.34375,9.138495397131221,,,1,3
plate_bougie/main_sur_bord/20260823T135543Z/frame_0008.jpg,20260823T135543Z,8,4.0,orb,A,magsac,magsac,False,plate_bougie,,main_sur_bord,False,True,False,True,103.67560999293346,False,True,0.0006299960659816861,0,0,0.0,,,False,,,,,,,,False,0.0,,False,False,False,True,113.61351099913009,311.2482422998883,323.34375,8.801770064192953,,,2,3
plate_bougie/main_sur_bord/20260823T135543Z/frame_0009.jpg,20260823T135543Z,9,4.5,orb,A,magsac,magsac,False,plate_bougie,,main_sur_bord,False,True,False,True,99.49574701022357,False,True,0.0006479967851191759,0,0,0.0,,,False,,,,,,,,False,0.0,,False,False,False,True,109.79585000313818,312.33886434705954,323.34375,9.107812362410947,,,3,3
plate_bougie/main_sur_bord/20260823T135543Z/frame_0010.jpg,20260823T135543Z,10,5.0,orb,A,magsac,magsac,False,plate_bougie,,main_sur_bord,False,True,False,True,96.8483749893494,False,True,0.0004809990059584379,0,0,0.0,,,False,,,,,,,,False,0.0,,False,False,False,True,106.98268200212624,312.2561088844077,323.34375,9.34730725838529,,,4,4
plate_bougie/main_sur_bord/20260823T135543Z/frame_0011.jpg,20260823T135543Z,11,5.5,orb,A,magsac,magsac,False,plate_bougie,,main_sur_bord,False,True,False,True,105.9726889943704,False,True,0.0004809990059584379,0,0,0.0,,,False,,,,,,,,False,0.0,,False,False,False,True,116.23051299829967,308.88651158690095,323.34375,8.603592758939547,,,5,5
plate_bougie/main_sur_bord/20260823T135543Z/frame_0012.jpg,20260823T135543Z,12,6.0,orb,A,magsac,magsac,False,plate_bougie,,main_sur_bord,False,True,True,False,107.25067999737803,False,True,22.995690000243485,19,14,0.7368421052631579,0.6003102660179138,317863.1454066822,True,plate_bougie,,0.7,,,,plate_bougie,False,0.1625,0.2,False,False,False,True,140.56904599419795,302.1574444045861,323.34375,7.113941714033369,,,6,6
plate_bougie/main_sur_bord/20260823T135543Z/frame_0013.jpg,20260823T135543Z,13,6.5,orb,A,magsac,magsac,False,plate_bougie,,main_sur_bord,False,True,False,True,101.81119600019883,False,True,0.0005369947757571936,0,0,0.0,,,False,,,,,,,,False,0.0,,False,False,False,True,111.84587399475276,313.11866543815955,323.34375,8.940875190862338,,,7,7
plate_bougie/main_sur_bord/20260823T135543Z/frame_0014.jpg,20260823T135543Z,14,7.0,orb,A,magsac,magsac,False,plate_bougie,,main_sur_bord,False,True,False,True,103.27122399758082,False,True,0.0005740002961829305,0,0,0.0,,,False,,,,,,,,False,0.0,,False,False,False,True,113.46491900621913,313.0010536389038,323.34375,8.813296733109102,,,8,8
plate_bougie/main_sur_bord/20260823T135543Z/frame_0015.jpg,20260823T135543Z,15,7.5,orb,A,magsac,magsac,False,plate_bougie,,main_sur_bord,False,True,False,True,100.15735399792902,False,True,0.0008890056051313877,0,0,0.0,,,False,,,,,,,,False,0.0,,False,False,False,True,110.37234599643853,312.195823953132,323.34375,9.06024050655105,,,9,9
plate_bougie/main_sur_bord/20260823T135543Z/frame_0016.jpg,20260823T135543Z,16,8.0,orb,A,magsac,magsac,False,plate_bougie,,main_sur_bord,False,True,False,True,97.83305501332507,False,True,0.00048200308810919523,0,0,0.0,,,False,,,,,,,,False,0.0,,False,False,False,True,108.28219300310593,312.49724411315725,323.34375,9.23512880803325,,,10,10
plate_bougie/main_sur_bord/20260823T135543Z/frame_0017.jpg,20260823T135543Z,17,8.5,orb,A,magsac,magsac,False,plate_bougie,,main_sur_bord,False,True,False,True,99.37484099646099,False,True,0.0006110058166086674,0,0,0.0,,,False,,,,,,,,False,0.0,,False,False,False,True,109.28220499772578,312.55499740977467,323.34375,9.150620634171963,,,11,11
plate_bougie/main_sur_bord/20260823T135543Z/frame_0018.jpg,20260823T135543Z,18,9.0,orb,A,magsac,magsac,False,plate_bougie,,main_sur_bord,False,True,False,True,102.81087500334252,False,True,0.00044499756768345833,0,0,0.0,,,False,,,,,,,,False,0.0,,False,False,False,True,113.38566099584568,310.43803502886396,323.34375,8.8194573389367,,,12,12
plate_bougie/main_sur_bord/20260823T135543Z/frame_0019.jpg,20260823T135543Z,19,9.5,orb,A,magsac,magsac,False,plate_bougie,,main_sur_bord,False,True,False,True,94.95720200357027,False,True,0.0004080065991729498,0,0,0.0,,,False,,,,,,,,False,0.0,,False,False,False,True,104.86747400136665,315.9336058725644,323.34375,9.535845213425928,,,13,13
plate_bougie/occlusion_angle/20260823T135620Z/frame_0000.jpg,20260823T135620Z,0,0.0,orb,A,magsac,magsac,False,plate_bougie,plate_bougie,occlusion_angle,False,True,True,False,103.73318399069831,True,False,22.458341001765803,41,23,0.5609756097560976,0.8296794295310974,169723.38488553953,True,plate_bougie,,0.7931034482758621,,,plate_bougie,plate_bougie,False,0.33625,0.2,True,False,False,False,136.54566300101578,302.2758020494027,323.34375,7.323557394807632,0.0,,0,0
plate_bougie/occlusion_angle/20260823T135620Z/frame_0001.jpg,20260823T135620Z,1,0.5,orb,A,magsac,magsac,False,plate_bougie,plate_bougie,occlusion_angle,False,True,True,False,102.25891500886064,True,False,21.753270993940532,26,14,0.5384615384615384,0.8033275604248047,158187.41920395047,True,plate_bougie,,0.7,,,plate_bougie,plate_bougie,False,0.3275,0.2,True,False,False,False,134.03092000226025,305.0746409806952,323.34375,7.460964977209262,,,0,0
plate_bougie/occlusion_angle/20260823T135620Z/frame_0002.jpg,20260823T135620Z,2,1.0,orb,A,magsac,magsac,False,plate_bougie,,occlusion_angle,False,True,True,False,103.09604000940453,False,True,16.36391600186471,18,10,0.5555555555555556,0.8712870478630066,89496.95132924803,True,plate_bougie,,0.625,,,,plate_bougie,False,0.12125,0.2,False,False,False,True,129.42896800814196,305.20585853327276,323.34375,7.726245641834161,,,1,1
plate_bougie/occlusion_angle/20260823T135620Z/frame_0003.jpg,20260823T135620Z,3,1.5,orb,A,magsac,magsac,False,plate_bougie,,occlusion_angle,False,True,False,True,101.99471400119364,False,True,0.0004629982868209481,0,0,0.0,,,False,,,,,,,,False,0.0,,False,False,False,True,112.21202000160702,311.16261163018004,323.34375,8.911701259683934,,,2,2
plate_bougie/occlusion_angle/20260823T135620Z/frame_0004.jpg,20260823T135620Z,4,2.0,orb,A,magsac,magsac,False,plate_bougie,plate_bougie,occlusion_angle,False,True,True,False,105.27267400175333,True,False,19.403507991228253,23,16,0.6956521739130435,0.6042337417602539,101756.77811223059,True,plate_bougie,,0.7272727272727273,,,plate_bougie,plate_bougie,False,0.265,0.2,True,False,False,False,134.61475000076462,302.9818522841393,323.34375,7.428606449102494,,,0,2
plate_bougie/occlusion_angle/20260823T135620Z/frame_0005.jpg,20260823T135620Z,5,2.5,orb,A,magsac,magsac,False,plate_bougie,,occlusion_angle,False,True,False,True,104.88138000073377,False,True,0.0004260073183104396,0,0,0.0,,,False,,,,,,,,False,0.0,,False,False,False,True,115.04229799902532,308.2947326061098,323.34375,8.692455013446205,,,1,2
plate_bougie/occlusion_angle/20260823T135620Z/frame_0006.jpg,20260823T135620Z,6,3.0,orb,A,magsac,magsac,False,plate_bougie,,occlusion_angle,False,True,False,True,104.69132600701414,False,True,0.0005740002961829305,0,0,0.0,,,False,,,,,,,,False,0.0,,False,False,False,True,114.9606870021671,306.86955532316193,323.34375,8.698625817895026,,,2,2
plate_bougie/occlusion_angle/20260823T135620Z/frame_0007.jpg,20260823T135620Z,7,3.5,orb,A,magsac,magsac,False,plate_bougie,,occlusion_angle,False,True,False,True,101.097386010224,False,True,0.000776999513618648,0,0,0.0,,,False,,,,,,,,False,0.0,,False,False,False,True,111.3571169989882,309.35570377879094,323.34375,8.980117543893364,,,3,3
plate_bougie/occlusion_angle/20260823T135620Z/frame_0008.jpg,20260823T135620Z,8,4.0,orb,A,magsac,magsac,False,plate_bougie,plate_bougie,occlusion_angle,False,True,True,False,106.66710999794304,True,False,21.796474000439048,37,30,0.8108108108108109,0.8293411731719971,105485.47123114135,True,plate_bougie,,0.8333333333333334,,,plate_bougie,plate_bougie,False,0.32625,0.2,True,False,False,False,138.74805699742865,302.2056928752168,323.34375,7.207308135626955,,,0,3
plate_bougie/occlusion_angle/20260823T135620Z/frame_0009.jpg,20260823T135620Z,9,4.5,orb,A,magsac,magsac,False,plate_bougie,,occlusion_angle,False,True,False,True,104.8366030008765,False,True,0.0005180045263841748,0,0,0.0,,,False,,,,,,,,False,0.0,,False,False,False,True,114.79257799510378,310.37988537481624,323.34375,8.711364597479923,,,1,3
plate_bougie/occlusion_angle/20260823T135620Z/frame_0010.jpg,20260823T135620Z,10,5.0,orb,A,magsac,magsac,False,plate_bougie,plate_bougie,occlusion_angle,False,True,True,False,105.37850699620321,True,False,23.34333500766661,50,32,0.64,0.7409074306488037,328519.2966293365,True,plate_bougie,,0.8421052631578947,,,plate_bougie,plate_bougie,False,0.2875,0.2,True,False,False,False,138.8772039936157,302.61631132732657,323.34375,7.20060579593733,,,0,3
plate_bougie/occlusion_angle/20260823T135620Z/frame_0011.jpg,20260823T135620Z,11,5.5,orb,A,magsac,magsac,False,plate_bougie,plate_bougie,occlusion_angle,False,True,True,False,106.97892199095804,True,False,23.453519999748096,60,40,0.6666666666666666,0.7746244668960571,325378.9090356524,True,plate_bougie,,0.8695652173913043,,,plate_bougie,plate_bougie,False,0.30125,0.2,True,False,False,False,140.74406400322914,300.62993775019106,323.34375,7.1050953877319944,,,0,3
plate_bougie/occlusion_angle/20260823T135620Z/frame_0012.jpg,20260823T135620Z,12,6.0,orb,A,magsac,magsac,False,plate_bougie,plate_bougie,occlusion_angle,False,True,True,False,104.10690399294253,True,False,22.22017600433901,40,36,0.9,0.7084126472473145,155932.60478132017,True,plate_bougie,,0.8571428571428571,,,plate_bougie,plate_bougie,False,0.37875,0.2,True,False,False,False,136.76864400622435,302.896723887361,323.34375,7.311617419812175,,,0,3
plate_bougie/occlusion_angle/20260823T135620Z/frame_0013.jpg,20260823T135620Z,13,6.5,orb,A,magsac,magsac,False,plate_bougie,plate_bougie,occlusion_angle,False,True,True,False,107.35745799320284,True,False,23.538205001386814,39,26,0.6666666666666666,0.6317821145057678,323699.8342057332,True,plate_bougie,plate_bois,0.8125,0.5,0.3125,plate_bougie,plate_bougie,False,0.28875,0.2,True,False,False,False,141.54746499843895,298.7599297554866,323.34375,7.064767991507502,,,0,3
plate_bougie/occlusion_angle/20260823T135620Z/frame_0014.jpg,20260823T135620Z,14,7.0,orb,A,magsac,magsac,False,plate_bougie,plate_bougie,occlusion_angle,False,True,True,False,103.82722000940703,True,False,22.16041700739879,31,29,0.9354838709677419,0.7085674405097961,152984.13500002905,True,plate_bougie,,0.8285714285714286,,,plate_bougie,plate_bougie,False,0.385,0.2,True,False,False,False,136.34038700547535,302.9299219925292,323.34375,7.3345838453564065,,,0,3
plate_bougie/occlusion_angle/20260823T135620Z/frame_0015.jpg,20260823T135620Z,15,7.5,orb,A,magsac,magsac,False,plate_bougie,plate_bougie,occlusion_angle,False,True,True,False,104.3367170059355,True,False,22.108491000835784,47,38,0.8085106382978723,0.9398753046989441,156091.4633915985,True,plate_bougie,,0.8636363636363636,,,plate_bougie,plate_bougie,False,0.38875,0.2,True,False,False,False,136.8381619977299,302.534967553024,323.34375,7.3079028934676105,,,0,3
plate_bougie/occlusion_angle/20260823T135620Z/frame_0016.jpg,20260823T135620Z,16,8.0,orb,A,magsac,magsac,False,plate_bougie,plate_bougie,occlusion_angle,False,True,True,False,103.7670179939596,True,False,22.279693992459215,47,34,0.723404255319149,0.8879927396774292,158501.596677386,True,plate_bougie,,0.85,,,plate_bougie,plate_bougie,False,0.4,0.2,True,False,False,False,136.3681279908633,303.03179642363955,323.34375,7.333091791558511,,,0,3
plate_bougie/occlusion_angle/20260823T135620Z/frame_0017.jpg,20260823T135620Z,17,8.5,orb,A,magsac,magsac,False,plate_bougie,plate_bougie,occlusion_angle,False,True,True,False,104.71906598831993,True,False,21.99710300192237,46,36,0.782608695652174,0.7939072847366333,107826.06488758698,True,plate_bougie,,0.8571428571428571,,,plate_bougie,plate_bougie,False,0.3125,0.2,True,False,False,False,137.1123079879908,302.68749982411964,323.34375,7.29329127832628,,,0,3
plate_bougie/occlusion_angle/20260823T135620Z/frame_0018.jpg,20260823T135620Z,18,9.0,orb,A,magsac,magsac,False,plate_bougie,plate_bougie,occlusion_angle,False,True,True,False,102.42937700240873,True,False,22.318324001389556,33,23,0.696969696969697,0.6467638611793518,160755.3951876266,True,plate_bougie,,0.7931034482758621,,,plate_bougie,plate_bougie,False,0.3925,0.2,True,False,False,False,135.17798700195272,303.3560020346153,323.34375,7.397654175642921,,,0,3
plate_bougie/occlusion_angle/20260823T135620Z/frame_0019.jpg,20260823T135620Z,19,9.5,orb,A,magsac,magsac,False,plate_bougie,plate_bougie,occlusion_angle,False,True,True,False,106.09628100064583,True,False,21.102905011503026,35,24,0.6857142857142857,0.8583988547325134,98737.56973175472,True,plate_bougie,,0.8,,,plate_bougie,plate_bougie,False,0.25125,0.2,True,False,False,False,137.60565700067673,303.0184289574437,323.34375,7.267143094233997,,,0,3
plate_cellule/frontal/20260823T132156Z/frame_0000.jpg,20260823T132156Z,0,0.0,orb,A,magsac,magsac,False,plate_cellule,,frontal,True,False,False,True,87.3338609962957,False,True,0.0005920010153204203,0,0,0.0,,,False,,,,,,,,False,0.0,,False,False,False,True,97.76472099474631,334.3074246768167,323.34375,10.228638611403985,,,1,1
plate_cellule/frontal/20260823T132156Z/frame_0001.jpg,20260823T132156Z,1,0.5,orb,A,magsac,magsac,False,plate_cellule,plate_cellule,frontal,True,False,True,False,87.4759890139103,True,False,23.87925799121149,33,29,0.8787878787878788,0.7471323013305664,77983.51104854106,True,plate_cellule,,0.8285714285714286,,,plate_cellule,plate_cellule,False,0.28875,0.2,True,False,False,False,121.76022000494413,320.0893206206216,323.34375,8.212862952772214,0.5,,0,1
plate_cellule/frontal/20260823T132156Z/frame_0002.jpg,20260823T132156Z,2,1.0,orb,A,magsac,magsac,False,plate_cellule,plate_cellule,frontal,False,True,True,False,99.51839600398671,True,False,23.811869992641732,28,25,0.8928571428571429,0.841256320476532,77332.67042180733,True,plate_cellule,,0.8064516129032258,,,plate_cellule,plate_cellule,False,0.34375,0.2,True,False,False,False,134.0795129945036,302.962348928471,323.34375,7.458260980117026,,,0,1
plate_cellule/frontal/20260823T132156Z/frame_0003.jpg,20260823T132156Z,3,1.5,orb,A,magsac,magsac,False,plate_cellule,,frontal,True,False,False,True,84.26150999730453,False,True,0.0010179937817156315,0,0,0.0,,,False,,,,,,,,False,0.0,,False,False,False,True,94.48713100573514,336.27395140264775,323.34375,10.58345183471919,,,1,1
plate_cellule/frontal/20260823T132156Z/frame_0004.jpg,20260823T132156Z,4,2.0,orb,A,magsac,magsac,False,plate_cellule,plate_cellule,frontal,True,False,True,False,86.3137559936149,True,False,22.879672003909945,39,33,0.8461538461538461,0.818541944026947,77355.89201456826,True,plate_cellule,,0.8461538461538461,,,plate_cellule,plate_cellule,False,0.32125,0.2,True,False,False,False,119.42303099203855,323.1476565234241,323.34375,8.373594202835683,,,0,1
plate_cellule/frontal/20260823T132156Z/frame_0005.jpg,20260823T132156Z,5,2.5,orb,A,magsac,magsac,False,plate_cellule,plate_cellule,frontal,True,False,True,False,90.84756099036895,True,False,22.83796800475102,37,31,0.8378378378378378,0.8469350337982178,251627.87919558608,True,plate_cellule,plate_bougie,0.8378378378378378,0.5714285714285714,0.26640926640926643,plate_cellule,plate_cellule,False,0.26,0.2,True,False,False,False,123.84848399960902,319.307692132304,323.34375,8.074382242766548,,,0,1
plate_cellule/frontal/20260823T132156Z/frame_0006.jpg,20260823T132156Z,6,3.0,orb,A,magsac,magsac,False,plate_cellule,plate_cellule,frontal,True,False,True,False,85.90783299587201,True,False,23.12531799543649,56,50,0.8928571428571429,0.70421302318573,125246.23061044546,True,plate_cellule,,0.8928571428571429,,,plate_cellule,plate_cellule,False,0.4125,0.2,True,False,False,False,119.22690201026853,322.4775545764863,323.34375,8.38736881642596,,,0,1
plate_cellule/frontal/20260823T132156Z/frame_0007.jpg,20260823T132156Z,7,3.5,orb,A,magsac,magsac,False,plate_cellule,,frontal,True,False,False,True,86.50936599588022,False,True,0.0006659975042566657,0,0,0.0,,,False,,,,,,,,False,0.0,,False,False,False,True,96.73909800767433,333.33740611722504,323.34375,10.337082116691535,,,1,1
plate_cellule/frontal/20260823T132156Z/frame_0008.jpg,20260823T132156Z,8,4.0,orb,A,magsac,magsac,False,plate_cellule,plate_cellule,frontal,True,False,True,False,88.35218800231814,True,False,23.36581599956844,52,45,0.8653846153846154,0.633939802646637,82702.50207238097,True,plate_cellule,,0.8823529411764706,,,plate_cellule,plate_cellule,False,0.38625,0.2,True,False,False,False,122.0424950006418,321.7724826077464,323.34375,8.193867226286558,,,0,1
plate_cellule/frontal/20260823T132156Z/frame_0009.jpg,20260823T132156Z,9,4.5,orb,A,magsac,magsac,False,plate_cellule,plate_cellule,frontal,True,False,True,False,87.09043699491303,True,False,23.395946001983248,38,34,0.8947368421052632,0.7611003518104553,79518.67450154026,True,plate_cellule,,0.85,,,plate_cellule,plate_cellule,False,0.355,0.2,True,False,False,False,120.70476300141308,321.17040650289636,323.34375,8.284677216824434,,,0,1
plate_cellule/frontal/20260823T132156Z/frame_0010.jpg,20260823T132156Z,10,5.0,orb,A,magsac,magsac,False,plate_cellule,plate_cellule,frontal,True,False,True,False,85.99144400795922,True,False,23.39400100754574,45,43,0.9555555555555556,0.7547255158424377,120717.6771088324,True,plate_cellule,,0.8775510204081632,,,plate_cellule,plate_cellule,False,0.3975,0.2,True,False,False,False,119.80226899322588,321.7780157584496,323.34375,8.347087316489342,,,0,1
plate_cellule/frontal/20260823T132156Z/frame_0011.jpg,20260823T132156Z,11,5.5,orb,A,magsac,magsac,False,plate_cellule,,frontal,True,False,False,True,83.60797599016223,False,True,0.0005180045263841748,0,0,0.0,,,False,,,,,,,,False,0.0,,False,False,False,True,94.00678200472612,335.9383485588338,323.34375,10.637530385304816,,,1,1
plate_cellule/frontal/20260823T132156Z/frame_0012.jpg,20260823T132156Z,12,6.0,orb,A,magsac,magsac,False,plate_cellule,,frontal,True,False,False,True,84.99569000559859,False,True,0.0004629982868209481,0,0,0.0,,,False,,,,,,,,False,0.0,,False,False,False,True,95.28577400487848,335.2367132827807,323.34375,10.49474604623353,,,2,2
plate_cellule/frontal/20260823T132156Z/frame_0013.jpg,20260823T132156Z,13,6.5,orb,A,magsac,magsac,False,plate_cellule,,frontal,True,False,True,False,87.80224599468056,False,True,16.67056199221406,10,7,0.7,0.014055815525352955,621.8420300968573,True,plate_bougie,,0.5384615384615384,,,,plate_bougie,False,0.01375,0.2,False,False,False,True,114.68146799597889,323.3780779759441,323.34375,8.71980466831017,,,3,3
plate_cellule/frontal/20260823T132156Z/frame_0014.jpg,20260823T132156Z,14,7.0,orb,A,magsac,magsac,False,plate_cellule,,frontal,True,False,False,True,88.98375798889901,False,True,0.0004630128387361765,0,0,0.0,,,False,,,,,,,,False,0.0,,False,False,False,True,99.12978700594977,331.99375681120904,323.34375,10.087785217776974,,,4,4
plate_cellule/frontal/20260823T132156Z/frame_0015.jpg,20260823T132156Z,15,7.5,orb,A,magsac,magsac,False,plate_cellule,,frontal,True,False,False,True,82.54987200780306,False,True,0.0005559995770454407,0,0,0.0,,,False,,,,,,,,False,0.0,,False,False,False,True,92.7839569922071,337.1066487563817,323.34375,10.777725292358353,,,5,5
plate_cellule/frontal/20260823T132156Z/frame_0016.jpg,20260823T132156Z,16,8.0,orb,A,magsac,magsac,False,plate_cellule,,frontal,True,False,False,True,82.93507300550118,False,True,0.0006110058166086674,0,0,0.0,,,False,,,,,,,,False,0.0,,False,False,False,True,93.12937999493442,338.0192545221837,323.34375,10.73774999956397,,,6,6
plate_cellule/frontal/20260823T132156Z/frame_0017.jpg,20260823T132156Z,17,8.5,orb,A,magsac,magsac,False,plate_cellule,plate_cellule,frontal,True,False,True,False,87.16880599968135,True,False,23.05093000177294,45,40,0.8888888888888888,0.6002565622329712,123040.96875352511,True,plate_cellule,,0.8695652173913043,,,plate_cellule,plate_cellule,False,0.3825,0.2,True,False,False,False,120.50400501175318,321.7477344111173,323.34375,8.298479373382374,,,0,6
plate_cellule/frontal/20260823T132156Z/frame_0018.jpg,20260823T132156Z,18,9.0,orb,A,magsac,magsac,False,plate_cellule,,frontal,True,False,False,True,84.78128400747664,False,True,0.0005369947757571936,0,0,0.0,,,False,,,,,,,,False,0.0,,False,False,False,True,94.99853500165045,335.91369382112106,323.34375,10.5264781186639,,,1,6
plate_cellule/frontal/20260823T132156Z/frame_0019.jpg,20260823T132156Z,19,9.5,orb,A,magsac,magsac,False,plate_cellule,plate_cellule,frontal,True,False,True,False,85.92560999386478,True,False,23.240613998495974,44,40,0.9090909090909091,0.6674843430519104,121155.5597980885,True,plate_cellule,,0.8695652173913043,,,plate_cellule,plate_cellule,False,0.37625,0.2,True,False,False,False,119.39895599789452,322.92881104152343,323.34375,8.375282611496486,,,0,6
plate_cellule/main_sur_bord/20260823T132507Z/frame_0000.jpg,20260823T132507Z,0,0.0,orb,A,magsac,magsac,False,plate_cellule,,main_sur_bord,False,True,True,False,102.87696799787227,False,True,23.510315993917175,31,24,0.7741935483870968,0.9632257223129272,357976.5454459401,True,plate_cellule,,0.8,,,,plate_cellule,False,0.1925,0.2,False,False,False,True,136.98899500013795,302.72253256518053,323.34375,7.299856459265162,,,1,1
plate_cellule/main_sur_bord/20260823T132507Z/frame_0001.jpg,20260823T132507Z,1,0.5,orb,A,magsac,magsac,False,plate_cellule,plate_cellule,main_sur_bord,False,True,True,False,100.32839101040736,True,False,23.5214080021251,33,27,0.8181818181818182,1.151459813117981,368677.37005232845,True,plate_cellule,,0.8181818181818182,,,plate_cellule,plate_cellule,False,0.2075,0.2,True,False,False,False,134.48749200324528,303.76983161386806,323.34375,7.435635724219389,0.5,,0,1
plate_cellule/main_sur_bord/20260823T132507Z/frame_0002.jpg,20260823T132507Z,2,1.0,orb,A,magsac,magsac,False,plate_cellule,,main_sur_bord,False,True,False,True,98.36134799115825,False,True,0.000500003807246685,0,0,0.0,,,False,,,,,,,,False,0.0,,False,False,False,True,109.11305699846707,311.7312376325229,323.34375,9.164806004968305,,,1,1
plate_cellule/main_sur_bord/20260823T132507Z/frame_0003.jpg,20260823T132507Z,3,1.5,orb,A,magsac,magsac,False,plate_cellule,,main_sur_bord,False,True,False,True,98.22664399689529,False,True,0.0005180045263841748,0,0,0.0,,,False,,,,,,,,False,0.0,,False,False,False,True,108.79179999756161,311.5763182589169,323.34375,9.191869240350957,,,2,2
plate_cellule/main_sur_bord/20260823T132507Z/frame_0004.jpg,20260823T132507Z,4,2.0,orb,A,magsac,magsac,False,plate_cellule,plate_cellule,main_sur_bord,False,True,True,False,103.15268699196167,True,False,23.634648008737713,27,23,0.8518518518518519,1.2254090309143066,180359.4198763147,True,plate_cellule,,0.7931034482758621,,,plate_cellule,plate_cellule,False,0.32625,0.2,True,False,False,False,137.36612199863885,303.6324116394001,323.34375,7.279815324552214,,,0,2
plate_cellule/main_sur_bord/20260823T132507Z/frame_0005.jpg,20260823T132507Z,5,2.5,orb,A,magsac,magsac,False,plate_cellule,plate_cellule,main_sur_bord,False,True,True,False,101.68599399912637,True,False,23.599463995196857,23,19,0.8260869565217391,0.911492109298706,368829.85136830236,True,plate_cellule,,0.76,,,plate_cellule,plate_cellule,False,0.205,0.2,True,False,False,False,135.74296499427874,303.3036798756753,323.34375,7.366864279428019,,,0,2
plate_cellule/main_sur_bord/20260823T132507Z/frame_0006.jpg,20260823T132507Z,6,3.0,orb,A,magsac,magsac,False,plate_cellule,plate_cellule,main_sur_bord,False,True,True,False,101.8823250051355,True,False,23.51190900662914,41,32,0.7804878048780488,0.8929471969604492,363152.0155994785,True,plate_cellule,,0.8421052631578947,,,plate_cellule,plate_cellule,False,0.2175,0.2,True,False,False,False,135.94933498825412,302.264726808338,323.34375,7.3556814388713185,,,0,2
plate_cellule/main_sur_bord/20260823T132507Z/frame_0007.jpg,20260823T132507Z,7,3.5,orb,A,magsac,magsac,False,plate_cellule,plate_cellule,main_sur_bord,False,True,True,False,104.27484799583908,True,False,23.591778008267283,25,21,0.84,0.7699630856513977,358840.70304485294,True,plate_cellule,,0.7777777777777778,,,plate_cellule,plate_cellule,False,0.2275,0.2,True,False,False,False,138.50194799306337,303.1467983548071,323.34375,7.2201150560718705,,,0,2
plate_cellule/main_sur_bord/20260823T132507Z/frame_0008.jpg,20260823T132507Z,8,4.0,orb,A,magsac,magsac,False,plate_cellule,plate_cellule,main_sur_bord,False,True,True,False,101.48977200151421,True,False,23.627518996363506,37,31,0.8378378378378378,0.919879674911499,362286.48526978225,True,plate_cellule,,0.8378378378378378,,,plate_cellule,plate_cellule,False,0.2075,0.2,True,False,False,False,135.7183349900879,303.2257550389564,323.34375,7.368201209313645,,,0,2
plate_cellule/main_sur_bord/20260823T132507Z/frame_0009.jpg,20260823T132507Z,9,4.5,orb,A,magsac,magsac,False,plate_cellule,plate_cellule,main_sur_bord,False,True,True,False,101.63625300629064,True,False,23.40053800435271,26,25,0.9615384615384616,0.7209143042564392,356648.90637665754,True,plate_cellule,,0.8064516129032258,,,plate_cellule,plate_cellule,False,0.2175,0.2,True,False,False,False,135.63950300158467,303.42573799846315,323.34375,7.37248351601758,,,0,2
plate_cellule/main_sur_bord/20260823T132507Z/frame_0010.jpg,20260823T132507Z,10,5.0,orb,A,magsac,magsac,False,plate_cellule,plate_cellule,main_sur_bord,False,True,True,False,97.9353870061459,True,False,23.45918600622099,11,9,0.8181818181818182,0.35039159655570984,184346.8641405693,True,plate_cellule,,0.6,,,plate_cellule,plate_cellule,False,0.325,0.2,True,False,False,False,131.72434200532734,305.7612927637227,323.34375,7.5916112753067075,,,0,2
plate_cellule/main_sur_bord/20260823T132507Z/frame_0011.jpg,20260823T132507Z,11,5.5,orb,A,magsac,magsac,False,plate_cellule,,main_sur_bord,False,True,False,True,96.13262099446729,False,True,0.0005740002961829305,0,0,0.0,,,False,,,,,,,,False,0.0,,False,False,False,True,106.37283499818295,313.3657018783699,323.34375,9.400896385031778,,,1,2
plate_cellule/main_sur_bord/20260823T132507Z/frame_0012.jpg,20260823T132507Z,12,6.0,orb,A,magsac,magsac,False,plate_cellule,,main_sur_bord,False,True,True,False,100.69375899911392,False,True,15.902586004813202,11,6,0.5454545454545454,0.22811836004257202,641.2002580051776,True,plate_ready_check,,0.5,,,,plate_ready_check,False,0.00625,0.2,False,False,False,True,127.12192699837033,309.52248230554653,323.34375,7.866463509578641,,,2,2
plate_cellule/main_sur_bord/20260823T132507Z/frame_0013.jpg,20260823T132507Z,13,6.5,orb,A,magsac,magsac,False,plate_cellule,plate_cellule,main_sur_bord,False,True,True,False,100.37965000083204,True,False,22.625433004577644,11,8,0.7272727272727273,0.36733686923980713,96064.82378760539,True,plate_cellule,,0.5714285714285714,,,plate_cellule,plate_cellule,False,0.215,0.2,True,False,False,False,133.407850007643,304.9487207662008,323.34375,7.495810778321587,,,0,2
plate_cellule/main_sur_bord/20260823T132507Z/frame_0014.jpg,20260823T132507Z,14,7.0,orb,A,magsac,magsac,False,plate_cellule,plate_cellule,main_sur_bord,False,True,True,False,100.84675799589604,True,False,23.32324300368782,16,14,0.875,0.8972432613372803,140160.19858454168,True,plate_cellule,,0.7,,,plate_cellule,plate_cellule,False,0.30875,0.2,True,False,False,False,134.58404599805363,305.8772516067487,323.34375,7.430301211292623,,,0,2
plate_cellule/main_sur_bord/20260823T132507Z/frame_0015.jpg,20260823T132507Z,15,7.5,orb,A,magsac,magsac,False,plate_cellule,plate_cellule,main_sur_bord,False,True,True,False,100.89235000486951,True,False,23.34466899628751,38,36,0.9473684210526315,0.7315664291381836,292395.01907816506,True,plate_cellule,,0.8571428571428571,,,plate_cellule,plate_cellule,False,0.21375,0.2,True,False,False,False,134.82000801013783,303.85313949038857,323.34375,7.417296696235211,,,0,2
plate_cellule/main_sur_bord/20260823T132507Z/frame_0016.jpg,20260823T132507Z,16,8.0,orb,A,magsac,magsac,False,plate_cellule,plate_cellule,main_sur_bord,False,True,True,False,101.27001399814617,True,False,23.82429499994032,28,26,0.9285714285714286,0.7888444662094116,139712.68568604346,True,plate_cellule,,0.8125,,,plate_cellule,plate_cellule,False,0.36875,0.2,True,False,False,False,135.43728200602345,304.3110662702654,323.34375,7.383491348826137,,,0,2
plate_cellule/main_sur_bord/20260823T132507Z/frame_0017.jpg,20260823T132507Z,17,8.5,orb,A,magsac,magsac,False,plate_cellule,plate_cellule,main_sur_bord,False,True,True,False,106.27681600453798,True,False,23.624519002623856,28,23,0.8214285714285714,0.9003776907920837,150259.45716054738,True,plate_cellule,plate_bois,0.7931034482758621,0.5,0.2931034482758621,plate_cellule,plate_cellule,False,0.3625,0.2,True,False,False,False,140.3054370020982,302.42288828312746,323.34375,7.127307546784845,,,0,2
plate_cellule/main_sur_bord/20260823T132507Z/frame_0018.jpg,20260823T132507Z,18,9.0,orb,A,magsac,magsac,False,plate_cellule,plate_cellule,main_sur_bord,False,True,True,False,99.31080500246026,True,False,23.419650009600446,26,25,0.9615384615384616,0.7089446783065796,317363.3132255544,True,plate_cellule,,0.8064516129032258,,,plate_cellule,plate_cellule,False,0.23875,0.2,True,False,False,False,133.12683399999514,304.8393248802337,323.34375,7.51163360498783,,,0,2
plate_cellule/main_sur_bord/20260823T132507Z/frame_0019.jpg,20260823T132507Z,19,9.5,orb,A,magsac,magsac,False,plate_cellule,plate_cellule,main_sur_bord,False,True,True,False,103.00383700814564,True,False,23.36598400142975,43,41,0.9534883720930233,0.634694516658783,307986.3651589232,True,plate_cellule,,0.8723404255319149,,,plate_cellule,plate_cellule,False,0.245,0.2,True,False,False,False,136.75668100768235,303.17594207825107,323.34375,7.31225701465967,,,0,2
plate_cellule/occlusion_angle/20260823T132607Z/frame_0000.jpg,20260823T132607Z,0,0.0,orb,A,magsac,magsac,False,plate_cellule,plate_cellule,occlusion_angle,False,True,True,False,102.62439399957657,True,False,23.995534997084178,29,27,0.9310344827586207,0.7216303944587708,263453.19793125987,True,plate_cellule,,0.8181818181818182,,,plate_cellule,plate_cellule,False,0.22125,0.2,True,False,False,False,137.17417800216936,301.18986169063373,323.34375,7.290001766835339,0.0,,0,0
plate_cellule/occlusion_angle/20260823T132607Z/frame_0001.jpg,20260823T132607Z,1,0.5,orb,A,magsac,magsac,False,plate_cellule,plate_cellule,occlusion_angle,False,True,True,False,101.39640299894381,True,False,23.838592009269632,35,30,0.8571428571428571,0.7370864748954773,126615.67942703096,True,plate_cellule,,0.8333333333333334,,,plate_cellule,plate_cellule,False,0.3525,0.2,True,False,False,False,135.89983400015626,301.7489572500474,323.34375,7.358360717341643,,,0,0
plate_cellule/occlusion_angle/20260823T132607Z/frame_0002.jpg,20260823T132607Z,2,1.0,orb,A,magsac,magsac,False,plate_cellule,plate_cellule,occlusion_angle,False,True,True,False,104.23662600805983,True,False,23.803684001904912,20,15,0.75,0.6815333962440491,129373.0274520411,True,plate_cellule,,0.7142857142857143,,,plate_cellule,plate_cellule,False,0.32,0.2,True,False,False,False,138.787724004942,300.21530001108533,323.34375,7.205248210312835,,,0,0
plate_cellule/occlusion_angle/20260823T132607Z/frame_0003.jpg,20260823T132607Z,3,1.5,orb,A,magsac,magsac,False,plate_cellule,plate_cellule,occlusion_angle,False,True,True,False,102.97739200177602,True,False,23.80433199869003,27,20,0.7407407407407407,0.8606305122375488,136286.9577123359,True,plate_cellule,,0.7692307692307693,,,plate_cellule,plate_cellule,False,0.3575,0.2,True,False,False,False,137.41752899659332,301.6282005844128,323.34375,7.277091993298692,,,0,0
plate_cellule/occlusion_angle/20260823T132607Z/frame_0004.jpg,20260823T132607Z,4,2.0,orb,A,magsac,magsac,False,plate_cellule,plate_cellule,occlusion_angle,False,True,True,False,101.23677398951259,True,False,23.519185997429304,26,23,0.8846153846153846,0.827508807182312,138820.37668620516,True,plate_cellule,,0.7931034482758621,,,plate_cellule,plate_cellule,False,0.36875,0.2,True,False,False,False,135.36261601257138,302.23467161863726,323.34375,7.3875640812610195,,,0,0
plate_cellule/occlusion_angle/20260823T132607Z/frame_0005.jpg,20260823T132607Z,5,2.5,orb,A,magsac,magsac,False,plate_cellule,plate_cellule,occlusion_angle,False,True,True,False,102.9615220031701,True,False,23.91701700980775,33,28,0.8484848484848485,0.6320366859436035,134810.00607383362,True,plate_cellule,,0.8235294117647058,,,plate_cellule,plate_cellule,False,0.37,0.2,True,False,False,False,137.41628799471073,301.5745353388902,323.34375,7.277157712472126,,,0,0
plate_cellule/occlusion_angle/20260823T132607Z/frame_0006.jpg,20260823T132607Z,6,3.0,orb,A,magsac,magsac,False,plate_cellule,plate_cellule,occlusion_angle,False,True,True,False,104.9773979902966,True,False,23.86516499973368,26,22,0.8461538461538461,0.8635318279266357,134032.0132920992,True,plate_cellule,,0.7857142857142857,,,plate_cellule,plate_cellule,False,0.35625,0.2,True,False,False,False,139.35692400264088,299.70762342034163,323.34375,7.175818547638505,,,0,0
plate_cellule/occlusion_angle/20260823T132607Z/frame_0007.jpg,20260823T132607Z,7,3.5,orb,A,magsac,magsac,False,plate_cellule,plate_cellule,occlusion_angle,False,True,True,False,102.66000499541406,True,False,24.227181987953372,31,24,0.7741935483870968,0.7837512493133545,134753.0626553516,True,plate_cellule,,0.8,,,plate_cellule,plate_cellule,False,0.33875,0.2,True,False,False,False,137.5911570066819,300.0451075354723,323.34375,7.267908939463577,,,0,0
plate_cellule/occlusion_angle/20260823T132607Z/frame_0008.jpg,20260823T132607Z,8,4.0,orb,A,magsac,magsac,False,plate_cellule,plate_cellule,occlusion_angle,False,True,True,False,101.94447298999876,True,False,23.587500007124618,34,31,0.9117647058823529,0.9551701545715332,281843.95727318426,True,plate_cellule,,0.8378378378378378,,,plate_cellule,plate_cellule,False,0.2425,0.2,True,False,False,False,136.26768400717992,301.16835403055444,323.34375,7.338497071303495,,,0,0
plate_cellule/occlusion_angle/20260823T132607Z/frame_0009.jpg,20260823T132607Z,9,4.5,orb,A,magsac,magsac,False,plate_cellule,plate_cellule,occlusion_angle,False,True,True,False,103.15372500917874,True,False,23.9415529940743,33,31,0.9393939393939394,0.45301738381385803,134807.0030633382,True,plate_cellule,,0.8378378378378378,,,plate_cellule,plate_cellule,False,0.37625,0.2,True,False,False,False,137.60556500346866,301.7688012759843,323.34375,7.2671479527357254,,,0,0
plate_cellule/occlusion_angle/20260823T132607Z/frame_0010.jpg,20260823T132607Z,10,5.0,orb,A,magsac,magsac,False,plate_cellule,plate_cellule,occlusion_angle,False,True,True,False,101.2888659897726,True,False,23.840647001634352,27,22,0.8148148148148148,0.8479446172714233,134676.37192178657,True,plate_cellule,,0.7857142857142857,,,plate_cellule,plate_cellule,False,0.36875,0.2,True,False,False,False,135.66552099655382,302.1069531811375,323.34375,7.371069617794797,,,0,0
plate_cellule/occlusion_angle/20260823T132607Z/frame_0011.jpg,20260823T132607Z,11,5.5,orb,A,magsac,magsac,False,plate_cellule,plate_cellule,occlusion_angle,False,True,True,False,100.99451598944142,True,False,23.631111995200627,27,24,0.8888888888888888,1.1929410696029663,283816.60668709845,True,plate_cellule,,0.8,,,plate_cellule,plate_cellule,False,0.2275,0.2,True,False,False,False,135.3342829970643,302.1148713728781,323.34375,7.389110710563208,,,0,0
plate_cellule/occlusion_angle/20260823T132607Z/frame_0012.jpg,20260823T132607Z,12,6.0,orb,A,magsac,magsac,False,plate_cellule,plate_cellule,occlusion_angle,False,True,True,False,104.52254999836441,True,False,23.61805600230582,19,18,0.9473684210526315,0.7741010189056396,279426.6661920016,True,plate_cellule,,0.75,,,plate_cellule,plate_cellule,False,0.22625,0.2,True,False,False,False,138.85194600152317,299.3651446522931,323.34375,7.201915628816828,,,0,0
plate_cellule/occlusion_angle/20260823T132607Z/frame_0013.jpg,20260823T132607Z,13,6.5,orb,A,magsac,magsac,False,plate_cellule,plate_cellule,occlusion_angle,False,True,True,False,102.32754399476107,True,False,23.81059099570848,34,25,0.7352941176470589,0.6825211644172668,133851.89495758194,True,plate_cellule,,0.8064516129032258,,,plate_cellule,plate_cellule,False,0.35125,0.2,True,False,False,False,136.7515150050167,302.0937062268358,323.34375,7.312533246621181,,,0,0
plate_cellule/occlusion_angle/20260823T132607Z/frame_0014.jpg,20260823T132607Z,14,7.0,orb,A,magsac,magsac,False,plate_cellule,plate_cellule,occlusion_angle,False,True,True,False,100.32279799634125,True,False,24.048016013693996,34,34,1.0,0.7380979657173157,133116.51234417415,True,plate_cellule,,0.85,,,plate_cellule,plate_cellule,False,0.34125,0.2,True,False,False,False,134.94104400160722,302.0105706275301,323.34375,7.410643717771217,,,0,0
plate_cellule/occlusion_angle/20260823T132607Z/frame_0015.jpg,20260823T132607Z,15,7.5,orb,A,magsac,magsac,False,plate_cellule,plate_cellule,occlusion_angle,False,True,True,False,100.30827899754513,True,False,23.440909004420973,22,21,0.9545454545454546,0.8410593271255493,280416.5484818975,True,plate_cellule,,0.7777777777777778,,,plate_cellule,plate_cellule,False,0.20875,0.2,True,False,False,False,135.21861599292606,301.4837587313788,323.34375,7.395431410511662,,,0,0
plate_cellule/occlusion_angle/20260823T132607Z/frame_0016.jpg,20260823T132607Z,16,8.0,orb,A,magsac,magsac,False,plate_cellule,plate_cellule,occlusion_angle,False,True,True,False,102.56850699079223,True,False,23.666388995479792,17,14,0.8235294117647058,0.667044997215271,286436.0402885062,True,plate_cellule,,0.7,,,plate_cellule,plate_cellule,False,0.2275,0.2,True,False,False,False,136.72940399555955,302.66339200413086,323.34375,7.313715782981664,,,0,0
plate_cellule/occlusion_angle/20260823T132607Z/frame_0017.jpg,20260823T132607Z,17,8.5,orb,A,magsac,magsac,False,plate_cellule,plate_cellule,occlusion_angle,False,True,True,False,102.46828499657568,True,False,23.983905994100496,31,27,0.8709677419354839,0.6528639197349548,138245.25633823837,True,plate_cellule,,0.8181818181818182,,,plate_cellule,plate_cellule,False,0.3825,0.2,True,False,False,False,136.9565130007686,301.6028021958051,323.34375,7.301587767457163,,,0,0
plate_cellule/occlusion_angle/20260823T132607Z/frame_0018.jpg,20260823T132607Z,18,9.0,orb,A,magsac,magsac,False,plate_cellule,plate_cellule,occlusion_angle,False,True,True,False,103.4373899892671,True,False,23.874294987763278,27,21,0.7777777777777778,0.542859673500061,136991.83764563082,True,plate_cellule,,0.7777777777777778,,,plate_cellule,plate_cellule,False,0.3675,0.2,True,False,False,False,138.00511798763182,301.3051132185248,323.34375,7.2461080761484595,,,0,0
plate_cellule/occlusion_angle/20260823T132607Z/frame_0019.jpg,20260823T132607Z,19,9.5,orb,A,magsac,magsac,False,plate_cellule,plate_cellule,occlusion_angle,False,True,True,False,101.85997300141025,True,False,23.517741006799042,19,14,0.7368421052631579,0.7695690393447876,134873.09673932104,True,plate_cellule,,0.7,,,plate_cellule,plate_cellule,False,0.32375,0.2,True,False,False,False,135.94766799360514,302.8927520988151,323.34375,7.355771634472164,,,0,0
plate_chaudron/frontal/20260823T135713Z/frame_0000.jpg,20260823T135713Z,0,0.0,orb,A,magsac,magsac,False,plate_chaudron,plate_chaudron,frontal,True,False,True,False,89.5531620044494,True,False,24.477495011524297,49,40,0.8163265306122449,0.775705099105835,94103.45344589872,True,plate_chaudron,,0.8695652173913043,,,plate_chaudron,plate_chaudron,False,0.45,0.2,True,False,False,False,124.10096400708426,317.0323326235865,323.34375,8.057955133554929,0.0,,0,0
plate_chaudron/frontal/20260823T135713Z/frame_0001.jpg,20260823T135713Z,1,0.5,orb,A,magsac,magsac,False,plate_chaudron,plate_chaudron,frontal,True,False,True,False,91.64905600482598,True,False,24.319181000464596,52,46,0.8846153846153846,0.8189294338226318,93864.39018228787,True,plate_chaudron,,0.8846153846153846,,,plate_chaudron,plate_chaudron,False,0.39125,0.2,True,False,False,False,125.99422999483068,317.5039261848772,323.34375,7.936871395150622,,,0,0
plate_chaudron/frontal/20260823T135713Z/frame_0002.jpg,20260823T135713Z,2,1.0,orb,A,magsac,magsac,False,plate_chaudron,,frontal,True,False,False,True,89.66212399536744,False,True,0.0005740002961829305,0,0,0.0,,,False,,,,,,,,False,0.0,,False,False,False,True,99.64695099915843,329.3075449973093,323.34375,10.035429985293232,,,1,1
plate_chaudron/frontal/20260823T135713Z/frame_0003.jpg,20260823T135713Z,3,1.5,orb,A,magsac,magsac,False,plate_chaudron,,frontal,True,False,False,True,90.9600980085088,False,True,0.0006660120561718941,0,0,0.0,,,False,,,,,,,,False,0.0,,False,False,False,True,100.74883200286422,328.09596441831224,323.34375,9.925673381221637,,,2,2
plate_chaudron/frontal/20260823T135713Z/frame_0004.jpg,20260823T135713Z,4,2.0,orb,A,magsac,magsac,False,plate_chaudron,plate_chaudron,frontal,True,False,True,False,91.86672199575696,True,False,24.482845998136327,55,46,0.8363636363636363,0.8591121435165405,93160.99926427487,True,plate_chaudron,,0.8846153846153846,,,plate_chaudron,plate_chaudron,False,0.4225,0.2,True,False,False,False,126.31917199178133,315.331213559496,323.34375,7.916454677719568,,,0,2
plate_chaudron/frontal/20260823T135713Z/frame_0005.jpg,20260823T135713Z,5,2.5,orb,A,magsac,magsac,False,plate_chaudron,plate_chaudron,frontal,False,True,True,False,100.05557799013332,True,False,23.50025999476202,33,26,0.7878787878787878,0.5011243224143982,95021.89855027059,True,plate_chaudron,,0.8125,,,plate_chaudron,plate_chaudron,False,0.39125,0.2,True,False,False,False,134.24978900002316,302.6880928654158,323.34375,7.4488012789340585,,,0,2
plate_chaudron/frontal/20260823T135713Z/frame_0006.jpg,20260823T135713Z,6,3.0,orb,A,magsac,magsac,False,plate_chaudron,plate_chaudron,frontal,True,False,True,False,90.20819500437938,True,False,24.412013997789472,48,38,0.7916666666666666,0.6025587320327759,93767.77850438372,True,plate_chaudron,,0.8636363636363636,,,plate_chaudron,plate_chaudron,False,0.41625,0.2,True,False,False,False,124.55312800011598,317.20307176840936,323.34375,8.028702418449651,,,0,2
plate_chaudron/frontal/20260823T135713Z/frame_0007.jpg,20260823T135713Z,7,3.5,orb,A,magsac,magsac,False,plate_chaudron,plate_chaudron,frontal,True,False,True,False,88.5430019989144,True,False,24.497438993421383,55,50,0.9090909090909091,0.8633044362068176,92033.27994670393,True,plate_chaudron,,0.8928571428571429,,,plate_chaudron,plate_chaudron,False,0.43,0.2,True,False,False,False,122.76784300047439,317.27556702162804,323.34375,8.145455483779543,,,0,2
plate_chaudron/frontal/20260823T135713Z/frame_0008.jpg,20260823T135713Z,8,4.0,orb,A,magsac,magsac,False,plate_chaudron,plate_chaudron,frontal,True,False,True,False,88.60798300884198,True,False,24.57180900091771,53,49,0.9245283018867925,0.7007960081100464,92900.04735410018,True,plate_chaudron,,0.8909090909090909,,,plate_chaudron,plate_chaudron,False,0.4175,0.2,True,False,False,False,123.0292670079507,317.9009145642626,323.34375,8.128147263816304,,,0,2
plate_chaudron/frontal/20260823T135713Z/frame_0009.jpg,20260823T135713Z,9,4.5,orb,A,magsac,magsac,False,plate_chaudron,plate_chaudron,frontal,True,False,True,False,90.34624999912921,True,False,24.48360600101296,52,46,0.8846153846153846,0.7789823412895203,94493.80396215054,True,plate_chaudron,,0.8846153846153846,,,plate_chaudron,plate_chaudron,False,0.43625,0.2,True,False,False,False,124.72977499419358,316.9272934376769,323.34375,8.017331868405535,,,0,2
plate_chaudron/frontal/20260823T135713Z/frame_0010.jpg,20260823T135713Z,10,5.0,orb,A,magsac,magsac,False,plate_chaudron,plate_chaudron,frontal,True,False,True,False,91.27185499528423,True,False,24.48608800477814,52,47,0.9038461538461539,0.7663972973823547,92465.73342653958,True,plate_chaudron,,0.8867924528301887,,,plate_chaudron,plate_chaudron,False,0.43375,0.2,True,False,False,False,125.77178700303193,313.60302528776054,323.34375,7.950908735803312,,,0,2
plate_chaudron/frontal/20260823T135713Z/frame_0011.jpg,20260823T135713Z,11,5.5,orb,A,magsac,magsac,False,plate_chaudron,plate_chaudron,frontal,True,False,True,False,89.32825601368677,True,False,24.547235007048585,52,46,0.8846153846153846,0.8306602239608765,93898.54119046494,True,plate_chaudron,,0.8846153846153846,,,plate_chaudron,plate_chaudron,False,0.4275,0.2,True,False,False,False,123.6231160000898,316.8767182665988,323.34375,8.089102041395508,,,0,2
plate_chaudron/frontal/20260823T135713Z/frame_0012.jpg,20260823T135713Z,12,6.0,orb,A,magsac,magsac,False,plate_chaudron,plate_chaudron,frontal,True,False,True,False,89.16610800952185,True,False,24.442199006443843,45,43,0.9555555555555556,0.6903297901153564,92808.84643149353,True,plate_chaudron,,0.8775510204081632,,,plate_chaudron,plate_chaudron,False,0.4075,0.2,True,False,False,False,123.39437600167003,317.7664142445859,323.34375,8.104097061818003,,,0,2
plate_chaudron/frontal/20260823T135713Z/frame_0013.jpg,20260823T135713Z,13,6.5,orb,A,magsac,magsac,False,plate_chaudron,plate_chaudron,frontal,False,True,True,False,103.40738999366295,True,False,23.967536006239243,22,20,0.9090909090909091,0.8414431214332581,295148.2547427098,True,plate_chaudron,,0.7692307692307693,,,plate_chaudron,plate_chaudron,False,0.26625,0.2,True,False,False,False,137.74695299798623,302.54161048926176,323.34375,7.259688713510921,,,0,2
plate_chaudron/frontal/20260823T135713Z/frame_0014.jpg,20260823T135713Z,14,7.0,orb,A,magsac,magsac,False,plate_chaudron,plate_chaudron,frontal,True,False,True,False,89.05977600079495,True,False,24.40332798869349,53,40,0.7547169811320755,0.6379680037498474,92183.82296674963,True,plate_chaudron,,0.8695652173913043,,,plate_chaudron,plate_chaudron,False,0.435,0.2,True,False,False,False,123.24159899435472,317.83715498362824,323.34375,8.114143342507319,,,0,2
plate_chaudron/frontal/20260823T135713Z/frame_0015.jpg,20260823T135713Z,15,7.5,orb,A,magsac,magsac,False,plate_chaudron,plate_chaudron,frontal,True,False,True,False,88.88799900887534,True,False,24.30756999820005,44,40,0.9090909090909091,0.8220741748809814,91247.88049579799,True,plate_chaudron,,0.8695652173913043,,,plate_chaudron,plate_chaudron,False,0.39125,0.2,True,False,False,False,123.11402599152643,318.3231624859536,323.34375,8.122551366071214,,,0,2
plate_chaudron/frontal/20260823T135713Z/frame_0016.jpg,20260823T135713Z,16,8.0,orb,A,magsac,magsac,False,plate_chaudron,plate_chaudron,frontal,True,False,True,False,88.28572600032203,True,False,24.24605199485086,44,37,0.8409090909090909,0.8048268556594849,92187.36136867876,True,plate_chaudron,,0.8604651162790697,,,plate_chaudron,plate_chaudron,False,0.41625,0.2,True,False,False,False,122.18540300091263,318.7986154099671,323.34375,8.184283682335858,,,0,2
plate_chaudron/frontal/20260823T135713Z/frame_0017.jpg,20260823T135713Z,17,8.5,orb,A,magsac,magsac,False,plate_chaudron,plate_chaudron,frontal,True,False,True,False,88.90827700088266,True,False,24.51892000681255,35,32,0.9142857142857143,0.8623751401901245,92148.84704830479,True,plate_chaudron,,0.8421052631578947,,,plate_chaudron,plate_chaudron,False,0.40125,0.2,True,False,False,False,123.24343300133478,317.8509211081072,323.34375,8.114022594527771,,,0,2
plate_chaudron/frontal/20260823T135713Z/frame_0018.jpg,20260823T135713Z,18,9.0,orb,A,magsac,magsac,False,plate_chaudron,,frontal,True,False,False,True,87.5693779962603,False,True,0.0005189940566197038,0,0,0.0,,,False,,,,,,,,False,0.0,,False,False,False,True,97.38935300265439,331.97582695839947,323.34375,10.268062875135278,,,1,2
plate_chaudron/frontal/20260823T135713Z/frame_0019.jpg,20260823T135713Z,19,9.5,orb,A,magsac,magsac,False,plate_chaudron,plate_chaudron,frontal,True,False,True,False,92.47601398965344,True,False,24.389700003666803,59,43,0.7288135593220338,0.7935612201690674,92776.00714521503,True,plate_chaudron,,0.8775510204081632,,,plate_chaudron,plate_chaudron,False,0.40625,0.2,True,False,False,False,126.50217099871952,315.6750313826853,323.34375,7.905002673907646,,,0,2
plate_chaudron/main_sur_bord/20260823T135744Z/frame_0000.jpg,20260823T135744Z,0,0.0,orb,A,magsac,magsac,False,plate_chaudron,,main_sur_bord,False,True,False,True,101.4004210010171,False,True,0.0004629982868209481,0,0,0.0,,,False,,,,,,,,False,0.0,,False,False,False,True,112.21026100974996,310.1607837537751,323.34375,8.911840958226716,,,1,1
plate_chaudron/main_sur_bord/20260823T135744Z/frame_0001.jpg,20260823T135744Z,1,0.5,orb,A,magsac,magsac,False,plate_chaudron,plate_chaudron,main_sur_bord,False,True,True,False,102.26911900099367,True,False,24.348032005946152,27,26,0.9629629629629629,0.8041015267372131,177763.97882182148,True,plate_chaudron,,0.8125,,,plate_chaudron,plate_chaudron,False,0.4525,0.2,True,False,False,False,137.5733989989385,301.0993636954433,323.34375,7.268847082914015,0.5,,0,1
plate_chaudron/main_sur_bord/20260823T135744Z/frame_0002.jpg,20260823T135744Z,2,1.0,orb,A,magsac,magsac,False,plate_chaudron,,main_sur_bord,False,True,False,True,103.87538699433208,False,True,0.0004629982868209481,0,0,0.0,,,False,,,,,,,,False,0.0,,False,False,False,True,114.69081899849698,307.71303935375164,323.34375,8.719093722864644,,,1,1
plate_chaudron/main_sur_bord/20260823T135744Z/frame_0003.jpg,20260823T135744Z,3,1.5,orb,A,magsac,magsac,False,plate_chaudron,plate_chaudron,main_sur_bord,False,True,True,False,104.04992300027516,True,False,24.06609000172466,31,27,0.8709677419354839,1.1562705039978027,118955.8448724054,True,plate_chaudron,,0.8181818181818182,,,plate_chaudron,plate_chaudron,False,0.36625,0.2,True,False,False,False,138.8312240014784,301.47001728915654,323.34375,7.202990589417775,,,0,1
plate_chaudron/main_sur_bord/20260823T135744Z/frame_0004.jpg,20260823T135744Z,4,2.0,orb,A,magsac,magsac,False,plate_chaudron,plate_chaudron,main_sur_bord,False,True,True,False,101.99552800622769,True,False,24.1524599987315,37,32,0.8648648648648649,0.8079987168312073,119856.19438469317,True,plate_chaudron,,0.8421052631578947,,,plate_chaudron,plate_chaudron,False,0.425,0.2,True,False,False,False,137.0554580062162,300.4296815244911,323.34375,7.296316502438338,,,0,1
plate_chaudron/main_sur_bord/20260823T135744Z/frame_0005.jpg,20260823T135744Z,5,2.5,orb,A,magsac,magsac,False,plate_chaudron,plate_chaudron,main_sur_bord,False,True,True,False,102.39500699390192,True,False,24.015480012167245,37,31,0.8378378378378378,1.2115179300308228,120822.56300916796,True,plate_chaudron,,0.8378378378378378,,,plate_chaudron,plate_chaudron,False,0.35625,0.2,True,False,False,False,137.36743599292822,300.4008359166261,323.34375,7.279745689156496,,,0,1
plate_chaudron/main_sur_bord/20260823T135744Z/frame_0006.jpg,20260823T135744Z,6,3.0,orb,A,magsac,magsac,False,plate_chaudron,,main_sur_bord,False,True,False,True,103.84785001224373,False,True,0.0005550100468099117,0,0,0.0,,,False,,,,,,,,False,0.0,,False,False,False,True,114.67368899320718,306.49005023358546,323.34375,8.720396184858377,,,1,1
plate_chaudron/main_sur_bord/20260823T135744Z/frame_0007.jpg,20260823T135744Z,7,3.5,orb,A,magsac,magsac,False,plate_chaudron,plate_chaudron,main_sur_bord,False,True,True,False,101.12484899582341,True,False,24.082849005935714,13,12,0.9230769230769231,0.8186033964157104,187650.58214302867,True,plate_chaudron,,0.6666666666666666,,,plate_chaudron,plate_chaudron,False,0.38375,0.2,True,False,False,False,135.96288999542594,302.45462126748197,323.34375,7.354948104101362,,,0,1
plate_chaudron/main_sur_bord/20260823T135744Z/frame_0008.jpg,20260823T135744Z,8,4.0,orb,A,magsac,magsac,False,plate_chaudron,plate_chaudron,main_sur_bord,False,True,True,False,102.5793029984925,True,False,24.30605200061109,30,24,0.8,0.7444165349006653,185216.40444188748,True,plate_chaudron,,0.8,,,plate_chaudron,plate_chaudron,False,0.43125,0.2,True,False,False,False,137.5698990013916,301.10567355713226,323.34375,7.269032013971925,,,0,1
plate_chaudron/main_sur_bord/20260823T135744Z/frame_0009.jpg,20260823T135744Z,9,4.5,orb,A,magsac,magsac,False,plate_chaudron,plate_chaudron,main_sur_bord,False,True,True,False,103.49122199113481,True,False,23.777481008437462,31,27,0.8709677419354839,0.9961036443710327,120101.98285392614,True,plate_chaudron,,0.8181818181818182,,,plate_chaudron,plate_chaudron,False,0.34375,0.2,True,False,False,False,138.09298700653017,301.8613993629453,323.34375,7.241497353900469,,,0,1
plate_chaudron/main_sur_bord/20260823T135744Z/frame_0010.jpg,20260823T135744Z,10,5.0,orb,A,magsac,magsac,False,plate_chaudron,plate_chaudron,main_sur_bord,False,True,True,False,102.87737399630714,True,False,24.173830999643542,28,26,0.9285714285714286,0.5958142280578613,182739.89666989667,True,plate_chaudron,,0.8125,,,plate_chaudron,plate_chaudron,False,0.435,0.2,True,False,False,False,137.93176600302104,300.81200003697245,323.34375,7.249961549670129,,,0,1
plate_chaudron/main_sur_bord/20260823T135744Z/frame_0011.jpg,20260823T135744Z,11,5.5,orb,A,magsac,magsac,False,plate_chaudron,plate_chaudron,main_sur_bord,False,True,True,False,102.50000598898623,True,False,24.17218199116178,33,28,0.8484848484848485,0.9020547866821289,373681.52731863095,True,plate_chaudron,,0.8235294117647058,,,plate_chaudron,plate_chaudron,False,0.27625,0.2,True,False,False,False,137.4872880114708,300.64299614777264,323.34375,7.273399704535362,,,0,1
plate_chaudron/main_sur_bord/20260823T135744Z/frame_0012.jpg,20260823T135744Z,12,6.0,orb,A,magsac,magsac,False,plate_chaudron,plate_chaudron,main_sur_bord,False,True,True,False,103.98914499091916,True,False,24.208126007579267,39,31,0.7948717948717948,0.9055512547492981,118944.21574540669,True,plate_chaudron,,0.8378378378378378,,,plate_chaudron,plate_chaudron,False,0.37125,0.2,True,False,False,False,139.02116699318867,300.0263571520981,323.34375,7.193149227764682,,,0,1
plate_chaudron/main_sur_bord/20260823T135744Z/frame_0013.jpg,20260823T135744Z,13,6.5,orb,A,magsac,magsac,False,plate_chaudron,,main_sur_bord,False,True,False,True,94.84829599387012,False,True,0.0007040071068331599,0,0,0.0,,,False,,,,,,,,False,0.0,,False,False,False,True,104.86967700126115,315.67358503071046,323.34375,9.535644893690042,,,1,1
plate_chaudron/main_sur_bord/20260823T135744Z/frame_0014.jpg,20260823T135744Z,14,7.0,orb,A,magsac,magsac,False,plate_chaudron,plate_chaudron,main_sur_bord,False,True,True,False,107.82717700931244,True,False,24.319144009496085,35,28,0.8,0.7583019733428955,191081.1721301556,True,plate_chaudron,plate_dague,0.8235294117647058,0.5,0.32352941176470584,plate_chaudron,plate_chaudron,False,0.41375,0.2,True,False,False,False,143.1302900018636,297.94255988334635,323.34375,6.986641332082675,,,0,1
plate_chaudron/main_sur_bord/20260823T135744Z/frame_0015.jpg,20260823T135744Z,15,7.5,orb,A,magsac,magsac,False,plate_chaudron,plate_chaudron,main_sur_bord,False,True,True,False,104.57475300063379,True,False,23.61737001047004,20,17,0.85,0.6919392347335815,125955.312347094,True,plate_chaudron,,0.7391304347826086,,,plate_chaudron,plate_chaudron,False,0.33,0.2,True,False,False,False,139.03233299788553,302.07059390017463,323.34375,7.192571529496009,,,0,1
plate_chaudron/main_sur_bord/20260823T135744Z/frame_0016.jpg,20260823T135744Z,16,8.0,orb,A,magsac,magsac,False,plate_chaudron,,main_sur_bord,False,True,False,True,91.91061000456102,False,True,0.0006299960659816861,0,0,0.0,,,False,,,,,,,,False,0.0,,False,False,False,True,100.98390500934329,321.2118386291353,323.34375,9.902568136055715,,,1,1
plate_chaudron/main_sur_bord/20260823T135744Z/frame_0017.jpg,20260823T135744Z,17,8.5,orb,A,magsac,magsac,False,plate_chaudron,,main_sur_bord,False,True,True,False,100.55657399061602,False,True,17.405391001375392,12,6,0.5,0.0010474908631294966,776.3943487294018,True,plate_bougie,,0.5,,,,plate_bougie,False,0.03875,0.2,False,False,False,True,128.22006799979135,306.25129991402645,323.34375,7.799091168799156,,,2,2
plate_chaudron/main_sur_bord/20260823T135744Z/frame_0018.jpg,20260823T135744Z,18,9.0,orb,A,magsac,magsac,False,plate_chaudron,,main_sur_bord,False,True,False,True,100.87796099833213,False,True,0.0005189940566197038,0,0,0.0,,,False,,,,,,,,False,0.0,,False,False,False,True,110.76589899312239,310.53832734329904,323.34375,9.028049328269267,,,3,3
plate_chaudron/main_sur_bord/20260823T135744Z/frame_0019.jpg,20260823T135744Z,19,9.5,orb,A,magsac,magsac,False,plate_chaudron,,main_sur_bord,False,True,False,True,95.73349400307052,False,True,0.0005929905455559492,0,0,0.0,,,False,,,,,,,,False,0.0,,False,False,False,True,105.51591400871985,316.1183705165328,323.34375,9.47724340346765,,,4,4
plate_chaudron/occlusion_angle/20260823T135821Z/frame_0000.jpg,20260823T135821Z,0,0.0,orb,A,magsac,magsac,False,plate_chaudron,plate_chaudron,occlusion_angle,False,True,True,False,103.85710900300182,True,False,24.17221901123412,23,15,0.6521739130434783,0.5698530077934265,339482.80105806794,True,plate_chaudron,,0.7142857142857143,,,plate_chaudron,plate_chaudron,False,0.245,0.2,True,False,False,False,138.58574400364887,301.68993644035424,323.34375,7.215749406184742,0.0,,0,0
plate_chaudron/occlusion_angle/20260823T135821Z/frame_0001.jpg,20260823T135821Z,1,0.5,orb,A,magsac,magsac,False,plate_chaudron,plate_chaudron,occlusion_angle,False,True,True,False,103.49151899572462,True,False,24.29947699420154,33,26,0.7878787878787878,0.8719669580459595,327522.69943849754,True,plate_chaudron,,0.8125,,,plate_chaudron,plate_chaudron,False,0.2875,0.2,True,False,False,False,138.83133500348777,300.2695637764537,323.34375,7.202984830296977,,,0,0
plate_chaudron/occlusion_angle/20260823T135821Z/frame_0002.jpg,20260823T135821Z,2,1.0,orb,A,magsac,magsac,False,plate_chaudron,plate_chaudron,occlusion_angle,False,True,True,False,100.35964999406133,True,False,23.95059099944774,16,15,0.9375,1.1313343048095703,331341.25007977145,True,plate_chaudron,,0.7142857142857143,,,plate_chaudron,plate_chaudron,False,0.2575,0.2,True,False,False,False,134.90706399898045,303.4662603012972,323.34375,7.412510289361552,,,0,0
plate_chaudron/occlusion_angle/20260823T135821Z/frame_0003.jpg,20260823T135821Z,3,1.5,orb,A,magsac,magsac,False,plate_chaudron,plate_chaudron,occlusion_angle,False,True,True,False,99.76578298665117,True,False,24.09036800963804,15,12,0.8,0.5399008989334106,328038.34580639936,True,plate_chaudron,,0.6666666666666666,,,plate_chaudron,plate_chaudron,False,0.24875,0.2,True,False,False,False,134.56245500128716,303.24044994281263,323.34375,7.431493428017752,,,0,0
plate_chaudron/occlusion_angle/20260823T135821Z/frame_0004.jpg,20260823T135821Z,4,2.0,orb,A,magsac,magsac,False,plate_chaudron,plate_chaudron,occlusion_angle,False,True,True,False,100.93323800538201,True,False,24.21340400178451,31,24,0.7741935483870968,0.8434284925460815,328286.35251839645,True,plate_chaudron,,0.8,,,plate_chaudron,plate_chaudron,False,0.30125,0.2,True,False,False,False,135.9924639982637,301.70517096096063,323.34375,7.353348638589029,,,0,0
plate_chaudron/occlusion_angle/20260823T135821Z/frame_0005.jpg,20260823T135821Z,5,2.5,orb,A,magsac,magsac,False,plate_chaudron,plate_chaudron,occlusion_angle,False,True,True,False,104.1582009929698,True,False,24.162182002328336,21,13,0.6190476190476191,0.6171079874038696,317872.04681628314,True,plate_chaudron,,0.6842105263157895,,,plate_chaudron,plate_chaudron,False,0.275,0.2,True,False,False,False,139.0313340089051,302.23758190587705,323.34375,7.192623210649399,,,0,0
plate_chaudron/occlusion_angle/20260823T135821Z/frame_0006.jpg,20260823T135821Z,6,3.0,orb,A,magsac,magsac,False,plate_chaudron,plate_chaudron,occlusion_angle,False,True,True,False,103.95673800667282,True,False,24.230551993241534,54,29,0.5370370370370371,0.8522540926933289,323131.26779484283,True,plate_chaudron,,0.8285714285714286,,,plate_chaudron,plate_chaudron,False,0.31,0.2,True,False,False,False,139.0788520075148,300.86200379148147,323.34375,7.190165762555815,,,0,0
plate_chaudron/occlusion_angle/20260823T135821Z/frame_0007.jpg,20260823T135821Z,7,3.5,orb,A,magsac,magsac,False,plate_chaudron,plate_chaudron,occlusion_angle,False,True,True,False,102.1649900067132,True,False,24.097923989756964,25,19,0.76,0.6123229265213013,322240.74924031715,True,plate_chaudron,,0.76,,,plate_chaudron,plate_chaudron,False,0.2675,0.2,True,False,False,False,136.8065150018083,302.1276910639409,323.34375,7.309593406328508,,,0,0
plate_chaudron/occlusion_angle/20260823T135821Z/frame_0008.jpg,20260823T135821Z,8,4.0,orb,A,magsac,magsac,False,plate_chaudron,plate_chaudron,occlusion_angle,False,True,True,False,108.27158200845588,True,False,23.89759100333322,18,13,0.7222222222222222,0.499004065990448,338063.7673460465,True,plate_chaudron,plate_bois,0.6842105263157895,0.5384615384615384,0.14574898785425106,plate_chaudron,plate_chaudron,False,0.25375,0.2,True,False,False,False,142.7344210096635,300.44754864769345,323.34375,7.006018540771588,,,0,0
plate_chaudron/occlusion_angle/20260823T135821Z/frame_0009.jpg,20260823T135821Z,9,4.5,orb,A,magsac,magsac,False,plate_chaudron,plate_chaudron,occlusion_angle,False,True,True,False,100.83460999885574,True,False,24.166885996237397,28,17,0.6071428571428571,0.8584704995155334,327886.2924671875,True,plate_chaudron,,0.7391304347826086,,,plate_chaudron,plate_chaudron,False,0.265,0.2,True,False,False,False,135.86411299183965,301.67594663103426,323.34375,7.36029535672943,,,0,0
plate_chaudron/occlusion_angle/20260823T135821Z/frame_0010.jpg,20260823T135821Z,10,5.0,orb,A,magsac,magsac,False,plate_chaudron,,occlusion_angle,False,True,False,True,100.14052198675927,False,True,0.0004620087565854192,0,0,0.0,,,False,,,,,,,,False,0.0,,False,False,False,True,110.93371298920829,311.7935329845619,323.34375,9.014392226259304,,,1,1
plate_chaudron/occlusion_angle/20260823T135821Z/frame_0011.jpg,20260823T135821Z,11,5.5,orb,A,magsac,magsac,False,plate_chaudron,plate_chaudron,occlusion_angle,False,True,True,False,103.50363000179641,True,False,24.256774995592423,30,21,0.7,0.8270202279090881,323159.24301297555,True,plate_chaudron,,0.7777777777777778,,,plate_chaudron,plate_chaudron,False,0.27125,0.2,True,False,False,False,138.6511329910718,301.4483610652671,323.34375,7.21234640083607,,,0,1
plate_chaudron/occlusion_angle/20260823T135821Z/frame_0012.jpg,20260823T135821Z,12,6.0,orb,A,magsac,magsac,False,plate_chaudron,,occlusion_angle,False,True,False,True,100.49831599462777,False,True,0.0004809990059584379,0,0,0.0,,,False,,,,,,,,False,0.0,,False,False,False,True,111.64267199637834,310.56021752259574,323.34375,8.957148571582376,,,1,1
plate_chaudron/occlusion_angle/20260823T135821Z/frame_0013.jpg,20260823T135821Z,13,6.5,orb,A,magsac,magsac,False,plate_chaudron,plate_chaudron,occlusion_angle,False,True,True,False,101.21538600651547,True,False,24.39705100550782,30,26,0.8666666666666667,0.6687057018280029,328840.1914186895,True,plate_chaudron,,0.8125,,,plate_chaudron,plate_chaudron,False,0.26125,0.2,True,False,False,False,136.6691820003325,300.96085524168694,323.34375,7.31693850335306,,,0,1
plate_chaudron/occlusion_angle/20260823T135821Z/frame_0014.jpg,20260823T135821Z,14,7.0,orb,A,magsac,magsac,False,plate_chaudron,plate_chaudron,occlusion_angle,False,True,True,False,100.71805500774644,True,False,24.28918200894259,23,20,0.8695652173913043,1.164683222770691,333453.4773541789,True,plate_chaudron,,0.7692307692307693,,,plate_chaudron,plate_chaudron,False,0.27625,0.2,True,False,False,False,135.9204090113053,301.91282456035105,323.34375,7.357246842281236,,,0,1
plate_chaudron/occlusion_angle/20260823T135821Z/frame_0015.jpg,20260823T135821Z,15,7.5,orb,A,magsac,magsac,False,plate_chaudron,plate_chaudron,occlusion_angle,False,True,True,False,100.49255700141657,True,False,24.08171999559272,19,17,0.8947368421052632,0.7446419596672058,342046.56831078813,True,plate_chaudron,,0.7391304347826086,,,plate_chaudron,plate_chaudron,False,0.26625,0.2,True,False,False,False,135.57243000832386,301.391771892652,323.34375,7.3761309724890385,,,0,1
plate_chaudron/occlusion_angle/20260823T135821Z/frame_0016.jpg,20260823T135821Z,16,8.0,orb,A,magsac,magsac,False,plate_chaudron,,occlusion_angle,False,True,True,False,101.47034699912183,False,True,14.428502996452153,10,6,0.6,0.04295172542333603,746.1482678847387,True,plate_vampire,,0.5,,,,plate_vampire,False,0.0075,0.2,False,False,False,True,126.6355779953301,304.4562729553201,323.34375,7.896674977365971,,,1,1
plate_chaudron/occlusion_angle/20260823T135821Z/frame_0017.jpg,20260823T135821Z,17,8.5,orb,A,magsac,magsac,False,plate_chaudron,plate_chaudron,occlusion_angle,False,True,True,False,103.1465220003156,True,False,24.206608009990305,19,12,0.631578947368421,0.41320672631263733,168312.93771854602,True,plate_chaudron,,0.6666666666666666,,,plate_chaudron,plate_chaudron,False,0.47,0.2,True,False,False,False,138.22458000504412,301.8194918622753,323.34375,7.234603280860089,,,0,1
plate_chaudron/occlusion_angle/20260823T135821Z/frame_0018.jpg,20260823T135821Z,18,9.0,orb,A,magsac,magsac,False,plate_chaudron,,occlusion_angle,False,True,False,True,98.07431200169958,False,True,0.0005740002961829305,0,0,0.0,,,False,,,,,,,,False,0.0,,False,False,False,True,109.0052990039112,311.8763097818023,323.34375,9.173865941729302,,,1,1
plate_chaudron/occlusion_angle/20260823T135821Z/frame_0019.jpg,20260823T135821Z,19,9.5,orb,A,magsac,magsac,False,plate_chaudron,plate_chaudron,occlusion_angle,False,True,True,False,103.6683889979031,True,False,24.17177399911452,29,20,0.6896551724137931,1.0799496173858643,109160.64814757649,True,plate_chaudron,,0.7692307692307693,,,plate_chaudron,plate_chaudron,False,0.4,0.2,True,False,False,False,138.8313530042069,301.061872520497,323.34375,7.202983896365958,,,0,1
plate_dague/frontal/20260823T135916Z/frame_0000.jpg,20260823T135916Z,0,0.0,orb,A,magsac,magsac,False,plate_dague,plate_dague,frontal,True,False,True,False,95.22459001163952,True,False,23.136540010455064,69,39,0.5652173913043478,1.044520616531372,171690.61030093665,True,plate_dague,,0.8666666666666667,,,plate_dague,plate_dague,False,0.42375,0.2,True,False,False,False,127.77116299548652,314.9414880212186,323.34375,7.826492117280992,0.0,,0,0
plate_dague/frontal/20260823T135916Z/frame_0001.jpg,20260823T135916Z,1,0.5,orb,A,magsac,magsac,False,plate_dague,plate_dague,frontal,True,False,True,False,95.1948299916694,True,False,23.190465988591313,69,39,0.5652173913043478,1.044520616531372,171690.61030093665,True,plate_dague,,0.8666666666666667,,,plate_dague,plate_dague,False,0.42375,0.2,True,False,False,False,127.92590299795847,315.90578415260586,323.34375,7.817025141624043,,,0,0
plate_dague/frontal/20260823T135916Z/frame_0002.jpg,20260823T135916Z,2,1.0,orb,A,magsac,magsac,False,plate_dague,plate_dague,frontal,True,False,True,False,91.39161300845444,True,False,23.215520996018313,41,33,0.8048780487804879,0.8784885406494141,171281.0400388709,True,plate_dague,,0.8461538461538461,,,plate_dague,plate_dague,False,0.44375,0.2,True,False,False,False,124.08992799464613,317.60693987750295,323.34375,8.058671772644956,,,0,0
plate_dague/frontal/20260823T135916Z/frame_0003.jpg,20260823T135916Z,3,1.5,orb,A,magsac,magsac,False,plate_dague,plate_dague,frontal,False,True,True,False,100.72811099234968,True,False,22.6275059976615,45,39,0.8666666666666667,0.8208119869232178,112036.06482732837,True,plate_dague,,0.8666666666666667,,,plate_dague,plate_dague,False,0.39,0.2,True,False,False,False,133.35885100241285,305.6272987779539,323.34375,7.498564905766226,,,0,0
plate_dague/frontal/20260823T135916Z/frame_0004.jpg,20260823T135916Z,4,2.0,orb,A,magsac,magsac,False,plate_dague,plate_dague,frontal,True,False,True,False,93.68259899201803,True,False,22.728599011315964,55,46,0.8363636363636363,0.9901163578033447,111246.9326175201,True,plate_dague,,0.8846153846153846,,,plate_dague,plate_dague,False,0.355,0.2,True,False,False,False,125.79102799645625,317.92357560768943,323.34375,7.949692564943278,,,0,0
plate_dague/frontal/20260823T135916Z/frame_0005.jpg,20260823T135916Z,5,2.5,orb,A,magsac,magsac,False,plate_dague,,frontal,True,False,False,True,92.14166400488466,False,True,0.0004809990059584379,0,0,0.0,,,False,,,,,,,,False,0.0,,False,False,False,True,101.6337159962859,326.6688772967104,323.34375,9.83925452491124,,,1,1
plate_dague/frontal/20260823T135916Z/frame_0006.jpg,20260823T135916Z,6,3.0,orb,A,magsac,magsac,False,plate_dague,plate_dague,frontal,True,False,True,False,91.20872600760777,True,False,22.95563400548417,55,42,0.7636363636363637,1.0594351291656494,109008.9674965631,True,plate_dague,,0.875,,,plate_dague,plate_dague,False,0.3875,0.2,True,False,False,False,123.79509599122684,318.1381894383853,323.34375,8.07786440967636,,,0,1
plate_dague/frontal/20260823T135916Z/frame_0007.jpg,20260823T135916Z,7,3.5,orb,A,magsac,magsac,False,plate_dague,,frontal,True,False,False,True,91.65072299947497,False,True,0.0006659975042566657,0,0,0.0,,,False,,,,,,,,False,0.0,,False,False,False,True,101.32882899779361,326.5464392243159,323.34375,9.868859730154137,,,1,1
plate_dague/frontal/20260823T135916Z/frame_0008.jpg,20260823T135916Z,8,4.0,orb,A,magsac,magsac,False,plate_dague,plate_dague,frontal,False,True,True,False,102.20861999550834,True,False,22.67813601065427,44,35,0.7954545454545454,0.7924652099609375,106304.34399995243,True,plate_dague,,0.8536585365853658,,,plate_dague,plate_dague,False,0.38875,0.2,True,False,False,False,134.0795129945036,306.7874441167248,323.34375,7.458260980117026,,,0,1
plate_dague/frontal/20260823T135916Z/frame_0009.jpg,20260823T135916Z,9,4.5,orb,A,magsac,magsac,False,plate_dague,plate_dague,frontal,False,True,True,False,104.98425099649467,True,False,23.200983996503055,40,26,0.65,0.9428630471229553,166705.7092102259,True,plate_dague,,0.8125,,,plate_dague,plate_dague,False,0.42375,0.2,True,False,False,False,137.4245289916871,306.23411852876757,323.34375,7.276721319965307,,,0,1
plate_dague/frontal/20260823T135916Z/frame_0010.jpg,20260823T135916Z,10,5.0,orb,A,magsac,magsac,False,plate_dague,plate_dague,frontal,True,False,True,False,91.8142029986484,True,False,22.63630299421493,60,49,0.8166666666666667,1.018791675567627,108836.94777976275,True,plate_dague,,0.8909090909090909,,,plate_dague,plate_dague,False,0.3425,0.2,True,False,False,False,124.0638159943046,318.5998494662961,323.34375,8.060367900064488,,,0,1
plate_dague/frontal/20260823T135916Z/frame_0011.jpg,20260823T135916Z,11,5.5,orb,A,magsac,magsac,False,plate_dague,plate_dague,frontal,True,False,True,False,91.60153800621629,True,False,22.66919099201914,59,48,0.8135593220338984,0.9418346881866455,108718.72914677497,True,plate_dague,,0.8888888888888888,,,plate_dague,plate_dague,False,0.4075,0.2,True,False,False,False,123.82203999732155,318.3094673682771,323.34375,8.076106644839896,,,0,1
plate_dague/frontal/20260823T135916Z/frame_0012.jpg,20260823T135916Z,12,6.0,orb,A,magsac,magsac,False,plate_dague,plate_dague,frontal,True,False,True,False,96.45032299158629,True,False,23.189318002550863,61,52,0.8524590163934426,0.9224780797958374,170339.9450560398,True,plate_dague,plate_bois,0.896551724137931,0.5384615384615384,0.3580901856763926,plate_dague,plate_dague,False,0.425,0.2,True,False,False,False,129.12246999621857,315.82592635653674,323.34375,7.744585431406986,,,0,1
plate_dague/frontal/20260823T135916Z/frame_0013.jpg,20260823T135916Z,13,6.5,orb,A,magsac,magsac,False,plate_dague,plate_dague,frontal,True,False,True,False,89.81419699557591,True,False,22.67072899849154,52,44,0.8461538461538461,1.0822575092315674,108630.06407545903,True,plate_dague,,0.88,,,plate_dague,plate_dague,False,0.385,0.2,True,False,False,False,122.00219900114462,319.80327010036405,323.34375,8.196573571519133,,,0,1
plate_dague/frontal/20260823T135916Z/frame_0014.jpg,20260823T135916Z,14,7.0,orb,A,magsac,magsac,False,plate_dague,plate_dague,frontal,True,False,True,False,90.08593599719461,True,False,22.623395998380147,48,44,0.9166666666666666,1.0473283529281616,107859.24524509339,True,plate_dague,,0.88,,,plate_dague,plate_dague,False,0.37125,0.2,True,False,False,False,122.20286499359645,319.7029816121526,323.34375,8.183114201556576,,,0,1
plate_dague/frontal/20260823T135916Z/frame_0015.jpg,20260823T135916Z,15,7.5,orb,A,magsac,magsac,False,plate_dague,plate_dague,frontal,True,False,True,False,90.3147130011348,True,False,22.42547100468073,41,32,0.7804878048780488,1.1497564315795898,104757.79420489242,True,plate_dague,,0.8421052631578947,,,plate_dague,plate_dague,False,0.305,0.2,True,False,False,False,122.15671798912808,320.06874647270314,323.34375,8.186205527304685,,,0,1
plate_dague/frontal/20260823T135916Z/frame_0016.jpg,20260823T135916Z,16,8.0,orb,A,magsac,magsac,False,plate_dague,plate_dague,frontal,False,True,True,False,103.23792800772935,True,False,23.368113004835322,44,37,0.8409090909090909,0.8377558588981628,160867.97816794703,True,plate_dague,,0.8604651162790697,,,plate_dague,plate_dague,False,0.455,0.2,True,False,False,False,135.7250209985068,304.9104969411255,323.34375,7.367838241196527,,,0,1
plate_dague/frontal/20260823T135916Z/frame_0017.jpg,20260823T135916Z,17,8.5,orb,A,magsac,magsac,False,plate_dague,,frontal,True,False,False,True,86.25292300712317,False,True,0.00048200308810919523,0,0,0.0,,,False,,,,,,,,False,0.0,,False,False,False,True,95.60919800424017,333.2979688689208,323.34375,10.459244726178449,,,1,1
plate_dague/frontal/20260823T135916Z/frame_0018.jpg,20260823T135916Z,18,9.0,orb,A,magsac,magsac,False,plate_dague,plate_dague,frontal,False,True,True,False,103.01581800740678,True,False,23.32187299907673,40,37,0.925,1.030643105506897,166179.42733353117,True,plate_dague,,0.8604651162790697,,,plate_dague,plate_dague,False,0.455,0.2,True,False,False,False,135.5162069958169,305.5424057233121,323.34375,7.379191184349396,,,0,1
plate_dague/frontal/20260823T135916Z/frame_0019.jpg,20260823T135916Z,19,9.5,orb,A,magsac,magsac,False,plate_dague,plate_dague,frontal,True,False,True,False,89.46857000410091,True,False,22.593191999476403,49,45,0.9183673469387755,0.8406871557235718,105026.32147544075,True,plate_dague,,0.8823529411764706,,,plate_dague,plate_dague,False,0.35875,0.2,True,False,False,False,121.60020200826693,319.9911337100749,323.34375,8.223670548935564,,,0,1
plate_dague/main_sur_bord/20260823T135957Z/frame_0000.jpg,20260823T135957Z,0,0.0,orb,A,magsac,magsac,False,plate_dague,plate_dague,main_sur_bord,False,True,True,False,103.28694700729102,True,False,23.359650003840216,37,28,0.7567567567567568,0.9879202246665955,127575.64603725134,True,plate_dague,,0.8235294117647058,,,plate_dague,plate_dague,False,0.39375,0.2,True,False,False,False,136.86508899263572,303.21548398827724,323.34375,7.306465128253465,0.0,,0,0
plate_dague/main_sur_bord/20260823T135957Z/frame_0001.jpg,20260823T135957Z,1,0.5,orb,A,magsac,magsac,False,plate_dague,,main_sur_bord,False,True,False,True,100.4599279985996,False,True,0.0007039925549179316,0,0,0.0,,,False,,,,,,,,False,0.0,,False,False,False,True,110.51825300091878,313.335398992532,323.34375,9.048279110887563,,,1,1
plate_dague/main_sur_bord/20260823T135957Z/frame_0002.jpg,20260823T135957Z,2,1.0,orb,A,magsac,magsac,False,plate_dague,,main_sur_bord,False,True,False,True,93.19756498734932,False,True,0.0007409980753436685,0,0,0.0,,,False,,,,,,,,False,0.0,,False,False,False,True,103.04716999235097,317.1493831652591,323.34375,9.704293675160883,,,2,2
plate_dague/main_sur_bord/20260823T135957Z/frame_0003.jpg,20260823T135957Z,3,1.5,orb,A,magsac,magsac,False,plate_dague,,main_sur_bord,False,True,False,True,95.63253200030886,False,True,0.00048200308810919523,0,0,0.0,,,False,,,,,,,,False,0.0,,False,False,False,True,105.3240079927491,316.43420275361007,323.34375,9.494511451452206,,,3,3
plate_dague/main_sur_bord/20260823T135957Z/frame_0004.jpg,20260823T135957Z,4,2.0,orb,A,magsac,magsac,False,plate_dague,,main_sur_bord,False,True,False,True,98.51660500862636,False,True,0.0007600028766319156,0,0,0.0,,,False,,,,,,,,False,0.0,,False,False,False,True,108.68826400837861,312.1823585054837,323.34375,9.200625376838401,,,4,4
plate_dague/main_sur_bord/20260823T135957Z/frame_0005.jpg,20260823T135957Z,5,2.5,orb,A,magsac,magsac,False,plate_dague,,main_sur_bord,False,True,False,True,100.10302200680599,False,True,0.0005740002961829305,0,0,0.0,,,False,,,,,,,,False,0.0,,False,False,False,True,110.38312400341965,312.02873999955125,323.34375,9.05935584835432,,,5,5
plate_dague/main_sur_bord/20260823T135957Z/frame_0006.jpg,20260823T135957Z,6,3.0,orb,A,magsac,magsac,False,plate_dague,,main_sur_bord,False,True,False,True,97.57685298973229,False,True,0.0007219932740554214,0,0,0.0,,,False,,,,,,,,False,0.0,,False,False,False,True,107.3378099972615,314.2056140409543,323.34375,9.31638161823418,,,6,6
plate_dague/main_sur_bord/20260823T135957Z/frame_0007.jpg,20260823T135957Z,7,3.5,orb,A,magsac,magsac,False,plate_dague,,main_sur_bord,True,False,False,True,34.44478400342632,False,True,0.0004809990059584379,0,0,0.0,,,False,,,,,,,,False,0.0,,False,False,False,True,43.68233798595611,336.6129442230597,323.34375,22.89254756285024,,,7,7
plate_dague/main_sur_bord/20260823T135957Z/frame_0008.jpg,20260823T135957Z,8,4.0,orb,A,magsac,magsac,False,plate_dague,,main_sur_bord,True,False,False,True,38.28616799728479,False,True,0.0004630128387361765,0,0,0.0,,,False,,,,,,,,False,0.0,,False,False,False,True,48.09529200429097,334.15670703415026,323.34375,20.792055902494198,,,8,8
plate_dague/main_sur_bord/20260823T135957Z/frame_0009.jpg,20260823T135957Z,9,4.5,orb,A,magsac,magsac,False,plate_dague,,main_sur_bord,True,False,False,True,34.58495099039283,False,True,0.0005740002961829305,0,0,0.0,,,False,,,,,,,,False,0.0,,False,False,False,True,44.18783499568235,338.9425845702703,323.34375,22.630662943719948,,,9,9
plate_dague/main_sur_bord/20260823T135957Z/frame_0010.jpg,20260823T135957Z,10,5.0,orb,A,magsac,magsac,False,plate_dague,,main_sur_bord,True,False,False,True,34.55089501221664,False,True,0.0005180045263841748,0,0,0.0,,,False,,,,,,,,False,0.0,,False,False,False,True,44.01820599741768,341.98214940618044,323.34375,22.717872692464223,,,10,10
plate_dague/main_sur_bord/20260823T135957Z/frame_0011.jpg,20260823T135957Z,11,5.5,orb,A,magsac,magsac,False,plate_dague,,main_sur_bord,True,False,False,True,35.190538997994736,False,True,0.0004629982868209481,0,0,0.0,,,False,,,,,,,,False,0.0,,False,False,False,True,44.705257008899935,339.32722715316703,323.34375,22.368733945560802,,,11,11
plate_dague/main_sur_bord/20260823T135957Z/frame_0012.jpg,20260823T135957Z,12,6.0,orb,A,magsac,magsac,False,plate_dague,,main_sur_bord,True,False,False,True,35.1295019936515,False,True,0.0004629982868209481,0,0,0.0,,,False,,,,,,,,False,0.0,,False,False,False,True,44.60386899881996,342.4943338526236,323.34375,22.419579790857515,,,12,12
plate_dague/main_sur_bord/20260823T135957Z/frame_0013.jpg,20260823T135957Z,13,6.5,orb,A,magsac,magsac,False,plate_dague,,main_sur_bord,True,False,False,True,37.647894001565874,False,True,0.0007030030246824026,0,0,0.0,,,False,,,,,,,,False,0.0,,False,False,False,True,47.26007499266416,338.6224884849168,323.34375,21.159509377740573,,,13,13
plate_dague/main_sur_bord/20260823T135957Z/frame_0014.jpg,20260823T135957Z,14,7.0,orb,A,magsac,magsac,False,plate_dague,,main_sur_bord,False,True,False,True,92.15220100304577,False,True,0.0005740002961829305,0,0,0.0,,,False,,,,,,,,False,0.0,,False,False,False,True,101.40514299564529,319.8367226935824,323.34375,9.861432768187543,,,14,14
plate_dague/main_sur_bord/20260823T135957Z/frame_0015.jpg,20260823T135957Z,15,7.5,orb,A,magsac,magsac,False,plate_dague,,main_sur_bord,True,False,False,True,33.75127099570818,False,True,0.0007589987944811583,0,0,0.0,,,False,,,,,,,,False,0.0,,False,False,False,True,43.295081006363034,345.3494312160663,323.34375,23.09731213698459,,,15,15
plate_dague/main_sur_bord/20260823T135957Z/frame_0016.jpg,20260823T135957Z,16,8.0,orb,A,magsac,magsac,False,plate_dague,,main_sur_bord,False,True,False,True,91.8021669931477,False,True,0.0008150091161951423,0,0,0.0,,,False,,,,,,,,False,0.0,,False,False,False,True,101.08649800531566,319.474416833612,323.34375,9.892517989370003,,,16,16
plate_dague/main_sur_bord/20260823T135957Z/frame_0017.jpg,20260823T135957Z,17,8.5,orb,A,magsac,magsac,False,plate_dague,,main_sur_bord,False,True,False,True,93.86974599328823,False,True,0.000500003807246685,0,0,0.0,,,False,,,,,,,,False,0.0,,False,False,False,True,103.21750299772248,319.12608756605033,323.34375,9.688279322374862,,,17,17
plate_dague/main_sur_bord/20260823T135957Z/frame_0018.jpg,20260823T135957Z,18,9.0,orb,A,magsac,magsac,False,plate_dague,,main_sur_bord,True,False,False,True,35.682776986504905,False,True,0.0008149945642799139,0,0,0.0,,,False,,,,,,,,False,0.0,,False,False,False,True,45.08834799344186,342.54300251246974,323.34375,22.17867907126362,,,18,18
plate_dague/main_sur_bord/20260823T135957Z/frame_0019.jpg,20260823T135957Z,19,9.5,orb,A,magsac,magsac,False,plate_dague,,main_sur_bord,True,False,False,True,36.39316200860776,False,True,0.00048200308810919523,0,0,0.0,,,False,,,,,,,,False,0.0,,False,False,False,True,45.72232600185089,335.91665260814193,323.34375,21.87115327333782,,,19,19
plate_dague/occlusion_angle/20260823T140102Z/frame_0000.jpg,20260823T140102Z,0,0.0,orb,A,magsac,magsac,False,plate_dague,plate_dague,occlusion_angle,False,True,True,False,102.08091698586941,True,False,22.708043004968204,40,29,0.725,0.6748343110084534,88424.73373778904,True,plate_dague,,0.8285714285714286,,,plate_dague,plate_dague,False,0.34625,0.2,True,False,False,False,134.9153600021964,304.76995205980194,323.34375,7.4120544909320945,0.0,,0,0
plate_dague/occlusion_angle/20260823T140102Z/frame_0001.jpg,20260823T140102Z,1,0.5,orb,A,magsac,magsac,False,plate_dague,plate_dague,occlusion_angle,False,True,True,False,100.66233300312888,True,False,22.854950002511032,37,33,0.8918918918918919,0.7738098502159119,90534.05256520724,True,plate_dague,,0.8461538461538461,,,plate_dague,plate_dague,False,0.36125,0.2,True,False,False,False,134.1105309984414,304.94297722581524,323.34375,7.4565359823355095,,,0,0
plate_dague/occlusion_angle/20260823T140102Z/frame_0002.jpg,20260823T140102Z,2,1.0,orb,A,magsac,magsac,False,plate_dague,plate_dague,occlusion_angle,False,True,True,False,102.89552299946081,True,False,23.435002003679983,43,30,0.6976744186046512,0.636663556098938,141987.1522767176,True,plate_dague,,0.8333333333333334,,,plate_dague,plate_dague,False,0.42875,0.2,True,False,False,False,136.4340349973645,303.8760731572811,323.34375,7.329549404731136,,,0,0
plate_dague/occlusion_angle/20260823T140102Z/frame_0003.jpg,20260823T140102Z,3,1.5,orb,A,magsac,magsac,False,plate_dague,plate_dague,occlusion_angle,False,True,True,False,104.43873600161169,True,False,23.062337000737898,40,37,0.925,0.739249050617218,89011.27900601598,True,plate_dague,,0.8604651162790697,,,plate_dague,plate_dague,False,0.37,0.2,True,False,False,False,137.6808240020182,304.819449652499,323.34375,7.2631755892552,,,0,0
plate_dague/occlusion_angle/20260823T140102Z/frame_0004.jpg,20260823T140102Z,4,2.0,orb,A,magsac,magsac,False,plate_dague,plate_dague,occlusion_angle,False,True,True,False,101.45462499349378,True,False,23.82866600237321,29,27,0.9310344827586207,0.8085722327232361,295868.3454396784,True,plate_dague,,0.8181818181818182,,,plate_dague,plate_dague,False,0.39875,0.2,True,False,False,False,135.3547649923712,303.8826619980338,323.34375,7.387992584201683,,,0,0
plate_dague/occlusion_angle/20260823T140102Z/frame_0005.jpg,20260823T140102Z,5,2.5,orb,A,magsac,magsac,False,plate_dague,plate_dague,occlusion_angle,False,True,True,False,103.10285500600003,True,False,23.022523004328832,38,33,0.868421052631579,0.6606876254081726,92671.9002339195,True,plate_dague,,0.8461538461538461,,,plate_dague,plate_dague,False,0.37375,0.2,True,False,False,False,136.39316499757115,304.1317041124438,323.34375,7.33174569281245,,,0,0
plate_dague/occlusion_angle/20260823T140102Z/frame_0006.jpg,20260823T140102Z,6,3.0,orb,A,magsac,magsac,False,plate_dague,,occlusion_angle,False,True,False,True,102.0115099963732,False,True,0.0004809990059584379,0,0,0.0,,,False,,,,,,,,False,0.0,,False,False,False,True,111.92159699567128,311.1606627749161,323.34375,8.934826046474983,,,1,1
plate_dague/occlusion_angle/20260823T140102Z/frame_0007.jpg,20260823T140102Z,7,3.5,orb,A,magsac,magsac,False,plate_dague,plate_dague,occlusion_angle,False,True,True,False,106.35111200099345,True,False,22.287731000687927,17,14,0.8235294117647058,0.7734488248825073,91666.64990160381,True,plate_dague,plate_bois,0.7,0.5384615384615384,0.16153846153846152,plate_dague,plate_dague,False,0.30375,0.2,True,False,False,False,138.66165200306568,303.4117486143285,323.34375,7.211799265004364,,,0,1
plate_dague/occlusion_angle/20260823T140102Z/frame_0008.jpg,20260823T140102Z,8,4.0,orb,A,magsac,magsac,False,plate_dague,,occlusion_angle,False,True,False,True,102.53272899717558,False,True,0.0005549954948946834,0,0,0.0,,,False,,,,,,,,False,0.0,,False,False,False,True,112.46481600392144,311.8538210099168,323.34375,8.891669728647685,,,1,1
plate_dague/occlusion_angle/20260823T140102Z/frame_0009.jpg,20260823T140102Z,9,4.5,orb,A,magsac,magsac,False,plate_dague,plate_dague,occlusion_angle,False,True,True,False,103.15061399887782,True,False,22.835746000055224,18,15,0.8333333333333334,0.5771842002868652,71704.03030525078,True,plate_dague,,0.7142857142857143,,,plate_dague,plate_dague,False,0.31875,0.2,True,False,False,False,136.08468500024173,304.802472812619,323.34375,7.348365468151127,,,0,1
plate_dague/occlusion_angle/20260823T140102Z/frame_0010.jpg,20260823T140102Z,10,5.0,orb,A,magsac,magsac,False,plate_dague,,occlusion_angle,False,True,False,True,95.95519599679392,False,True,0.0008710048859938979,0,0,0.0,,,False,,,,,,,,False,0.0,,False,False,False,True,105.81544900196604,315.64997847695895,323.34375,9.450415883803698,,,1,1
plate_dague/occlusion_angle/20260823T140102Z/frame_0011.jpg,20260823T140102Z,11,5.5,orb,A,magsac,magsac,False,plate_dague,plate_dague,occlusion_angle,False,True,True,False,101.74977099813987,True,False,23.70144400629215,27,21,0.7777777777777778,0.8221922516822815,292065.4089687138,True,plate_dague,,0.7777777777777778,,,plate_dague,plate_dague,False,0.385,0.2,True,False,False,False,135.49430000421125,303.66482869554494,323.34375,7.380384266857863,,,0,1
plate_dague/occlusion_angle/20260823T140102Z/frame_0012.jpg,20260823T140102Z,12,6.0,orb,A,magsac,magsac,False,plate_dague,,occlusion_angle,False,True,False,True,99.8557640123181,False,True,0.0005930050974711776,0,0,0.0,,,False,,,,,,,,False,0.0,,False,False,False,True,109.94144198775757,313.6167815939669,323.34375,9.095751173714405,,,1,1
plate_dague/occlusion_angle/20260823T140102Z/frame_0013.jpg,20260823T140102Z,13,6.5,orb,A,magsac,magsac,False,plate_dague,plate_dague,occlusion_angle,False,True,True,False,104.15347799425945,True,False,23.237039989908226,36,23,0.6388888888888888,0.8237669467926025,137930.14651623287,True,plate_dague,,0.7931034482758621,,,plate_dague,plate_dague,False,0.415,0.2,True,False,False,False,137.6257509982679,303.8303347789083,323.34375,7.266082057656387,,,0,1
plate_dague/occlusion_angle/20260823T140102Z/frame_0014.jpg,20260823T140102Z,14,7.0,orb,A,magsac,magsac,False,plate_dague,,occlusion_angle,False,True,False,True,96.48130399000365,False,True,0.0006660120561718941,0,0,0.0,,,False,,,,,,,,False,0.0,,False,False,False,True,106.36740899644792,315.8793225951553,323.34375,9.401375942450516,,,1,1
plate_dague/occlusion_angle/20260823T140102Z/frame_0015.jpg,20260823T140102Z,15,7.5,orb,A,magsac,magsac,False,plate_dague,plate_dague,occlusion_angle,False,True,True,False,101.78873300901614,True,False,23.235114000272006,30,27,0.9,0.7952720522880554,125243.06117610919,True,plate_dague,,0.8181818181818182,,,plate_dague,plate_dague,False,0.3925,0.2,True,False,False,False,135.2692280051997,304.7589396933359,323.34375,7.392664353503669,,,0,1
plate_dague/occlusion_angle/20260823T140102Z/frame_0016.jpg,20260823T140102Z,16,8.0,orb,A,magsac,magsac,False,plate_dague,,occlusion_angle,False,True,False,True,95.18990499782376,False,True,0.0006110058166086674,0,0,0.0,,,False,,,,,,,,False,0.0,,False,False,False,True,105.218157012132,314.6641800253289,323.34375,9.504063066650149,,,1,1
plate_dague/occlusion_angle/20260823T140102Z/frame_0017.jpg,20260823T140102Z,17,8.5,orb,A,magsac,magsac,False,plate_dague,,occlusion_angle,False,True,False,True,96.69702500104904,False,True,0.0006850023055449128,0,0,0.0,,,False,,,,,,,,False,0.0,,False,False,False,True,106.57716600690037,315.3676548110256,323.34375,9.382872874807486,,,2,2
plate_dague/occlusion_angle/20260823T140102Z/frame_0018.jpg,20260823T140102Z,18,9.0,orb,A,magsac,magsac,False,plate_dague,,occlusion_angle,False,True,False,True,94.66603701002896,False,True,0.0005189940566197038,0,0,0.0,,,False,,,,,,,,False,0.0,,False,False,False,True,104.686196995317,316.11878977208715,323.34375,9.552357700459151,,,3,3
plate_dague/occlusion_angle/20260823T140102Z/frame_0019.jpg,20260823T140102Z,19,9.5,orb,A,magsac,magsac,False,plate_dague,plate_dague,occlusion_angle,False,True,True,False,103.20548398885876,True,False,23.297965002711862,25,18,0.72,0.6123024225234985,128694.5562194928,True,plate_dague,,0.75,,,plate_dague,plate_dague,False,0.365,0.2,True,False,False,False,136.7442549963016,302.95396981116534,323.34375,7.312921482712718,,,0,3
plate_vampire/frontal/20260823T135229Z/frame_0000.jpg,20260823T135229Z,0,0.0,orb,A,magsac,magsac,False,plate_vampire,plate_vampire,frontal,True,False,True,False,92.13755300152116,True,False,24.08201599610038,51,49,0.9607843137254902,0.7811772227287292,180544.02988499665,True,plate_vampire,,0.8909090909090909,,,plate_vampire,plate_vampire,False,0.43125,0.2,True,False,False,False,126.34274699667003,314.51074354942267,323.34375,7.914977501845489,0.0,,0,0
plate_vampire/frontal/20260823T135229Z/frame_0001.jpg,20260823T135229Z,1,0.5,orb,A,magsac,magsac,False,plate_vampire,plate_vampire,frontal,True,False,True,False,91.61090898851398,True,False,23.419371995260008,51,46,0.9019607843137255,0.8803026676177979,115927.21743974535,True,plate_vampire,,0.8846153846153846,,,plate_vampire,plate_vampire,False,0.375,0.2,True,False,False,False,125.16012399282772,316.6480308238691,323.34375,7.989765175187145,,,0,0
plate_vampire/frontal/20260823T135229Z/frame_0002.jpg,20260823T135229Z,2,1.0,orb,A,magsac,magsac,False,plate_vampire,plate_vampire,frontal,True,False,True,False,92.83254899492022,True,False,23.277872998733073,52,49,0.9423076923076923,0.8062992691993713,114509.49385888242,True,plate_vampire,,0.8909090909090909,,,plate_vampire,plate_vampire,False,0.35125,0.2,True,False,False,False,126.30772800184786,314.9278712338165,323.34375,7.917171940464088,,,0,0
plate_vampire/frontal/20260823T135229Z/frame_0003.jpg,20260823T135229Z,3,1.5,orb,A,magsac,magsac,False,plate_vampire,plate_vampire,frontal,True,False,True,False,91.98299900162965,True,False,23.866962001193315,57,54,0.9473684210526315,0.7892496585845947,178158.74910355062,True,plate_vampire,,0.9,,,plate_vampire,plate_vampire,False,0.41875,0.2,True,False,False,False,126.16265499673318,315.3238793288709,323.34375,7.926275806623551,,,0,0
plate_vampire/frontal/20260823T135229Z/frame_0004.jpg,20260823T135229Z,4,2.0,orb,A,magsac,magsac,False,plate_vampire,plate_vampire,frontal,True,False,True,False,92.19149699492846,True,False,24.000460995011963,58,54,0.9310344827586207,0.9031414985656738,180185.8648869766,True,plate_vampire,,0.9,,,plate_vampire,plate_vampire,False,0.44125,0.2,True,False,False,False,126.3848950038664,313.67615409094145,323.34375,7.912337941724822,,,0,0
plate_vampire/frontal/20260823T135229Z/frame_0005.jpg,20260823T135229Z,5,2.5,orb,A,magsac,magsac,False,plate_vampire,plate_vampire,frontal,True,False,True,False,91.60622300987598,True,False,24.056256996118464,58,53,0.9137931034482759,1.0490721464157104,179920.38898979878,True,plate_vampire,,0.8983050847457628,,,plate_vampire,plate_vampire,False,0.43125,0.2,True,False,False,False,125.8419719961239,314.71313880252876,323.34375,7.946474329175335,,,0,0
plate_vampire/frontal/20260823T135229Z/frame_0006.jpg,20260823T135229Z,6,3.0,orb,A,magsac,magsac,False,plate_vampire,,frontal,True,False,False,True,89.93547499994747,False,True,0.0004629982868209481,0,0,0.0,,,False,,,,,,,,False,0.0,,False,False,False,True,100.23002099478617,327.0759566308444,323.34375,9.977050688755405,,,1,1
plate_vampire/frontal/20260823T135229Z/frame_0007.jpg,20260823T135229Z,7,3.5,orb,A,magsac,magsac,False,plate_vampire,plate_vampire,frontal,False,True,True,False,104.83134399692062,True,False,23.475039008189924,24,22,0.9166666666666666,1.0194740295410156,118961.24226086706,True,plate_vampire,,0.7857142857142857,,,plate_vampire,plate_vampire,False,0.3375,0.2,True,False,False,False,139.36392500181682,301.40286734499693,323.34375,7.17545806769552,,,0,1
plate_vampire/frontal/20260823T135229Z/frame_0008.jpg,20260823T135229Z,8,4.0,orb,A,magsac,magsac,False,plate_vampire,plate_vampire,frontal,True,False,True,False,90.71304299868643,True,False,23.88618400436826,42,37,0.8809523809523809,0.9345918893814087,181998.72668742697,True,plate_vampire,,0.8604651162790697,,,plate_vampire,plate_vampire,False,0.41,0.2,True,False,False,False,124.7021279996261,315.62857371700926,323.34375,8.019109345134819,,,0,1
plate_vampire/frontal/20260823T135229Z/frame_0009.jpg,20260823T135229Z,9,4.5,orb,A,magsac,magsac,False,plate_vampire,plate_vampire,frontal,False,True,True,False,104.70432699366938,True,False,24.029311985941604,37,31,0.8378378378378378,0.7632683515548706,180004.39578551822,True,plate_vampire,,0.8378378378378378,,,plate_vampire,plate_vampire,False,0.425,0.2,True,False,False,False,139.8120520025259,300.9618412527054,323.34375,7.152459217048997,,,0,1
plate_vampire/frontal/20260823T135229Z/frame_0010.jpg,20260823T135229Z,10,5.0,orb,A,magsac,magsac,False,plate_vampire,plate_vampire,frontal,False,True,True,False,105.21710099419579,True,False,24.015219998545945,34,27,0.7941176470588235,0.8119251132011414,180644.0256397635,True,plate_vampire,,0.8181818181818182,,,plate_vampire,plate_vampire,False,0.4175,0.2,True,False,False,False,140.3062699973816,300.25831846850923,323.34375,7.127265232114445,,,0,1
plate_vampire/frontal/20260823T135229Z/frame_0011.jpg,20260823T135229Z,11,5.5,orb,A,magsac,magsac,False,plate_vampire,plate_vampire,frontal,False,True,True,False,102.17219399055466,True,False,23.95601599710062,31,27,0.8709677419354839,0.8505085110664368,183243.74832146816,True,plate_vampire,,0.8181818181818182,,,plate_vampire,plate_vampire,False,0.39375,0.2,True,False,False,False,137.24032700702082,300.4377576125229,323.34375,7.286488030219011,,,0,1
plate_vampire/frontal/20260823T135229Z/frame_0012.jpg,20260823T135229Z,12,6.0,orb,A,magsac,magsac,False,plate_vampire,plate_vampire,frontal,False,True,True,False,103.86457199638244,True,False,23.21354000014253,34,28,0.8235294117647058,0.7586534023284912,118092.46917144209,True,plate_vampire,,0.8235294117647058,,,plate_vampire,plate_vampire,False,0.355,0.2,True,False,False,False,138.17367299634498,302.3768529414935,323.34375,7.237268709115465,,,0,1
plate_vampire/frontal/20260823T135229Z/frame_0013.jpg,20260823T135229Z,13,6.5,orb,A,magsac,magsac,False,plate_vampire,,frontal,False,True,False,True,99.7777829907136,False,True,0.0005370093276724219,0,0,0.0,,,False,,,,,,,,False,0.0,,False,False,False,True,110.86762099876069,309.8322521088615,323.34375,9.019766014562343,,,1,1
plate_vampire/frontal/20260823T135229Z/frame_0014.jpg,20260823T135229Z,14,7.0,orb,A,magsac,magsac,False,plate_vampire,,frontal,False,True,False,True,99.72939499130007,False,True,0.0004440080374479294,0,0,0.0,,,False,,,,,,,,False,0.0,,False,False,False,True,110.75191799318418,310.2917910831976,323.34375,9.0291890029529,,,2,2
plate_vampire/frontal/20260823T135229Z/frame_0015.jpg,20260823T135229Z,15,7.5,orb,A,magsac,magsac,False,plate_vampire,plate_vampire,frontal,True,False,True,False,92.86658601195086,True,False,23.93714600475505,51,48,0.9411764705882353,0.6934295892715454,179977.77318058338,True,plate_vampire,,0.8888888888888888,,,plate_vampire,plate_vampire,False,0.4225,0.2,True,False,False,False,126.90661400847603,313.9992750680374,323.34375,7.879809951695745,,,0,2
plate_vampire/frontal/20260823T135229Z/frame_0016.jpg,20260823T135229Z,16,8.0,orb,A,magsac,magsac,False,plate_vampire,plate_vampire,frontal,True,False,True,False,97.32365098898299,True,False,23.953109994181432,51,50,0.9803921568627451,0.798159658908844,180145.73920195454,True,plate_vampire,plate_bougie,0.8928571428571429,0.5,0.3928571428571429,plate_vampire,plate_vampire,False,0.42625,0.2,True,False,False,False,131.39589999627788,311.47350260672005,323.34375,7.610587545184648,,,0,2
plate_vampire/frontal/20260823T135229Z/frame_0017.jpg,20260823T135229Z,17,8.5,orb,A,magsac,magsac,False,plate_vampire,,frontal,True,False,False,True,92.15775699703954,False,True,0.0004629982868209481,0,0,0.0,,,False,,,,,,,,False,0.0,,False,False,False,True,102.29673099820502,324.4668707994497,323.34375,9.775483441572995,,,1,2
plate_vampire/frontal/20260823T135229Z/frame_0018.jpg,20260823T135229Z,18,9.0,orb,A,magsac,magsac,False,plate_vampire,plate_vampire,frontal,False,True,True,False,105.41739600012079,True,False,23.749443993438035,25,18,0.72,0.6987712383270264,185141.94891417224,True,plate_vampire,,0.75,,,plate_vampire,plate_vampire,False,0.39375,0.2,True,False,False,False,141.4119310065871,298.1701904490523,323.34375,7.0715391048115945,,,0,2
plate_vampire/frontal/20260823T135229Z/frame_0019.jpg,20260823T135229Z,19,9.5,orb,A,magsac,magsac,False,plate_vampire,plate_vampire,frontal,False,True,True,False,107.76999199879356,True,False,23.498408001614735,43,39,0.9069767441860465,0.9337102770805359,118319.24978501385,True,plate_vampire,,0.8666666666666667,,,plate_vampire,plate_vampire,False,0.35125,0.2,True,False,False,False,142.4004239961505,298.40009185046443,323.34375,7.0224510007570835,,,0,2
plate_vampire/main_sur_bord/20260823T135336Z/frame_0000.jpg,20260823T135336Z,0,0.0,orb,A,magsac,magsac,False,plate_vampire,,main_sur_bord,False,True,False,True,96.73432100680657,False,True,0.0005930050974711776,0,0,0.0,,,False,,,,,,,,False,0.0,,False,False,False,True,107.15456999605522,314.30855446704277,323.34375,9.332313125206083,,,1,1
plate_vampire/main_sur_bord/20260823T135336Z/frame_0001.jpg,20260823T135336Z,1,0.5,orb,A,magsac,magsac,False,plate_vampire,plate_vampire,main_sur_bord,False,True,True,False,107.09623699949589,True,False,24.144200011505745,37,32,0.8648648648648649,0.6389099359512329,127629.46490470562,True,plate_vampire,,0.8421052631578947,,,plate_vampire,plate_vampire,False,0.37375,0.2,True,False,False,False,142.02420500805601,299.53813012072254,323.34375,7.04105331864577,0.5,,0,1
plate_vampire/main_sur_bord/20260823T135336Z/frame_0002.jpg,20260823T135336Z,2,1.0,orb,A,magsac,magsac,False,plate_vampire,,main_sur_bord,False,True,False,True,96.56361800443847,False,True,0.0005190086085349321,0,0,0.0,,,False,,,,,,,,False,0.0,,False,False,False,True,107.12249600328505,313.4738150516422,323.34375,9.33510735195466,,,1,1
plate_vampire/main_sur_bord/20260823T135336Z/frame_0003.jpg,20260823T135336Z,3,1.5,orb,A,magsac,magsac,False,plate_vampire,,main_sur_bord,False,True,False,True,97.06378199916799,False,True,0.00048200308810919523,0,0,0.0,,,False,,,,,,,,False,0.0,,False,False,False,True,107.37068101298064,314.3636668926249,323.34375,9.313529452971473,,,2,2
plate_vampire/main_sur_bord/20260823T135336Z/frame_0004.jpg,20260823T135336Z,4,2.0,orb,A,magsac,magsac,False,plate_vampire,,main_sur_bord,False,True,False,True,94.75433400075417,False,True,0.0006669870344921947,0,0,0.0,,,False,,,,,,,,False,0.0,,False,False,False,True,104.77921499114018,316.57567011551396,323.34375,9.54387757232727,,,3,3
plate_vampire/main_sur_bord/20260823T135336Z/frame_0005.jpg,20260823T135336Z,5,2.5,orb,A,magsac,magsac,False,plate_vampire,plate_vampire,main_sur_bord,False,True,True,False,104.12538600212429,True,False,23.03007799491752,17,17,1.0,1.135204553604126,125431.33501986554,True,plate_vampire,,0.7391304347826086,,,plate_vampire,plate_vampire,False,0.22375,0.2,True,False,False,False,137.85711899981834,303.58274714890234,323.34375,7.253887265708184,,,0,3
plate_vampire/main_sur_bord/20260823T135336Z/frame_0006.jpg,20260823T135336Z,6,3.0,orb,A,magsac,magsac,False,plate_vampire,,main_sur_bord,False,True,False,True,98.56477301218547,False,True,0.0004259927663952112,0,0,0.0,,,False,,,,,,,,False,0.0,,False,False,False,True,109.72322199086193,310.25101142976166,323.34375,9.11384100699561,,,1,3
plate_vampire/main_sur_bord/20260823T135336Z/frame_0007.jpg,20260823T135336Z,7,3.5,orb,A,magsac,magsac,False,plate_vampire,,main_sur_bord,False,True,False,True,97.61766699375585,False,True,0.000667001586407423,0,0,0.0,,,False,,,,,,,,False,0.0,,False,False,False,True,107.75801099953242,314.1462419916889,323.34375,9.280052505834941,,,2,3
plate_vampire/main_sur_bord/20260823T135336Z/frame_0008.jpg,20260823T135336Z,8,4.0,orb,A,magsac,magsac,False,plate_vampire,,main_sur_bord,False,True,False,True,97.246372999507,False,True,0.0009820068953558803,0,0,0.0,,,False,,,,,,,,False,0.0,,False,False,False,True,107.71158600982744,312.7502030926417,323.34375,9.28405232013538,,,3,3
plate_vampire/main_sur_bord/20260823T135336Z/frame_0009.jpg,20260823T135336Z,9,4.5,orb,A,magsac,magsac,False,plate_vampire,plate_vampire,main_sur_bord,False,True,True,False,108.74506000254769,True,False,23.908888004370965,24,19,0.7916666666666666,1.0273213386535645,168182.71298481006,True,plate_vampire,plate_dague,0.76,0.5,0.26,plate_vampire,plate_vampire,False,0.3125,0.2,True,False,False,False,143.48451000114437,299.22908542293715,323.34375,6.969393420878842,,,0,3
plate_vampire/main_sur_bord/20260823T135336Z/frame_0010.jpg,20260823T135336Z,10,5.0,orb,A,magsac,magsac,False,plate_vampire,,main_sur_bord,False,True,False,True,100.57407399290241,False,True,0.0004629982868209481,0,0,0.0,,,False,,,,,,,,False,0.0,,False,False,False,True,111.19184199196752,310.0189643633157,323.34375,8.993465546440357,,,1,3
plate_vampire/main_sur_bord/20260823T135336Z/frame_0011.jpg,20260823T135336Z,11,5.5,orb,A,magsac,magsac,False,plate_vampire,,main_sur_bord,False,True,False,True,102.16400900389999,False,True,0.00048200308810919523,0,0,0.0,,,False,,,,,,,,False,0.0,,False,False,False,True,113.08097800065298,307.27730352491704,323.34375,8.843220298238185,,,2,3
plate_vampire/main_sur_bord/20260823T135336Z/frame_0012.jpg,20260823T135336Z,12,6.0,orb,A,magsac,magsac,False,plate_vampire,plate_vampire,main_sur_bord,False,True,True,False,106.50744500162546,True,False,23.943332009366713,25,24,0.96,0.6510260105133057,167930.93594581043,True,plate_vampire,plate_cellule,0.8,0.5384615384615384,0.2615384615384616,plate_vampire,plate_vampire,False,0.3475,0.2,True,False,False,False,141.4707819931209,298.5237382942609,323.34375,7.06859738747062,,,0,3
plate_vampire/main_sur_bord/20260823T135336Z/frame_0013.jpg,20260823T135336Z,13,6.5,orb,A,magsac,magsac,False,plate_vampire,plate_vampire,main_sur_bord,False,True,True,False,100.49105700454675,True,False,19.070972994086333,20,11,0.55,0.9562938213348389,105633.07741006464,True,plate_vampire,,0.6470588235294118,,,plate_vampire,plate_vampire,False,0.22875,0.2,True,False,False,False,129.96041000587866,305.4661738771564,323.34375,7.694651009140136,,,0,3
plate_vampire/main_sur_bord/20260823T135336Z/frame_0014.jpg,20260823T135336Z,14,7.0,orb,A,magsac,magsac,False,plate_vampire,,main_sur_bord,False,True,False,True,100.93512800813187,False,True,0.0004629982868209481,0,0,0.0,,,False,,,,,,,,False,0.0,,False,False,False,True,111.79148600785993,309.86884097386775,323.34375,8.945225040927456,,,1,3
plate_vampire/main_sur_bord/20260823T135336Z/frame_0015.jpg,20260823T135336Z,15,7.5,orb,A,magsac,magsac,False,plate_vampire,,main_sur_bord,False,True,False,True,98.49480999400839,False,True,0.0005559995770454407,0,0,0.0,,,False,,,,,,,,False,0.0,,False,False,False,True,109.25776101066731,308.91041595392056,323.34375,9.152667881436502,,,2,3
plate_vampire/main_sur_bord/20260823T135336Z/frame_0016.jpg,20260823T135336Z,16,8.0,orb,A,magsac,magsac,False,plate_vampire,,main_sur_bord,False,True,False,True,101.6556969989324,False,True,0.0005190086085349321,0,0,0.0,,,False,,,,,,,,False,0.0,,False,False,False,True,112.6367399992887,308.16857625871353,323.34375,8.878097856936511,,,3,3
plate_vampire/main_sur_bord/20260823T135336Z/frame_0017.jpg,20260823T135336Z,17,8.5,orb,A,magsac,magsac,False,plate_vampire,,main_sur_bord,False,True,False,True,95.12477499083616,False,True,0.0006850023055449128,0,0,0.0,,,False,,,,,,,,False,0.0,,False,False,False,True,105.72250599216204,313.13282720009414,323.34375,9.458723954898847,,,4,4
plate_vampire/main_sur_bord/20260823T135336Z/frame_0018.jpg,20260823T135336Z,18,9.0,orb,A,magsac,magsac,False,plate_vampire,plate_vampire,main_sur_bord,False,True,True,False,108.27180399792269,True,False,24.22538500104565,29,23,0.7931034482758621,0.8947124481201172,323020.7095427762,True,plate_vampire,plate_bois,0.7931034482758621,0.5,0.2931034482758621,plate_vampire,plate_vampire,False,0.36375,0.2,True,False,False,False,142.89649498823564,298.97488040919444,323.34375,6.998072276596622,,,0,4
plate_vampire/main_sur_bord/20260823T135336Z/frame_0019.jpg,20260823T135336Z,19,9.5,orb,A,magsac,magsac,False,plate_vampire,plate_vampire,main_sur_bord,False,True,True,False,108.71469101402909,True,False,24.415625011897646,52,44,0.8461538461538461,0.7219719886779785,325607.78949951683,True,plate_vampire,,0.88,,,plate_vampire,plate_vampire,False,0.3775,0.2,True,False,False,False,143.8918040075805,298.77815485402255,323.34375,6.949666152961138,,,0,4
plate_vampire/occlusion_angle/20260823T135419Z/frame_0000.jpg,20260823T135419Z,0,0.0,orb,A,magsac,magsac,False,plate_vampire,plate_vampire,occlusion_angle,False,True,True,False,103.64107400528155,True,False,24.434385006316006,18,15,0.8333333333333334,0.9264715909957886,399870.6775781235,True,plate_vampire,,0.7142857142857143,,,plate_vampire,plate_vampire,False,0.305,0.2,True,False,False,False,139.07742699666414,300.6682968114069,323.34375,7.190239434210884,0.0,,0,0
plate_vampire/occlusion_angle/20260823T135419Z/frame_0001.jpg,20260823T135419Z,1,0.5,orb,A,magsac,magsac,False,plate_vampire,plate_vampire,occlusion_angle,False,True,True,False,107.29303299740423,True,False,23.37142800388392,31,25,0.8064516129032258,0.8298013806343079,132987.76819268023,True,plate_vampire,plate_bois,0.8064516129032258,0.5,0.30645161290322576,plate_vampire,plate_vampire,False,0.37,0.2,True,False,False,False,141.43487499677576,300.0810373040564,323.34375,7.070391938500293,,,0,0
plate_vampire/occlusion_angle/20260823T135419Z/frame_0002.jpg,20260823T135419Z,2,1.0,orb,A,magsac,magsac,False,plate_vampire,plate_vampire,occlusion_angle,False,True,True,False,101.9273069978226,True,False,24.3046260002302,22,20,0.9090909090909091,1.5848476886749268,412676.6009054302,True,plate_vampire,,0.7692307692307693,,,plate_vampire,plate_vampire,False,0.31,0.2,True,False,False,False,137.14927199180238,301.02865440265856,323.34375,7.291325615346842,,,0,0
plate_vampire/occlusion_angle/20260823T135419Z/frame_0003.jpg,20260823T135419Z,3,1.5,orb,A,magsac,magsac,False,plate_vampire,plate_vampire,occlusion_angle,False,True,True,False,105.35860100935679,True,False,23.612685996340588,34,25,0.7352941176470589,1.2113310098648071,134867.51405331353,True,plate_vampire,,0.8064516129032258,,,plate_vampire,plate_vampire,False,0.38875,0.2,True,False,False,False,140.0075499986997,301.23736184507095,323.34375,7.142471959614231,,,0,0
plate_vampire/occlusion_angle/20260823T135419Z/frame_0004.jpg,20260823T135419Z,4,2.0,orb,A,magsac,magsac,False,plate_vampire,plate_vampire,occlusion_angle,False,True,True,False,105.03786099434365,True,False,24.277903998154216,37,23,0.6216216216216216,1.09130859375,411227.2181405194,True,plate_vampire,,0.7931034482758621,,,plate_vampire,plate_vampire,False,0.31,0.2,True,False,False,False,140.24197499384172,300.25411580127314,323.34375,7.1305327812440735,,,0,0
plate_vampire/occlusion_angle/20260823T135419Z/frame_0005.jpg,20260823T135419Z,5,2.5,orb,A,magsac,magsac,False,plate_vampire,plate_vampire,occlusion_angle,False,True,True,False,102.53572900546715,True,False,24.329163003130816,30,28,0.9333333333333333,1.2398611307144165,405047.92676714505,True,plate_vampire,,0.8235294117647058,,,plate_vampire,plate_vampire,False,0.32875,0.2,True,False,False,False,137.68304599216208,301.09489807740545,323.34375,7.263058372901826,,,0,0
plate_vampire/occlusion_angle/20260823T135419Z/frame_0006.jpg,20260823T135419Z,6,3.0,orb,A,magsac,magsac,False,plate_vampire,plate_vampire,occlusion_angle,False,True,True,False,105.41674798878375,True,False,23.728721993393265,40,33,0.825,0.7128366231918335,128202.50105016718,True,plate_vampire,,0.8461538461538461,,,plate_vampire,plate_vampire,False,0.38,0.2,True,False,False,False,140.11564300744794,300.98173904649656,323.34375,7.136961859046989,,,0,0
plate_vampire/occlusion_angle/20260823T135419Z/frame_0007.jpg,20260823T135419Z,7,3.5,orb,A,magsac,magsac,False,plate_vampire,plate_vampire,occlusion_angle,False,True,True,False,106.5841109957546,True,False,23.985460997209884,35,27,0.7714285714285715,0.9811597466468811,183776.44651900325,True,plate_vampire,,0.8181818181818182,,,plate_vampire,plate_vampire,False,0.37375,0.2,True,False,False,False,141.5733000030741,299.7113685919351,323.34375,7.063478777271464,,,0,0
plate_vampire/occlusion_angle/20260823T135419Z/frame_0008.jpg,20260823T135419Z,8,4.0,orb,A,magsac,magsac,False,plate_vampire,plate_vampire,occlusion_angle,False,True,True,False,105.1271569886012,True,False,23.65283400285989,36,35,0.9722222222222222,0.8237274885177612,123605.55043109634,True,plate_vampire,,0.8536585365853658,,,plate_vampire,plate_vampire,False,0.37875,0.2,True,False,False,False,139.73134900152218,300.7690700784866,323.34375,7.156590179266833,,,0,0
plate_vampire/occlusion_angle/20260823T135419Z/frame_0009.jpg,20260823T135419Z,9,4.5,orb,A,magsac,magsac,False,plate_vampire,,occlusion_angle,False,True,False,True,98.72756799450144,False,True,0.0005930050974711776,0,0,0.0,,,False,,,,,,,,False,0.0,,False,False,False,True,109.39790800330229,311.4246572153404,323.34375,9.140942621771286,,,1,1
plate_vampire/occlusion_angle/20260823T135419Z/frame_0010.jpg,20260823T135419Z,10,5.0,orb,A,magsac,magsac,False,plate_vampire,plate_vampire,occlusion_angle,False,True,True,False,105.8693939994555,True,False,23.917906000860967,35,25,0.7142857142857143,0.9232932925224304,183094.50611226825,True,plate_vampire,,0.8064516129032258,,,plate_vampire,plate_vampire,False,0.36625,0.2,True,False,False,False,140.87006299814675,300.5539211021531,323.34375,7.098740347785291,,,0,1
plate_vampire/occlusion_angle/20260823T135419Z/frame_0011.jpg,20260823T135419Z,11,5.5,orb,A,magsac,magsac,False,plate_vampire,plate_vampire,occlusion_angle,False,True,True,False,102.79891299433075,True,False,23.53466799831949,18,12,0.6666666666666666,0.6781793832778931,188276.56396544713,True,plate_vampire,,0.6666666666666666,,,plate_vampire,plate_vampire,False,0.31,0.2,True,False,False,False,137.14284599700477,300.9698996686825,323.34375,7.291667259273883,,,0,1
plate_vampire/occlusion_angle/20260823T135419Z/frame_0012.jpg,20260823T135419Z,12,6.0,orb,A,magsac,magsac,False,plate_vampire,,occlusion_angle,False,True,True,False,104.1958860005252,False,True,22.694339000736363,12,6,0.5,0.16524091362953186,5840.578821761999,True,plate_vampire,,0.5,,,,plate_vampire,False,0.015,0.2,False,False,False,True,137.8695089952089,302.53329546163246,323.34375,7.253235376610728,,,1,1
plate_vampire/occlusion_angle/20260823T135419Z/frame_0013.jpg,20260823T135419Z,13,6.5,orb,A,magsac,magsac,False,plate_vampire,plate_vampire,occlusion_angle,False,True,True,False,103.98733099282254,True,False,23.809924998204224,37,29,0.7837837837837838,0.9212130308151245,179198.20222473855,True,plate_vampire,,0.8285714285714286,,,plate_vampire,plate_vampire,False,0.37125,0.2,True,False,False,False,138.99542699800804,300.5427682207312,323.34375,7.194481297678456,,,0,1
plate_vampire/occlusion_angle/20260823T135419Z/frame_0014.jpg,20260823T135419Z,14,7.0,orb,A,magsac,magsac,False,plate_vampire,plate_vampire,occlusion_angle,False,True,True,False,101.85491800075397,True,False,24.360515002626926,20,20,1.0,1.867483139038086,373561.9465291593,True,plate_vampire,,0.7692307692307693,,,plate_vampire,plate_vampire,False,0.31625,0.2,True,False,False,False,137.24814100714866,300.6086756239125,323.34375,7.2860731858503955,,,0,1
plate_vampire/occlusion_angle/20260823T135419Z/frame_0015.jpg,20260823T135419Z,15,7.5,orb,A,magsac,magsac,False,plate_vampire,plate_vampire,occlusion_angle,False,True,True,False,106.23166899313219,True,False,24.39801399304997,24,19,0.7916666666666666,1.2269796133041382,365763.25819708756,True,plate_vampire,,0.76,,,plate_vampire,plate_vampire,False,0.3325,0.2,True,False,False,False,141.739205995691,299.2652315357724,323.34375,7.055210962804468,,,0,1
plate_vampire/occlusion_angle/20260823T135419Z/frame_0016.jpg,20260823T135419Z,16,8.0,orb,A,magsac,magsac,False,plate_vampire,,occlusion_angle,False,True,False,True,100.92325700679794,False,True,0.0005189940566197038,0,0,0.0,,,False,,,,,,,,False,0.0,,False,False,False,True,111.61372800415847,311.6754392318251,323.34375,8.959471365052355,,,1,1
plate_vampire/occlusion_angle/20260823T135419Z/frame_0017.jpg,20260823T135419Z,17,8.5,orb,A,magsac,magsac,False,plate_vampire,,occlusion_angle,False,True,False,True,95.0256649957737,False,True,0.0007400085451081395,0,0,0.0,,,False,,,,,,,,False,0.0,,False,False,False,True,106.50418599834666,312.0667275980629,323.34375,9.389302313577833,,,2,2
plate_vampire/occlusion_angle/20260823T135419Z/frame_0018.jpg,20260823T135419Z,18,9.0,orb,A,magsac,magsac,False,plate_vampire,plate_vampire,occlusion_angle,False,True,True,False,102.19961999973748,True,False,22.980394001933746,14,10,0.7142857142857143,0.8238294124603271,105944.51651010523,True,plate_vampire,,0.625,,,plate_vampire,plate_vampire,False,0.2375,0.2,True,False,False,False,136.1789439979475,303.18729304160684,323.34375,7.343279149051648,,,0,2
plate_vampire/occlusion_angle/20260823T135419Z/frame_0019.jpg,20260823T135419Z,19,9.5,orb,A,magsac,magsac,False,plate_vampire,,occlusion_angle,False,True,False,True,96.86483899713494,False,True,0.000610991264693439,0,0,0.0,,,False,,,,,,,,False,0.0,,False,False,False,True,107.60332700738218,312.1195146475068,323.34375,9.293392944359374,,,1,2
