sample_id,sequence_id,frame_index,timestamp_s,backend,variant,homography_backend,homography_requested,homography_fallback_used,object_expected,object_detected,condition,l1_hit,l1_miss,l2_success,l2_fail,l2_latency_ms,l3_success,l3_fail,l3_latency_ms,matches,inliers,inlier_ratio,reprojection_error,quadrilateral_area,geometry_valid,top1,top2,top1_score,top2_score,top1_top2_margin,final_candidate,l3_best_candidate,l3_corrected_top1,score,threshold_used,true_positive,true_negative,false_positive,false_negative,total_latency_ms,cpu_percent,ram_mb,fps,time_to_first_detection,time_to_trigger,miss_streak,longest_miss_streak
negatives/aucune_plaque/20260823T132011Z/frame_0000.jpg,20260823T132011Z,0,0.0,orb,A,magsac,magsac,False,,,aucune_plaque,False,True,False,True,109.24173900275491,False,True,0.00131400884129107,0,0,0.0,,,False,,,,,,,,False,0.0,,False,True,False,False,120.30589899222832,275.4714995491697,315.859375,8.312144361803899,,,0,0
negatives/aucune_plaque/20260823T132011Z/frame_0001.jpg,20260823T132011Z,1,0.5,orb,A,magsac,magsac,False,,,aucune_plaque,False,True,False,True,109.76143900188617,False,True,0.0016289995983242989,0,0,0.0,,,False,,,,,,,,False,0.0,,False,True,False,False,121.7915390006965,275.7392293056411,315.859375,8.21075099473274,,,0,0
negatives/aucune_plaque/20260823T132011Z/frame_0002.jpg,20260823T132011Z,2,1.0,orb,A,magsac,magsac,False,,,aucune_plaque,False,True,False,True,111.78707599174231,False,True,0.0008890056051313877,0,0,0.0,,,False,,,,,,,,False,0.0,,False,True,False,False,125.38109300658107,267.44911211006877,315.859375,7.975684180289539,,,0,0
negatives/aucune_plaque/20260823T132011Z/frame_0003.jpg,20260823T132011Z,3,1.5,orb,A,magsac,magsac,False,,,aucune_plaque,False,True,False,True,111.93463200470433,False,True,0.0005559995770454407,0,0,0.0,,,False,,,,,,,,False,0.0,,False,True,False,False,124.98329899972305,265.80964949623836,315.859375,8.001069006845594,,,0,0
negatives/aucune_plaque/20260823T132011Z/frame_0004.jpg,20260823T132011Z,4,2.0,orb,A,magsac,magsac,False,,,aucune_plaque,False,True,False,True,121.14500599273015,False,True,0.0006850023055449128,0,0,0.0,,,False,,,,,,,,False,0.0,,False,True,False,False,131.66552099573892,258.03094343202844,315.859375,7.5950027952448,,,0,0
negatives/aucune_plaque/20260823T132011Z/frame_0005.jpg,20260823T132011Z,5,2.5,orb,A,magsac,magsac,False,,,aucune_plaque,False,True,False,True,106.11034899193328,False,True,0.0008700008038431406,0,0,0.0,,,False,,,,,,,,False,0.0,,False,True,False,False,117.3540640011197,281.0319163696394,315.859375,8.521221727697975,,,0,0
negatives/aucune_plaque/20260823T132011Z/frame_0006.jpg,20260823T132011Z,6,3.0,orb,A,magsac,magsac,False,,,aucune_plaque,False,True,False,True,112.4556660070084,False,True,0.0009630020940676332,0,0,0.0,,,False,,,,,,,,False,0.0,,False,True,False,False,123.28103100298904,270.05172352259854,315.859375,8.111547996185676,,,0,0
negatives/aucune_plaque/20260823T132011Z/frame_0007.jpg,20260823T132011Z,7,3.5,orb,A,magsac,magsac,False,,,aucune_plaque,False,True,False,True,111.90057599742431,False,True,0.0005740002961829305,0,0,0.0,,,False,,,,,,,,False,0.0,,False,True,False,False,123.68291700840928,274.7480486548485,315.859375,8.085190939764216,,,0,0
negatives/aucune_plaque/20260823T132011Z/frame_0008.jpg,20260823T132011Z,8,4.0,orb,A,magsac,magsac,False,,,aucune_plaque,False,True,False,True,117.72141300025396,False,True,0.0019260041881352663,0,0,0.0,,,False,,,,,,,,False,0.0,,False,True,False,False,130.24232500174548,257.6659576643007,315.859375,7.677995613074307,,,0,0
negatives/aucune_plaque/20260823T132011Z/frame_0009.jpg,20260823T132011Z,9,4.5,orb,A,magsac,magsac,False,,,aucune_plaque,False,True,False,True,121.33985600667074,False,True,0.001110995071940124,0,0,0.0,,,False,,,,,,,,False,0.0,,False,True,False,False,131.99437099683564,262.2472976580932,315.859375,7.576080649863269,,,0,0
negatives/aucune_plaque/20260823T132011Z/frame_0010.jpg,20260823T132011Z,10,5.0,orb,A,magsac,magsac,False,,,aucune_plaque,False,True,False,True,110.17553000419866,False,True,0.0006669870344921947,0,0,0.0,,,False,,,,,,,,False,0.0,,False,True,False,False,125.39659200410824,269.75818369044424,315.859375,7.974698387076086,,,0,0
negatives/aucune_plaque/20260823T132011Z/frame_0011.jpg,20260823T132011Z,11,5.5,orb,A,magsac,magsac,False,,,aucune_plaque,True,False,False,True,25.717188997077756,False,True,0.0006290065357461572,0,0,0.0,,,False,,,,,,,,False,0.0,,False,True,False,False,37.03381099330727,229.60409074660743,315.859375,27.002351990744874,,,0,0
negatives/aucune_plaque/20260823T132011Z/frame_0012.jpg,20260823T132011Z,12,6.0,orb,A,magsac,magsac,False,,,aucune_plaque,True,False,False,True,1.3274559896672145,False,True,0.001610998879186809,0,0,0.0,,,False,,,,,,,,False,0.0,,False,True,False,False,11.138789006508887,214.87342103358475,315.859375,89.77636612163636,,,0,0
negatives/aucune_plaque/20260823T132011Z/frame_0013.jpg,20260823T132011Z,13,6.5,orb,A,magsac,magsac,False,,,aucune_plaque,False,True,False,True,117.72143199050333,False,True,0.0006110058166086674,0,0,0.0,,,False,,,,,,,,False,0.0,,False,True,False,False,130.7164140016539,255.50450764031388,315.859375,7.650148664477189,,,0,0
negatives/aucune_plaque/20260823T132011Z/frame_0014.jpg,20260823T132011Z,14,7.0,orb,A,magsac,magsac,False,,,aucune_plaque,False,True,False,True,119.99004900280852,False,True,0.0012039963621646166,0,0,0.0,,,False,,,,,,,,False,0.0,,False,True,False,False,129.22883000283036,260.40533988633155,315.859375,7.738211357156898,,,0,0
negatives/aucune_plaque/20260823T132011Z/frame_0015.jpg,20260823T132011Z,15,7.5,orb,A,magsac,magsac,False,,,aucune_plaque,False,True,False,True,118.54190898884553,False,True,0.000667001586407423,0,0,0.0,,,False,,,,,,,,False,0.0,,False,True,False,False,129.49997700343374,257.721739202433,315.859375,7.722009093279489,,,0,0
negatives/aucune_plaque/20260823T132011Z/frame_0016.jpg,20260823T132011Z,16,8.0,orb,A,magsac,magsac,False,,,aucune_plaque,False,True,False,True,113.38521499419585,False,True,0.0005189940566197038,0,0,0.0,,,False,,,,,,,,False,0.0,,False,True,False,False,124.64065199310426,269.1682084738786,315.859375,8.023064578122755,,,0,0
negatives/aucune_plaque/20260823T132011Z/frame_0017.jpg,20260823T132011Z,17,8.5,orb,A,magsac,magsac,False,,,aucune_plaque,False,True,False,True,110.11997501191217,False,True,0.0005549954948946834,0,0,0.0,,,False,,,,,,,,False,0.0,,False,True,False,False,120.87271000200417,277.5247001531092,315.859375,8.273166043711763,,,0,0
negatives/aucune_plaque/20260823T132011Z/frame_0018.jpg,20260823T132011Z,18,9.0,orb,A,magsac,magsac,False,,,aucune_plaque,False,True,False,True,116.32336500042584,False,True,0.0006659975042566657,0,0,0.0,,,False,,,,,,,,False,0.0,,False,True,False,False,130.9546910051722,253.69527387673324,315.859375,7.63622893020689,,,0,0
negatives/aucune_plaque/20260823T132011Z/frame_0019.jpg,20260823T132011Z,19,9.5,orb,A,magsac,magsac,False,,,aucune_plaque,False,True,False,True,117.4430449900683,False,True,0.0010930089047178626,0,0,0.0,,,False,,,,,,,,False,0.0,,False,True,False,False,135.32448199111968,256.8000304799281,315.859375,7.389645874023167,,,0,0
plate_bougie/frontal/20260823T135503Z/frame_0000.jpg,20260823T135503Z,0,0.0,orb,A,magsac,magsac,False,plate_bougie,,frontal,False,True,False,True,128.41361299797427,False,True,0.0027779897209256887,0,0,0.0,,,False,,,,,,,,False,0.0,,False,False,False,True,138.75544400070794,243.45372567744135,315.859375,7.206924436023555,,,1,1
plate_bougie/frontal/20260823T135503Z/frame_0001.jpg,20260823T135503Z,1,0.5,orb,A,magsac,magsac,False,plate_bougie,,frontal,True,False,False,True,110.11354900256265,False,True,0.0005740002961829305,0,0,0.0,,,False,,,,,,,,False,0.0,,False,False,False,True,120.64913799986243,286.84461218479083,315.859375,8.28849684778635,,,2,2
plate_bougie/frontal/20260823T135503Z/frame_0002.jpg,20260823T135503Z,2,1.0,orb,A,magsac,magsac,False,plate_bougie,plate_bougie,frontal,True,False,True,False,117.59017400618177,True,False,19.452502005151473,38,26,0.6842105263157895,0.6048092246055603,80895.55086535244,True,plate_bougie,,0.8125,,,plate_bougie,plate_bougie,False,0.27125,0.2,True,False,False,False,148.8303690130124,259.70589575451834,315.859375,6.719058795806446,1.0,,0,2
plate_bougie/frontal/20260823T135503Z/frame_0003.jpg,20260823T135503Z,3,1.5,orb,A,magsac,magsac,False,plate_bougie,,frontal,True,False,False,True,103.8593800039962,False,True,0.0017590064089745283,0,0,0.0,,,False,,,,,,,,False,0.0,,False,False,False,True,117.85465400316752,278.5137920740741,315.859375,8.485027667835022,,,1,2
plate_bougie/frontal/20260823T135503Z/frame_0004.jpg,20260823T135503Z,4,2.0,orb,A,magsac,magsac,False,plate_bougie,plate_bougie,frontal,False,True,True,False,137.69254299404565,True,False,26.03961300337687,29,16,0.5517241379310345,0.5024063587188721,252390.54028188286,True,plate_bougie,,0.7272727272727273,,,plate_bougie,plate_bougie,False,0.335,0.2,True,False,False,False,174.38446600863244,241.5514401260654,315.859375,5.734455728129463,,,0,2
plate_bougie/frontal/20260823T135503Z/frame_0005.jpg,20260823T135503Z,5,2.5,orb,A,magsac,magsac,False,plate_bougie,plate_bougie,frontal,False,True,True,False,125.68097999610472,True,False,36.06837199185975,35,16,0.45714285714285713,0.568342924118042,226653.0362243224,True,plate_bougie,,0.7272727272727273,,,plate_bougie,plate_bougie,False,0.3025,0.2,True,False,False,False,174.9369439930888,241.7406891575215,315.859375,5.716345428096119,,,0,2
plate_bougie/frontal/20260823T135503Z/frame_0006.jpg,20260823T135503Z,6,3.0,orb,A,magsac,magsac,False,plate_bougie,plate_bougie,frontal,True,False,True,False,103.97743499197531,True,False,21.364380008890294,41,30,0.7317073170731707,0.7114485502243042,80167.79242227349,True,plate_bougie,,0.8333333333333334,,,plate_bougie,plate_bougie,False,0.23625,0.2,True,False,False,False,135.52118399820756,278.15044916150214,315.859375,7.378920184265998,,,0,2
plate_bougie/frontal/20260823T135503Z/frame_0007.jpg,20260823T135503Z,7,3.5,orb,A,magsac,magsac,False,plate_bougie,plate_bougie,frontal,True,False,True,False,111.70211400894914,True,False,25.491671010968275,37,27,0.7297297297297297,0.8195541501045227,74831.23654772775,True,plate_bougie,,0.8181818181818182,,,plate_bougie,plate_bougie,False,0.25125,0.2,True,False,False,False,147.83354100654833,257.29387418458055,315.859375,6.764364792937651,,,0,2
plate_bougie/frontal/20260823T135503Z/frame_0008.jpg,20260823T135503Z,8,4.0,orb,A,magsac,magsac,False,plate_bougie,plate_bougie,frontal,True,False,True,False,110.13917799573392,True,False,26.590203007799573,46,30,0.6521739130434783,0.8534852266311646,118196.33190908236,True,plate_bougie,,0.8333333333333334,,,plate_bougie,plate_bougie,False,0.35,0.2,True,False,False,False,148.25840799312573,267.6595441510487,315.859375,6.744980021951719,,,0,2
plate_bougie/frontal/20260823T135503Z/frame_0009.jpg,20260823T135503Z,9,4.5,orb,A,magsac,magsac,False,plate_bougie,plate_bougie,frontal,True,False,True,False,108.21315199427772,True,False,28.098786002374254,53,41,0.7735849056603774,0.7491574883460999,117544.32915096851,True,plate_bougie,,0.8723404255319149,,,plate_bougie,plate_bougie,False,0.3375,0.2,True,False,False,False,150.49178499612026,264.7222358418224,315.859375,6.644880981548464,,,0,2
plate_bougie/frontal/20260823T135503Z/frame_0010.jpg,20260823T135503Z,10,5.0,orb,A,magsac,magsac,False,plate_bougie,,frontal,False,True,False,True,113.03594001219608,False,True,0.0005740002961829305,0,0,0.0,,,False,,,,,,,,False,0.0,,False,False,False,True,123.45973300398327,277.695605407586,315.859375,8.099806922211117,,,1,2
plate_bougie/frontal/20260823T135503Z/frame_0011.jpg,20260823T135503Z,11,5.5,orb,A,magsac,magsac,False,plate_bougie,,frontal,True,False,False,True,104.30835899023805,False,True,0.001148000592365861,0,0,0.0,,,False,,,,,,,,False,0.0,,False,False,False,True,120.43380498653278,267.5140605546961,315.859375,8.303316499149243,,,2,2
plate_bougie/frontal/20260823T135503Z/frame_0012.jpg,20260823T135503Z,12,6.0,orb,A,magsac,magsac,False,plate_bougie,plate_bougie,frontal,True,False,True,False,106.42412499873899,True,False,30.34942199883517,37,28,0.7567567567567568,0.7606767416000366,119002.80226591547,True,plate_bougie,,0.8235294117647058,,,plate_bougie,plate_bougie,False,0.37875,0.2,True,False,False,False,146.9045459962217,268.67585909162585,315.859375,6.807141284965541,,,0,2
plate_bougie/frontal/20260823T135503Z/frame_0013.jpg,20260823T135503Z,13,6.5,orb,A,magsac,magsac,False,plate_bougie,,frontal,True,False,False,True,99.46533100446686,False,True,0.0006669870344921947,0,0,0.0,,,False,,,,,,,,False,0.0,,False,False,False,True,110.08975199365523,289.80868811330345,315.859375,9.08349761799475,,,1,2
plate_bougie/frontal/20260823T135503Z/frame_0014.jpg,20260823T135503Z,14,7.0,orb,A,magsac,magsac,False,plate_bougie,plate_bougie,frontal,False,True,True,False,125.26853699819185,True,False,34.56713899504393,19,10,0.5263157894736842,0.35956844687461853,253978.57654748927,True,plate_bougie,,0.625,,,plate_bougie,plate_bougie,False,0.31875,0.2,True,False,False,False,171.25763099465985,239.9821488905304,315.859375,5.839155862381292,,,0,2
plate_bougie/frontal/20260823T135503Z/frame_0015.jpg,20260823T135503Z,15,7.5,orb,A,magsac,magsac,False,plate_bougie,plate_bougie,frontal,True,False,True,False,106.73041899281088,True,False,26.51066599355545,33,28,0.8484848484848485,0.9418438673019409,122151.20518004423,True,plate_bougie,,0.8235294117647058,,,plate_bougie,plate_bougie,False,0.34875,0.2,True,False,False,False,143.4462319884915,274.98633776009154,315.859375,6.971253173664602,,,0,2
plate_bougie/frontal/20260823T135503Z/frame_0016.jpg,20260823T135503Z,16,8.0,orb,A,magsac,magsac,False,plate_bougie,plate_bougie,frontal,True,False,True,False,116.95102899102494,True,False,31.43847201135941,33,26,0.7878787878787878,0.953502893447876,118754.58717356395,True,plate_bougie,,0.8125,,,plate_bougie,plate_bougie,False,0.32,0.2,True,False,False,False,159.96438000001945,244.371321290373,315.859375,6.2513917160800325,,,0,2
plate_bougie/frontal/20260823T135503Z/frame_0017.jpg,20260823T135503Z,17,8.5,orb,A,magsac,magsac,False,plate_bougie,,frontal,True,False,False,True,107.42774899699725,False,True,0.0026859925128519535,0,0,0.0,,,False,,,,,,,,False,0.0,,False,False,False,True,121.12889399577398,270.12646215643343,315.859375,8.255668544574416,,,1,2
plate_bougie/frontal/20260823T135503Z/frame_0018.jpg,20260823T135503Z,18,9.0,orb,A,magsac,magsac,False,plate_bougie,,frontal,True,False,False,True,110.86010000144597,False,True,0.000667001586407423,0,0,0.0,,,False,,,,,,,,False,0.0,,False,False,False,True,125.47164800344035,262.03532051399077,315.859375,7.969927994988802,,,2,2
plate_bougie/frontal/20260823T135503Z/frame_0019.jpg,20260823T135503Z,19,9.5,orb,A,magsac,magsac,False,plate_bougie,plate_bougie,frontal,True,False,True,False,104.03115701046772,True,False,31.74498799489811,34,30,0.8823529411764706,0.7567281723022461,117641.33973242299,True,plate_bougie,,0.8333333333333334,,,plate_bougie,plate_bougie,False,0.34375,0.2,True,False,False,False,145.90795899857767,267.89871826238806,315.859375,6.853635722570474,,,0,2
plate_bougie/main_sur_bord/20260823T135543Z/frame_0000.jpg,20260823T135543Z,0,0.0,orb,A,magsac,magsac,False,plate_bougie,,main_sur_bord,False,True,True,False,126.65653000294697,False,True,24.35521499137394,22,14,0.6363636363636364,0.4971333146095276,318702.61415957357,True,plate_bougie,,0.7,,,,plate_bougie,False,0.16625,0.2,False,False,False,True,162.02566400170326,263.156542901449,315.859375,6.171861761291641,,,1,1
plate_bougie/main_sur_bord/20260823T135543Z/frame_0001.jpg,20260823T135543Z,1,0.5,orb,A,magsac,magsac,False,plate_bougie,,main_sur_bord,False,True,True,False,127.89978200453334,False,True,19.09072599664796,14,6,0.42857142857142855,3.0517578125e-05,12920.600253534503,True,plate_bougie,,0.5,,,,plate_bougie,False,0.01875,0.2,False,False,False,True,159.0038110007299,252.13695475397233,315.859375,6.2891574340655865,,,2,2
plate_bougie/main_sur_bord/20260823T135543Z/frame_0002.jpg,20260823T135543Z,2,1.0,orb,A,magsac,magsac,False,plate_bougie,,main_sur_bord,False,True,False,True,120.41280600533355,False,True,0.001204010914079845,0,0,0.0,,,False,,,,,,,,False,0.0,,False,False,False,True,133.40526999672875,267.4063603399981,315.859375,7.495955744660771,,,3,3
plate_bougie/main_sur_bord/20260823T135543Z/frame_0003.jpg,20260823T135543Z,3,1.5,orb,A,magsac,magsac,False,plate_bougie,plate_bougie,main_sur_bord,False,True,True,False,127.26648899842985,True,False,25.84944700356573,14,10,0.7142857142857143,0.5435128808021545,101999.62093437903,True,plate_bougie,,0.625,,,plate_bougie,plate_bougie,False,0.24875,0.2,True,False,False,False,167.48872699099593,254.00310256276094,315.859375,5.970551081051319,1.5,,0,3
plate_bougie/main_sur_bord/20260823T135543Z/frame_0004.jpg,20260823T135543Z,4,2.0,orb,A,magsac,magsac,False,plate_bougie,,main_sur_bord,False,True,True,False,133.55930600664578,False,True,8.762025012401864,14,6,0.42857142857142855,0.0001796371361706406,705.3042413461953,True,plate_cellule,,0.5,,,,plate_cellule,False,0.005,0.2,False,False,False,True,152.71453199966345,245.10598572297204,315.859375,6.548165304937737,,,1,3
plate_bougie/main_sur_bord/20260823T135543Z/frame_0005.jpg,20260823T135543Z,5,2.5,orb,A,magsac,magsac,False,plate_bougie,,main_sur_bord,False,True,False,True,122.8161250037374,False,True,0.0005929905455559492,0,0,0.0,,,False,,,,,,,,False,0.0,,False,False,False,True,134.68637299956754,267.04522067808057,315.859375,7.424656093480302,,,2,3
plate_bougie/main_sur_bord/20260823T135543Z/frame_0006.jpg,20260823T135543Z,6,3.0,orb,A,magsac,magsac,False,plate_bougie,plate_bougie,main_sur_bord,False,True,True,False,125.55657299526501,True,False,25.206933001754805,21,14,0.6666666666666666,0.7077849507331848,155103.1251982181,True,plate_bougie,,0.7,,,plate_bougie,plate_bougie,False,0.2675,0.2,True,False,False,False,162.9057710088091,261.0637446214231,315.859375,6.138517953092805,,,0,3
plate_bougie/main_sur_bord/20260823T135543Z/frame_0007.jpg,20260823T135543Z,7,3.5,orb,A,magsac,magsac,False,plate_bougie,,main_sur_bord,False,True,False,True,118.8009440083988,False,True,0.0021849991753697395,0,0,0.0,,,False,,,,,,,,False,0.0,,False,False,False,True,129.2152930109296,267.465487208828,315.859375,7.739022036001695,,,1,3
plate_bougie/main_sur_bord/20260823T135543Z/frame_0008.jpg,20260823T135543Z,8,4.0,orb,A,magsac,magsac,False,plate_bougie,,main_sur_bord,False,True,False,True,122.31461000919808,False,True,0.001648004399612546,0,0,0.0,,,False,,,,,,,,False,0.0,,False,False,False,True,137.7528189914301,261.62174367002916,315.859375,7.259379570752829,,,2,3
plate_bougie/main_sur_bord/20260823T135543Z/frame_0009.jpg,20260823T135543Z,9,4.5,orb,A,magsac,magsac,False,plate_bougie,,main_sur_bord,False,True,False,True,121.53009499888867,False,True,0.0006479967851191759,0,0,0.0,,,False,,,,,,,,False,0.0,,False,False,False,True,136.26379100605845,253.48464360913408,315.859375,7.33870672918192,,,3,3
plate_bougie/main_sur_bord/20260823T135543Z/frame_0010.jpg,20260823T135543Z,10,5.0,orb,A,magsac,magsac,False,plate_bougie,,main_sur_bord,False,True,False,True,119.40445900836494,False,True,0.0008149945642799139,0,0,0.0,,,False,,,,,,,,False,0.0,,False,False,False,True,139.05008899746463,246.7249323416511,315.859375,7.191653074153973,,,4,4
plate_bougie/main_sur_bord/20260823T135543Z/frame_0011.jpg,20260823T135543Z,11,5.5,orb,A,magsac,magsac,False,plate_bougie,,main_sur_bord,False,True,False,True,137.04678698559292,False,True,0.0007589987944811583,0,0,0.0,,,False,,,,,,,,False,0.0,,False,False,False,True,149.77808500407264,243.64145795433254,315.859375,6.6765441684797135,,,5,5
plate_bougie/main_sur_bord/20260823T135543Z/frame_0012.jpg,20260823T135543Z,12,6.0,orb,A,magsac,magsac,False,plate_bougie,,main_sur_bord,False,True,True,False,127.58700600534212,False,True,35.727744005271234,19,14,0.7368421052631579,0.6003102660179138,317863.1454066822,True,plate_bougie,,0.7,,,,plate_bougie,False,0.1625,0.2,False,False,False,True,175.97114099771716,245.69169157436525,315.859375,5.682749991448728,,,6,6
plate_bougie/main_sur_bord/20260823T135543Z/frame_0013.jpg,20260823T135543Z,13,6.5,orb,A,magsac,magsac,False,plate_bougie,,main_sur_bord,False,True,False,True,117.4384519981686,False,True,0.001387990778312087,0,0,0.0,,,False,,,,,,,,False,0.0,,False,False,False,True,129.35862599988468,275.6989966794461,315.859375,7.730446982336466,,,7,7
plate_bougie/main_sur_bord/20260823T135543Z/frame_0014.jpg,20260823T135543Z,14,7.0,orb,A,magsac,magsac,False,plate_bougie,,main_sur_bord,False,True,False,True,135.08570499834605,False,True,0.0010559888323768973,0,0,0.0,,,False,,,,,,,,False,0.0,,False,False,False,True,149.48599500348791,243.83148400724522,315.859375,6.689589884167191,,,8,8
plate_bougie/main_sur_bord/20260823T135543Z/frame_0015.jpg,20260823T135543Z,15,7.5,orb,A,magsac,magsac,False,plate_bougie,,main_sur_bord,False,True,False,True,112.08874199655838,False,True,0.0006859918357804418,0,0,0.0,,,False,,,,,,,,False,0.0,,False,False,False,True,124.23193200083915,278.8751486193243,315.859375,8.049460262706413,,,9,9
plate_bougie/main_sur_bord/20260823T135543Z/frame_0016.jpg,20260823T135543Z,16,8.0,orb,A,magsac,magsac,False,plate_bougie,,main_sur_bord,False,True,False,True,130.03141900117043,False,True,0.0008329952834174037,0,0,0.0,,,False,,,,,,,,False,0.0,,False,False,False,True,142.74284699058626,245.0158844198089,315.859375,7.005604981845073,,,10,10
plate_bougie/main_sur_bord/20260823T135543Z/frame_0017.jpg,20260823T135543Z,17,8.5,orb,A,magsac,magsac,False,plate_bougie,,main_sur_bord,False,True,False,True,116.42260599182919,False,True,0.00100000761449337,0,0,0.0,,,False,,,,,,,,False,0.0,,False,False,False,True,127.71970900939777,274.5250069229336,315.859375,7.829645148396155,,,11,11
plate_bougie/main_sur_bord/20260823T135543Z/frame_0018.jpg,20260823T135543Z,18,9.0,orb,A,magsac,magsac,False,plate_bougie,,main_sur_bord,False,True,False,True,129.89465999999084,False,True,0.0005369947757571936,0,0,0.0,,,False,,,,,,,,False,0.0,,False,False,False,True,142.70943899464328,254.73643759025956,315.859375,7.007244980043232,,,12,12
plate_bougie/main_sur_bord/20260823T135543Z/frame_0019.jpg,20260823T135543Z,19,9.5,orb,A,magsac,magsac,False,plate_bougie,,main_sur_bord,False,True,False,True,118.07165200298186,False,True,0.0012229866115376353,0,0,0.0,,,False,,,,,,,,False,0.0,,False,False,False,True,129.97271498898044,256.713040139453,315.859375,7.693922528930658,,,13,13
plate_bougie/occlusion_angle/20260823T135620Z/frame_0000.jpg,20260823T135620Z,0,0.0,orb,A,magsac,magsac,False,plate_bougie,plate_bougie,occlusion_angle,False,True,True,False,123.76135999511462,True,False,27.00094200554304,41,23,0.5609756097560976,0.8296794295310974,169723.38488553953,True,plate_bougie,,0.7931034482758621,,,plate_bougie,plate_bougie,False,0.33625,0.2,True,False,False,False,167.41206000733655,249.51310137495108,315.859375,5.973285317414867,0.0,,0,0
plate_bougie/occlusion_angle/20260823T135620Z/frame_0001.jpg,20260823T135620Z,1,0.5,orb,A,magsac,magsac,False,plate_bougie,plate_bougie,occlusion_angle,False,True,True,False,129.24449698766693,True,False,23.144167003920302,26,14,0.5384615384615384,0.8033275604248047,158187.41920395047,True,plate_bougie,,0.7,,,plate_bougie,plate_bougie,False,0.3275,0.2,True,False,False,False,163.2209539966425,254.33757237354402,315.859375,6.126664349851615,,,0,0
plate_bougie/occlusion_angle/20260823T135620Z/frame_0002.jpg,20260823T135620Z,2,1.0,orb,A,magsac,magsac,False,plate_bougie,,occlusion_angle,False,True,True,False,126.32290199690033,False,True,22.16607899754308,18,10,0.5555555555555556,0.8712870478630066,89496.95132924803,True,plate_bougie,,0.625,,,,plate_bougie,False,0.12125,0.2,False,False,False,True,160.14474901021458,253.88863794345505,315.859375,6.244350852466705,,,1,1
plate_bougie/occlusion_angle/20260823T135620Z/frame_0003.jpg,20260823T135620Z,3,1.5,orb,A,magsac,magsac,False,plate_bougie,,occlusion_angle,False,True,False,True,123.58143599703908,False,True,0.0008329952834174037,0,0,0.0,,,False,,,,,,,,False,0.0,,False,False,False,True,138.36622299277224,260.18793836614594,315.859375,7.227197348967431,,,2,2
plate_bougie/occlusion_angle/20260823T135620Z/frame_0004.jpg,20260823T135620Z,4,2.0,orb,A,magsac,magsac,False,plate_bougie,plate_bougie,occlusion_angle,False,True,True,False,137.4596169916913,True,False,24.49397399323061,23,16,0.6956521739130435,0.6042337417602539,101756.77811223059,True,plate_bougie,,0.7272727272727273,,,plate_bougie,plate_bougie,False,0.265,0.2,True,False,False,False,176.88202499994077,238.35560962180384,315.859375,5.653485706081977,,,0,2
plate_bougie/occlusion_angle/20260823T135620Z/frame_0005.jpg,20260823T135620Z,5,2.5,orb,A,magsac,magsac,False,plate_bougie,,occlusion_angle,False,True,False,True,121.33133699535392,False,True,0.0004809990059584379,0,0,0.0,,,False,,,,,,,,False,0.0,,False,False,False,True,131.81405600334983,272.40016724079396,315.859375,7.586444346834959,,,1,2
plate_bougie/occlusion_angle/20260823T135620Z/frame_0006.jpg,20260823T135620Z,6,3.0,orb,A,magsac,magsac,False,plate_bougie,,occlusion_angle,False,True,False,True,121.61000199557748,False,True,0.0009999930625781417,0,0,0.0,,,False,,,,,,,,False,0.0,,False,False,False,True,133.34175098862033,272.0627120240543,315.859375,7.499526536780983,,,2,2
plate_bougie/occlusion_angle/20260823T135620Z/frame_0007.jpg,20260823T135620Z,7,3.5,orb,A,magsac,magsac,False,plate_bougie,,occlusion_angle,False,True,False,True,127.09606499993242,False,True,0.0011849915608763695,0,0,0.0,,,False,,,,,,,,False,0.0,,False,False,False,True,140.05001001351047,249.03404574291278,315.859375,7.140306522673801,,,3,3
plate_bougie/occlusion_angle/20260823T135620Z/frame_0008.jpg,20260823T135620Z,8,4.0,orb,A,magsac,magsac,False,plate_bougie,plate_bougie,occlusion_angle,False,True,True,False,132.74821700179018,True,False,26.346019003540277,37,30,0.8108108108108109,0.8293411731719971,105485.47123114135,True,plate_bougie,,0.8333333333333334,,,plate_bougie,plate_bougie,False,0.32625,0.2,True,False,False,False,174.02385598688852,249.1664637247609,315.859375,5.746338594378365,,,0,3
plate_bougie/occlusion_angle/20260823T135620Z/frame_0009.jpg,20260823T135620Z,9,4.5,orb,A,magsac,magsac,False,plate_bougie,,occlusion_angle,False,True,False,True,137.6272460038308,False,True,0.000500003807246685,0,0,0.0,,,False,,,,,,,,False,0.0,,False,False,False,True,147.94415001233574,243.48686444848545,315.859375,6.75930748134765,,,1,3
plate_bougie/occlusion_angle/20260823T135620Z/frame_0010.jpg,20260823T135620Z,10,5.0,orb,A,magsac,magsac,False,plate_bougie,plate_bougie,occlusion_angle,False,True,True,False,122.23053599882405,True,False,29.174335999414325,50,32,0.64,0.7409074306488037,328519.2966293365,True,plate_bougie,,0.8421052631578947,,,plate_bougie,plate_bougie,False,0.2875,0.2,True,False,False,False,162.16384900326375,263.3958756068988,315.859375,6.16660252051537,,,0,3
plate_bougie/occlusion_angle/20260823T135620Z/frame_0011.jpg,20260823T135620Z,11,5.5,orb,A,magsac,magsac,False,plate_bougie,plate_bougie,occlusion_angle,False,True,True,False,130.65439600904938,True,False,30.98206699360162,60,40,0.6666666666666666,0.7746244668960571,325378.9090356524,True,plate_bougie,,0.8695652173913043,,,plate_bougie,plate_bougie,False,0.30125,0.2,True,False,False,False,179.850250002346,241.87905382079276,315.859375,5.560181317440236,,,0,3
plate_bougie/occlusion_angle/20260823T135620Z/frame_0012.jpg,20260823T135620Z,12,6.0,orb,A,magsac,magsac,False,plate_bougie,plate_bougie,occlusion_angle,False,True,True,False,131.2242639978649,True,False,24.53058399260044,40,36,0.9,0.7084126472473145,155932.60478132017,True,plate_bougie,,0.8571428571428571,,,plate_bougie,plate_bougie,False,0.37875,0.2,True,False,False,False,166.6242679930292,254.8608819801475,315.859375,6.0015267406416175,,,0,3
plate_bougie/occlusion_angle/20260823T135620Z/frame_0013.jpg,20260823T135620Z,13,6.5,orb,A,magsac,magsac,False,plate_bougie,plate_bougie,occlusion_angle,False,True,True,False,130.16165800218005,True,False,35.882021009456366,39,26,0.6666666666666666,0.6317821145057678,323699.8342057332,True,plate_bougie,plate_bois,0.8125,0.5,0.3125,plate_bougie,plate_bougie,False,0.28875,0.2,True,False,False,False,178.36362800153438,243.65088491935074,315.859375,5.606524217994699,,,0,3
plate_bougie/occlusion_angle/20260823T135620Z/frame_0014.jpg,20260823T135620Z,14,7.0,orb,A,magsac,magsac,False,plate_bougie,plate_bougie,occlusion_angle,False,True,True,False,120.55561899614986,True,False,26.889070999459364,31,29,0.9354838709677419,0.7085674405097961,152984.13500002905,True,plate_bougie,,0.8285714285714286,,,plate_bougie,plate_bougie,False,0.385,0.2,True,False,False,False,158.4544619981898,269.2407298728347,315.859375,6.310961442104572,,,0,3
plate_bougie/occlusion_angle/20260823T135620Z/frame_0015.jpg,20260823T135620Z,15,7.5,orb,A,magsac,magsac,False,plate_bougie,plate_bougie,occlusion_angle,False,True,True,False,136.3602719939081,True,False,34.68669400899671,47,38,0.8085106382978723,0.9398753046989441,156091.4633915985,True,plate_bougie,,0.8636363636363636,,,plate_bougie,plate_bougie,False,0.38875,0.2,True,False,False,False,182.67786399519537,238.5348019021423,315.859375,5.474116995512391,,,0,3
plate_bougie/occlusion_angle/20260823T135620Z/frame_0016.jpg,20260823T135620Z,16,8.0,orb,A,magsac,magsac,False,plate_bougie,plate_bougie,occlusion_angle,False,True,True,False,133.29580699792132,True,False,25.610671000322327,47,34,0.723404255319149,0.8879927396774292,158501.596677386,True,plate_bougie,,0.85,,,plate_bougie,plate_bougie,False,0.4,0.2,True,False,False,False,169.73758400126826,249.26986588711992,315.859375,5.8914471175254155,,,0,3
plate_bougie/occlusion_angle/20260823T135620Z/frame_0017.jpg,20260823T135620Z,17,8.5,orb,A,magsac,magsac,False,plate_bougie,plate_bougie,occlusion_angle,False,True,True,False,131.55809500312898,True,False,27.317179992678575,46,36,0.782608695652174,0.7939072847366333,107826.06488758698,True,plate_bougie,,0.8571428571428571,,,plate_bougie,plate_bougie,False,0.3125,0.2,True,False,False,False,172.46595800679643,246.2209226143421,315.859375,5.798245703425094,,,0,3
plate_bougie/occlusion_angle/20260823T135620Z/frame_0018.jpg,20260823T135620Z,18,9.0,orb,A,magsac,magsac,False,plate_bougie,plate_bougie,occlusion_angle,False,True,True,False,128.6227029922884,True,False,23.842328999307938,33,23,0.696969696969697,0.6467638611793518,160755.3951876266,True,plate_bougie,,0.7931034482758621,,,plate_bougie,plate_bougie,False,0.3925,0.2,True,False,False,False,165.78969798865728,253.61331862054018,315.859375,6.03173787112162,,,0,3
plate_bougie/occlusion_angle/20260823T135620Z/frame_0019.jpg,20260823T135620Z,19,9.5,orb,A,magsac,magsac,False,plate_bougie,plate_bougie,occlusion_angle,False,True,True,False,136.52580699999817,True,False,27.25269900111016,35,24,0.6857142857142857,0.8583988547325134,98737.56973175472,True,plate_bougie,,0.8,,,plate_bougie,plate_bougie,False,0.25125,0.2,True,False,False,False,175.70845800219104,242.74774865686007,315.859375,5.691245665519017,,,0,3
plate_cellule/frontal/20260823T132156Z/frame_0000.jpg,20260823T132156Z,0,0.0,orb,A,magsac,magsac,False,plate_cellule,,frontal,True,False,False,True,103.28634599864017,False,True,0.0007410126272588968,0,0,0.0,,,False,,,,,,,,False,0.0,,False,False,False,True,115.5138519970933,284.74781276299495,315.859375,8.656970421392954,,,1,1
plate_cellule/frontal/20260823T132156Z/frame_0001.jpg,20260823T132156Z,1,0.5,orb,A,magsac,magsac,False,plate_cellule,plate_cellule,frontal,True,False,True,False,118.32807598693762,True,False,26.808553011505865,33,29,0.8787878787878788,0.7471323013305664,77983.51104854106,True,plate_cellule,,0.8285714285714286,,,plate_cellule,plate_cellule,False,0.28875,0.2,True,False,False,False,160.40250699734315,249.65922945745012,315.859375,6.234316524844363,0.5,,0,1
plate_cellule/frontal/20260823T132156Z/frame_0002.jpg,20260823T132156Z,2,1.0,orb,A,magsac,magsac,False,plate_cellule,plate_cellule,frontal,False,True,True,False,121.95796400192194,True,False,32.3405230010394,28,25,0.8928571428571429,0.841256320476532,77332.67042180733,True,plate_cellule,,0.8064516129032258,,,plate_cellule,plate_cellule,False,0.34375,0.2,True,False,False,False,170.72378200828098,243.089003838887,315.859375,5.8574147563781995,,,0,1
plate_cellule/frontal/20260823T132156Z/frame_0003.jpg,20260823T132156Z,3,1.5,orb,A,magsac,magsac,False,plate_cellule,,frontal,True,False,False,True,98.51648399489932,False,True,0.000667001586407423,0,0,0.0,,,False,,,,,,,,False,0.0,,False,False,False,True,109.54590399342123,298.2391035082606,315.859375,9.12859325219549,,,1,1
plate_cellule/frontal/20260823T132156Z/frame_0004.jpg,20260823T132156Z,4,2.0,orb,A,magsac,magsac,False,plate_cellule,plate_cellule,frontal,True,False,True,False,113.83691600349266,True,False,26.4066300005652,39,33,0.8461538461538461,0.818541944026947,77355.89201456826,True,plate_cellule,,0.8461538461538461,,,plate_cellule,plate_cellule,False,0.32125,0.2,True,False,False,False,156.83080500457436,252.8070859474525,315.859375,6.3762983297243965,,,0,1
plate_cellule/frontal/20260823T132156Z/frame_0005.jpg,20260823T132156Z,5,2.5,orb,A,magsac,magsac,False,plate_cellule,plate_cellule,frontal,True,False,True,False,111.51579901343212,True,False,27.946677000727504,37,31,0.8378378378378378,0.8469350337982178,251627.87919558608,True,plate_cellule,plate_bougie,0.8378378378378378,0.5714285714285714,0.26640926640926643,plate_cellule,plate_cellule,False,0.26,0.2,True,False,False,False,152.73065998917446,268.9141034479317,315.859375,6.547473834467028,,,0,1
plate_cellule/frontal/20260823T132156Z/frame_0006.jpg,20260823T132156Z,6,3.0,orb,A,magsac,magsac,False,plate_cellule,plate_cellule,frontal,True,False,True,False,114.06411799544003,True,False,33.32290500111412,56,50,0.8928571428571429,0.70421302318573,125246.23061044546,True,plate_cellule,,0.8928571428571429,,,plate_cellule,plate_cellule,False,0.4125,0.2,True,False,False,False,159.41732699866407,250.83316320022675,315.859375,6.272843854723396,,,0,1
plate_cellule/frontal/20260823T132156Z/frame_0007.jpg,20260823T132156Z,7,3.5,orb,A,magsac,magsac,False,plate_cellule,,frontal,True,False,False,True,99.49268201307859,False,True,0.0007040071068331599,0,0,0.0,,,False,,,,,,,,False,0.0,,False,False,False,True,109.8080499941716,292.1547300193662,315.859375,9.106800458191163,,,1,1
plate_cellule/frontal/20260823T132156Z/frame_0008.jpg,20260823T132156Z,8,4.0,orb,A,magsac,magsac,False,plate_cellule,plate_cellule,frontal,True,False,True,False,113.54958500305656,True,False,28.318284996203147,52,45,0.8653846153846154,0.633939802646637,82702.50207238097,True,plate_cellule,,0.8823529411764706,,,plate_cellule,plate_cellule,False,0.38625,0.2,True,False,False,False,156.5922689915169,260.3518140618347,315.859375,6.386011304646037,,,0,1
plate_cellule/frontal/20260823T132156Z/frame_0009.jpg,20260823T132156Z,9,4.5,orb,A,magsac,magsac,False,plate_cellule,plate_cellule,frontal,True,False,True,False,112.92308798874728,True,False,29.55311199184507,38,34,0.8947368421052632,0.7611003518104553,79518.67450154026,True,plate_cellule,,0.85,,,plate_cellule,plate_cellule,False,0.355,0.2,True,False,False,False,155.51170099934097,255.4251432190854,315.859375,6.430384296318885,,,0,1
plate_cellule/frontal/20260823T132156Z/frame_0010.jpg,20260823T132156Z,10,5.0,orb,A,magsac,magsac,False,plate_cellule,plate_cellule,frontal,True,False,True,False,111.80348299967591,True,False,29.827666003257036,45,43,0.9555555555555556,0.7547255158424377,120717.6771088324,True,plate_cellule,,0.8775510204081632,,,plate_cellule,plate_cellule,False,0.3975,0.2,True,False,False,False,153.72037699853536,254.4053830961687,315.859375,6.505318419883448,,,0,1
plate_cellule/frontal/20260823T132156Z/frame_0011.jpg,20260823T132156Z,11,5.5,orb,A,magsac,magsac,False,plate_cellule,,frontal,True,False,False,True,113.77417598851025,False,True,0.000610991264693439,0,0,0.0,,,False,,,,,,,,False,0.0,,False,False,False,True,123.9914339967072,261.3426537260656,315.859375,8.065073269711169,,,1,1
plate_cellule/frontal/20260823T132156Z/frame_0012.jpg,20260823T132156Z,12,6.0,orb,A,magsac,magsac,False,plate_cellule,,frontal,True,False,False,True,108.33811399061233,False,True,0.0007959897629916668,0,0,0.0,,,False,,,,,,,,False,0.0,,False,False,False,True,121.53235499863513,267.61801250675643,315.859375,8.228261519421972,,,2,2
plate_cellule/frontal/20260823T132156Z/frame_0013.jpg,20260823T132156Z,13,6.5,orb,A,magsac,magsac,False,plate_cellule,,frontal,True,False,True,False,109.384534007404,False,True,19.553204998373985,10,7,0.7,0.014055815525352955,621.8420300968573,True,plate_bougie,,0.5384615384615384,,,,plate_bougie,False,0.01375,0.2,False,False,False,True,141.1321890045656,269.34684686829536,315.859375,7.085555797392544,,,3,3
plate_cellule/frontal/20260823T132156Z/frame_0014.jpg,20260823T132156Z,14,7.0,orb,A,magsac,magsac,False,plate_cellule,,frontal,True,False,False,True,114.05926699808333,False,True,0.0008520000847056508,0,0,0.0,,,False,,,,,,,,False,0.0,,False,False,False,True,126.41693800105713,263.6744816562592,315.859375,7.91033239542345,,,4,4
plate_cellule/frontal/20260823T132156Z/frame_0015.jpg,20260823T132156Z,15,7.5,orb,A,magsac,magsac,False,plate_cellule,,frontal,True,False,False,True,104.67698700085748,False,True,0.0010189978638663888,0,0,0.0,,,False,,,,,,,,False,0.0,,False,False,False,True,119.40957000479102,275.9164102063049,315.859375,8.374538154352933,,,5,5
plate_cellule/frontal/20260823T132156Z/frame_0016.jpg,20260823T132156Z,16,8.0,orb,A,magsac,magsac,False,plate_cellule,,frontal,True,False,False,True,103.95502700703219,False,True,0.000776999513618648,0,0,0.0,,,False,,,,,,,,False,0.0,,False,False,False,True,114.4894680037396,276.47800493724077,315.859375,8.734427868660694,,,6,6
plate_cellule/frontal/20260823T132156Z/frame_0017.jpg,20260823T132156Z,17,8.5,orb,A,magsac,magsac,False,plate_cellule,plate_cellule,frontal,True,False,True,False,116.02147801022511,True,False,26.429129007738084,45,40,0.8888888888888888,0.6002565622329712,123040.96875352511,True,plate_cellule,,0.8695652173913043,,,plate_cellule,plate_cellule,False,0.3825,0.2,True,False,False,False,158.2207780011231,255.57921349440434,315.859375,6.320282409386849,,,0,6
plate_cellule/frontal/20260823T132156Z/frame_0018.jpg,20260823T132156Z,18,9.0,orb,A,magsac,magsac,False,plate_cellule,,frontal,True,False,False,True,112.17148099967744,False,True,0.0005740002961829305,0,0,0.0,,,False,,,,,,,,False,0.0,,False,False,False,True,128.35600099060684,251.46022742140607,315.859375,7.790831689070623,,,1,6
plate_cellule/frontal/20260823T132156Z/frame_0019.jpg,20260823T132156Z,19,9.5,orb,A,magsac,magsac,False,plate_cellule,plate_cellule,frontal,True,False,True,False,96.99410400935449,True,False,28.502118002506904,44,40,0.9090909090909091,0.6674843430519104,121155.5597980885,True,plate_cellule,,0.8695652173913043,,,plate_cellule,plate_cellule,False,0.37625,0.2,True,False,False,False,136.93191700440366,285.48944070316907,315.859375,7.3028992938720085,,,0,6
plate_cellule/main_sur_bord/20260823T132507Z/frame_0000.jpg,20260823T132507Z,0,0.0,orb,A,magsac,magsac,False,plate_cellule,,main_sur_bord,False,True,True,False,131.30439299857244,False,True,24.88874999107793,31,24,0.7741935483870968,0.9632257223129272,357976.5454459401,True,plate_cellule,,0.8,,,,plate_cellule,False,0.1925,0.2,False,False,False,True,167.18817201035563,252.19705732166474,315.859375,5.981284369435297,,,1,1
plate_cellule/main_sur_bord/20260823T132507Z/frame_0001.jpg,20260823T132507Z,1,0.5,orb,A,magsac,magsac,False,plate_cellule,plate_cellule,main_sur_bord,False,True,True,False,123.01408698840532,True,False,34.12973500962835,33,27,0.8181818181818182,1.151459813117981,368677.37005232845,True,plate_cellule,,0.8181818181818182,,,plate_cellule,plate_cellule,False,0.2075,0.2,True,False,False,False,172.1465150039876,245.4448973249428,315.859375,5.809005195236372,0.5,,0,1
plate_cellule/main_sur_bord/20260823T132507Z/frame_0002.jpg,20260823T132507Z,2,1.0,orb,A,magsac,magsac,False,plate_cellule,,main_sur_bord,False,True,False,True,116.42853201192338,False,True,0.001925989636220038,0,0,0.0,,,False,,,,,,,,False,0.0,,False,False,False,True,127.1877490071347,272.5707363376277,315.859375,7.862392469450058,,,1,1
plate_cellule/main_sur_bord/20260823T132507Z/frame_0003.jpg,20260823T132507Z,3,1.5,orb,A,magsac,magsac,False,plate_cellule,,main_sur_bord,False,True,False,True,124.64618901140057,False,True,0.0005740002961829305,0,0,0.0,,,False,,,,,,,,False,0.0,,False,False,False,True,136.76339799712878,249.475334041618,315.859375,7.31189788090081,,,2,2
plate_cellule/main_sur_bord/20260823T132507Z/frame_0004.jpg,20260823T132507Z,4,2.0,orb,A,magsac,magsac,False,plate_cellule,plate_cellule,main_sur_bord,False,True,True,False,125.4848319949815,True,False,28.11758300231304,27,23,0.8518518518518519,1.2254090309143066,180359.4198763147,True,plate_cellule,,0.7931034482758621,,,plate_cellule,plate_cellule,False,0.32625,0.2,True,False,False,False,169.95080500782933,248.82530269892786,315.859375,5.884055682783802,,,0,2
plate_cellule/main_sur_bord/20260823T132507Z/frame_0005.jpg,20260823T132507Z,5,2.5,orb,A,magsac,magsac,False,plate_cellule,plate_cellule,main_sur_bord,False,True,True,False,121.88931500713807,True,False,26.332314999308437,23,19,0.8260869565217391,0.911492109298706,368829.85136830236,True,plate_cellule,,0.76,,,plate_cellule,plate_cellule,False,0.205,0.2,True,False,False,False,159.14555099152494,265.33481795069866,315.859375,6.2835561143223755,,,0,2
plate_cellule/main_sur_bord/20260823T132507Z/frame_0006.jpg,20260823T132507Z,6,3.0,orb,A,magsac,magsac,False,plate_cellule,plate_cellule,main_sur_bord,False,True,True,False,128.6044629960088,True,False,26.217241989797913,41,32,0.7804878048780488,0.8929471969604492,363152.0155994785,True,plate_cellule,,0.8421052631578947,,,plate_cellule,plate_cellule,False,0.2175,0.2,True,False,False,False,165.77043900906574,250.45172256393252,315.859375,6.0324386300582304,,,0,2
plate_cellule/main_sur_bord/20260823T132507Z/frame_0007.jpg,20260823T132507Z,7,3.5,orb,A,magsac,magsac,False,plate_cellule,plate_cellule,main_sur_bord,False,True,True,False,124.65357700421009,True,False,27.753361995564774,25,21,0.84,0.7699630856513977,358840.70304485294,True,plate_cellule,,0.7777777777777778,,,plate_cellule,plate_cellule,False,0.2275,0.2,True,False,False,False,165.6604210002115,259.5605542976667,315.859375,6.0364448790017455,,,0,2
plate_cellule/main_sur_bord/20260823T132507Z/frame_0008.jpg,20260823T132507Z,8,4.0,orb,A,magsac,magsac,False,plate_cellule,plate_cellule,main_sur_bord,False,True,True,False,121.72463101160247,True,False,26.43827800056897,37,31,0.8378378378378378,0.919879674911499,362286.48526978225,True,plate_cellule,,0.8378378378378378,,,plate_cellule,plate_cellule,False,0.2075,0.2,True,False,False,False,161.11955800442956,263.038104901174,315.859375,6.206571147448826,,,0,2
plate_cellule/main_sur_bord/20260823T132507Z/frame_0009.jpg,20260823T132507Z,9,4.5,orb,A,magsac,magsac,False,plate_cellule,plate_cellule,main_sur_bord,False,True,True,False,139.25547699909657,True,False,29.941739994683303,26,25,0.9615384615384616,0.7209143042564392,356648.90637665754,True,plate_cellule,,0.8064516129032258,,,plate_cellule,plate_cellule,False,0.2175,0.2,True,False,False,False,181.59201700473204,235.47281596021713,315.859375,5.5068500063741315,,,0,2
plate_cellule/main_sur_bord/20260823T132507Z/frame_0010.jpg,20260823T132507Z,10,5.0,orb,A,magsac,magsac,False,plate_cellule,plate_cellule,main_sur_bord,False,True,True,False,115.21331600670237,True,False,29.25676199083682,11,9,0.8181818181818182,0.35039159655570984,184346.8641405693,True,plate_cellule,,0.6,,,plate_cellule,plate_cellule,False,0.325,0.2,True,False,False,False,155.19616501114797,267.4985022794728,315.859375,6.443458186793266,,,0,2
plate_cellule/main_sur_bord/20260823T132507Z/frame_0011.jpg,20260823T132507Z,11,5.5,orb,A,magsac,magsac,False,plate_cellule,,main_sur_bord,False,True,False,True,124.30993099405896,False,True,0.0009820068953558803,0,0,0.0,,,False,,,,,,,,False,0.0,,False,False,False,True,138.67957198817749,252.51111752050645,315.859375,7.210867366141357,,,1,2
plate_cellule/main_sur_bord/20260823T132507Z/frame_0012.jpg,20260823T132507Z,12,6.0,orb,A,magsac,magsac,False,plate_cellule,,main_sur_bord,False,True,True,False,124.14363599964418,False,True,19.56027900450863,11,6,0.5454545454545454,0.22811836004257202,641.2002580051776,True,plate_ready_check,,0.5,,,,plate_ready_check,False,0.00625,0.2,False,False,False,True,154.89579699351452,258.39094395618264,315.859375,6.455953094982106,,,2,2
plate_cellule/main_sur_bord/20260823T132507Z/frame_0013.jpg,20260823T132507Z,13,6.5,orb,A,magsac,magsac,False,plate_cellule,plate_cellule,main_sur_bord,False,True,True,False,125.55451699881814,True,False,24.50721499917563,11,8,0.7272727272727273,0.36733686923980713,96064.82378760539,True,plate_cellule,,0.5714285714285714,,,plate_cellule,plate_cellule,False,0.215,0.2,True,False,False,False,160.9815219999291,261.81605488870326,315.859375,6.211893064350829,,,0,2
plate_cellule/main_sur_bord/20260823T132507Z/frame_0014.jpg,20260823T132507Z,14,7.0,orb,A,magsac,magsac,False,plate_cellule,plate_cellule,main_sur_bord,False,True,True,False,132.5471260061022,True,False,29.63137099868618,16,14,0.875,0.8972432613372803,140160.19858454168,True,plate_cellule,,0.7,,,plate_cellule,plate_cellule,False,0.30875,0.2,True,False,False,False,175.43325500446372,241.10813425267565,315.859375,5.700173550188965,,,0,2
plate_cellule/main_sur_bord/20260823T132507Z/frame_0015.jpg,20260823T132507Z,15,7.5,orb,A,magsac,magsac,False,plate_cellule,plate_cellule,main_sur_bord,False,True,True,False,126.17236499499995,True,False,26.077297996380366,38,36,0.9473684210526315,0.7315664291381836,292395.01907816506,True,plate_cellule,,0.8571428571428571,,,plate_cellule,plate_cellule,False,0.21375,0.2,True,False,False,False,163.57345100550447,255.34949983169844,315.859375,6.1134615296852095,,,0,2
plate_cellule/main_sur_bord/20260823T132507Z/frame_0016.jpg,20260823T132507Z,16,8.0,orb,A,magsac,magsac,False,plate_cellule,plate_cellule,main_sur_bord,False,True,True,False,127.14050800423138,True,False,31.980338011635467,28,26,0.9285714285714286,0.7888444662094116,139712.68568604346,True,plate_cellule,,0.8125,,,plate_cellule,plate_cellule,False,0.36875,0.2,True,False,False,False,171.5563320030924,247.27562314188125,315.859375,5.828989162475066,,,0,2
plate_cellule/main_sur_bord/20260823T132507Z/frame_0017.jpg,20260823T132507Z,17,8.5,orb,A,magsac,magsac,False,plate_cellule,plate_cellule,main_sur_bord,False,True,True,False,136.06397599505726,True,False,25.256191001972184,28,23,0.8214285714285714,0.9003776907920837,150259.45716054738,True,plate_cellule,plate_bois,0.7931034482758621,0.5,0.2931034482758621,plate_cellule,plate_cellule,False,0.3625,0.2,True,False,False,False,173.61035800422542,254.82485381962644,315.859375,5.760024986387399,,,0,2
plate_cellule/main_sur_bord/20260823T132507Z/frame_0018.jpg,20260823T132507Z,18,9.0,orb,A,magsac,magsac,False,plate_cellule,plate_cellule,main_sur_bord,False,True,True,False,130.88011600484606,True,False,31.859042996075004,26,25,0.9615384615384616,0.7089446783065796,317363.3132255544,True,plate_cellule,,0.8064516129032258,,,plate_cellule,plate_cellule,False,0.23875,0.2,True,False,False,False,175.00940499303397,240.9819855205982,315.859375,5.7139786289759895,,,0,2
plate_cellule/main_sur_bord/20260823T132507Z/frame_0019.jpg,20260823T132507Z,19,9.5,orb,A,magsac,magsac,False,plate_cellule,plate_cellule,main_sur_bord,False,True,True,False,121.12674600211903,True,False,30.680919997394085,43,41,0.9534883720930233,0.634694516658783,307986.3651589232,True,plate_cellule,,0.8723404255319149,,,plate_cellule,plate_cellule,False,0.245,0.2,True,False,False,False,162.97291799855884,263.451923959411,315.859375,6.135988802807366,,,0,2
plate_cellule/occlusion_angle/20260823T132607Z/frame_0000.jpg,20260823T132607Z,0,0.0,orb,A,magsac,magsac,False,plate_cellule,plate_cellule,occlusion_angle,False,True,True,False,128.1082250061445,True,False,32.27241100103129,29,27,0.9310344827586207,0.7216303944587708,263453.19793125987,True,plate_cellule,,0.8181818181818182,,,plate_cellule,plate_cellule,False,0.22125,0.2,True,False,False,False,175.32851500436664,245.57972215145475,315.859375,5.703578793073645,0.0,,0,0
plate_cellule/occlusion_angle/20260823T132607Z/frame_0001.jpg,20260823T132607Z,1,0.5,orb,A,magsac,magsac,False,plate_cellule,plate_cellule,occlusion_angle,False,True,True,False,135.19874098710716,True,False,26.182982997852378,35,30,0.8571428571428571,0.7370864748954773,126615.67942703096,True,plate_cellule,,0.8333333333333334,,,plate_cellule,plate_cellule,False,0.3525,0.2,True,False,False,False,173.73728299571667,243.2623192400341,315.859375,5.755816959706076,,,0,0
plate_cellule/occlusion_angle/20260823T132607Z/frame_0002.jpg,20260823T132607Z,2,1.0,orb,A,magsac,magsac,False,plate_cellule,plate_cellule,occlusion_angle,False,True,True,False,133.8884139986476,True,False,26.86123800231144,20,15,0.75,0.6815333962440491,129373.0274520411,True,plate_cellule,,0.7142857142857143,,,plate_cellule,plate_cellule,False,0.32,0.2,True,False,False,False,175.916585008963,245.35983061404417,315.859375,5.684512349697157,,,0,0
plate_cellule/occlusion_angle/20260823T132607Z/frame_0003.jpg,20260823T132607Z,3,1.5,orb,A,magsac,magsac,False,plate_cellule,plate_cellule,occlusion_angle,False,True,True,False,120.11047299893107,True,False,25.882243004161865,27,20,0.7407407407407407,0.8606305122375488,136286.9577123359,True,plate_cellule,,0.7692307692307693,,,plate_cellule,plate_cellule,False,0.3575,0.2,True,False,False,False,157.2240609966684,271.4531976177896,315.859375,6.360349641529677,,,0,0
plate_cellule/occlusion_angle/20260823T132607Z/frame_0004.jpg,20260823T132607Z,4,2.0,orb,A,magsac,magsac,False,plate_cellule,plate_cellule,occlusion_angle,False,True,True,False,134.24381900404114,True,False,32.868944996153004,26,23,0.8846153846153846,0.827508807182312,138820.37668620516,True,plate_cellule,,0.7931034482758621,,,plate_cellule,plate_cellule,False,0.36875,0.2,True,False,False,False,179.19167900981847,239.94978359259736,315.859375,5.58061627373449,,,0,0
plate_cellule/occlusion_angle/20260823T132607Z/frame_0005.jpg,20260823T132607Z,5,2.5,orb,A,magsac,magsac,False,plate_cellule,plate_cellule,occlusion_angle,False,True,True,False,137.8633370040916,True,False,32.046061009168625,33,28,0.8484848484848485,0.6320366859436035,134810.00607383362,True,plate_cellule,,0.8235294117647058,,,plate_cellule,plate_cellule,False,0.37,0.2,True,False,False,False,180.94250198919326,233.154328232513,315.859375,5.526617511123643,,,0,0
plate_cellule/occlusion_angle/20260823T132607Z/frame_0006.jpg,20260823T132607Z,6,3.0,orb,A,magsac,magsac,False,plate_cellule,plate_cellule,occlusion_angle,False,True,True,False,123.42547300795559,True,False,29.649702992173843,26,22,0.8461538461538461,0.8635318279266357,134032.0132920992,True,plate_cellule,,0.7857142857142857,,,plate_cellule,plate_cellule,False,0.35625,0.2,True,False,False,False,165.2695710072294,259.13852767323243,315.859375,6.050720613029588,,,0,0
plate_cellule/occlusion_angle/20260823T132607Z/frame_0007.jpg,20260823T132607Z,7,3.5,orb,A,magsac,magsac,False,plate_cellule,plate_cellule,occlusion_angle,False,True,True,False,128.64622099732514,True,False,27.257754001766443,31,24,0.7741935483870968,0.7837512493133545,134753.0626553516,True,plate_cellule,,0.8,,,plate_cellule,plate_cellule,False,0.33875,0.2,True,False,False,False,170.4629869927885,249.0056806396097,315.859375,5.866376142067165,,,0,0
plate_cellule/occlusion_angle/20260823T132607Z/frame_0008.jpg,20260823T132607Z,8,4.0,orb,A,magsac,magsac,False,plate_cellule,plate_cellule,occlusion_angle,False,True,True,False,132.0014800003264,True,False,25.912892000633292,34,31,0.9117647058823529,0.9551701545715332,281843.95727318426,True,plate_cellule,,0.8378378378378378,,,plate_cellule,plate_cellule,False,0.2425,0.2,True,False,False,False,174.88322099961806,237.67997559977823,315.859375,5.718101452409686,,,0,0
plate_cellule/occlusion_angle/20260823T132607Z/frame_0009.jpg,20260823T132607Z,9,4.5,orb,A,magsac,magsac,False,plate_cellule,plate_cellule,occlusion_angle,False,True,True,False,124.2151729966281,True,False,29.55261200258974,33,31,0.9393939393939394,0.45301738381385803,134807.0030633382,True,plate_cellule,,0.8378378378378378,,,plate_cellule,plate_cellule,False,0.37625,0.2,True,False,False,False,164.40874300315045,259.6910220229679,315.859375,6.082401590898591,,,0,0
plate_cellule/occlusion_angle/20260823T132607Z/frame_0010.jpg,20260823T132607Z,10,5.0,orb,A,magsac,magsac,False,plate_cellule,plate_cellule,occlusion_angle,False,True,True,False,124.01087699981872,True,False,30.221496999729425,27,22,0.8148148148148148,0.8479446172714233,134676.37192178657,True,plate_cellule,,0.7857142857142857,,,plate_cellule,plate_cellule,False,0.36875,0.2,True,False,False,False,168.56788599397987,250.64427634519242,315.859375,5.932328059424755,,,0,0
plate_cellule/occlusion_angle/20260823T132607Z/frame_0011.jpg,20260823T132607Z,11,5.5,orb,A,magsac,magsac,False,plate_cellule,plate_cellule,occlusion_angle,False,True,True,False,131.59333499788772,True,False,25.23430300061591,27,24,0.8888888888888888,1.1929410696029663,283816.60668709845,True,plate_cellule,,0.8,,,plate_cellule,plate_cellule,False,0.2275,0.2,True,False,False,False,167.92633500881493,247.00629235922355,315.859375,5.954992109769484,,,0,0
plate_cellule/occlusion_angle/20260823T132607Z/frame_0012.jpg,20260823T132607Z,12,6.0,orb,A,magsac,magsac,False,plate_cellule,plate_cellule,occlusion_angle,False,True,True,False,125.91221899492666,True,False,35.63161499914713,19,18,0.9473684210526315,0.7741010189056396,279426.6661920016,True,plate_cellule,,0.75,,,plate_cellule,plate_cellule,False,0.22625,0.2,True,False,False,False,176.70447001000866,240.15979899996873,315.859375,5.659166403336369,,,0,0
plate_cellule/occlusion_angle/20260823T132607Z/frame_0013.jpg,20260823T132607Z,13,6.5,orb,A,magsac,magsac,False,plate_cellule,plate_cellule,occlusion_angle,False,True,True,False,117.94557800749317,True,False,27.561270995647646,34,25,0.7352941176470589,0.6825211644172668,133851.89495758194,True,plate_cellule,,0.8064516129032258,,,plate_cellule,plate_cellule,False,0.35125,0.2,True,False,False,False,157.811724988278,267.82911094305206,315.859375,6.3366647825076265,,,0,0
plate_cellule/occlusion_angle/20260823T132607Z/frame_0014.jpg,20260823T132607Z,14,7.0,orb,A,magsac,magsac,False,plate_cellule,plate_cellule,occlusion_angle,False,True,True,False,131.7750560119748,True,False,31.177195996860974,34,34,1.0,0.7380979657173157,133116.51234417415,True,plate_cellule,,0.85,,,plate_cellule,plate_cellule,False,0.34125,0.2,True,False,False,False,175.77453100238927,238.50267590490546,315.859375,5.6891063471897825,,,0,0
plate_cellule/occlusion_angle/20260823T132607Z/frame_0015.jpg,20260823T132607Z,15,7.5,orb,A,magsac,magsac,False,plate_cellule,plate_cellule,occlusion_angle,False,True,True,False,113.67571300070267,True,False,30.58023500489071,22,21,0.9545454545454546,0.8410593271255493,280416.5484818975,True,plate_cellule,,0.7777777777777778,,,plate_cellule,plate_cellule,False,0.20875,0.2,True,False,False,False,155.41864499391522,265.430940422976,315.859375,6.434234451337231,,,0,0
plate_cellule/occlusion_angle/20260823T132607Z/frame_0016.jpg,20260823T132607Z,16,8.0,orb,A,magsac,magsac,False,plate_cellule,plate_cellule,occlusion_angle,False,True,True,False,125.24562899488956,True,False,25.512487001833506,17,14,0.8235294117647058,0.667044997215271,286436.0402885062,True,plate_cellule,,0.7,,,plate_cellule,plate_cellule,False,0.2275,0.2,True,False,False,False,162.68828899774235,264.20534855213856,315.859375,6.146723935451046,,,0,0
plate_cellule/occlusion_angle/20260823T132607Z/frame_0017.jpg,20260823T132607Z,17,8.5,orb,A,magsac,magsac,False,plate_cellule,plate_cellule,occlusion_angle,False,True,True,False,129.65347499994095,True,False,31.459083009394817,31,27,0.8709677419354839,0.6528639197349548,138245.25633823837,True,plate_cellule,,0.8181818181818182,,,plate_cellule,plate_cellule,False,0.3825,0.2,True,False,False,False,173.6471350013744,246.80143786801142,315.859375,5.758805061725234,,,0,0
plate_cellule/occlusion_angle/20260823T132607Z/frame_0018.jpg,20260823T132607Z,18,9.0,orb,A,magsac,magsac,False,plate_cellule,plate_cellule,occlusion_angle,False,True,True,False,130.97833799838554,True,False,26.77896099339705,27,21,0.7777777777777778,0.542859673500061,136991.83764563082,True,plate_cellule,,0.7777777777777778,,,plate_cellule,plate_cellule,False,0.3675,0.2,True,False,False,False,169.2650860059075,251.81973498369584,315.859375,5.907892900991402,,,0,0
plate_cellule/occlusion_angle/20260823T132607Z/frame_0019.jpg,20260823T132607Z,19,9.5,orb,A,magsac,magsac,False,plate_cellule,plate_cellule,occlusion_angle,False,True,True,False,122.4619600106962,True,False,28.505340000265278,19,14,0.7368421052631579,0.7695690393447876,134873.09673932104,True,plate_cellule,,0.7,,,plate_cellule,plate_cellule,False,0.32375,0.2,True,False,False,False,165.58492099284194,255.5629609644779,315.859375,6.039197253010912,,,0,0
plate_chaudron/frontal/20260823T135713Z/frame_0000.jpg,20260823T135713Z,0,0.0,orb,A,magsac,magsac,False,plate_chaudron,plate_chaudron,frontal,True,False,True,False,119.76986400259193,True,False,28.597321012057364,49,40,0.8163265306122449,0.775705099105835,94103.45344589872,True,plate_chaudron,,0.8695652173913043,,,plate_chaudron,plate_chaudron,False,0.45,0.2,True,False,False,False,159.06173599069007,257.16015197013576,315.859375,6.286867132259454,0.0,,0,0
plate_chaudron/frontal/20260823T135713Z/frame_0001.jpg,20260823T135713Z,1,0.5,orb,A,magsac,magsac,False,plate_chaudron,plate_chaudron,frontal,True,False,True,False,122.08218399609905,True,False,26.8766270019114,52,46,0.8846153846153846,0.8189294338226318,93864.39018228787,True,plate_chaudron,,0.8846153846153846,,,plate_chaudron,plate_chaudron,False,0.39125,0.2,True,False,False,False,159.4102520029992,259.25624845773524,315.859375,6.273122258041382,,,0,0
plate_chaudron/frontal/20260823T135713Z/frame_0002.jpg,20260823T135713Z,2,1.0,orb,A,magsac,magsac,False,plate_chaudron,,frontal,True,False,False,True,115.47261000669096,False,True,0.0005549954948946834,0,0,0.0,,,False,,,,,,,,False,0.0,,False,False,False,True,127.50574700476136,267.3908455179468,315.859375,7.842783744976277,,,1,1
plate_chaudron/frontal/20260823T135713Z/frame_0003.jpg,20260823T135713Z,3,1.5,orb,A,magsac,magsac,False,plate_chaudron,,frontal,True,False,False,True,127.66794899653178,False,True,0.0005370093276724219,0,0,0.0,,,False,,,,,,,,False,0.0,,False,False,False,True,139.14179199491628,239.63820734189233,315.859375,7.18691333252727,,,2,2
plate_chaudron/frontal/20260823T135713Z/frame_0004.jpg,20260823T135713Z,4,2.0,orb,A,magsac,magsac,False,plate_chaudron,plate_chaudron,frontal,True,False,True,False,115.02492699946743,True,False,30.56636500696186,55,46,0.8363636363636363,0.8591121435165405,93160.99926427487,True,plate_chaudron,,0.8846153846153846,,,plate_chaudron,plate_chaudron,False,0.4225,0.2,True,False,False,False,156.98482099105604,258.1544498643517,315.859375,6.370042617413141,,,0,2
plate_chaudron/frontal/20260823T135713Z/frame_0005.jpg,20260823T135713Z,5,2.5,orb,A,magsac,magsac,False,plate_chaudron,plate_chaudron,frontal,False,True,True,False,125.94034799258225,True,False,25.504671997623518,33,26,0.7878787878787878,0.5011243224143982,95021.89855027059,True,plate_chaudron,,0.8125,,,plate_chaudron,plate_chaudron,False,0.39125,0.2,True,False,False,False,164.1668919910444,255.00613486843363,315.859375,6.091362197772202,,,0,2
plate_chaudron/frontal/20260823T135713Z/frame_0006.jpg,20260823T135713Z,6,3.0,orb,A,magsac,magsac,False,plate_chaudron,plate_chaudron,frontal,True,False,True,False,116.32843800180126,True,False,28.339526004856452,48,38,0.7916666666666666,0.6025587320327759,93767.77850438372,True,plate_chaudron,,0.8636363636363636,,,plate_chaudron,plate_chaudron,False,0.41625,0.2,True,False,False,False,156.60413799923845,257.7456139773047,315.859375,6.3855273096606355,,,0,2
plate_chaudron/frontal/20260823T135713Z/frame_0007.jpg,20260823T135713Z,7,3.5,orb,A,magsac,magsac,False,plate_chaudron,plate_chaudron,frontal,True,False,True,False,115.6525730038993,True,False,30.664346006233245,55,50,0.9090909090909091,0.8633044362068176,92033.27994670393,True,plate_chaudron,,0.8928571428571429,,,plate_chaudron,plate_chaudron,False,0.43,0.2,True,False,False,False,160.1549330080161,249.86943173331707,315.859375,6.243953784114461,,,0,2
plate_chaudron/frontal/20260823T135713Z/frame_0008.jpg,20260823T135713Z,8,4.0,orb,A,magsac,magsac,False,plate_chaudron,plate_chaudron,frontal,True,False,True,False,118.37403799290769,True,False,29.146890999982134,53,49,0.9245283018867925,0.7007960081100464,92900.04735410018,True,plate_chaudron,,0.8909090909090909,,,plate_chaudron,plate_chaudron,False,0.4175,0.2,True,False,False,False,158.08325899706688,254.3311755784725,315.859375,6.32578051809113,,,0,2
plate_chaudron/frontal/20260823T135713Z/frame_0009.jpg,20260823T135713Z,9,4.5,orb,A,magsac,magsac,False,plate_chaudron,plate_chaudron,frontal,True,False,True,False,121.25728100363631,True,False,26.59805399889592,52,46,0.8846153846153846,0.7789823412895203,94493.80396215054,True,plate_chaudron,,0.8846153846153846,,,plate_chaudron,plate_chaudron,False,0.43625,0.2,True,False,False,False,158.0246859957697,255.77847249183782,315.859375,6.328125214732399,,,0,2
plate_chaudron/frontal/20260823T135713Z/frame_0010.jpg,20260823T135713Z,10,5.0,orb,A,magsac,magsac,False,plate_chaudron,plate_chaudron,frontal,True,False,True,False,119.3874400050845,True,False,29.422556995996274,52,47,0.9038461538461539,0.7663972973823547,92465.73342653958,True,plate_chaudron,,0.8867924528301887,,,plate_chaudron,plate_chaudron,False,0.43375,0.2,True,False,False,False,162.14225500880275,249.38492435426468,315.859375,6.167423784415171,,,0,2
plate_chaudron/frontal/20260823T135713Z/frame_0011.jpg,20260823T135713Z,11,5.5,orb,A,magsac,magsac,False,plate_chaudron,plate_chaudron,frontal,True,False,True,False,115.24787099915557,True,False,34.08260400465224,52,46,0.8846153846153846,0.8306602239608765,93898.54119046494,True,plate_chaudron,,0.8846153846153846,,,plate_chaudron,plate_chaudron,False,0.4275,0.2,True,False,False,False,159.52795500925276,251.19117710545638,315.859375,6.268493819418667,,,0,2
plate_chaudron/frontal/20260823T135713Z/frame_0012.jpg,20260823T135713Z,12,6.0,orb,A,magsac,magsac,False,plate_chaudron,plate_chaudron,frontal,True,False,True,False,106.97013899334706,True,False,34.63999000086915,45,43,0.9555555555555556,0.6903297901153564,92808.84643149353,True,plate_chaudron,,0.8775510204081632,,,plate_chaudron,plate_chaudron,False,0.4075,0.2,True,False,False,False,151.49138899869286,263.8059064884875,315.859375,6.601035257579086,,,0,2
plate_chaudron/frontal/20260823T135713Z/frame_0013.jpg,20260823T135713Z,13,6.5,orb,A,magsac,magsac,False,plate_chaudron,plate_chaudron,frontal,False,True,True,False,125.02089000190608,True,False,25.532097002724186,22,20,0.9090909090909091,0.8414431214332581,295148.2547427098,True,plate_chaudron,,0.7692307692307693,,,plate_chaudron,plate_chaudron,False,0.26625,0.2,True,False,False,False,162.43295700405724,262.2351638832564,315.859375,6.156386108116114,,,0,2
plate_chaudron/frontal/20260823T135713Z/frame_0014.jpg,20260823T135713Z,14,7.0,orb,A,magsac,magsac,False,plate_chaudron,plate_chaudron,frontal,True,False,True,False,116.85025099723134,True,False,27.828065998619422,53,40,0.7547169811320755,0.6379680037498474,92183.82296674963,True,plate_chaudron,,0.8695652173913043,,,plate_chaudron,plate_chaudron,False,0.435,0.2,True,False,False,False,157.12398799951188,252.67644683333384,315.859375,6.364400577734232,,,0,2
plate_chaudron/frontal/20260823T135713Z/frame_0015.jpg,20260823T135713Z,15,7.5,orb,A,magsac,magsac,False,plate_chaudron,plate_chaudron,frontal,True,False,True,False,107.41695199976675,True,False,44.88919199502561,44,40,0.9090909090909091,0.8220741748809814,91247.88049579799,True,plate_chaudron,,0.8695652173913043,,,plate_chaudron,plate_chaudron,False,0.39125,0.2,True,False,False,False,168.05426000792067,242.43446311970155,315.859375,5.950459095490161,,,0,2
plate_chaudron/frontal/20260823T135713Z/frame_0016.jpg,20260823T135713Z,16,8.0,orb,A,magsac,magsac,False,plate_chaudron,plate_chaudron,frontal,True,False,True,False,102.91914400295354,True,False,32.48824299953412,44,37,0.8409090909090909,0.8048268556594849,92187.36136867876,True,plate_chaudron,,0.8604651162790697,,,plate_chaudron,plate_chaudron,False,0.41625,0.2,True,False,False,False,145.25051700184122,276.6256845715117,315.859375,6.884657078276175,,,0,2
plate_chaudron/frontal/20260823T135713Z/frame_0017.jpg,20260823T135713Z,17,8.5,orb,A,magsac,magsac,False,plate_chaudron,plate_chaudron,frontal,True,False,True,False,114.48078199464362,True,False,27.923898000153713,35,32,0.9142857142857143,0.8623751401901245,92148.84704830479,True,plate_chaudron,,0.8421052631578947,,,plate_chaudron,plate_chaudron,False,0.40125,0.2,True,False,False,False,152.83086299314164,261.9028304629545,315.859375,6.543181006868197,,,0,2
plate_chaudron/frontal/20260823T135713Z/frame_0018.jpg,20260823T135713Z,18,9.0,orb,A,magsac,magsac,False,plate_chaudron,,frontal,True,False,False,True,104.30072799499612,False,True,0.0008520000847056508,0,0,0.0,,,False,,,,,,,,False,0.0,,False,False,False,True,114.18774699268397,290.7503920024517,315.859375,8.75750705602476,,,1,2
plate_chaudron/frontal/20260823T135713Z/frame_0019.jpg,20260823T135713Z,19,9.5,orb,A,magsac,magsac,False,plate_chaudron,plate_chaudron,frontal,True,False,True,False,118.22459399991203,True,False,35.96203899360262,59,43,0.7288135593220338,0.7935612201690674,92776.00714521503,True,plate_chaudron,,0.8775510204081632,,,plate_chaudron,plate_chaudron,False,0.40625,0.2,True,False,False,False,165.765993995592,248.13102861793516,315.859375,6.032600389839859,,,0,2
plate_chaudron/main_sur_bord/20260823T135744Z/frame_0000.jpg,20260823T135744Z,0,0.0,orb,A,magsac,magsac,False,plate_chaudron,,main_sur_bord,False,True,False,True,134.80289099970832,False,True,0.0008520000847056508,0,0,0.0,,,False,,,,,,,,False,0.0,,False,False,False,True,146.28845600236673,242.77405319955503,315.859375,6.8358093818682555,,,1,1
plate_chaudron/main_sur_bord/20260823T135744Z/frame_0001.jpg,20260823T135744Z,1,0.5,orb,A,magsac,magsac,False,plate_chaudron,plate_chaudron,main_sur_bord,False,True,True,False,128.41192600899376,True,False,27.028218988562003,27,26,0.9629629629629629,0.8041015267372131,177763.97882182148,True,plate_chaudron,,0.8125,,,plate_chaudron,plate_chaudron,False,0.4525,0.2,True,False,False,False,167.15672699501738,250.29174327664205,315.859375,5.982409550468215,0.5,,0,1
plate_chaudron/main_sur_bord/20260823T135744Z/frame_0002.jpg,20260823T135744Z,2,1.0,orb,A,magsac,magsac,False,plate_chaudron,,main_sur_bord,False,True,False,True,134.5624280074844,False,True,0.00048200308810919523,0,0,0.0,,,False,,,,,,,,False,0.0,,False,False,False,True,148.58022100816015,246.30083500811702,315.859375,6.730370928342334,,,1,1
plate_chaudron/main_sur_bord/20260823T135744Z/frame_0003.jpg,20260823T135744Z,3,1.5,orb,A,magsac,magsac,False,plate_chaudron,plate_chaudron,main_sur_bord,False,True,True,False,125.73118199361488,True,False,36.90416300378274,31,27,0.8709677419354839,1.1562705039978027,118955.8448724054,True,plate_chaudron,,0.8181818181818182,,,plate_chaudron,plate_chaudron,False,0.36625,0.2,True,False,False,False,175.7759750034893,242.40145787360373,315.859375,5.689059611133713,,,0,1
plate_chaudron/main_sur_bord/20260823T135744Z/frame_0004.jpg,20260823T135744Z,4,2.0,orb,A,magsac,magsac,False,plate_chaudron,plate_chaudron,main_sur_bord,False,True,True,False,119.36507000064012,True,False,26.562907005427405,37,32,0.8648648648648649,0.8079987168312073,119856.19438469317,True,plate_chaudron,,0.8421052631578947,,,plate_chaudron,plate_chaudron,False,0.425,0.2,True,False,False,False,157.95685299963225,267.1402455713536,315.859375,6.330842765032348,,,0,1
plate_chaudron/main_sur_bord/20260823T135744Z/frame_0005.jpg,20260823T135744Z,5,2.5,orb,A,magsac,magsac,False,plate_chaudron,plate_chaudron,main_sur_bord,False,True,True,False,131.55861200357322,True,False,31.31332399789244,37,31,0.8378378378378378,1.2115179300308228,120822.56300916796,True,plate_chaudron,,0.8378378378378378,,,plate_chaudron,plate_chaudron,False,0.35625,0.2,True,False,False,False,175.3632179897977,243.65524589361232,315.859375,5.702450100215303,,,0,1
plate_chaudron/main_sur_bord/20260823T135744Z/frame_0006.jpg,20260823T135744Z,6,3.0,orb,A,magsac,magsac,False,plate_chaudron,,main_sur_bord,False,True,False,True,129.39701399591286,False,True,0.0013880053302273154,0,0,0.0,,,False,,,,,,,,False,0.0,,False,False,False,True,141.08526300697122,254.23182149242538,315.859375,7.087912505437146,,,1,1
plate_chaudron/main_sur_bord/20260823T135744Z/frame_0007.jpg,20260823T135744Z,7,3.5,orb,A,magsac,magsac,False,plate_chaudron,plate_chaudron,main_sur_bord,False,True,True,False,115.61964699649252,True,False,31.186195003101602,13,12,0.9230769230769231,0.8186033964157104,187650.58214302867,True,plate_chaudron,,0.6666666666666666,,,plate_chaudron,plate_chaudron,False,0.38375,0.2,True,False,False,False,162.04386699246243,260.01925887118074,315.859375,6.171168453086322,,,0,1
plate_chaudron/main_sur_bord/20260823T135744Z/frame_0008.jpg,20260823T135744Z,8,4.0,orb,A,magsac,magsac,False,plate_chaudron,plate_chaudron,main_sur_bord,False,True,True,False,130.8981159963878,True,False,25.519855989841744,30,24,0.8,0.7444165349006653,185216.40444188748,True,plate_chaudron,,0.8,,,plate_chaudron,plate_chaudron,False,0.43125,0.2,True,False,False,False,166.99889399751555,251.7667787705557,315.859375,5.988063609660056,,,0,1
plate_chaudron/main_sur_bord/20260823T135744Z/frame_0009.jpg,20260823T135744Z,9,4.5,orb,A,magsac,magsac,False,plate_chaudron,plate_chaudron,main_sur_bord,False,True,True,False,127.08987800579052,True,False,33.58003399625886,31,27,0.8709677419354839,0.9961036443710327,120101.98285392614,True,plate_chaudron,,0.8181818181818182,,,plate_chaudron,plate_chaudron,False,0.34375,0.2,True,False,False,False,174.84875800437294,243.5303846935764,315.859375,5.719228500181798,,,0,1
plate_chaudron/main_sur_bord/20260823T135744Z/frame_0010.jpg,20260823T135744Z,10,5.0,orb,A,magsac,magsac,False,plate_chaudron,plate_chaudron,main_sur_bord,False,True,True,False,127.4475620011799,True,False,25.91131700319238,28,26,0.9285714285714286,0.5958142280578613,182739.89666989667,True,plate_chaudron,,0.8125,,,plate_chaudron,plate_chaudron,False,0.435,0.2,True,False,False,False,164.3500760110328,262.69869322787247,315.859375,6.084572786768107,,,0,1
plate_chaudron/main_sur_bord/20260823T135744Z/frame_0011.jpg,20260823T135744Z,11,5.5,orb,A,magsac,magsac,False,plate_chaudron,plate_chaudron,main_sur_bord,False,True,True,False,130.439082000521,True,False,33.689291987684555,33,28,0.8484848484848485,0.9020547866821289,373681.52731863095,True,plate_chaudron,,0.8235294117647058,,,plate_chaudron,plate_chaudron,False,0.27625,0.2,True,False,False,False,179.66536000312772,238.08655045833302,315.859375,5.56590318791887,,,0,1
plate_chaudron/main_sur_bord/20260823T135744Z/frame_0012.jpg,20260823T135744Z,12,6.0,orb,A,magsac,magsac,False,plate_chaudron,plate_chaudron,main_sur_bord,False,True,True,False,135.1563889911631,True,False,26.769182994030416,39,31,0.7948717948717948,0.9055512547492981,118944.21574540669,True,plate_chaudron,,0.8378378378378378,,,plate_chaudron,plate_chaudron,False,0.37125,0.2,True,False,False,False,172.92467600782402,245.03330107775963,315.859375,5.782864673141009,,,0,1
plate_chaudron/main_sur_bord/20260823T135744Z/frame_0013.jpg,20260823T135744Z,13,6.5,orb,A,magsac,magsac,False,plate_chaudron,,main_sur_bord,False,True,False,True,114.85698400065303,False,True,0.0007780035957694054,0,0,0.0,,,False,,,,,,,,False,0.0,,False,False,False,True,127.22013599704951,267.9432798341739,315.859375,7.860390905596831,,,1,1
plate_chaudron/main_sur_bord/20260823T135744Z/frame_0014.jpg,20260823T135744Z,14,7.0,orb,A,magsac,magsac,False,plate_chaudron,plate_chaudron,main_sur_bord,False,True,True,False,130.94467100745533,True,False,38.029119998100214,35,28,0.8,0.7583019733428955,191081.1721301556,True,plate_chaudron,plate_dague,0.8235294117647058,0.5,0.32352941176470584,plate_chaudron,plate_chaudron,False,0.41375,0.2,True,False,False,False,181.5297749999445,239.7677102834197,315.859375,5.508738167059954,,,0,1
plate_chaudron/main_sur_bord/20260823T135744Z/frame_0015.jpg,20260823T135744Z,15,7.5,orb,A,magsac,magsac,False,plate_chaudron,plate_chaudron,main_sur_bord,False,True,True,False,132.9426229931414,True,False,25.487634004093707,20,17,0.85,0.6919392347335815,125955.312347094,True,plate_chaudron,,0.7391304347826086,,,plate_chaudron,plate_chaudron,False,0.33,0.2,True,False,False,False,170.91261298628524,251.6633082161823,315.859375,5.850943254142655,,,0,1
plate_chaudron/main_sur_bord/20260823T135744Z/frame_0016.jpg,20260823T135744Z,16,8.0,orb,A,magsac,magsac,False,plate_chaudron,,main_sur_bord,False,True,False,True,112.64181099249981,False,True,0.0006290065357461572,0,0,0.0,,,False,,,,,,,,False,0.0,,False,False,False,True,130.44585900206584,260.30236191294426,315.859375,7.666015676160048,,,1,1
plate_chaudron/main_sur_bord/20260823T135744Z/frame_0017.jpg,20260823T135744Z,17,8.5,orb,A,magsac,magsac,False,plate_chaudron,,main_sur_bord,False,True,True,False,133.274416992208,False,True,18.201286991825327,12,6,0.5,0.0010474908631294966,776.3943487294018,True,plate_bougie,,0.5,,,,plate_bougie,False,0.03875,0.2,False,False,False,True,161.80297899700236,249.8470599898467,315.859375,6.180355925452562,,,2,2
plate_chaudron/main_sur_bord/20260823T135744Z/frame_0018.jpg,20260823T135744Z,18,9.0,orb,A,magsac,magsac,False,plate_chaudron,,main_sur_bord,False,True,False,True,124.46754099801183,False,True,0.0005180045263841748,0,0,0.0,,,False,,,,,,,,False,0.0,,False,False,False,True,138.99258899618872,254.828420391331,315.859375,7.194628197244536,,,3,3
plate_chaudron/main_sur_bord/20260823T135744Z/frame_0019.jpg,20260823T135744Z,19,9.5,orb,A,magsac,magsac,False,plate_chaudron,,main_sur_bord,False,True,False,True,114.16584000107832,False,True,0.0010549993021413684,0,0,0.0,,,False,,,,,,,,False,0.0,,False,False,False,True,128.7581280048471,262.00730798702926,315.859375,7.766499991071282,,,4,4
plate_chaudron/occlusion_angle/20260823T135821Z/frame_0000.jpg,20260823T135821Z,0,0.0,orb,A,magsac,magsac,False,plate_chaudron,plate_chaudron,occlusion_angle,False,True,True,False,129.86469599127304,True,False,27.383198001189157,23,15,0.6521739130434783,0.5698530077934265,339482.80105806794,True,plate_chaudron,,0.7142857142857143,,,plate_chaudron,plate_chaudron,False,0.245,0.2,True,False,False,False,168.17211000306997,256.246231311562,315.859375,5.946289191363212,0.0,,0,0
plate_chaudron/occlusion_angle/20260823T135821Z/frame_0001.jpg,20260823T135821Z,1,0.5,orb,A,magsac,magsac,False,plate_chaudron,plate_chaudron,occlusion_angle,False,True,True,False,128.22968600085005,True,False,31.443785992451012,33,26,0.7878787878787878,0.8719669580459595,327522.69943849754,True,plate_chaudron,,0.8125,,,plate_chaudron,plate_chaudron,False,0.2875,0.2,True,False,False,False,172.1945499884896,250.2217602292228,315.859375,5.8073847288827976,,,0,0
plate_chaudron/occlusion_angle/20260823T135821Z/frame_0002.jpg,20260823T135821Z,2,1.0,orb,A,magsac,magsac,False,plate_chaudron,plate_chaudron,occlusion_angle,False,True,True,False,118.37753799045458,True,False,27.272865001577884,16,15,0.9375,1.1313343048095703,331341.25007977145,True,plate_chaudron,,0.7142857142857143,,,plate_chaudron,plate_chaudron,False,0.2575,0.2,True,False,False,False,157.7795210032491,264.63084521051536,315.859375,6.337958143372785,,,0,0
plate_chaudron/occlusion_angle/20260823T135821Z/frame_0003.jpg,20260823T135821Z,3,1.5,orb,A,magsac,magsac,False,plate_chaudron,plate_chaudron,occlusion_angle,False,True,True,False,135.33692400960717,True,False,36.80462700140197,15,12,0.8,0.5399008989334106,328038.34580639936,True,plate_chaudron,,0.6666666666666666,,,plate_chaudron,plate_chaudron,False,0.24875,0.2,True,False,False,False,182.969007990323,231.4585899828459,315.859375,5.465406469563899,,,0,0
plate_chaudron/occlusion_angle/20260823T135821Z/frame_0004.jpg,20260823T135821Z,4,2.0,orb,A,magsac,magsac,False,plate_chaudron,plate_chaudron,occlusion_angle,False,True,True,False,121.28215200209524,True,False,30.337570002302527,31,24,0.7741935483870968,0.8434284925460815,328286.35251839645,True,plate_chaudron,,0.8,,,plate_chaudron,plate_chaudron,False,0.30125,0.2,True,False,False,False,163.88067099615,256.19763419803564,315.859375,6.102000888338398,,,0,0
plate_chaudron/occlusion_angle/20260823T135821Z/frame_0005.jpg,20260823T135821Z,5,2.5,orb,A,magsac,magsac,False,plate_chaudron,plate_chaudron,occlusion_angle,False,True,True,False,130.94187498791143,True,False,34.66684200975578,21,13,0.6190476190476191,0.6171079874038696,317872.04681628314,True,plate_chaudron,,0.6842105263157895,,,plate_chaudron,plate_chaudron,False,0.275,0.2,True,False,False,False,181.58694199519232,240.43596097981467,315.859375,5.507003912354424,,,0,0
plate_chaudron/occlusion_angle/20260823T135821Z/frame_0006.jpg,20260823T135821Z,6,3.0,orb,A,magsac,magsac,False,plate_chaudron,plate_chaudron,occlusion_angle,False,True,True,False,136.23519700195175,True,False,25.52657799969893,54,29,0.5370370370370371,0.8522540926933289,323131.26779484283,True,plate_chaudron,,0.8285714285714286,,,plate_chaudron,plate_chaudron,False,0.31,0.2,True,False,False,False,173.93380000430625,245.5885664485169,315.859375,5.749313819253314,,,0,0
plate_chaudron/occlusion_angle/20260823T135821Z/frame_0007.jpg,20260823T135821Z,7,3.5,orb,A,magsac,magsac,False,plate_chaudron,plate_chaudron,occlusion_angle,False,True,True,False,125.90768099471461,True,False,33.80486599053256,25,19,0.76,0.6123229265213013,322240.74924031715,True,plate_chaudron,,0.76,,,plate_chaudron,plate_chaudron,False,0.2675,0.2,True,False,False,False,176.24465699191205,236.57011458743006,315.859375,5.6739308701193165,,,0,0
plate_chaudron/occlusion_angle/20260823T135821Z/frame_0008.jpg,20260823T135821Z,8,4.0,orb,A,magsac,magsac,False,plate_chaudron,plate_chaudron,occlusion_angle,False,True,True,False,131.8398139992496,True,False,29.2537430068478,18,13,0.7222222222222222,0.499004065990448,338063.7673460465,True,plate_chaudron,plate_bois,0.6842105263157895,0.5384615384615384,0.14574898785425106,plate_chaudron,plate_chaudron,False,0.25375,0.2,True,False,False,False,171.89014400355518,260.018241645528,315.859375,5.8176692200532285,,,0,0
plate_chaudron/occlusion_angle/20260823T135821Z/frame_0009.jpg,20260823T135821Z,9,4.5,orb,A,magsac,magsac,False,plate_chaudron,plate_chaudron,occlusion_angle,False,True,True,False,121.61794600251596,True,False,32.151356994290836,28,17,0.6071428571428571,0.8584704995155334,327886.2924671875,True,plate_chaudron,,0.7391304347826086,,,plate_chaudron,plate_chaudron,False,0.265,0.2,True,False,False,False,166.33743498823605,253.66151523848583,315.859375,6.011875799760429,,,0,0
plate_chaudron/occlusion_angle/20260823T135821Z/frame_0010.jpg,20260823T135821Z,10,5.0,orb,A,magsac,magsac,False,plate_chaudron,,occlusion_angle,False,True,False,True,131.87188800657168,False,True,0.0010739895515143871,0,0,0.0,,,False,,,,,,,,False,0.0,,False,False,False,True,142.70575300906785,249.47853712482936,315.859375,7.007425972073163,,,1,1
plate_chaudron/occlusion_angle/20260823T135821Z/frame_0011.jpg,20260823T135821Z,11,5.5,orb,A,magsac,magsac,False,plate_chaudron,plate_chaudron,occlusion_angle,False,True,True,False,122.42414501088206,True,False,26.22472299844958,30,21,0.7,0.8270202279090881,323159.24301297555,True,plate_chaudron,,0.7777777777777778,,,plate_chaudron,plate_chaudron,False,0.27125,0.2,True,False,False,False,159.98917500837706,269.70683108866615,315.859375,6.250422879845713,,,0,1
plate_chaudron/occlusion_angle/20260823T135821Z/frame_0012.jpg,20260823T135821Z,12,6.0,orb,A,magsac,magsac,False,plate_chaudron,,occlusion_angle,False,True,False,True,132.70730900694616,False,True,0.000667001586407423,0,0,0.0,,,False,,,,,,,,False,0.0,,False,False,False,True,144.8379999928875,243.46498710097723,315.859375,6.904265455537267,,,1,1
plate_chaudron/occlusion_angle/20260823T135821Z/frame_0013.jpg,20260823T135821Z,13,6.5,orb,A,magsac,magsac,False,plate_chaudron,plate_chaudron,occlusion_angle,False,True,True,False,122.88327199348714,True,False,27.789269006461836,30,26,0.8666666666666667,0.6687057018280029,328840.1914186895,True,plate_chaudron,,0.8125,,,plate_chaudron,plate_chaudron,False,0.26125,0.2,True,False,False,False,162.10564400535077,259.304131314595,315.859375,6.168816675914085,,,0,1
plate_chaudron/occlusion_angle/20260823T135821Z/frame_0014.jpg,20260823T135821Z,14,7.0,orb,A,magsac,magsac,False,plate_chaudron,plate_chaudron,occlusion_angle,False,True,True,False,121.8197220005095,True,False,34.47787999175489,23,20,0.8695652173913043,1.164683222770691,333453.4773541789,True,plate_chaudron,,0.7692307692307693,,,plate_chaudron,plate_chaudron,False,0.27625,0.2,True,False,False,False,170.9518159914296,248.16774044755783,315.859375,5.849601504380236,,,0,1
plate_chaudron/occlusion_angle/20260823T135821Z/frame_0015.jpg,20260823T135821Z,15,7.5,orb,A,magsac,magsac,False,plate_chaudron,plate_chaudron,occlusion_angle,False,True,True,False,131.35501999931876,True,False,25.749373991857283,19,17,0.8947368421052632,0.7446419596672058,342046.56831078813,True,plate_chaudron,,0.7391304347826086,,,plate_chaudron,plate_chaudron,False,0.26625,0.2,True,False,False,False,168.08814799878746,250.49603378522147,315.859375,5.949259432659188,,,0,1
plate_chaudron/occlusion_angle/20260823T135821Z/frame_0016.jpg,20260823T135821Z,16,8.0,orb,A,magsac,magsac,False,plate_chaudron,,occlusion_angle,False,True,True,False,127.1116370044183,False,True,25.50213399808854,10,6,0.6,0.04295172542333603,746.1482678847387,True,plate_vampire,,0.5,,,,plate_vampire,False,0.0075,0.2,False,False,False,True,167.0405790064251,239.34152969179365,315.859375,5.986569287224128,,,1,1
plate_chaudron/occlusion_angle/20260823T135821Z/frame_0017.jpg,20260823T135821Z,17,8.5,orb,A,magsac,magsac,False,plate_chaudron,plate_chaudron,occlusion_angle,False,True,True,False,119.76591900747735,True,False,30.499365006107837,19,12,0.631578947368421,0.41320672631263733,168312.93771854602,True,plate_chaudron,,0.6666666666666666,,,plate_chaudron,plate_chaudron,False,0.47,0.2,True,False,False,False,162.42699400754645,260.08116297490216,315.859375,6.156612120480044,,,0,1
plate_chaudron/occlusion_angle/20260823T135821Z/frame_0018.jpg,20260823T135821Z,18,9.0,orb,A,magsac,magsac,False,plate_chaudron,,occlusion_angle,False,True,False,True,128.57785100641195,False,True,0.0005740002961829305,0,0,0.0,,,False,,,,,,,,False,0.0,,False,False,False,True,140.05526799883228,247.82798602255548,315.859375,7.140038459733893,,,1,1
plate_chaudron/occlusion_angle/20260823T135821Z/frame_0019.jpg,20260823T135821Z,19,9.5,orb,A,magsac,magsac,False,plate_chaudron,plate_chaudron,occlusion_angle,False,True,True,False,127.60455999523401,True,False,35.03513601026498,29,20,0.6896551724137931,1.0799496173858643,109160.64814757649,True,plate_chaudron,,0.7692307692307693,,,plate_chaudron,plate_chaudron,False,0.4,0.2,True,False,False,False,173.80824500287417,249.04639189748994,315.859375,5.753466988769512,,,0,1
plate_dague/frontal/20260823T135916Z/frame_0000.jpg,20260823T135916Z,0,0.0,orb,A,magsac,magsac,False,plate_dague,plate_dague,frontal,True,False,True,False,118.0677249940345,True,False,32.71503800351638,69,39,0.5652173913043478,1.044520616531372,171690.61030093665,True,plate_dague,,0.8666666666666667,,,plate_dague,plate_dague,False,0.42375,0.2,True,False,False,False,167.21150399826,249.4869850607566,315.859375,5.980449766245783,0.0,,0,0
plate_dague/frontal/20260823T135916Z/frame_0001.jpg,20260823T135916Z,1,0.5,orb,A,magsac,magsac,False,plate_dague,plate_dague,frontal,True,False,True,False,131.05320700560696,True,False,25.11702499759849,69,39,0.5652173913043478,1.044520616531372,171690.61030093665,True,plate_dague,,0.8666666666666667,,,plate_dague,plate_dague,False,0.42375,0.2,True,False,False,False,166.2162129941862,250.0981844740669,315.859375,6.016260279224249,,,0,0
plate_dague/frontal/20260823T135916Z/frame_0002.jpg,20260823T135916Z,2,1.0,orb,A,magsac,magsac,False,plate_dague,plate_dague,frontal,True,False,True,False,112.71805099386256,True,False,34.54736199637409,41,33,0.8048780487804879,0.8784885406494141,171281.0400388709,True,plate_dague,,0.8461538461538461,,,plate_dague,plate_dague,False,0.44375,0.2,True,False,False,False,160.13306300737895,254.09196411939533,315.859375,6.244806545378576,,,0,0
plate_dague/frontal/20260823T135916Z/frame_0003.jpg,20260823T135916Z,3,1.5,orb,A,magsac,magsac,False,plate_dague,plate_dague,frontal,False,True,True,False,118.95607200858649,True,False,29.334742997889407,45,39,0.8666666666666667,0.8208119869232178,112036.06482732837,True,plate_dague,,0.8666666666666667,,,plate_dague,plate_dague,False,0.39,0.2,True,False,False,False,162.13975500431843,258.1961641602619,315.859375,6.167518878842305,,,0,0
plate_dague/frontal/20260823T135916Z/frame_0004.jpg,20260823T135916Z,4,2.0,orb,A,magsac,magsac,False,plate_dague,plate_dague,frontal,True,False,True,False,130.9300229913788,True,False,24.089123995509,55,46,0.8363636363636363,0.9901163578033447,111246.9326175201,True,plate_dague,,0.8846153846153846,,,plate_dague,plate_dague,False,0.355,0.2,True,False,False,False,164.73618400050327,248.01494612668554,315.859375,6.07031179013437,,,0,0
plate_dague/frontal/20260823T135916Z/frame_0005.jpg,20260823T135916Z,5,2.5,orb,A,magsac,magsac,False,plate_dague,,frontal,True,False,False,True,112.740105992998,False,True,0.000610991264693439,0,0,0.0,,,False,,,,,,,,False,0.0,,False,False,False,True,126.76923199614976,274.60568587382215,315.859375,7.888349438216776,,,1,1
plate_dague/frontal/20260823T135916Z/frame_0006.jpg,20260823T135916Z,6,3.0,orb,A,magsac,magsac,False,plate_dague,plate_dague,frontal,True,False,True,False,114.38922700472176,True,False,28.8994299917249,55,42,0.7636363636363637,1.0594351291656494,109008.9674965631,True,plate_dague,,0.875,,,plate_dague,plate_dague,False,0.3875,0.2,True,False,False,False,154.68429599422961,265.5162292721108,315.859375,6.464780368120267,,,0,1
plate_dague/frontal/20260823T135916Z/frame_0007.jpg,20260823T135916Z,7,3.5,orb,A,magsac,magsac,False,plate_dague,,frontal,True,False,False,True,117.87350400118157,False,True,0.0010179937817156315,0,0,0.0,,,False,,,,,,,,False,0.0,,False,False,False,True,127.49263500154484,262.7221007675836,315.859375,7.843590337495832,,,1,1
plate_dague/frontal/20260823T135916Z/frame_0008.jpg,20260823T135916Z,8,4.0,orb,A,magsac,magsac,False,plate_dague,plate_dague,frontal,False,True,True,False,118.11970600683708,True,False,26.918497009319253,44,35,0.7954545454545454,0.7924652099609375,106304.34399995243,True,plate_dague,,0.8536585365853658,,,plate_dague,plate_dague,False,0.38875,0.2,True,False,False,False,154.4242419913644,272.1864019403769,315.859375,6.475667208105326,,,0,1
plate_dague/frontal/20260823T135916Z/frame_0009.jpg,20260823T135916Z,9,4.5,orb,A,magsac,magsac,False,plate_dague,plate_dague,frontal,False,True,True,False,137.2120620071655,True,False,26.444684001035057,40,26,0.65,0.9428630471229553,166705.7092102259,True,plate_dague,,0.8125,,,plate_dague,plate_dague,False,0.42375,0.2,True,False,False,False,173.02480500075035,249.14086740229894,315.859375,5.779518144786601,,,0,1
plate_dague/frontal/20260823T135916Z/frame_0010.jpg,20260823T135916Z,10,5.0,orb,A,magsac,magsac,False,plate_dague,plate_dague,frontal,True,False,True,False,114.11011700693052,True,False,32.41546600474976,60,49,0.8166666666666667,1.018791675567627,108836.94777976275,True,plate_dague,,0.8909090909090909,,,plate_dague,plate_dague,False,0.3425,0.2,True,False,False,False,161.2759260024177,252.07650272235816,315.859375,6.200553453867684,,,0,1
plate_dague/frontal/20260823T135916Z/frame_0011.jpg,20260823T135916Z,11,5.5,orb,A,magsac,magsac,False,plate_dague,plate_dague,frontal,True,False,True,False,111.31026300427038,True,False,28.26134099450428,59,48,0.8135593220338984,0.9418346881866455,108718.72914677497,True,plate_dague,,0.8888888888888888,,,plate_dague,plate_dague,False,0.4075,0.2,True,False,False,False,151.92286799720023,269.7341765609235,315.859375,6.582287533029122,,,0,1
plate_dague/frontal/20260823T135916Z/frame_0012.jpg,20260823T135916Z,12,6.0,orb,A,magsac,magsac,False,plate_dague,plate_dague,frontal,True,False,True,False,140.38572799472604,True,False,28.21765599946957,61,52,0.8524590163934426,0.9224780797958374,170339.9450560398,True,plate_dague,plate_bois,0.896551724137931,0.5384615384615384,0.3580901856763926,plate_dague,plate_dague,False,0.425,0.2,True,False,False,False,178.40514500858262,236.80312974139645,315.859375,5.605219512878357,,,0,1
plate_dague/frontal/20260823T135916Z/frame_0013.jpg,20260823T135916Z,13,6.5,orb,A,magsac,magsac,False,plate_dague,plate_dague,frontal,True,False,True,False,113.92161798721645,True,False,34.48508300061803,52,44,0.8461538461538461,1.0822575092315674,108630.06407545903,True,plate_dague,,0.88,,,plate_dague,plate_dague,False,0.385,0.2,True,False,False,False,162.21510600007605,248.31538253891492,315.859375,6.164653987277432,,,0,1
plate_dague/frontal/20260823T135916Z/frame_0014.jpg,20260823T135916Z,14,7.0,orb,A,magsac,magsac,False,plate_dague,plate_dague,frontal,True,False,True,False,107.29256299964618,True,False,28.213397003128193,48,44,0.9166666666666666,1.0473283529281616,107859.24524509339,True,plate_dague,,0.88,,,plate_dague,plate_dague,False,0.37125,0.2,True,False,False,False,146.6236570122419,273.8679113469866,315.859375,6.820181820430983,,,0,1
plate_dague/frontal/20260823T135916Z/frame_0015.jpg,20260823T135916Z,15,7.5,orb,A,magsac,magsac,False,plate_dague,plate_dague,frontal,True,False,True,False,124.63433599623386,True,False,24.079474998870865,41,32,0.7804878048780488,1.1497564315795898,104757.79420489242,True,plate_dague,,0.8421052631578947,,,plate_dague,plate_dague,False,0.305,0.2,True,False,False,False,158.42768299626186,255.47346104250167,315.859375,6.312028182748814,,,0,1
plate_dague/frontal/20260823T135916Z/frame_0016.jpg,20260823T135916Z,16,8.0,orb,A,magsac,magsac,False,plate_dague,plate_dague,frontal,False,True,True,False,123.43791700550355,True,False,27.194679991225712,44,37,0.8409090909090909,0.8377558588981628,160867.97816794703,True,plate_dague,,0.8604651162790697,,,plate_dague,plate_dague,False,0.455,0.2,True,False,False,False,160.03437699691858,266.007186698521,315.859375,6.24865743701589,,,0,1
plate_dague/frontal/20260823T135916Z/frame_0017.jpg,20260823T135916Z,17,8.5,orb,A,magsac,magsac,False,plate_dague,,frontal,True,False,False,True,113.11084499175195,False,True,0.0011110096238553524,0,0,0.0,,,False,,,,,,,,False,0.0,,False,False,False,True,127.00856299488805,263.7468995011589,315.859375,7.8734848770806805,,,1,1
plate_dague/frontal/20260823T135916Z/frame_0018.jpg,20260823T135916Z,18,9.0,orb,A,magsac,magsac,False,plate_dague,plate_dague,frontal,False,True,True,False,126.68110299273394,True,False,26.15762999630533,40,37,0.925,1.030643105506897,166179.42733353117,True,plate_dague,,0.8604651162790697,,,plate_dague,plate_dague,False,0.455,0.2,True,False,False,False,162.0470139896497,261.67599547812756,315.859375,6.171048607312642,,,0,1
plate_dague/frontal/20260823T135916Z/frame_0019.jpg,20260823T135916Z,19,9.5,orb,A,magsac,magsac,False,plate_dague,plate_dague,frontal,True,False,True,False,110.04036199301481,True,False,25.50804200291168,49,45,0.9183673469387755,0.8406871557235718,105026.32147544075,True,plate_dague,,0.8823529411764706,,,plate_dague,plate_dague,False,0.35875,0.2,True,False,False,False,146.09541899699252,275.3652008816812,315.859375,6.844841589595535,,,0,1
plate_dague/main_sur_bord/20260823T135957Z/frame_0000.jpg,20260823T135957Z,0,0.0,orb,A,magsac,magsac,False,plate_dague,plate_dague,main_sur_bord,False,True,True,False,136.55510199896526,True,False,32.896481003263034,37,28,0.7567567567567568,0.9879202246665955,127575.64603725134,True,plate_dague,,0.8235294117647058,,,plate_dague,plate_dague,False,0.39375,0.2,True,False,False,False,181.2607769970782,236.79364565832876,315.859375,5.516913347536402,0.0,,0,0
plate_dague/main_sur_bord/20260823T135957Z/frame_0001.jpg,20260823T135957Z,1,0.5,orb,A,magsac,magsac,False,plate_dague,,main_sur_bord,False,True,False,True,134.60289100476075,False,True,0.0013339886208996177,0,0,0.0,,,False,,,,,,,,False,0.0,,False,False,False,True,144.9630179995438,248.46027695224424,315.859375,6.898311126518813,,,1,1
plate_dague/main_sur_bord/20260823T135957Z/frame_0002.jpg,20260823T135957Z,2,1.0,orb,A,magsac,magsac,False,plate_dague,,main_sur_bord,False,True,False,True,107.52546900766902,False,True,0.0007969938451424241,0,0,0.0,,,False,,,,,,,,False,0.0,,False,False,False,True,119.12564499652945,280.6734175581955,315.859375,8.394498095092233,,,2,2
plate_dague/main_sur_bord/20260823T135957Z/frame_0003.jpg,20260823T135957Z,3,1.5,orb,A,magsac,magsac,False,plate_dague,,main_sur_bord,False,True,False,True,127.10969199542888,False,True,0.0007040071068331599,0,0,0.0,,,False,,,,,,,,False,0.0,,False,False,False,True,141.58376000705175,243.33978768669,315.859375,7.062956937647325,,,3,3
plate_dague/main_sur_bord/20260823T135957Z/frame_0004.jpg,20260823T135957Z,4,2.0,orb,A,magsac,magsac,False,plate_dague,,main_sur_bord,False,True,False,True,123.31128799996804,False,True,0.0007780035957694054,0,0,0.0,,,False,,,,,,,,False,0.0,,False,False,False,True,135.1057770079933,261.32645014810464,315.859375,7.4016080003805955,,,4,4
plate_dague/main_sur_bord/20260823T135957Z/frame_0005.jpg,20260823T135957Z,5,2.5,orb,A,magsac,magsac,False,plate_dague,,main_sur_bord,False,True,False,True,129.95156600663904,False,True,0.0010180083336308599,0,0,0.0,,,False,,,,,,,,False,0.0,,False,False,False,True,140.5944870057283,250.86721144736606,315.859375,7.112654424061852,,,5,5
plate_dague/main_sur_bord/20260823T135957Z/frame_0006.jpg,20260823T135957Z,6,3.0,orb,A,magsac,magsac,False,plate_dague,,main_sur_bord,False,True,False,True,110.69534000125714,False,True,0.0013709941413253546,0,0,0.0,,,False,,,,,,,,False,0.0,,False,False,False,True,120.61119099962525,284.93284839635163,315.859375,8.29110459578421,,,6,6
plate_dague/main_sur_bord/20260823T135957Z/frame_0007.jpg,20260823T135957Z,7,3.5,orb,A,magsac,magsac,False,plate_dague,,main_sur_bord,True,False,False,True,48.161692000576295,False,True,0.0005740002961829305,0,0,0.0,,,False,,,,,,,,False,0.0,,False,False,False,True,58.94778000947554,242.89405296854702,315.859375,16.9641672653195,,,7,7
plate_dague/main_sur_bord/20260823T135957Z/frame_0008.jpg,20260823T135957Z,8,4.0,orb,A,magsac,magsac,False,plate_dague,,main_sur_bord,True,False,False,True,46.70631200133357,False,True,0.000610991264693439,0,0,0.0,,,False,,,,,,,,False,0.0,,False,False,False,True,59.23168599838391,280.18076001505864,315.859375,16.882855572054527,,,8,8
plate_dague/main_sur_bord/20260823T135957Z/frame_0009.jpg,20260823T135957Z,9,4.5,orb,A,magsac,magsac,False,plate_dague,,main_sur_bord,True,False,False,True,45.58444699796382,False,True,0.0006299960659816861,0,0,0.0,,,False,,,,,,,,False,0.0,,False,False,False,True,55.278373998589814,266.6019825470456,315.859375,18.090257141527186,,,9,9
plate_dague/main_sur_bord/20260823T135957Z/frame_0010.jpg,20260823T135957Z,10,5.0,orb,A,magsac,magsac,False,plate_dague,,main_sur_bord,True,False,False,True,39.29361200425774,False,True,0.0006669870344921947,0,0,0.0,,,False,,,,,,,,False,0.0,,False,False,False,True,50.43560500780586,302.8683347336645,315.859375,19.827262899795315,,,10,10
plate_dague/main_sur_bord/20260823T135957Z/frame_0011.jpg,20260823T135957Z,11,5.5,orb,A,magsac,magsac,False,plate_dague,,main_sur_bord,True,False,False,True,42.51833500165958,False,True,0.0007219932740554214,0,0,0.0,,,False,,,,,,,,False,0.0,,False,False,False,True,53.993955996702425,276.86023415124697,315.859375,18.520591453996683,,,11,11
plate_dague/main_sur_bord/20260823T135957Z/frame_0012.jpg,20260823T135957Z,12,6.0,orb,A,magsac,magsac,False,plate_dague,,main_sur_bord,True,False,False,True,50.788102991646156,False,True,0.0009630020940676332,0,0,0.0,,,False,,,,,,,,False,0.0,,False,False,False,True,65.07248600246385,235.4855598942196,315.859375,15.367478045362166,,,12,12
plate_dague/main_sur_bord/20260823T135957Z/frame_0013.jpg,20260823T135957Z,13,6.5,orb,A,magsac,magsac,False,plate_dague,,main_sur_bord,True,False,False,True,48.55244899226818,False,True,0.0007400085451081395,0,0,0.0,,,False,,,,,,,,False,0.0,,False,False,False,True,58.41707899526227,276.9023165521856,315.859375,17.11828145465989,,,13,13
plate_dague/main_sur_bord/20260823T135957Z/frame_0014.jpg,20260823T135957Z,14,7.0,orb,A,magsac,magsac,False,plate_dague,,main_sur_bord,False,True,False,True,121.83933299093042,False,True,0.0016300036804750562,0,0,0.0,,,False,,,,,,,,False,0.0,,False,False,False,True,131.21259500621818,252.7916942609733,315.859375,7.621219593687709,,,14,14
plate_dague/main_sur_bord/20260823T135957Z/frame_0015.jpg,20260823T135957Z,15,7.5,orb,A,magsac,magsac,False,plate_dague,,main_sur_bord,True,False,False,True,46.21075799514074,False,True,0.0009080104064196348,0,0,0.0,,,False,,,,,,,,False,0.0,,False,False,False,True,57.38465800823178,251.2119876698143,315.859375,17.426260514727662,,,15,15
plate_dague/main_sur_bord/20260823T135957Z/frame_0016.jpg,20260823T135957Z,16,8.0,orb,A,magsac,magsac,False,plate_dague,,main_sur_bord,False,True,False,True,111.46081700280774,False,True,0.0022400054149329662,0,0,0.0,,,False,,,,,,,,False,0.0,,False,False,False,True,120.98018999677151,278.2879866604482,315.859375,8.265816081349236,,,16,16
plate_dague/main_sur_bord/20260823T135957Z/frame_0017.jpg,20260823T135957Z,17,8.5,orb,A,magsac,magsac,False,plate_dague,,main_sur_bord,False,True,False,True,115.5234979960369,False,True,0.0005370093276724219,0,0,0.0,,,False,,,,,,,,False,0.0,,False,False,False,True,126.27552999765612,264.72441890063914,315.859375,7.919190677865788,,,17,17
plate_dague/main_sur_bord/20260823T135957Z/frame_0018.jpg,20260823T135957Z,18,9.0,orb,A,magsac,magsac,False,plate_dague,,main_sur_bord,True,False,False,True,43.81895699771121,False,True,0.0006850023055449128,0,0,0.0,,,False,,,,,,,,False,0.0,,False,False,False,True,53.734475004603155,288.1227144896088,315.859375,18.610026429295814,,,18,18
plate_dague/main_sur_bord/20260823T135957Z/frame_0019.jpg,20260823T135957Z,19,9.5,orb,A,magsac,magsac,False,plate_dague,,main_sur_bord,True,False,False,True,45.20657900138758,False,True,0.0020000006770715117,0,0,0.0,,,False,,,,,,,,False,0.0,,False,False,False,True,56.45107199961785,272.48935857417086,315.859375,17.714455449256473,,,19,19
plate_dague/occlusion_angle/20260823T140102Z/frame_0000.jpg,20260823T140102Z,0,0.0,orb,A,magsac,magsac,False,plate_dague,plate_dague,occlusion_angle,False,True,True,False,122.96053099271376,True,False,30.449698999291286,40,29,0.725,0.6748343110084534,88424.73373778904,True,plate_dague,,0.8285714285714286,,,plate_dague,plate_dague,False,0.34625,0.2,True,False,False,False,165.52212400711142,256.6336926547342,315.859375,6.041488447532466,0.0,,0,0
plate_dague/occlusion_angle/20260823T140102Z/frame_0001.jpg,20260823T140102Z,1,0.5,orb,A,magsac,magsac,False,plate_dague,plate_dague,occlusion_angle,False,True,True,False,124.59268799284473,True,False,25.017192005179822,37,33,0.8918918918918919,0.7738098502159119,90534.05256520724,True,plate_dague,,0.8461538461538461,,,plate_dague,plate_dague,False,0.36125,0.2,True,False,False,False,159.90004400373437,261.95890852301665,315.859375,6.253906971887047,,,0,0
plate_dague/occlusion_angle/20260823T140102Z/frame_0002.jpg,20260823T140102Z,2,1.0,orb,A,magsac,magsac,False,plate_dague,plate_dague,occlusion_angle,False,True,True,False,127.336468998692,True,False,28.5522649937775,43,30,0.6976744186046512,0.636663556098938,141987.1522767176,True,plate_dague,,0.8333333333333334,,,plate_dague,plate_dague,False,0.42875,0.2,True,False,False,False,167.09263398661278,257.20006366913435,315.859375,5.984704269370238,,,0,0
plate_dague/occlusion_angle/20260823T140102Z/frame_0003.jpg,20260823T140102Z,3,1.5,orb,A,magsac,magsac,False,plate_dague,plate_dague,occlusion_angle,False,True,True,False,128.82768199779093,True,False,30.010886999662034,40,37,0.925,0.739249050617218,89011.27900601598,True,plate_dague,,0.8604651162790697,,,plate_dague,plate_dague,False,0.37,0.2,True,False,False,False,170.96098299953155,254.71913495092116,315.859375,5.84928784600367,,,0,0
plate_dague/occlusion_angle/20260823T140102Z/frame_0004.jpg,20260823T140102Z,4,2.0,orb,A,magsac,magsac,False,plate_dague,plate_dague,occlusion_angle,False,True,True,False,132.57510600669775,True,False,28.04152699536644,29,27,0.9310344827586207,0.8085722327232361,295868.3454396784,True,plate_dague,,0.8181818181818182,,,plate_dague,plate_dague,False,0.39875,0.2,True,False,False,False,170.74698400392663,247.63420242332387,315.859375,5.8566188201426925,,,0,0
plate_dague/occlusion_angle/20260823T140102Z/frame_0005.jpg,20260823T140102Z,5,2.5,orb,A,magsac,magsac,False,plate_dague,plate_dague,occlusion_angle,False,True,True,False,122.8713640011847,True,False,29.060504006338306,38,33,0.868421052631579,0.6606876254081726,92671.9002339195,True,plate_dague,,0.8461538461538461,,,plate_dague,plate_dague,False,0.37375,0.2,True,False,False,False,164.11961399717256,258.4812538051133,315.859375,6.093116938583757,,,0,0
plate_dague/occlusion_angle/20260823T140102Z/frame_0006.jpg,20260823T140102Z,6,3.0,orb,A,magsac,magsac,False,plate_dague,,occlusion_angle,False,True,False,True,133.09489900711924,False,True,0.0007030030246824026,0,0,0.0,,,False,,,,,,,,False,0.0,,False,False,False,True,145.38107099360786,249.85071888483154,315.859375,6.878474571452071,,,1,1
plate_dague/occlusion_angle/20260823T140102Z/frame_0007.jpg,20260823T140102Z,7,3.5,orb,A,magsac,magsac,False,plate_dague,plate_dague,occlusion_angle,False,True,True,False,139.47058499616105,True,False,25.143228995148093,17,14,0.8235294117647058,0.7734488248825073,91666.64990160381,True,plate_dague,plate_bois,0.7,0.5384615384615384,0.16153846153846152,plate_dague,plate_dague,False,0.30375,0.2,True,False,False,False,174.95034899911843,244.91081066786745,315.859375,5.715907431570994,,,0,1
plate_dague/occlusion_angle/20260823T140102Z/frame_0008.jpg,20260823T140102Z,8,4.0,orb,A,magsac,magsac,False,plate_dague,,occlusion_angle,False,True,False,True,127.84942900179885,False,True,0.0007220078259706497,0,0,0.0,,,False,,,,,,,,False,0.0,,False,False,False,True,141.0229850007454,255.96374023574415,315.859375,7.091042640990151,,,1,1
plate_dague/occlusion_angle/20260823T140102Z/frame_0009.jpg,20260823T140102Z,9,4.5,orb,A,magsac,magsac,False,plate_dague,plate_dague,occlusion_angle,False,True,True,False,129.27797601150814,True,False,30.19788599340245,18,15,0.8333333333333334,0.5771842002868652,71704.03030525078,True,plate_dague,,0.7142857142857143,,,plate_dague,plate_dague,False,0.31875,0.2,True,False,False,False,172.00321800191887,247.5056675946889,315.859375,5.81384471532878,,,0,1
plate_dague/occlusion_angle/20260823T140102Z/frame_0010.jpg,20260823T140102Z,10,5.0,orb,A,magsac,magsac,False,plate_dague,,occlusion_angle,False,True,False,True,119.69056799716782,False,True,0.0017959973774850368,0,0,0.0,,,False,,,,,,,,False,0.0,,False,False,False,True,129.90849200286902,262.54627679956866,315.859375,7.697726180809759,,,1,1
plate_dague/occlusion_angle/20260823T140102Z/frame_0011.jpg,20260823T140102Z,11,5.5,orb,A,magsac,magsac,False,plate_dague,plate_dague,occlusion_angle,False,True,True,False,116.9285089999903,True,False,27.939065010286868,27,21,0.7777777777777778,0.8221922516822815,292065.4089687138,True,plate_dague,,0.7777777777777778,,,plate_dague,plate_dague,False,0.385,0.2,True,False,False,False,159.29908500402234,264.05134278667396,315.859375,6.2774999616272105,,,0,1
plate_dague/occlusion_angle/20260823T140102Z/frame_0012.jpg,20260823T140102Z,12,6.0,orb,A,magsac,magsac,False,plate_dague,,occlusion_angle,False,True,False,True,132.337755014305,False,True,0.0006850023055449128,0,0,0.0,,,False,,,,,,,,False,0.0,,False,False,False,True,142.38395800930448,247.5469659137942,315.859375,7.023263111808229,,,1,1
plate_dague/occlusion_angle/20260823T140102Z/frame_0013.jpg,20260823T140102Z,13,6.5,orb,A,magsac,magsac,False,plate_dague,plate_dague,occlusion_angle,False,True,True,False,123.75328499183524,True,False,28.62969100533519,36,23,0.6388888888888888,0.8237669467926025,137930.14651623287,True,plate_dague,,0.7931034482758621,,,plate_dague,plate_dague,False,0.415,0.2,True,False,False,False,162.64089998730924,265.1939887406352,315.859375,6.148514918928937,,,0,1
plate_dague/occlusion_angle/20260823T140102Z/frame_0014.jpg,20260823T140102Z,14,7.0,orb,A,magsac,magsac,False,plate_dague,,occlusion_angle,False,True,False,True,120.46028500481043,False,True,0.0009999930625781417,0,0,0.0,,,False,,,,,,,,False,0.0,,False,False,False,True,138.8637740019476,252.1167810080427,315.859375,7.201302191210608,,,1,1
plate_dague/occlusion_angle/20260823T140102Z/frame_0015.jpg,20260823T140102Z,15,7.5,orb,A,magsac,magsac,False,plate_dague,plate_dague,occlusion_angle,False,True,True,False,131.23068699496798,True,False,25.866224998026155,30,27,0.9,0.7952720522880554,125243.06117610919,True,plate_dague,,0.8181818181818182,,,plate_dague,plate_dague,False,0.3925,0.2,True,False,False,False,167.55603899946436,251.6276151654209,315.859375,5.968152541509989,,,0,1
plate_dague/occlusion_angle/20260823T140102Z/frame_0016.jpg,20260823T140102Z,16,8.0,orb,A,magsac,magsac,False,plate_dague,,occlusion_angle,False,True,False,True,118.40881500393152,False,True,0.000833999365568161,0,0,0.0,,,False,,,,,,,,False,0.0,,False,False,False,True,132.8791039995849,258.8049758380971,315.859375,7.525637740627178,,,1,1
plate_dague/occlusion_angle/20260823T140102Z/frame_0017.jpg,20260823T140102Z,17,8.5,orb,A,magsac,magsac,False,plate_dague,,occlusion_angle,False,True,False,True,134.63461300125346,False,True,0.0005740002961829305,0,0,0.0,,,False,,,,,,,,False,0.0,,False,False,False,True,146.31167700281367,236.5233733144494,315.859375,6.834724476439221,,,2,2
plate_dague/occlusion_angle/20260823T140102Z/frame_0018.jpg,20260823T140102Z,18,9.0,orb,A,magsac,magsac,False,plate_dague,,occlusion_angle,False,True,False,True,108.04872500011697,False,True,0.0007029884727671742,0,0,0.0,,,False,,,,,,,,False,0.0,,False,False,False,True,120.32049000845291,282.3594318608086,315.859375,8.311136365300264,,,3,3
plate_dague/occlusion_angle/20260823T140102Z/frame_0019.jpg,20260823T140102Z,19,9.5,orb,A,magsac,magsac,False,plate_dague,plate_dague,occlusion_angle,False,True,True,False,124.44361399684567,True,False,28.802190005080774,25,18,0.72,0.6123024225234985,128694.5562194928,True,plate_dague,,0.75,,,plate_dague,plate_dague,False,0.365,0.2,True,False,False,False,165.13244099041913,254.46040310418425,315.859375,6.055745279378625,,,0,3
plate_vampire/frontal/20260823T135229Z/frame_0000.jpg,20260823T135229Z,0,0.0,orb,A,magsac,magsac,False,plate_vampire,plate_vampire,frontal,True,False,True,False,114.32854199665599,True,False,27.61315999669023,51,49,0.9607843137254902,0.7811772227287292,180544.02988499665,True,plate_vampire,,0.8909090909090909,,,plate_vampire,plate_vampire,False,0.43125,0.2,True,False,False,False,152.37310499651358,265.7156838861138,315.859375,6.562837976051488,0.0,,0,0
plate_vampire/frontal/20260823T135229Z/frame_0001.jpg,20260823T135229Z,1,0.5,orb,A,magsac,magsac,False,plate_vampire,plate_vampire,frontal,True,False,True,False,120.56904300698079,True,False,24.78000900009647,51,46,0.9019607843137255,0.8803026676177979,115927.21743974535,True,plate_vampire,,0.8846153846153846,,,plate_vampire,plate_vampire,False,0.375,0.2,True,False,False,False,156.16162201331463,260.4278981972366,315.859375,6.4036220110132955,,,0,0
plate_vampire/frontal/20260823T135229Z/frame_0002.jpg,20260823T135229Z,2,1.0,orb,A,magsac,magsac,False,plate_vampire,plate_vampire,frontal,True,False,True,False,121.93473998922855,True,False,34.98332199524157,52,49,0.9423076923076923,0.8062992691993713,114509.49385888242,True,plate_vampire,,0.8909090909090909,,,plate_vampire,plate_vampire,False,0.35125,0.2,True,False,False,False,169.91835800581612,242.51294376672706,315.859375,5.885179281015481,,,0,0
plate_vampire/frontal/20260823T135229Z/frame_0003.jpg,20260823T135229Z,3,1.5,orb,A,magsac,magsac,False,plate_vampire,plate_vampire,frontal,True,False,True,False,110.2147130004596,True,False,32.23922599863727,57,54,0.9473684210526315,0.7892496585845947,178158.74910355062,True,plate_vampire,,0.9,,,plate_vampire,plate_vampire,False,0.41875,0.2,True,False,False,False,153.08273099071812,261.3332283863312,315.859375,6.532415469257817,,,0,0
plate_vampire/frontal/20260823T135229Z/frame_0004.jpg,20260823T135229Z,4,2.0,orb,A,magsac,magsac,False,plate_vampire,plate_vampire,frontal,True,False,True,False,107.21154500788543,True,False,30.188552002073266,58,54,0.9310344827586207,0.9031414985656738,180185.8648869766,True,plate_vampire,,0.9,,,plate_vampire,plate_vampire,False,0.44125,0.2,True,False,False,False,147.67870600917377,276.1896566013153,315.859375,6.771456948829713,,,0,0
plate_vampire/frontal/20260823T135229Z/frame_0005.jpg,20260823T135229Z,5,2.5,orb,A,magsac,magsac,False,plate_vampire,plate_vampire,frontal,True,False,True,False,117.02139700355474,True,False,29.01665199897252,58,53,0.9137931034482759,1.0490721464157104,179920.38898979878,True,plate_vampire,,0.8983050847457628,,,plate_vampire,plate_vampire,False,0.43125,0.2,True,False,False,False,156.4863410021644,257.2749515527557,315.859375,6.390334093032239,,,0,0
plate_vampire/frontal/20260823T135229Z/frame_0006.jpg,20260823T135229Z,6,3.0,orb,A,magsac,magsac,False,plate_vampire,,frontal,True,False,False,True,109.41671801265329,False,True,0.0005740002961829305,0,0,0.0,,,False,,,,,,,,False,0.0,,False,False,False,True,121.6120200115256,280.38491422778935,315.859375,8.22287138972962,,,1,1
plate_vampire/frontal/20260823T135229Z/frame_0007.jpg,20260823T135229Z,7,3.5,orb,A,magsac,magsac,False,plate_vampire,plate_vampire,frontal,False,True,True,False,130.0761010061251,True,False,25.84613200451713,24,22,0.9166666666666666,1.0194740295410156,118961.24226086706,True,plate_vampire,,0.7857142857142857,,,plate_vampire,plate_vampire,False,0.3375,0.2,True,False,False,False,168.2184050005162,256.0727501837153,315.859375,5.944652726893536,,,0,1
plate_vampire/frontal/20260823T135229Z/frame_0008.jpg,20260823T135229Z,8,4.0,orb,A,magsac,magsac,False,plate_vampire,plate_vampire,frontal,True,False,True,False,115.80307100666687,True,False,26.731701989774592,42,37,0.8809523809523809,0.9345918893814087,181998.72668742697,True,plate_vampire,,0.8604651162790697,,,plate_vampire,plate_vampire,False,0.41,0.2,True,False,False,False,154.30555799684953,261.48568155156516,315.859375,6.480647962275066,,,0,1
plate_vampire/frontal/20260823T135229Z/frame_0009.jpg,20260823T135229Z,9,4.5,orb,A,magsac,magsac,False,plate_vampire,plate_vampire,frontal,False,True,True,False,132.29512599355076,True,False,29.746961998171173,37,31,0.8378378378378378,0.7632683515548706,180004.39578551822,True,plate_vampire,,0.8378378378378378,,,plate_vampire,plate_vampire,False,0.425,0.2,True,False,False,False,177.0400410023285,244.34717171936978,315.859375,5.648439722101327,,,0,1
plate_vampire/frontal/20260823T135229Z/frame_0010.jpg,20260823T135229Z,10,5.0,orb,A,magsac,magsac,False,plate_vampire,plate_vampire,frontal,False,True,True,False,136.26351099810563,True,False,28.813800003263168,34,27,0.7941176470588235,0.8119251132011414,180644.0256397635,True,plate_vampire,,0.8181818181818182,,,plate_vampire,plate_vampire,False,0.4175,0.2,True,False,False,False,180.42457700357772,245.82205504697154,315.859375,5.542482164057786,,,0,1
plate_vampire/frontal/20260823T135229Z/frame_0011.jpg,20260823T135229Z,11,5.5,orb,A,magsac,magsac,False,plate_vampire,plate_vampire,frontal,False,True,True,False,137.13815399387386,True,False,26.606239000102505,31,27,0.8709677419354839,0.8505085110664368,183243.74832146816,True,plate_vampire,,0.8181818181818182,,,plate_vampire,plate_vampire,False,0.39375,0.2,True,False,False,False,178.52969899831805,237.07485722249038,315.859375,5.6013089452944245,,,0,1
plate_vampire/frontal/20260823T135229Z/frame_0012.jpg,20260823T135229Z,12,6.0,orb,A,magsac,magsac,False,plate_vampire,plate_vampire,frontal,False,True,True,False,122.59845800872426,True,False,37.56547400553245,34,28,0.8235294117647058,0.7586534023284912,118092.46917144209,True,plate_vampire,,0.8235294117647058,,,plate_vampire,plate_vampire,False,0.355,0.2,True,False,False,False,173.1443040043814,250.55838394142458,315.859375,5.775529294770766,,,0,1
plate_vampire/frontal/20260823T135229Z/frame_0013.jpg,20260823T135229Z,13,6.5,orb,A,magsac,magsac,False,plate_vampire,,frontal,False,True,False,True,119.09862600441556,False,True,0.0009079958545044065,0,0,0.0,,,False,,,,,,,,False,0.0,,False,False,False,True,131.3484080019407,270.5524599847018,315.859375,7.613339325629473,,,1,1
plate_vampire/frontal/20260823T135229Z/frame_0014.jpg,20260823T135229Z,14,7.0,orb,A,magsac,magsac,False,plate_vampire,,frontal,False,True,False,True,128.01935400057118,False,True,0.0018330028979107738,0,0,0.0,,,False,,,,,,,,False,0.0,,False,False,False,True,142.5810119981179,247.52058149557197,315.859375,7.013556615892165,,,2,2
plate_vampire/frontal/20260823T135229Z/frame_0015.jpg,20260823T135229Z,15,7.5,orb,A,magsac,magsac,False,plate_vampire,plate_vampire,frontal,True,False,True,False,117.02571199566592,True,False,31.09704700182192,51,48,0.9411764705882353,0.6934295892715454,179977.77318058338,True,plate_vampire,,0.8888888888888888,,,plate_vampire,plate_vampire,False,0.4225,0.2,True,False,False,False,160.03059899958316,256.9880945087725,315.859375,6.248804955123643,,,0,2
plate_vampire/frontal/20260823T135229Z/frame_0016.jpg,20260823T135229Z,16,8.0,orb,A,magsac,magsac,False,plate_vampire,plate_vampire,frontal,True,False,True,False,120.54002599325031,True,False,28.32635899540037,51,50,0.9803921568627451,0.798159658908844,180145.73920195454,True,plate_vampire,plate_bougie,0.8928571428571429,0.5,0.3928571428571429,plate_vampire,plate_vampire,False,0.42625,0.2,True,False,False,False,159.85291500692256,262.9129403000266,315.859375,6.255750794139064,,,0,2
plate_vampire/frontal/20260823T135229Z/frame_0017.jpg,20260823T135229Z,17,8.5,orb,A,magsac,magsac,False,plate_vampire,,frontal,True,False,False,True,107.51745000015944,False,True,0.0005550100468099117,0,0,0.0,,,False,,,,,,,,False,0.0,,False,False,False,True,118.19322399969678,284.1243411727708,315.859375,8.460721910780311,,,1,2
plate_vampire/frontal/20260823T135229Z/frame_0018.jpg,20260823T135229Z,18,9.0,orb,A,magsac,magsac,False,plate_vampire,plate_vampire,frontal,False,True,True,False,128.85079300031066,True,False,26.15033400070388,25,18,0.72,0.6987712383270264,185141.94891417224,True,plate_vampire,,0.75,,,plate_vampire,plate_vampire,False,0.39375,0.2,True,False,False,False,172.73665699758567,255.69003052211278,315.859375,5.789159159274322,,,0,2
plate_vampire/frontal/20260823T135229Z/frame_0019.jpg,20260823T135229Z,19,9.5,orb,A,magsac,magsac,False,plate_vampire,plate_vampire,frontal,False,True,True,False,139.9335830064956,True,False,31.12934299861081,43,39,0.9069767441860465,0.9337102770805359,118319.24978501385,True,plate_vampire,,0.8666666666666667,,,plate_vampire,plate_vampire,False,0.35125,0.2,True,False,False,False,182.83500798861496,246.14785699466896,315.859375,5.4694120726719335,,,0,2
plate_vampire/main_sur_bord/20260823T135336Z/frame_0000.jpg,20260823T135336Z,0,0.0,orb,A,magsac,magsac,False,plate_vampire,,main_sur_bord,False,True,False,True,119.10916300257668,False,True,0.0028329959604889154,0,0,0.0,,,False,,,,,,,,False,0.0,,False,False,False,True,129.82167598966043,265.5272668236476,315.859375,7.702873902811456,,,1,1
plate_vampire/main_sur_bord/20260823T135336Z/frame_0001.jpg,20260823T135336Z,1,0.5,orb,A,magsac,magsac,False,plate_vampire,plate_vampire,main_sur_bord,False,True,True,False,125.57416399067733,True,False,27.077181002823636,37,32,0.8648648648648649,0.6389099359512329,127629.46490470562,True,plate_vampire,,0.8421052631578947,,,plate_vampire,plate_vampire,False,0.37375,0.2,True,False,False,False,169.38387999834958,257.31531477744335,315.859375,5.903749518606751,0.5,,0,1
plate_vampire/main_sur_bord/20260823T135336Z/frame_0002.jpg,20260823T135336Z,2,1.0,orb,A,magsac,magsac,False,plate_vampire,,main_sur_bord,False,True,False,True,127.64907800010405,False,True,0.0006479967851191759,0,0,0.0,,,False,,,,,,,,False,0.0,,False,False,False,True,138.5372759978054,250.18219789849076,315.859375,7.218273874649023,,,1,1
plate_vampire/main_sur_bord/20260823T135336Z/frame_0003.jpg,20260823T135336Z,3,1.5,orb,A,magsac,magsac,False,plate_vampire,,main_sur_bord,False,True,False,True,115.28829600138124,False,True,0.0006480113370344043,0,0,0.0,,,False,,,,,,,,False,0.0,,False,False,False,True,125.7707730110269,272.6884989169478,315.859375,7.950972837801715,,,2,2
plate_vampire/main_sur_bord/20260823T135336Z/frame_0004.jpg,20260823T135336Z,4,2.0,orb,A,magsac,magsac,False,plate_vampire,,main_sur_bord,False,True,False,True,125.39290598942898,False,True,0.0006859918357804418,0,0,0.0,,,False,,,,,,,,False,0.0,,False,False,False,True,138.14320400706492,249.79496203255525,315.859375,7.2388649676089605,,,3,3
plate_vampire/main_sur_bord/20260823T135336Z/frame_0005.jpg,20260823T135336Z,5,2.5,orb,A,magsac,magsac,False,plate_vampire,plate_vampire,main_sur_bord,False,True,True,False,129.3371420033509,True,False,32.66439099388663,17,17,1.0,1.135204553604126,125431.33501986554,True,plate_vampire,,0.7391304347826086,,,plate_vampire,plate_vampire,False,0.22375,0.2,True,False,False,False,174.80251600500196,247.81333352639155,315.859375,5.720741456440965,,,0,3
plate_vampire/main_sur_bord/20260823T135336Z/frame_0006.jpg,20260823T135336Z,6,3.0,orb,A,magsac,magsac,False,plate_vampire,,main_sur_bord,False,True,False,True,117.19861799792852,False,True,0.0007409980753436685,0,0,0.0,,,False,,,,,,,,False,0.0,,False,False,False,True,131.90660899272189,268.4528180233499,315.859375,7.5811212769117295,,,1,3
plate_vampire/main_sur_bord/20260823T135336Z/frame_0007.jpg,20260823T135336Z,7,3.5,orb,A,magsac,magsac,False,plate_vampire,,main_sur_bord,False,True,False,True,124.32820700632874,False,True,0.0012600066838786006,0,0,0.0,,,False,,,,,,,,False,0.0,,False,False,False,True,138.5085160000017,246.77707109358397,315.859375,7.2197726817027466,,,2,3
plate_vampire/main_sur_bord/20260823T135336Z/frame_0008.jpg,20260823T135336Z,8,4.0,orb,A,magsac,magsac,False,plate_vampire,,main_sur_bord,False,True,False,True,117.44843098858837,False,True,0.000610991264693439,0,0,0.0,,,False,,,,,,,,False,0.0,,False,False,False,True,131.53409300139174,264.4306408045299,315.859375,7.602591671722853,,,3,3
plate_vampire/main_sur_bord/20260823T135336Z/frame_0009.jpg,20260823T135336Z,9,4.5,orb,A,magsac,magsac,False,plate_vampire,plate_vampire,main_sur_bord,False,True,True,False,142.37497599970084,True,False,33.213590999366716,24,19,0.7916666666666666,1.0273213386535645,168182.71298481006,True,plate_vampire,plate_dague,0.76,0.5,0.26,plate_vampire,plate_vampire,False,0.3125,0.2,True,False,False,False,187.73812800645828,235.4775168445238,315.859375,5.326568505922247,,,0,3
plate_vampire/main_sur_bord/20260823T135336Z/frame_0010.jpg,20260823T135336Z,10,5.0,orb,A,magsac,magsac,False,plate_vampire,,main_sur_bord,False,True,False,True,129.28127200575545,False,True,0.000887986971065402,0,0,0.0,,,False,,,,,,,,False,0.0,,False,False,False,True,140.0457859999733,249.04011463799173,315.859375,7.140521886179357,,,1,3
plate_vampire/main_sur_bord/20260823T135336Z/frame_0011.jpg,20260823T135336Z,11,5.5,orb,A,magsac,magsac,False,plate_vampire,,main_sur_bord,False,True,False,True,125.37705300201196,False,True,0.001944994437508285,0,0,0.0,,,False,,,,,,,,False,0.0,,False,False,False,True,137.60624401038513,258.28560510173884,315.859375,7.267112093580072,,,2,3
plate_vampire/main_sur_bord/20260823T135336Z/frame_0012.jpg,20260823T135336Z,12,6.0,orb,A,magsac,magsac,False,plate_vampire,plate_vampire,main_sur_bord,False,True,True,False,137.01139499607962,True,False,25.52268900035415,25,24,0.96,0.6510260105133057,167930.93594581043,True,plate_vampire,plate_cellule,0.8,0.5384615384615384,0.2615384615384616,plate_vampire,plate_vampire,False,0.3475,0.2,True,False,False,False,173.46705999807455,249.6218757640827,315.859375,5.764783239025898,,,0,3
plate_vampire/main_sur_bord/20260823T135336Z/frame_0013.jpg,20260823T135336Z,13,6.5,orb,A,magsac,magsac,False,plate_vampire,plate_vampire,main_sur_bord,False,True,True,False,117.50578299688641,True,False,30.618456992669962,20,11,0.55,0.9562938213348389,105633.07741006464,True,plate_vampire,,0.6470588235294118,,,plate_vampire,plate_vampire,False,0.22875,0.2,True,False,False,False,159.88895199552644,253.6342317206155,315.859375,6.254340825424756,,,0,3
plate_vampire/main_sur_bord/20260823T135336Z/frame_0014.jpg,20260823T135336Z,14,7.0,orb,A,magsac,magsac,False,plate_vampire,,main_sur_bord,False,True,False,True,117.03032300283667,False,True,0.000776999513618648,0,0,0.0,,,False,,,,,,,,False,0.0,,False,False,False,True,134.2702070105588,264.4148839154511,315.859375,7.447668565233995,,,1,3
plate_vampire/main_sur_bord/20260823T135336Z/frame_0015.jpg,20260823T135336Z,15,7.5,orb,A,magsac,magsac,False,plate_vampire,,main_sur_bord,False,True,False,True,129.3807710026158,False,True,0.0005740002961829305,0,0,0.0,,,False,,,,,,,,False,0.0,,False,False,False,True,143.65187600196805,242.11740749924888,315.859375,6.961273516444017,,,2,3
plate_vampire/main_sur_bord/20260823T135336Z/frame_0016.jpg,20260823T135336Z,16,8.0,orb,A,magsac,magsac,False,plate_vampire,,main_sur_bord,False,True,False,True,127.78863198764157,False,True,0.0005370093276724219,0,0,0.0,,,False,,,,,,,,False,0.0,,False,False,False,True,141.91481200396083,245.34624686695312,315.859375,7.046480813941325,,,3,3
plate_vampire/main_sur_bord/20260823T135336Z/frame_0017.jpg,20260823T135336Z,17,8.5,orb,A,magsac,magsac,False,plate_vampire,,main_sur_bord,False,True,False,True,122.4209409992909,False,True,0.0009260111255571246,0,0,0.0,,,False,,,,,,,,False,0.0,,False,False,False,True,134.49676100572105,252.64620311975477,315.859375,7.435123288637882,,,4,4
plate_vampire/main_sur_bord/20260823T135336Z/frame_0018.jpg,20260823T135336Z,18,9.0,orb,A,magsac,magsac,False,plate_vampire,plate_vampire,main_sur_bord,False,True,True,False,126.22591899707913,True,False,31.136844001594,29,23,0.7931034482758621,0.8947124481201172,323020.7095427762,True,plate_vampire,plate_bois,0.7931034482758621,0.5,0.2931034482758621,plate_vampire,plate_vampire,False,0.36375,0.2,True,False,False,False,167.9397949919803,260.14782382035276,315.859375,5.954514831030688,,,0,4
plate_vampire/main_sur_bord/20260823T135336Z/frame_0019.jpg,20260823T135336Z,19,9.5,orb,A,magsac,magsac,False,plate_vampire,plate_vampire,main_sur_bord,False,True,True,False,133.23532401409466,True,False,30.879474012181163,52,44,0.8461538461538461,0.7219719886779785,325607.78949951683,True,plate_vampire,,0.88,,,plate_vampire,plate_vampire,False,0.3775,0.2,True,False,False,False,179.71454400685616,246.74451166460778,315.859375,5.564379919979374,,,0,4
plate_vampire/occlusion_angle/20260823T135419Z/frame_0000.jpg,20260823T135419Z,0,0.0,orb,A,magsac,magsac,False,plate_vampire,plate_vampire,occlusion_angle,False,True,True,False,139.29877101327293,True,False,32.96688800037373,18,15,0.8333333333333334,0.9264715909957886,399870.6775781235,True,plate_vampire,,0.7142857142857143,,,plate_vampire,plate_vampire,False,0.305,0.2,True,False,False,False,183.40541199722793,234.51627371088506,315.859375,5.452401808159917,0.0,,0,0
plate_vampire/occlusion_angle/20260823T135419Z/frame_0001.jpg,20260823T135419Z,1,0.5,orb,A,magsac,magsac,False,plate_vampire,plate_vampire,occlusion_angle,False,True,True,False,132.59760499931872,True,False,25.994797993917018,31,25,0.8064516129032258,0.8298013806343079,132987.76819268023,True,plate_vampire,plate_bois,0.8064516129032258,0.5,0.30645161290322576,plate_vampire,plate_vampire,False,0.37,0.2,True,False,False,False,170.75020499760285,249.74235609614283,315.859375,5.85650834219519,,,0,0
plate_vampire/occlusion_angle/20260823T135419Z/frame_0002.jpg,20260823T135419Z,2,1.0,orb,A,magsac,magsac,False,plate_vampire,plate_vampire,occlusion_angle,False,True,True,False,130.44424800318666,True,False,33.675625003525056,22,20,0.9090909090909091,1.5848476886749268,412676.6009054302,True,plate_vampire,,0.7692307692307693,,,plate_vampire,plate_vampire,False,0.31,0.2,True,False,False,False,176.50741299439687,240.1258484330385,315.859375,5.665484429437218,,,0,0
plate_vampire/occlusion_angle/20260823T135419Z/frame_0003.jpg,20260823T135419Z,3,1.5,orb,A,magsac,magsac,False,plate_vampire,plate_vampire,occlusion_angle,False,True,True,False,129.06740300240926,True,False,25.533004009048454,34,25,0.7352941176470589,1.2113310098648071,134867.51405331353,True,plate_vampire,,0.8064516129032258,,,plate_vampire,plate_vampire,False,0.38875,0.2,True,False,False,False,167.1193930087611,255.36199798046619,315.859375,5.983746003359261,,,0,0
plate_vampire/occlusion_angle/20260823T135419Z/frame_0004.jpg,20260823T135419Z,4,2.0,orb,A,magsac,magsac,False,plate_vampire,plate_vampire,occlusion_angle,False,True,True,False,136.9374700007029,True,False,28.894282004330307,37,23,0.6216216216216216,1.09130859375,411227.2181405194,True,plate_vampire,,0.7931034482758621,,,plate_vampire,plate_vampire,False,0.31,0.2,True,False,False,False,178.2503479917068,243.8455671459444,315.859375,5.610087224326348,,,0,0
plate_vampire/occlusion_angle/20260823T135419Z/frame_0005.jpg,20260823T135419Z,5,2.5,orb,A,magsac,magsac,False,plate_vampire,plate_vampire,occlusion_angle,False,True,True,False,118.03311300172936,True,False,30.172867001965642,30,28,0.9333333333333333,1.2398611307144165,405047.92676714505,True,plate_vampire,,0.8235294117647058,,,plate_vampire,plate_vampire,False,0.32875,0.2,True,False,False,False,159.26414100977127,265.39330844980935,315.859375,6.2788773019448705,,,0,0
plate_vampire/occlusion_angle/20260823T135419Z/frame_0006.jpg,20260823T135419Z,6,3.0,orb,A,magsac,magsac,False,plate_vampire,plate_vampire,occlusion_angle,False,True,True,False,131.91760900372174,True,False,29.281038005137816,40,33,0.825,0.7128366231918335,128202.50105016718,True,plate_vampire,,0.8461538461538461,,,plate_vampire,plate_vampire,False,0.38,0.2,True,False,False,False,177.6436109939823,241.61793413135427,315.859375,5.629248327055653,,,0,0
plate_vampire/occlusion_angle/20260823T135419Z/frame_0007.jpg,20260823T135419Z,7,3.5,orb,A,magsac,magsac,False,plate_vampire,plate_vampire,occlusion_angle,False,True,True,False,141.10590900236275,True,False,28.075452995835803,35,27,0.7714285714285715,0.9811597466468811,183776.44651900325,True,plate_vampire,,0.8181818181818182,,,plate_vampire,plate_vampire,False,0.37375,0.2,True,False,False,False,182.15490099100862,241.90916829722985,315.859375,5.489833073716535,,,0,0
plate_vampire/occlusion_angle/20260823T135419Z/frame_0008.jpg,20260823T135419Z,8,4.0,orb,A,magsac,magsac,False,plate_vampire,plate_vampire,occlusion_angle,False,True,True,False,131.50003700866364,True,False,31.285360993933864,36,35,0.9722222222222222,0.8237274885177612,123605.55043109634,True,plate_vampire,,0.8536585365853658,,,plate_vampire,plate_vampire,False,0.37875,0.2,True,False,False,False,177.50413100293372,241.57015703083366,315.859375,5.633671703017844,,,0,0
plate_vampire/occlusion_angle/20260823T135419Z/frame_0009.jpg,20260823T135419Z,9,4.5,orb,A,magsac,magsac,False,plate_vampire,,occlusion_angle,False,True,False,True,125.81592099741101,False,True,0.0010930089047178626,0,0,0.0,,,False,,,,,,,,False,0.0,,False,False,False,True,136.83791499352083,254.68452147674645,315.859375,7.307916084861051,,,1,1
plate_vampire/occlusion_angle/20260823T135419Z/frame_0010.jpg,20260823T135419Z,10,5.0,orb,A,magsac,magsac,False,plate_vampire,plate_vampire,occlusion_angle,False,True,True,False,137.82818701292854,True,False,28.68989399576094,35,25,0.7142857142857143,0.9232932925224304,183094.50611226825,True,plate_vampire,,0.8064516129032258,,,plate_vampire,plate_vampire,False,0.36625,0.2,True,False,False,False,177.63375899812672,246.71424929121545,315.859375,5.629560538718013,,,0,1
plate_vampire/occlusion_angle/20260823T135419Z/frame_0011.jpg,20260823T135419Z,11,5.5,orb,A,magsac,magsac,False,plate_vampire,plate_vampire,occlusion_angle,False,True,True,False,123.5221940005431,True,False,31.415434001246467,18,12,0.6666666666666666,0.6781793832778931,188276.56396544713,True,plate_vampire,,0.6666666666666666,,,plate_vampire,plate_vampire,False,0.31,0.2,True,False,False,False,170.5003730021417,248.2814063959117,315.859375,5.865089808263579,,,0,1
plate_vampire/occlusion_angle/20260823T135419Z/frame_0012.jpg,20260823T135419Z,12,6.0,orb,A,magsac,magsac,False,plate_vampire,,occlusion_angle,False,True,True,False,131.27794599859044,False,True,27.275141997961327,12,6,0.5,0.16524091362953186,5840.578821761999,True,plate_vampire,,0.5,,,,plate_vampire,False,0.015,0.2,False,False,False,True,169.80565500853118,255.76345615708132,315.859375,5.889085377926661,,,1,1
plate_vampire/occlusion_angle/20260823T135419Z/frame_0013.jpg,20260823T135419Z,13,6.5,orb,A,magsac,magsac,False,plate_vampire,plate_vampire,occlusion_angle,False,True,True,False,131.30007599829696,True,False,27.905046998057514,37,29,0.7837837837837838,0.9212130308151245,179198.20222473855,True,plate_vampire,,0.8285714285714286,,,plate_vampire,plate_vampire,False,0.37125,0.2,True,False,False,False,171.90806899452582,253.08863716795042,315.859375,5.8170626070603095,,,0,1
plate_vampire/occlusion_angle/20260823T135419Z/frame_0014.jpg,20260823T135419Z,14,7.0,orb,A,magsac,magsac,False,plate_vampire,plate_vampire,occlusion_angle,False,True,True,False,137.33411600696854,True,False,33.310220009298064,20,20,1.0,1.867483139038086,373561.9465291593,True,plate_vampire,,0.7692307692307693,,,plate_vampire,plate_vampire,False,0.31625,0.2,True,False,False,False,181.85875400376972,232.65906682238966,315.859375,5.498772965195127,,,0,1
plate_vampire/occlusion_angle/20260823T135419Z/frame_0015.jpg,20260823T135419Z,15,7.5,orb,A,magsac,magsac,False,plate_vampire,plate_vampire,occlusion_angle,False,True,True,False,121.57077800657135,True,False,28.184748996864073,24,19,0.7916666666666666,1.2269796133041382,365763.25819708756,True,plate_vampire,,0.76,,,plate_vampire,plate_vampire,False,0.3325,0.2,True,False,False,False,161.3135549996514,264.69570148704315,315.859375,6.19910707443129,,,0,1
plate_vampire/occlusion_angle/20260823T135419Z/frame_0016.jpg,20260823T135419Z,16,8.0,orb,A,magsac,magsac,False,plate_vampire,,occlusion_angle,False,True,False,True,130.61415299307555,False,True,0.0005179899744689465,0,0,0.0,,,False,,,,,,,,False,0.0,,False,False,False,True,142.37834599043708,254.14561145716888,315.859375,7.023539942423306,,,1,1
plate_vampire/occlusion_angle/20260823T135419Z/frame_0017.jpg,20260823T135419Z,17,8.5,orb,A,magsac,magsac,False,plate_vampire,,occlusion_angle,False,True,False,True,128.3390180033166,False,True,0.0012960081221535802,0,0,0.0,,,False,,,,,,,,False,0.0,,False,False,False,True,139.14097601082176,247.76806723936465,315.859375,7.186955479759065,,,2,2
plate_vampire/occlusion_angle/20260823T135419Z/frame_0018.jpg,20260823T135419Z,18,9.0,orb,A,magsac,magsac,False,plate_vampire,plate_vampire,occlusion_angle,False,True,True,False,126.62913800159004,True,False,25.51972599758301,14,10,0.7142857142857143,0.8238294124603271,105944.51651010523,True,plate_vampire,,0.625,,,plate_vampire,plate_vampire,False,0.2375,0.2,True,False,False,False,164.80370100180153,259.1074462553104,315.859375,6.067824896657319,,,0,2
plate_vampire/occlusion_angle/20260823T135419Z/frame_0019.jpg,20260823T135419Z,19,9.5,orb,A,magsac,magsac,False,plate_vampire,,occlusion_angle,False,True,False,True,129.91904601221904,False,True,0.0009069917723536491,0,0,0.0,,,False,,,,,,,,False,0.0,,False,False,False,True,143.05754599627107,246.32967422017384,315.859375,6.990194002251834,,,1,2
negatives/aucune_plaque/20260823T132011Z/frame_0000.jpg,20260823T132011Z,0,0.0,sift,B,magsac,magsac,False,,,aucune_plaque,False,True,False,True,577.1316869941074,False,True,0.0007409980753436685,0,0,0.0,,,False,,,,,,,,False,0.0,,False,True,False,False,589.8463189951144,244.75764745968385,3067.40625,1.695356854483113,,,0,0
negatives/aucune_plaque/20260823T132011Z/frame_0001.jpg,20260823T132011Z,1,0.5,sift,B,magsac,magsac,False,,,aucune_plaque,False,True,False,True,600.9385899960762,False,True,0.0009259965736418962,0,0,0.0,,,False,,,,,,,,False,0.0,,False,True,False,False,617.7329199999804,233.93232936332132,3067.40625,1.618822581124593,,,0,0
negatives/aucune_plaque/20260823T132011Z/frame_0002.jpg,20260823T132011Z,2,1.0,sift,B,magsac,magsac,False,,,aucune_plaque,False,True,False,True,580.1855220051948,False,True,0.0008890056051313877,0,0,0.0,,,False,,,,,,,,False,0.0,,False,True,False,False,590.8226280007511,243.383584827454,3067.40625,1.6925553501290893,,,0,0
negatives/aucune_plaque/20260823T132011Z/frame_0003.jpg,20260823T132011Z,3,1.5,sift,B,magsac,magsac,False,,,aucune_plaque,False,True,False,True,593.620223007747,False,True,0.0015369878383353353,0,0,0.0,,,False,,,,,,,,False,0.0,,False,True,False,False,606.758964000619,237.70648916173616,3067.40625,1.6481009088132397,,,0,0
negatives/aucune_plaque/20260823T132011Z/frame_0004.jpg,20260823T132011Z,4,2.0,sift,B,magsac,magsac,False,,,aucune_plaque,False,True,False,True,600.7905720034614,False,True,0.0007589987944811583,0,0,0.0,,,False,,,,,,,,False,0.0,,False,True,False,False,614.7467889968539,233.02147691369916,3067.40625,1.6266860077981111,,,0,0
negatives/aucune_plaque/20260823T132011Z/frame_0005.jpg,20260823T132011Z,5,2.5,sift,B,magsac,magsac,False,,,aucune_plaque,False,True,False,True,606.6076870047254,False,True,0.0006860063876956701,0,0,0.0,,,False,,,,,,,,False,0.0,,False,True,False,False,617.8242710011546,234.43065981415438,3067.40625,1.618583223316151,,,0,0
negatives/aucune_plaque/20260823T132011Z/frame_0006.jpg,20260823T132011Z,6,3.0,sift,B,magsac,magsac,False,,,aucune_plaque,False,True,False,True,598.8324339996325,False,True,0.0004810135578736663,0,0,0.0,,,False,,,,,,,,False,0.0,,False,True,False,False,609.3892820063047,235.97870843175124,3067.40625,1.6409871809817194,,,0,0
negatives/aucune_plaque/20260823T132011Z/frame_0007.jpg,20260823T132011Z,7,3.5,sift,B,magsac,magsac,False,,,aucune_plaque,False,True,False,True,592.5958019943209,False,True,0.0009999930625781417,0,0,0.0,,,False,,,,,,,,False,0.0,,False,True,False,False,603.7499609956285,240.64086805142188,3067.40625,1.6563148067967173,,,0,0
negatives/aucune_plaque/20260823T132011Z/frame_0008.jpg,20260823T132011Z,8,4.0,sift,B,magsac,magsac,False,,,aucune_plaque,False,True,False,True,585.7650630059652,False,True,0.0007960043149068952,0,0,0.0,,,False,,,,,,,,False,0.0,,False,True,False,False,599.3549859995255,239.70928791124203,3067.40625,1.6684603004216798,,,0,0
negatives/aucune_plaque/20260823T132011Z/frame_0009.jpg,20260823T132011Z,9,4.5,sift,B,magsac,magsac,False,,,aucune_plaque,False,True,False,True,586.2170420004986,False,True,0.001554988557472825,0,0,0.0,,,False,,,,,,,,False,0.0,,False,True,False,False,604.1311259905342,239.19071238561625,3067.40625,1.6552697866053478,,,0,0
negatives/aucune_plaque/20260823T132011Z/frame_0010.jpg,20260823T132011Z,10,5.0,sift,B,magsac,magsac,False,,,aucune_plaque,False,True,False,True,586.0957270051586,False,True,0.0006850023055449128,0,0,0.0,,,False,,,,,,,,False,0.0,,False,True,False,False,597.5143109972123,238.54002017478786,3067.40625,1.6736000821989776,,,0,0
negatives/aucune_plaque/20260823T132011Z/frame_0011.jpg,20260823T132011Z,11,5.5,sift,B,magsac,magsac,False,,,aucune_plaque,True,False,False,True,65.00974399386905,False,True,0.000500003807246685,0,0,0.0,,,False,,,,,,,,False,0.0,,False,True,False,False,80.0022150069708,220.08918501150686,3067.40625,12.499653914743078,,,0,0
negatives/aucune_plaque/20260823T132011Z/frame_0012.jpg,20260823T132011Z,12,6.0,sift,B,magsac,magsac,False,,,aucune_plaque,True,False,False,True,62.87051500112284,False,True,0.0007959897629916668,0,0,0.0,,,False,,,,,,,,False,0.0,,False,True,False,False,74.95481699879747,234.2694039301236,3067.40625,13.341370708917125,,,0,0
negatives/aucune_plaque/20260823T132011Z/frame_0013.jpg,20260823T132011Z,13,6.5,sift,B,magsac,magsac,False,,,aucune_plaque,False,True,False,True,595.0812329974724,False,True,0.000667001586407423,0,0,0.0,,,False,,,,,,,,False,0.0,,False,True,False,False,606.5725930093322,238.5750809842039,3067.40625,1.6486072920617678,,,0,0
negatives/aucune_plaque/20260823T132011Z/frame_0014.jpg,20260823T132011Z,14,7.0,sift,B,magsac,magsac,False,,,aucune_plaque,False,True,False,True,600.275906996103,False,True,0.0007600028766319156,0,0,0.0,,,False,,,,,,,,False,0.0,,False,True,False,False,609.7153160080779,232.63808170126268,3067.40625,1.6401096934011599,,,0,0
negatives/aucune_plaque/20260823T132011Z/frame_0015.jpg,20260823T132011Z,15,7.5,sift,B,magsac,magsac,False,,,aucune_plaque,False,True,False,True,589.2194499901962,False,True,0.0007219932740554214,0,0,0.0,,,False,,,,,,,,False,0.0,,False,True,False,False,598.81869200035,241.52959256641836,3067.40625,1.6699545511171443,,,0,0
negatives/aucune_plaque/20260823T132011Z/frame_0016.jpg,20260823T132011Z,16,8.0,sift,B,magsac,magsac,False,,,aucune_plaque,False,True,False,True,595.3193039895268,False,True,0.000777989043854177,0,0,0.0,,,False,,,,,,,,False,0.0,,False,True,False,False,604.9429539998528,236.38604293923873,3067.40625,1.653048429423055,,,0,0
negatives/aucune_plaque/20260823T132011Z/frame_0017.jpg,20260823T132011Z,17,8.5,sift,B,magsac,magsac,False,,,aucune_plaque,False,True,False,True,589.2923380015418,False,True,0.0009069917723536491,0,0,0.0,,,False,,,,,,,,False,0.0,,False,True,False,False,598.7461549957516,238.02012056513652,3067.40625,1.6701568630651091,,,0,0
negatives/aucune_plaque/20260823T132011Z/frame_0018.jpg,20260823T132011Z,18,9.0,sift,B,magsac,magsac,False,,,aucune_plaque,False,True,True,False,598.4879159950651,False,True,15.005823006504215,23,7,0.30434782608695654,0.00010235906665911898,1051.8571915279608,True,plate_bois,,0.5384615384615384,,,,plate_bois,False,0.0038510911424903724,0.2,False,True,False,False,624.8792120022699,236.74566949662307,3067.40625,1.6003092770453171,,,0,0
negatives/aucune_plaque/20260823T132011Z/frame_0019.jpg,20260823T132011Z,19,9.5,sift,B,magsac,magsac,False,,,aucune_plaque,False,True,False,True,580.1462599920342,False,True,0.0013520038919523358,0,0,0.0,,,False,,,,,,,,False,0.0,,False,True,False,False,589.9917420028942,244.13468553140385,3067.40625,1.6949389776291048,,,0,0
plate_bougie/frontal/20260823T135503Z/frame_0000.jpg,20260823T135503Z,0,0.0,sift,B,magsac,magsac,False,plate_bougie,,frontal,False,True,False,True,595.8649300009711,False,True,0.0007409980753436685,0,0,0.0,,,False,,,,,,,,False,0.0,,False,False,False,True,608.3760269975755,238.3102373634123,3067.40625,1.6437202579055357,,,1,1
plate_bougie/frontal/20260823T135503Z/frame_0001.jpg,20260823T135503Z,1,0.5,sift,B,magsac,magsac,False,plate_bougie,plate_bougie,frontal,True,False,True,False,439.05027899018023,True,False,24.14641900395509,105,41,0.3904761904761905,0.7434663772583008,74372.09096765646,True,plate_bougie,,0.8723404255319149,,,plate_bougie,plate_bougie,False,0.2475,0.2,True,False,False,False,478.97083099815063,261.94124147089093,3067.40625,2.087809810706116,0.5,,0,1
plate_bougie/frontal/20260823T135503Z/frame_0002.jpg,20260823T135503Z,2,1.0,sift,B,magsac,magsac,False,plate_bougie,plate_bougie,frontal,True,False,True,False,448.90155699977186,True,False,25.662632993771695,100,35,0.35,0.5631250143051147,74692.65919348269,True,plate_bougie,,0.8536585365853658,,,plate_bougie,plate_bougie,False,0.2575,0.2,True,False,False,False,485.6967570085544,258.6178089259701,3067.40625,2.058897831970468,,,0,1
plate_bougie/frontal/20260823T135503Z/frame_0003.jpg,20260823T135503Z,3,1.5,sift,B,magsac,magsac,False,plate_bougie,,frontal,True,False,False,True,430.80028900294565,False,True,0.0005929905455559492,0,0,0.0,,,False,,,,,,,,False,0.0,,False,False,False,True,441.63157998991664,270.4308353644613,3067.40625,2.264330825306542,,,1,1
plate_bougie/frontal/20260823T135503Z/frame_0004.jpg,20260823T135503Z,4,2.0,sift,B,magsac,magsac,False,plate_bougie,plate_bougie,frontal,False,True,True,False,609.340502996929,True,False,30.111867003142834,126,34,0.2698412698412698,0.7085422277450562,74414.49460527766,True,plate_bougie,,0.85,,,plate_bougie,plate_bougie,False,0.26875,0.2,True,False,False,False,650.777287009987,235.53994609164386,3067.40625,1.5366240032661953,,,0,1
plate_bougie/frontal/20260823T135503Z/frame_0005.jpg,20260823T135503Z,5,2.5,sift,B,magsac,magsac,False,plate_bougie,plate_bougie,frontal,False,True,True,False,595.9950029937318,True,False,22.283095997408964,110,36,0.32727272727272727,0.8935930132865906,74412.0425255131,True,plate_bougie,,0.8571428571428571,,,plate_bougie,plate_bougie,False,0.26625,0.2,True,False,False,False,628.7224299885565,242.97640168934444,3067.40625,1.5905269993599578,,,0,1
plate_bougie/frontal/20260823T135503Z/frame_0006.jpg,20260823T135503Z,6,3.0,sift,B,magsac,magsac,False,plate_bougie,plate_bougie,frontal,True,False,True,False,437.5446199992439,True,False,21.246435993816704,136,37,0.27205882352941174,0.7756316065788269,74789.92705915053,True,plate_bougie,,0.8604651162790697,,,plate_bougie,plate_bougie,False,0.275,0.2,True,False,False,False,474.21613600454293,269.1200248377394,3067.40625,2.1087430900715285,,,0,1
plate_bougie/frontal/20260823T135503Z/frame_0007.jpg,20260823T135503Z,7,3.5,sift,B,magsac,magsac,False,plate_bougie,plate_bougie,frontal,True,False,True,False,444.0648799936753,True,False,23.713421993306838,124,43,0.3467741935483871,0.5346152186393738,75023.59756589521,True,plate_bougie,,0.8775510204081632,,,plate_bougie,plate_bougie,False,0.24625,0.2,True,False,False,False,479.3952540057944,266.01714584028593,3067.40625,2.0859614100141113,,,0,1
plate_bougie/frontal/20260823T135503Z/frame_0008.jpg,20260823T135503Z,8,4.0,sift,B,magsac,magsac,False,plate_bougie,plate_bougie,frontal,True,False,True,False,447.49112000863533,True,False,24.98454399756156,92,38,0.41304347826086957,0.6625596880912781,73664.30951857043,True,plate_bougie,,0.8636363636363636,,,plate_bougie,plate_bougie,False,0.25125,0.2,True,False,False,False,484.2275789997075,259.0926240904473,3067.40625,2.065144662073459,,,0,1
plate_bougie/frontal/20260823T135503Z/frame_0009.jpg,20260823T135503Z,9,4.5,sift,B,magsac,magsac,False,plate_bougie,plate_bougie,frontal,True,False,True,False,439.61781199323013,True,False,26.608553002006374,126,44,0.3492063492063492,0.6173521280288696,73224.60669191217,True,plate_bougie,,0.88,,,plate_bougie,plate_bougie,False,0.24375,0.2,True,False,False,False,478.05340999912005,261.82863793446984,3067.40625,2.091816477162752,,,0,1
plate_bougie/frontal/20260823T135503Z/frame_0010.jpg,20260823T135503Z,10,5.0,sift,B,magsac,magsac,False,plate_bougie,,frontal,False,True,False,True,606.8951079942053,False,True,0.0005369947757571936,0,0,0.0,,,False,,,,,,,,False,0.0,,False,False,False,True,617.4165480042575,237.14658081854748,3067.40625,1.6196520861522234,,,1,1
plate_bougie/frontal/20260823T135503Z/frame_0011.jpg,20260823T135503Z,11,5.5,sift,B,magsac,magsac,False,plate_bougie,plate_bougie,frontal,True,False,True,False,430.7987689971924,True,False,27.941916006966494,130,37,0.2846153846153846,0.7236059308052063,74058.41183379908,True,plate_bougie,,0.8604651162790697,,,plate_bougie,plate_bougie,False,0.23625,0.2,True,False,False,False,472.1274059993448,264.93458314549486,3067.40625,2.118072340840531,,,0,1
plate_bougie/frontal/20260823T135503Z/frame_0012.jpg,20260823T135503Z,12,6.0,sift,B,magsac,magsac,False,plate_bougie,,frontal,True,False,False,True,433.57714200101327,False,True,0.0008520000847056508,0,0,0.0,,,False,,,,,,,,False,0.0,,False,False,False,True,445.1712810114259,267.84568049648925,3067.40625,2.2463263976238705,,,1,1
plate_bougie/frontal/20260823T135503Z/frame_0013.jpg,20260823T135503Z,13,6.5,sift,B,magsac,magsac,False,plate_bougie,plate_bougie,frontal,True,False,True,False,436.263276002137,True,False,21.63858199492097,94,35,0.3723404255319149,1.2411859035491943,79248.82817033908,True,plate_bougie,,0.8536585365853658,,,plate_bougie,plate_bougie,False,0.22625,0.2,True,False,False,False,469.4255689973943,267.0779251922136,3067.40625,2.1302631685270446,,,0,1
plate_bougie/frontal/20260823T135503Z/frame_0014.jpg,20260823T135503Z,14,7.0,sift,B,magsac,magsac,False,plate_bougie,plate_bougie,frontal,False,True,True,False,599.0136329928646,True,False,24.653175991261378,143,40,0.27972027972027974,0.6466224193572998,72778.44915576186,True,plate_bougie,,0.8695652173913043,,,plate_bougie,plate_bougie,False,0.24625,0.2,True,False,False,False,633.9567879913375,237.39653561696343,3067.40625,1.577394577899313,,,0,1
plate_bougie/frontal/20260823T135503Z/frame_0015.jpg,20260823T135503Z,15,7.5,sift,B,magsac,magsac,False,plate_bougie,,frontal,True,False,False,True,437.667321995832,False,True,0.001204010914079845,0,0,0.0,,,False,,,,,,,,False,0.0,,False,False,False,True,447.8027100121835,268.8267585444605,3067.40625,2.2331262800370113,,,1,1
plate_bougie/frontal/20260823T135503Z/frame_0016.jpg,20260823T135503Z,16,8.0,sift,B,magsac,magsac,False,plate_bougie,,frontal,True,False,False,True,418.77437398943584,False,True,0.0005559995770454407,0,0,0.0,,,False,,,,,,,,False,0.0,,False,False,False,True,432.7782030013623,274.1031865221418,3067.40625,2.3106524151745513,,,2,2
plate_bougie/frontal/20260823T135503Z/frame_0017.jpg,20260823T135503Z,17,8.5,sift,B,magsac,magsac,False,plate_bougie,plate_bougie,frontal,True,False,True,False,433.4638279979117,True,False,26.09003799443599,103,34,0.3300970873786408,0.8683130145072937,74245.92202490388,True,plate_bougie,,0.85,,,plate_bougie,plate_bougie,False,0.2325,0.2,True,False,False,False,472.6006429991685,265.6890028823367,3067.40625,2.11595141651502,,,0,2
plate_bougie/frontal/20260823T135503Z/frame_0018.jpg,20260823T135503Z,18,9.0,sift,B,magsac,magsac,False,plate_bougie,plate_bougie,frontal,True,False,True,False,441.663541001617,True,False,20.39605099707842,110,29,0.2636363636363636,0.7555562853813171,121039.6464736358,True,plate_bougie,,0.8285714285714286,,,plate_bougie,plate_bougie,False,0.275,0.2,True,False,False,False,472.76540199527517,263.75740901033,3067.40625,2.1152140063117266,,,0,2
plate_bougie/frontal/20260823T135503Z/frame_0019.jpg,20260823T135503Z,19,9.5,sift,B,magsac,magsac,False,plate_bougie,plate_bougie,frontal,True,False,True,False,432.1920199872693,True,False,23.864235990913585,121,39,0.32231404958677684,0.6615121960639954,73218.33368358109,True,plate_bougie,,0.8666666666666667,,,plate_bougie,plate_bougie,False,0.27875,0.2,True,False,False,False,473.34567600046284,263.91680632967035,3067.40625,2.1126209675125924,,,0,2
plate_bougie/main_sur_bord/20260823T135543Z/frame_0000.jpg,20260823T135543Z,0,0.0,sift,B,magsac,magsac,False,plate_bougie,,main_sur_bord,False,True,False,True,586.108724004589,False,True,0.0008700008038431406,0,0,0.0,,,False,,,,,,,,False,0.0,,False,False,False,True,596.5580170013709,244.8791060328113,3067.40625,1.676282895377973,,,1,1
plate_bougie/main_sur_bord/20260823T135543Z/frame_0001.jpg,20260823T135543Z,1,0.5,sift,B,magsac,magsac,False,plate_bougie,,main_sur_bord,False,True,False,True,603.127645998029,False,True,0.000667001586407423,0,0,0.0,,,False,,,,,,,,False,0.0,,False,False,False,True,615.2303380076773,237.8979898390075,3067.40625,1.6254074908567353,,,2,2
plate_bougie/main_sur_bord/20260823T135543Z/frame_0002.jpg,20260823T135543Z,2,1.0,sift,B,magsac,magsac,False,plate_bougie,,main_sur_bord,False,True,False,True,609.8786640068283,False,True,0.0007409980753436685,0,0,0.0,,,False,,,,,,,,False,0.0,,False,False,False,True,621.1234519869322,235.86530959562185,3067.40625,1.6099859002281547,,,3,3
plate_bougie/main_sur_bord/20260823T135543Z/frame_0003.jpg,20260823T135543Z,3,1.5,sift,B,magsac,magsac,False,plate_bougie,,main_sur_bord,False,True,False,True,592.7685929927975,False,True,0.0007969938451424241,0,0,0.0,,,False,,,,,,,,False,0.0,,False,False,False,True,603.6766799952602,241.81618412217904,3067.40625,1.656515868739292,,,4,4
plate_bougie/main_sur_bord/20260823T135543Z/frame_0004.jpg,20260823T135543Z,4,2.0,sift,B,magsac,magsac,False,plate_bougie,,main_sur_bord,False,True,True,False,610.717306000879,False,True,35.47196599538438,32,10,0.3125,0.23894771933555603,18618.150522723794,True,plate_bois,,0.625,,,,plate_bois,False,0.008368200836820083,0.2,False,False,False,True,662.0304609969025,233.30420501712328,3067.40625,1.5105045143907339,,,5,5
plate_bougie/main_sur_bord/20260823T135543Z/frame_0005.jpg,20260823T135543Z,5,2.5,sift,B,magsac,magsac,False,plate_bougie,plate_bougie,main_sur_bord,False,True,True,False,618.477244002861,True,False,26.71307099808473,84,22,0.2619047619047619,0.6381307244300842,157979.7970545378,True,plate_bougie,,0.7857142857142857,,,plate_bougie,plate_bougie,False,0.2725,0.2,True,False,False,False,656.2833079951815,233.3892304344968,3067.40625,1.523732186721016,2.5,,0,5
plate_bougie/main_sur_bord/20260823T135543Z/frame_0006.jpg,20260823T135543Z,6,3.0,sift,B,magsac,magsac,False,plate_bougie,,main_sur_bord,False,True,False,True,595.6036690040492,False,True,0.000610991264693439,0,0,0.0,,,False,,,,,,,,False,0.0,,False,False,False,True,606.005333000212,239.05873679819533,3067.40625,1.6501504946321162,,,1,5
plate_bougie/main_sur_bord/20260823T135543Z/frame_0007.jpg,20260823T135543Z,7,3.5,sift,B,magsac,magsac,False,plate_bougie,,main_sur_bord,False,True,False,True,591.59896899655,False,True,0.0005740002961829305,0,0,0.0,,,False,,,,,,,,False,0.0,,False,False,False,True,602.2657050052658,243.40507816017484,3067.40625,1.6603967180752168,,,2,5
plate_bougie/main_sur_bord/20260823T135543Z/frame_0008.jpg,20260823T135543Z,8,4.0,sift,B,magsac,magsac,False,plate_bougie,,main_sur_bord,False,True,False,True,599.9585329991532,False,True,0.001444001100026071,0,0,0.0,,,False,,,,,,,,False,0.0,,False,False,False,True,613.4085679950658,237.93197717638003,3067.40625,1.6302348095145027,,,3,5
plate_bougie/main_sur_bord/20260823T135543Z/frame_0009.jpg,20260823T135543Z,9,4.5,sift,B,magsac,magsac,False,plate_bougie,,main_sur_bord,False,True,False,True,611.6300420108018,False,True,0.0004629982868209481,0,0,0.0,,,False,,,,,,,,False,0.0,,False,False,False,True,623.2834569964325,234.288062775961,3067.40625,1.604406452272844,,,4,5
plate_bougie/main_sur_bord/20260823T135543Z/frame_0010.jpg,20260823T135543Z,10,5.0,sift,B,magsac,magsac,False,plate_bougie,,main_sur_bord,False,True,False,True,586.1259820085252,False,True,0.0007960043149068952,0,0,0.0,,,False,,,,,,,,False,0.0,,False,False,False,True,598.3060610014945,245.36382826252856,3067.40625,1.6713853747797853,,,5,5
plate_bougie/main_sur_bord/20260823T135543Z/frame_0011.jpg,20260823T135543Z,11,5.5,sift,B,magsac,magsac,False,plate_bougie,,main_sur_bord,False,True,False,True,601.1569709953619,False,True,0.0007040071068331599,0,0,0.0,,,False,,,,,,,,False,0.0,,False,False,False,True,616.9572700018762,236.81413949390046,3067.40625,1.620857794571347,,,6,6
plate_bougie/main_sur_bord/20260823T135543Z/frame_0012.jpg,20260823T135543Z,12,6.0,sift,B,magsac,magsac,False,plate_bougie,,main_sur_bord,False,True,False,True,592.5241490040207,False,True,0.0005740002961829305,0,0,0.0,,,False,,,,,,,,False,0.0,,False,False,False,True,607.1417330094846,240.23052093129755,3067.40625,1.6470618730871829,,,7,7
plate_bougie/main_sur_bord/20260823T135543Z/frame_0013.jpg,20260823T135543Z,13,6.5,sift,B,magsac,magsac,False,plate_bougie,,main_sur_bord,False,True,False,True,590.5572159972508,False,True,0.0006299960659816861,0,0,0.0,,,False,,,,,,,,False,0.0,,False,False,False,True,602.3687599954428,241.47104026626303,3067.40625,1.660112652600984,,,8,8
plate_bougie/main_sur_bord/20260823T135543Z/frame_0014.jpg,20260823T135543Z,14,7.0,sift,B,magsac,magsac,False,plate_bougie,,main_sur_bord,False,True,False,True,599.0640750096645,False,True,0.0007959897629916668,0,0,0.0,,,False,,,,,,,,False,0.0,,False,False,False,True,610.804267009371,236.86166799123063,3067.40625,1.6371856812595875,,,9,9
plate_bougie/main_sur_bord/20260823T135543Z/frame_0015.jpg,20260823T135543Z,15,7.5,sift,B,magsac,magsac,False,plate_bougie,,main_sur_bord,False,True,False,True,596.2376829993445,False,True,0.0007410126272588968,0,0,0.0,,,False,,,,,,,,False,0.0,,False,False,False,True,608.9781110058539,240.3298996383715,3067.40625,1.642095145830927,,,10,10
plate_bougie/main_sur_bord/20260823T135543Z/frame_0016.jpg,20260823T135543Z,16,8.0,sift,B,magsac,magsac,False,plate_bougie,,main_sur_bord,False,True,False,True,599.8424590070499,False,True,0.0006299960659816861,0,0,0.0,,,False,,,,,,,,False,0.0,,False,False,False,True,613.0136809952091,238.16155173401418,3067.40625,1.6312849631292572,,,11,11
plate_bougie/main_sur_bord/20260823T135543Z/frame_0017.jpg,20260823T135543Z,17,8.5,sift,B,magsac,magsac,False,plate_bougie,,main_sur_bord,False,True,False,True,605.557704999228,False,True,0.0006299960659816861,0,0,0.0,,,False,,,,,,,,False,0.0,,False,False,False,True,617.1463430073345,234.61055994344179,3067.40625,1.6203612179358169,,,12,12
plate_bougie/main_sur_bord/20260823T135543Z/frame_0018.jpg,20260823T135543Z,18,9.0,sift,B,magsac,magsac,False,plate_bougie,,main_sur_bord,False,True,True,False,608.2913179998286,False,True,16.908997000427917,19,7,0.3684210526315789,0.00013647876039613038,503.96346667339094,True,plate_vampire,,0.5384615384615384,,,,plate_vampire,False,0.00875,0.2,False,False,False,True,637.8016139933607,236.2339523674696,3067.40625,1.5678856529366039,,,13,13
plate_bougie/main_sur_bord/20260823T135543Z/frame_0019.jpg,20260823T135543Z,19,9.5,sift,B,magsac,magsac,False,plate_bougie,,main_sur_bord,False,True,False,True,605.8060549985385,False,True,0.0006300106178969145,0,0,0.0,,,False,,,,,,,,False,0.0,,False,False,False,True,617.2904160048347,238.64657765696666,3067.40625,1.6199830324146292,,,14,14
plate_bougie/occlusion_angle/20260823T135620Z/frame_0000.jpg,20260823T135620Z,0,0.0,sift,B,magsac,magsac,False,plate_bougie,plate_bougie,occlusion_angle,False,True,True,False,596.8215679895366,True,False,27.235512010520324,113,40,0.35398230088495575,0.6694087982177734,102510.83884930442,True,plate_bougie,,0.8695652173913043,,,plate_bougie,plate_bougie,False,0.34,0.2,True,False,False,False,642.8591040021274,238.97405254681004,3067.40625,1.555550810083403,0.0,,0,0
plate_bougie/occlusion_angle/20260823T135620Z/frame_0001.jpg,20260823T135620Z,1,0.5,sift,B,magsac,magsac,False,plate_bougie,,occlusion_angle,False,True,False,True,598.3235599996988,False,True,0.000500003807246685,0,0,0.0,,,False,,,,,,,,False,0.0,,False,False,False,True,608.6476130003575,239.56871100045504,3067.40625,1.6429868098396907,,,1,1
plate_bougie/occlusion_angle/20260823T135620Z/frame_0002.jpg,20260823T135620Z,2,1.0,sift,B,magsac,magsac,False,plate_bougie,,occlusion_angle,False,True,False,True,617.1995640033856,False,True,0.001314998371526599,0,0,0.0,,,False,,,,,,,,False,0.0,,False,False,False,True,635.7929030054947,225.0710426674332,3067.40625,1.5728391985390842,,,2,2
plate_bougie/occlusion_angle/20260823T135620Z/frame_0003.jpg,20260823T135620Z,3,1.5,sift,B,magsac,magsac,False,plate_bougie,,occlusion_angle,False,True,False,True,602.3606289963936,False,True,0.0007229973562061787,0,0,0.0,,,False,,,,,,,,False,0.0,,False,False,False,True,613.2056229980662,238.21325526308704,3067.40625,1.6307743479435666,,,3,3
plate_bougie/occlusion_angle/20260823T135620Z/frame_0004.jpg,20260823T135620Z,4,2.0,sift,B,magsac,magsac,False,plate_bougie,plate_bougie,occlusion_angle,False,True,True,False,594.9423559941351,True,False,25.74266999727115,69,36,0.5217391304347826,0.5822373628616333,103125.38337993948,True,plate_bougie,,0.8571428571428571,,,plate_bougie,plate_bougie,False,0.285,0.2,True,False,False,False,637.0593030005693,234.45304918476043,3067.40625,1.569712576662751,,,0,3
plate_bougie/occlusion_angle/20260823T135620Z/frame_0005.jpg,20260823T135620Z,5,2.5,sift,B,magsac,magsac,False,plate_bougie,plate_bougie,occlusion_angle,False,True,True,False,594.9009299947647,True,False,33.576143003301695,138,55,0.39855072463768115,0.6556377410888672,106986.09506576096,True,plate_bougie,,0.9016393442622951,,,plate_bougie,plate_bougie,False,0.35375,0.2,True,False,False,False,638.5410359944217,240.10131652891903,3067.40625,1.566070062267284,,,0,3
plate_bougie/occlusion_angle/20260823T135620Z/frame_0006.jpg,20260823T135620Z,6,3.0,sift,B,magsac,magsac,False,plate_bougie,,occlusion_angle,False,True,False,True,611.6649089963175,False,True,0.0005920010153204203,0,0,0.0,,,False,,,,,,,,False,0.0,,False,False,False,True,624.5991329924436,233.82300852756512,3067.40625,1.6010268781658683,,,1,3
plate_bougie/occlusion_angle/20260823T135620Z/frame_0007.jpg,20260823T135620Z,7,3.5,sift,B,magsac,magsac,False,plate_bougie,,occlusion_angle,False,True,False,True,621.1777440039441,False,True,0.0008520000847056508,0,0,0.0,,,False,,,,,,,,False,0.0,,False,False,False,True,632.0948859938653,234.39189618982675,3067.40625,1.5820409596063483,,,2,3
plate_bougie/occlusion_angle/20260823T135620Z/frame_0008.jpg,20260823T135620Z,8,4.0,sift,B,magsac,magsac,False,plate_bougie,plate_bougie,occlusion_angle,False,True,True,False,602.3429430060787,True,False,26.708812001743354,123,44,0.35772357723577236,0.8224630355834961,104644.03759040043,True,plate_bougie,,0.88,,,plate_bougie,plate_bougie,False,0.34125,0.2,True,False,False,False,643.8810599938734,238.31801870591295,3067.40625,1.5530818688928592,,,0,3
plate_bougie/occlusion_angle/20260823T135620Z/frame_0009.jpg,20260823T135620Z,9,4.5,sift,B,magsac,magsac,False,plate_bougie,,occlusion_angle,False,True,False,True,604.7331890003989,False,True,0.0009259965736418962,0,0,0.0,,,False,,,,,,,,False,0.0,,False,False,False,True,616.8727309996029,237.2476302572959,3067.40625,1.6210799241839784,,,1,3
plate_bougie/occlusion_angle/20260823T135620Z/frame_0010.jpg,20260823T135620Z,10,5.0,sift,B,magsac,magsac,False,plate_bougie,,occlusion_angle,False,True,False,True,598.5225020122016,False,True,0.0004999892553314567,0,0,0.0,,,False,,,,,,,,False,0.0,,False,False,False,True,609.5296619896544,239.56139595135815,3067.40625,1.6406092473592746,,,2,3
plate_bougie/occlusion_angle/20260823T135620Z/frame_0011.jpg,20260823T135620Z,11,5.5,sift,B,magsac,magsac,False,plate_bougie,,occlusion_angle,False,True,False,True,590.9362289967248,False,True,0.0005559995770454407,0,0,0.0,,,False,,,,,,,,False,0.0,,False,False,False,True,603.1822529912461,241.27560016609655,3067.40625,1.657873710708317,,,3,3
plate_bougie/occlusion_angle/20260823T135620Z/frame_0012.jpg,20260823T135620Z,12,6.0,sift,B,magsac,magsac,False,plate_bougie,plate_bougie,occlusion_angle,False,True,True,False,598.9435730007244,True,False,25.094153999816626,105,50,0.47619047619047616,0.5696595311164856,103184.71085118462,True,plate_bougie,,0.8928571428571429,,,plate_bougie,plate_bougie,False,0.33,0.2,True,False,False,False,640.1372099935543,240.12455986044844,3067.40625,1.5621650864664924,,,0,3
plate_bougie/occlusion_angle/20260823T135620Z/frame_0013.jpg,20260823T135620Z,13,6.5,sift,B,magsac,magsac,False,plate_bougie,plate_bougie,occlusion_angle,False,True,True,False,600.1713060104521,True,False,34.20937999908347,103,38,0.36893203883495146,0.5835465788841248,102830.77078502293,True,plate_bougie,,0.8636363636363636,,,plate_bougie,plate_bougie,False,0.35375,0.2,True,False,False,False,644.8615539993625,239.10217882232914,3067.40625,1.5507204512319066,,,0,3
plate_bougie/occlusion_angle/20260823T135620Z/frame_0014.jpg,20260823T135620Z,14,7.0,sift,B,magsac,magsac,False,plate_bougie,,occlusion_angle,False,True,False,True,592.0521299995016,False,True,0.0007219932740554214,0,0,0.0,,,False,,,,,,,,False,0.0,,False,False,False,True,602.935550006805,243.82185973001475,3067.40625,1.6585520624695518,,,1,3
plate_bougie/occlusion_angle/20260823T135620Z/frame_0015.jpg,20260823T135620Z,15,7.5,sift,B,magsac,magsac,False,plate_bougie,,occlusion_angle,False,True,False,True,598.0113929981599,False,True,0.0008150091161951423,0,0,0.0,,,False,,,,,,,,False,0.0,,False,False,False,True,608.5748509940458,241.35327159852747,3067.40625,1.643183247494701,,,2,3
plate_bougie/occlusion_angle/20260823T135620Z/frame_0016.jpg,20260823T135620Z,16,8.0,sift,B,magsac,magsac,False,plate_bougie,plate_bougie,occlusion_angle,False,True,True,False,595.2638520102482,True,False,28.312950002145953,128,47,0.3671875,0.6154534816741943,103970.55590870976,True,plate_bougie,,0.8867924528301887,,,plate_bougie,plate_bougie,False,0.35375,0.2,True,False,False,False,640.2509500039741,239.6105191238631,3067.40625,1.5618875692317096,,,0,3
plate_bougie/occlusion_angle/20260823T135620Z/frame_0017.jpg,20260823T135620Z,17,8.5,sift,B,magsac,magsac,False,plate_bougie,,occlusion_angle,False,True,False,True,622.0272189966636,False,True,0.0008700008038431406,0,0,0.0,,,False,,,,,,,,False,0.0,,False,False,False,True,633.1139719986822,234.8046045022517,3067.40625,1.5794944421193116,,,1,3
plate_bougie/occlusion_angle/20260823T135620Z/frame_0018.jpg,20260823T135620Z,18,9.0,sift,B,magsac,magsac,False,plate_bougie,plate_bougie,occlusion_angle,False,True,True,False,595.4353330016602,True,False,23.598496001795866,105,37,0.3523809523809524,0.6151877045631409,105046.33704812246,True,plate_bougie,,0.8604651162790697,,,plate_bougie,plate_bougie,False,0.36125,0.2,True,False,False,False,629.8042489943327,242.08701742400115,3067.40625,1.5877949404069494,,,0,3
plate_bougie/occlusion_angle/20260823T135620Z/frame_0019.jpg,20260823T135620Z,19,9.5,sift,B,magsac,magsac,False,plate_bougie,plate_bougie,occlusion_angle,False,True,True,False,604.3016530020395,True,False,31.506470011663623,85,41,0.4823529411764706,0.7411232590675354,106013.48686941114,True,plate_bougie,,0.8723404255319149,,,plate_bougie,plate_bougie,False,0.34,0.2,True,False,False,False,650.4498170106672,237.09987022330205,3067.40625,1.5373976190750474,,,0,3
plate_cellule/frontal/20260823T132156Z/frame_0000.jpg,20260823T132156Z,0,0.0,sift,B,magsac,magsac,False,plate_cellule,plate_cellule,frontal,True,False,True,False,440.80755999311805,True,False,28.162267000880092,68,35,0.5147058823529411,0.454712450504303,129048.74662399455,True,plate_cellule,,0.8536585365853658,,,plate_cellule,plate_cellule,False,0.2875,0.2,True,False,False,False,488.3332539902767,258.3405862065507,3067.40625,2.0477819026838406,0.0,,0,0
plate_cellule/frontal/20260823T132156Z/frame_0001.jpg,20260823T132156Z,1,0.5,sift,B,magsac,magsac,False,plate_cellule,plate_cellule,frontal,True,False,True,False,435.79382900497876,True,False,36.63012599281501,81,47,0.5802469135802469,0.5172690749168396,115174.87791695408,True,plate_cellule,,0.8867924528301887,,,plate_cellule,plate_cellule,False,0.28375,0.2,True,False,False,False,483.7502789887367,266.1625129584687,3067.40625,2.0671822703450746,,,0,0
plate_cellule/frontal/20260823T132156Z/frame_0002.jpg,20260823T132156Z,2,1.0,sift,B,magsac,magsac,False,plate_cellule,plate_cellule,frontal,False,True,True,False,610.0415270047961,True,False,32.301836006809026,56,32,0.5714285714285714,0.39930927753448486,118249.32999823533,True,plate_cellule,,0.8421052631578947,,,plate_cellule,plate_cellule,False,0.3175,0.2,True,False,False,False,653.831039002398,236.26805838967297,3067.40625,1.5294471206594589,,,0,0
plate_cellule/frontal/20260823T132156Z/frame_0003.jpg,20260823T132156Z,3,1.5,sift,B,magsac,magsac,False,plate_cellule,plate_cellule,frontal,True,False,True,False,451.47275799536146,True,False,32.14076301082969,66,25,0.3787878787878788,0.33750253915786743,124019.18738746244,True,plate_cellule,,0.8064516129032258,,,plate_cellule,plate_cellule,False,0.30875,0.2,True,False,False,False,494.2461830069078,258.98164801448905,3067.40625,2.023283202545286,,,0,0
plate_cellule/frontal/20260823T132156Z/frame_0004.jpg,20260823T132156Z,4,2.0,sift,B,magsac,magsac,False,plate_cellule,plate_cellule,frontal,True,False,True,False,442.80473300023004,True,False,28.349746993626468,68,32,0.47058823529411764,0.4891521632671356,121542.07519789237,True,plate_cellule,,0.8421052631578947,,,plate_cellule,plate_cellule,False,0.36,0.2,True,False,False,False,482.0591220050119,264.58993633290544,3067.40625,2.074434347058374,,,0,0
plate_cellule/frontal/20260823T132156Z/frame_0005.jpg,20260823T132156Z,5,2.5,sift,B,magsac,magsac,False,plate_cellule,plate_cellule,frontal,True,False,True,False,425.3285919985501,True,False,29.242000993690453,71,35,0.49295774647887325,0.3415531814098358,80022.07965595997,True,plate_cellule,,0.8536585365853658,,,plate_cellule,plate_cellule,False,0.35625,0.2,True,False,False,False,470.6387240003096,267.4733756075677,3067.40625,2.1247720363939755,,,0,0
plate_cellule/frontal/20260823T132156Z/frame_0006.jpg,20260823T132156Z,6,3.0,sift,B,magsac,magsac,False,plate_cellule,plate_cellule,frontal,True,False,True,False,439.37186400580686,True,False,27.850712998770177,94,39,0.4148936170212766,0.3781958520412445,125425.73846488164,True,plate_cellule,,0.8666666666666667,,,plate_cellule,plate_cellule,False,0.4275,0.2,True,False,False,False,477.9137199948309,269.7901727981236,3067.40625,2.0924278968404924,,,0,0
plate_cellule/frontal/20260823T132156Z/frame_0007.jpg,20260823T132156Z,7,3.5,sift,B,magsac,magsac,False,plate_cellule,plate_cellule,frontal,True,False,True,False,455.98315801180433,True,False,28.75002200016752,96,44,0.4583333333333333,0.555769681930542,125845.64095147267,True,plate_cellule,,0.88,,,plate_cellule,plate_cellule,False,0.39,0.2,True,False,False,False,499.0457109961426,254.59261206030428,3067.40625,2.0038244552866815,,,0,0
plate_cellule/frontal/20260823T132156Z/frame_0008.jpg,20260823T132156Z,8,4.0,sift,B,magsac,magsac,False,plate_cellule,plate_cellule,frontal,True,False,True,False,443.1193789932877,True,False,27.295623003738,106,43,0.4056603773584906,0.4196978211402893,125064.32140290298,True,plate_cellule,,0.8775510204081632,,,plate_cellule,plate_cellule,False,0.4275,0.2,True,False,False,False,485.6376939860638,260.6305994518487,3067.40625,2.0591482341333593,,,0,0
plate_cellule/frontal/20260823T132156Z/frame_0009.jpg,20260823T132156Z,9,4.5,sift,B,magsac,magsac,False,plate_cellule,plate_cellule,frontal,True,False,True,False,436.0358269914286,True,False,31.175305004580878,76,40,0.5263157894736842,0.387175977230072,120089.45486432801,True,plate_cellule,,0.8695652173913043,,,plate_cellule,plate_cellule,False,0.4025,0.2,True,False,False,False,481.180274990038,262.7601788178349,3067.40625,2.0782231774166204,,,0,0
plate_cellule/frontal/20260823T132156Z/frame_0010.jpg,20260823T132156Z,10,5.0,sift,B,magsac,magsac,False,plate_cellule,plate_cellule,frontal,True,False,True,False,445.6483649992151,True,False,28.60517099907156,75,42,0.56,0.3826630115509033,120859.79973709516,True,plate_cellule,,0.875,,,plate_cellule,plate_cellule,False,0.4075,0.2,True,False,False,False,484.5687000051839,261.0896234087093,3067.40625,2.0636908656900497,,,0,0
plate_cellule/frontal/20260823T132156Z/frame_0011.jpg,20260823T132156Z,11,5.5,sift,B,magsac,magsac,False,plate_cellule,plate_cellule,frontal,True,False,True,False,447.3103189957328,True,False,29.621239998959936,75,41,0.5466666666666666,0.3470860421657562,118922.07133293283,True,plate_cellule,,0.8723404255319149,,,plate_cellule,plate_cellule,False,0.4075,0.2,True,False,False,False,491.9867879943922,261.07190728354533,3067.40625,2.0325749072989296,,,0,0
plate_cellule/frontal/20260823T132156Z/frame_0012.jpg,20260823T132156Z,12,6.0,sift,B,magsac,magsac,False,plate_cellule,plate_cellule,frontal,True,False,True,False,431.75488800625317,True,False,34.66984099941328,100,47,0.47,0.44848382472991943,119214.1860989155,True,plate_cellule,,0.8867924528301887,,,plate_cellule,plate_cellule,False,0.41375,0.2,True,False,False,False,478.007940997486,263.005661449166,3067.40625,2.0920154546245486,,,0,0
plate_cellule/frontal/20260823T132156Z/frame_0013.jpg,20260823T132156Z,13,6.5,sift,B,magsac,magsac,False,plate_cellule,plate_cellule,frontal,True,False,True,False,454.5510730094975,True,False,31.415303994435817,87,42,0.4827586206896552,0.32113486528396606,119064.9413774419,True,plate_cellule,,0.875,,,plate_cellule,plate_cellule,False,0.3925,0.2,True,False,False,False,496.4083369995933,258.87062831522496,3067.40625,2.0144705990319,,,0,0
plate_cellule/frontal/20260823T132156Z/frame_0014.jpg,20260823T132156Z,14,7.0,sift,B,magsac,magsac,False,plate_cellule,plate_cellule,frontal,True,False,True,False,437.92466800368857,True,False,39.404202994774096,85,43,0.5058823529411764,0.4565456509590149,119201.48953228227,True,plate_cellule,,0.8775510204081632,,,plate_cellule,plate_cellule,False,0.3925,0.2,True,False,False,False,487.5850719981827,262.6118141296902,3067.40625,2.0509241513524583,,,0,0
plate_cellule/frontal/20260823T132156Z/frame_0015.jpg,20260823T132156Z,15,7.5,sift,B,magsac,magsac,False,plate_cellule,plate_cellule,frontal,True,False,True,False,439.3415670056129,True,False,28.52535700367298,70,43,0.6142857142857143,0.39393213391304016,119844.94968395523,True,plate_cellule,,0.8775510204081632,,,plate_cellule,plate_cellule,False,0.39125,0.2,True,False,False,False,479.248212010134,267.5077957250511,3067.40625,2.086601420599258,,,0,0
plate_cellule/frontal/20260823T132156Z/frame_0016.jpg,20260823T132156Z,16,8.0,sift,B,magsac,magsac,False,plate_cellule,plate_cellule,frontal,True,False,True,False,427.09724699670915,True,False,27.564844000153244,87,41,0.47126436781609193,0.44327130913734436,121605.42198316334,True,plate_cellule,,0.8723404255319149,,,plate_cellule,plate_cellule,False,0.4075,0.2,True,False,False,False,469.7852470126236,270.7409513363989,3067.40625,2.12863219174937,,,0,0
plate_cellule/frontal/20260823T132156Z/frame_0017.jpg,20260823T132156Z,17,8.5,sift,B,magsac,magsac,False,plate_cellule,plate_cellule,frontal,True,False,True,False,441.59012800082564,True,False,30.65503000107128,83,49,0.5903614457831325,0.482477605342865,123095.80671357905,True,plate_cellule,,0.8909090909090909,,,plate_cellule,plate_cellule,False,0.41625,0.2,True,False,False,False,484.42784800135996,264.80617873074857,3067.40625,2.0642909034354124,,,0,0
plate_cellule/frontal/20260823T132156Z/frame_0018.jpg,20260823T132156Z,18,9.0,sift,B,magsac,magsac,False,plate_cellule,plate_cellule,frontal,True,False,True,False,446.79700599226635,True,False,25.263765011914074,88,43,0.48863636363636365,0.36147817969322205,121685.01622376038,True,plate_cellule,,0.8775510204081632,,,plate_cellule,plate_cellule,False,0.40625,0.2,True,False,False,False,484.15099798876327,260.3761948724179,3067.40625,2.065471318151056,,,0,0
plate_cellule/frontal/20260823T132156Z/frame_0019.jpg,20260823T132156Z,19,9.5,sift,B,magsac,magsac,False,plate_cellule,plate_cellule,frontal,True,False,True,False,441.4782770036254,True,False,30.480475004878826,84,46,0.5476190476190477,0.38553494215011597,120762.88191691786,True,plate_cellule,,0.8846153846153846,,,plate_cellule,plate_cellule,False,0.41,0.2,True,False,False,False,483.6741309991339,263.63092137385274,3067.40625,2.0675077204031624,,,0,0
plate_cellule/main_sur_bord/20260823T132507Z/frame_0000.jpg,20260823T132507Z,0,0.0,sift,B,magsac,magsac,False,plate_cellule,plate_cellule,main_sur_bord,False,True,True,False,606.631896996987,True,False,31.711043004179373,71,22,0.30985915492957744,0.5042388439178467,172048.75729685253,True,plate_cellule,,0.7857142857142857,,,plate_cellule,plate_cellule,False,0.35625,0.2,True,False,False,False,649.2934139969293,234.84736640300844,3067.40625,1.5401357513303366,0.0,,0,0
plate_cellule/main_sur_bord/20260823T132507Z/frame_0001.jpg,20260823T132507Z,1,0.5,sift,B,magsac,magsac,False,plate_cellule,plate_cellule,main_sur_bord,False,True,True,False,608.9197910041548,True,False,33.79025300091598,58,26,0.4482758620689655,0.4234766364097595,177481.2037329767,True,plate_cellule,,0.8125,,,plate_cellule,plate_cellule,False,0.34625,0.2,True,False,False,False,653.2898729929002,232.64084334222593,3067.40625,1.5307140694202492,,,0,0
plate_cellule/main_sur_bord/20260823T132507Z/frame_0002.jpg,20260823T132507Z,2,1.0,sift,B,magsac,magsac,False,plate_cellule,plate_cellule,main_sur_bord,False,True,True,False,600.6504300021334,True,False,32.64464899257291,63,26,0.4126984126984127,0.4677726626396179,185119.05457845947,True,plate_cellule,,0.8125,,,plate_cellule,plate_cellule,False,0.37,0.2,True,False,False,False,651.7611230083276,235.60417671312882,3067.40625,1.5343044632430816,,,0,0
plate_cellule/main_sur_bord/20260823T132507Z/frame_0003.jpg,20260823T132507Z,3,1.5,sift,B,magsac,magsac,False,plate_cellule,,main_sur_bord,False,True,False,True,592.0843670028262,False,True,0.0005559995770454407,0,0,0.0,,,False,,,,,,,,False,0.0,,False,False,False,True,602.9091579985106,242.03807964111266,3067.40625,1.6586246646505083,,,1,1
plate_cellule/main_sur_bord/20260823T132507Z/frame_0004.jpg,20260823T132507Z,4,2.0,sift,B,magsac,magsac,False,plate_cellule,plate_cellule,main_sur_bord,False,True,True,False,620.136689991341,True,False,28.072211003745906,74,23,0.3108108108108108,0.47094103693962097,179317.52856944362,True,plate_cellule,,0.7931034482758621,,,plate_cellule,plate_cellule,False,0.35,0.2,True,False,False,False,662.7420409931801,230.72835423393704,3067.40625,1.5088826996721194,,,0,1
plate_cellule/main_sur_bord/20260823T132507Z/frame_0005.jpg,20260823T132507Z,5,2.5,sift,B,magsac,magsac,False,plate_cellule,plate_cellule,main_sur_bord,False,True,True,False,600.5168380070245,True,False,28.57833800953813,74,28,0.3783783783783784,0.36617928743362427,178080.46094724815,True,plate_cellule,,0.8235294117647058,,,plate_cellule,plate_cellule,False,0.34375,0.2,True,False,False,False,645.6033970025601,240.01002909745682,3067.40625,1.5489385660652504,,,0,1
plate_cellule/main_sur_bord/20260823T132507Z/frame_0006.jpg,20260823T132507Z,6,3.0,sift,B,magsac,magsac,False,plate_cellule,plate_cellule,main_sur_bord,False,True,True,False,616.3981369900284,True,False,40.3954560024431,83,33,0.39759036144578314,0.5120447278022766,176414.5673473049,True,plate_cellule,plate_chaudron,0.8461538461538461,0.7692307692307693,0.07692307692307687,plate_cellule,plate_cellule,False,0.3725,0.2,True,False,False,False,669.2778930009808,231.73731333715773,3067.40625,1.4941476634109212,,,0,1
plate_cellule/main_sur_bord/20260823T132507Z/frame_0007.jpg,20260823T132507Z,7,3.5,sift,B,magsac,magsac,False,plate_cellule,plate_cellule,main_sur_bord,False,True,True,False,604.7814250050578,True,False,25.214004999725148,74,29,0.3918918918918919,0.3923759460449219,172721.7309031085,True,plate_cellule,,0.8285714285714286,,,plate_cellule,plate_cellule,False,0.36375,0.2,True,False,False,False,642.5514879956609,239.20141385003092,3067.40625,1.5562955166742265,,,0,1
plate_cellule/main_sur_bord/20260823T132507Z/frame_0008.jpg,20260823T132507Z,8,4.0,sift,B,magsac,magsac,False,plate_cellule,plate_cellule,main_sur_bord,False,True,True,False,585.1828690065304,True,False,25.41652299987618,58,26,0.4482758620689655,0.38366204500198364,173575.09173137601,True,plate_cellule,,0.8125,,,plate_cellule,plate_cellule,False,0.35125,0.2,True,False,False,False,622.986321002827,243.71867323762268,3067.40625,1.6051716808007765,,,0,1
plate_cellule/main_sur_bord/20260823T132507Z/frame_0009.jpg,20260823T132507Z,9,4.5,sift,B,magsac,magsac,False,plate_cellule,plate_cellule,main_sur_bord,False,True,True,False,599.0753829973983,True,False,28.328525004326366,59,29,0.4915254237288136,0.4141038656234741,171755.95064504887,True,plate_cellule,,0.8285714285714286,,,plate_cellule,plate_cellule,False,0.365,0.2,True,False,False,False,639.9298739997903,239.96389516900894,3067.40625,1.5626712248166237,,,0,1
plate_cellule/main_sur_bord/20260823T132507Z/frame_0010.jpg,20260823T132507Z,10,5.0,sift,B,magsac,magsac,False,plate_cellule,plate_cellule,main_sur_bord,False,True,True,False,581.4163160102908,True,False,29.43753699946683,56,21,0.375,0.6516558527946472,182765.10286019742,True,plate_cellule,,0.7777777777777778,,,plate_cellule,plate_cellule,False,0.32,0.2,True,False,False,False,624.2357210139744,243.39038809443448,3067.40625,1.6019589496987687,,,0,1
plate_cellule/main_sur_bord/20260823T132507Z/frame_0011.jpg,20260823T132507Z,11,5.5,sift,B,magsac,magsac,False,plate_cellule,,main_sur_bord,False,True,False,True,599.661878994084,False,True,0.0005930050974711776,0,0,0.0,,,False,,,,,,,,False,0.0,,False,False,False,True,611.8985869979952,238.382966555992,3067.40625,1.6342577369005697,,,1,1
plate_cellule/main_sur_bord/20260823T132507Z/frame_0012.jpg,20260823T132507Z,12,6.0,sift,B,magsac,magsac,False,plate_cellule,,main_sur_bord,False,True,False,True,609.5740080054384,False,True,0.000667001586407423,0,0,0.0,,,False,,,,,,,,False,0.0,,False,False,False,True,620.2025590027915,236.77766121461326,3067.40625,1.6123764494101338,,,2,2
plate_cellule/main_sur_bord/20260823T132507Z/frame_0013.jpg,20260823T132507Z,13,6.5,sift,B,magsac,magsac,False,plate_cellule,plate_cellule,main_sur_bord,False,True,True,False,612.8312119981274,True,False,34.01447400392499,63,23,0.36507936507936506,0.551158607006073,152543.7069415853,True,plate_cellule,,0.7931034482758621,,,plate_cellule,plate_cellule,False,0.3175,0.2,True,False,False,False,657.2493489948101,232.508106297423,3067.40625,1.5214925682762392,,,0,2
plate_cellule/main_sur_bord/20260823T132507Z/frame_0014.jpg,20260823T132507Z,14,7.0,sift,B,magsac,magsac,False,plate_cellule,plate_cellule,main_sur_bord,False,True,True,False,600.8887049974874,True,False,23.377589997835457,45,21,0.4666666666666667,0.5476909279823303,89799.02120278217,True,plate_cellule,,0.7777777777777778,,,plate_cellule,plate_cellule,False,0.23875,0.2,True,False,False,False,634.5531249971827,238.46879975678434,3067.40625,1.5759121823006383,,,0,2
plate_cellule/main_sur_bord/20260823T132507Z/frame_0015.jpg,20260823T132507Z,15,7.5,sift,B,magsac,magsac,False,plate_cellule,plate_cellule,main_sur_bord,False,True,True,False,614.6569050033577,True,False,28.24169199448079,81,35,0.43209876543209874,0.34500834345817566,141597.01542321919,True,plate_cellule,,0.8536585365853658,,,plate_cellule,plate_cellule,False,0.365,0.2,True,False,False,False,656.3738910044776,233.64559026762538,3067.40625,1.523521903757714,,,0,2
plate_cellule/main_sur_bord/20260823T132507Z/frame_0016.jpg,20260823T132507Z,16,8.0,sift,B,magsac,magsac,False,plate_cellule,plate_cellule,main_sur_bord,False,True,True,False,595.0942750059767,True,False,28.293451003264636,73,37,0.5068493150684932,0.4484390914440155,139220.64646492293,True,plate_cellule,,0.8604651162790697,,,plate_cellule,plate_cellule,False,0.3525,0.2,True,False,False,False,634.2861820012331,241.65197453363967,3067.40625,1.576575414026686,,,0,2
plate_cellule/main_sur_bord/20260823T132507Z/frame_0017.jpg,20260823T132507Z,17,8.5,sift,B,magsac,magsac,False,plate_cellule,plate_cellule,main_sur_bord,False,True,True,False,597.8671299963025,True,False,29.07016901008319,66,24,0.36363636363636365,0.40436846017837524,149206.35710722953,True,plate_cellule,,0.8,,,plate_cellule,plate_cellule,False,0.3525,0.2,True,False,False,False,641.5224560041679,234.92983634390984,3067.40625,1.5587918873934214,,,0,2
plate_cellule/main_sur_bord/20260823T132507Z/frame_0018.jpg,20260823T132507Z,18,9.0,sift,B,magsac,magsac,False,plate_cellule,plate_cellule,main_sur_bord,False,True,True,False,587.8360380011145,True,False,28.51293099229224,78,30,0.38461538461538464,0.36552903056144714,153575.53842328768,True,plate_cellule,,0.8333333333333334,,,plate_cellule,plate_cellule,False,0.35625,0.2,True,False,False,False,629.090285001439,244.56537712968944,3067.40625,1.58959695268178,,,0,2
plate_cellule/main_sur_bord/20260823T132507Z/frame_0019.jpg,20260823T132507Z,19,9.5,sift,B,magsac,magsac,False,plate_cellule,plate_cellule,main_sur_bord,False,True,True,False,603.3635420026258,True,False,25.183689998812042,92,36,0.391304347826087,0.45629584789276123,149453.48464352684,True,plate_cellule,,0.8571428571428571,,,plate_cellule,plate_cellule,False,0.36875,0.2,True,False,False,False,647.1279420075007,238.7768395854716,3067.40625,1.545289478457429,,,0,2
plate_cellule/occlusion_angle/20260823T132607Z/frame_0000.jpg,20260823T132607Z,0,0.0,sift,B,magsac,magsac,False,plate_cellule,plate_cellule,occlusion_angle,False,True,True,False,592.6721400028327,True,False,30.193661994417198,78,40,0.5128205128205128,0.5202146172523499,127094.83659333712,True,plate_cellule,plate_bois,0.8695652173913043,0.6470588235294118,0.22250639386189253,plate_cellule,plate_cellule,False,0.34,0.2,True,False,False,False,635.7733030017698,244.45636088555278,3067.40625,1.5728876869767152,0.0,,0,0
plate_cellule/occlusion_angle/20260823T132607Z/frame_0001.jpg,20260823T132607Z,1,0.5,sift,B,magsac,magsac,False,plate_cellule,plate_cellule,occlusion_angle,False,True,True,False,609.5246740005678,True,False,35.40702199097723,83,32,0.3855421686746988,0.5360986590385437,126350.31936225953,True,plate_cellule,plate_bois,0.8421052631578947,0.6470588235294118,0.1950464396284829,plate_cellule,plate_cellule,False,0.33125,0.2,True,False,False,False,655.6537270080298,237.06290591725156,3067.40625,1.5251953261416493,,,0,0
plate_cellule/occlusion_angle/20260823T132607Z/frame_0002.jpg,20260823T132607Z,2,1.0,sift,B,magsac,magsac,False,plate_cellule,plate_cellule,occlusion_angle,False,True,True,False,608.3817729959264,True,False,30.03934898879379,64,24,0.375,0.6405513882637024,129595.28062475659,True,plate_cellule,,0.8,,,plate_cellule,plate_cellule,False,0.3075,0.2,True,False,False,False,649.0621349948924,233.42842900732933,3067.40625,1.5406845447976552,,,0,0
plate_cellule/occlusion_angle/20260823T132607Z/frame_0003.jpg,20260823T132607Z,3,1.5,sift,B,magsac,magsac,False,plate_cellule,plate_cellule,occlusion_angle,False,True,True,False,604.2400559963426,True,False,31.240915996022522,97,40,0.41237113402061853,0.653407096862793,136668.3156514644,True,plate_cellule,,0.8695652173913043,,,plate_cellule,plate_cellule,False,0.35875,0.2,True,False,False,False,648.060103005264,235.87788013971132,3067.40625,1.5430667547079,,,0,0
plate_cellule/occlusion_angle/20260823T132607Z/frame_0004.jpg,20260823T132607Z,4,2.0,sift,B,magsac,magsac,False,plate_cellule,plate_cellule,occlusion_angle,False,True,True,False,585.3162739949767,True,False,31.98030100611504,113,40,0.35398230088495575,0.6723683476448059,139997.6966146035,True,plate_cellule,,0.8695652173913043,,,plate_cellule,plate_cellule,False,0.3725,0.2,True,False,False,False,628.6351579910843,242.16371716543156,3067.40625,1.5907478086266735,,,0,0
plate_cellule/occlusion_angle/20260823T132607Z/frame_0005.jpg,20260823T132607Z,5,2.5,sift,B,magsac,magsac,False,plate_cellule,plate_cellule,occlusion_angle,False,True,True,False,584.4633529923158,True,False,36.55414500099141,95,43,0.45263157894736844,0.661319375038147,135596.56851118972,True,plate_cellule,,0.8775510204081632,,,plate_cellule,plate_cellule,False,0.36625,0.2,True,False,False,False,631.7341210087761,243.33532413055116,3067.40625,1.582944417191149,,,0,0
plate_cellule/occlusion_angle/20260823T132607Z/frame_0006.jpg,20260823T132607Z,6,3.0,sift,B,magsac,magsac,False,plate_cellule,plate_cellule,occlusion_angle,False,True,True,False,594.084242999088,True,False,28.592151997145265,89,33,0.3707865168539326,0.6392412185668945,134383.20701033555,True,plate_cellule,,0.8461538461538461,,,plate_cellule,plate_cellule,False,0.35625,0.2,True,False,False,False,633.3995379973203,241.8099496634752,3067.40625,1.5787823324939505,,,0,0
plate_cellule/occlusion_angle/20260823T132607Z/frame_0007.jpg,20260823T132607Z,7,3.5,sift,B,magsac,magsac,False,plate_cellule,plate_cellule,occlusion_angle,False,True,True,False,583.670207997784,True,False,35.815333991195075,77,35,0.45454545454545453,0.6436702013015747,134645.81193861816,True,plate_cellule,,0.8536585365853658,,,plate_cellule,plate_cellule,False,0.355,0.2,True,False,False,False,636.271631999989,238.30535635132782,3067.40625,1.5716557987297117,,,0,0
plate_cellule/occlusion_angle/20260823T132607Z/frame_0008.jpg,20260823T132607Z,8,4.0,sift,B,magsac,magsac,False,plate_cellule,plate_cellule,occlusion_angle,False,True,True,False,575.2384789957432,True,False,32.38516800047364,94,42,0.44680851063829785,0.7419227361679077,136482.15927835554,True,plate_cellule,,0.875,,,plate_cellule,plate_cellule,False,0.36875,0.2,True,False,False,False,618.3866780047538,247.61291962829316,3067.40625,1.6171111629159525,,,0,0
plate_cellule/occlusion_angle/20260823T132607Z/frame_0009.jpg,20260823T132607Z,9,4.5,sift,B,magsac,magsac,False,plate_cellule,plate_cellule,occlusion_angle,False,True,True,False,610.5231110122986,True,False,31.260674993973225,110,41,0.37272727272727274,0.5593565702438354,135342.3896545638,True,plate_cellule,,0.8723404255319149,,,plate_cellule,plate_cellule,False,0.36375,0.2,True,False,False,False,655.0242850062205,234.91056655790808,3067.40625,1.5266609542430987,,,0,0
plate_cellule/occlusion_angle/20260823T132607Z/frame_0010.jpg,20260823T132607Z,10,5.0,sift,B,magsac,magsac,False,plate_cellule,plate_cellule,occlusion_angle,False,True,True,False,590.5810210097115,True,False,32.73611099575646,91,42,0.46153846153846156,0.6030087471008301,135507.886919084,True,plate_cellule,,0.875,,,plate_cellule,plate_cellule,False,0.345,0.2,True,False,False,False,634.0342369949212,241.77552339532343,3067.40625,1.5772018948686681,,,0,0
plate_cellule/occlusion_angle/20260823T132607Z/frame_0011.jpg,20260823T132607Z,11,5.5,sift,B,magsac,magsac,False,plate_cellule,plate_cellule,occlusion_angle,False,True,True,False,586.159600992687,True,False,36.4223119977396,88,33,0.375,0.6520782113075256,136036.52528444247,True,plate_cellule,,0.8461538461538461,,,plate_cellule,plate_cellule,False,0.34125,0.2,True,False,False,False,633.3970929990755,241.35743641662222,3067.40625,1.5787884268067829,,,0,0
plate_cellule/occlusion_angle/20260823T132607Z/frame_0012.jpg,20260823T132607Z,12,6.0,sift,B,magsac,magsac,False,plate_cellule,plate_cellule,occlusion_angle,False,True,True,False,576.5293779986678,True,False,36.244960996555164,71,31,0.43661971830985913,0.5282274484634399,135578.089207986,True,plate_cellule,,0.8378378378378378,,,plate_cellule,plate_cellule,False,0.32,0.2,True,False,False,False,625.9372829954373,242.8956988668575,3067.40625,1.5976041484771077,,,0,0
plate_cellule/occlusion_angle/20260823T132607Z/frame_0013.jpg,20260823T132607Z,13,6.5,sift,B,magsac,magsac,False,plate_cellule,plate_cellule,occlusion_angle,False,True,True,False,587.4964079994243,True,False,36.06038801081013,103,42,0.4077669902912621,0.628849983215332,134495.70212711024,True,plate_cellule,,0.875,,,plate_cellule,plate_cellule,False,0.35625,0.2,True,False,False,False,634.7297140018782,238.69556798400077,3067.40625,1.5754737456596226,,,0,0
plate_cellule/occlusion_angle/20260823T132607Z/frame_0014.jpg,20260823T132607Z,14,7.0,sift,B,magsac,magsac,False,plate_cellule,plate_cellule,occlusion_angle,False,True,True,False,576.8017659866018,True,False,29.73775699501857,86,42,0.4883720930232558,0.5713472366333008,133451.96525649622,True,plate_cellule,,0.875,,,plate_cellule,plate_cellule,False,0.36125,0.2,True,False,False,False,617.1179259981727,245.95124433389398,3067.40625,1.6204358322317816,,,0,0
plate_cellule/occlusion_angle/20260823T132607Z/frame_0015.jpg,20260823T132607Z,15,7.5,sift,B,magsac,magsac,False,plate_cellule,plate_cellule,occlusion_angle,False,True,True,False,597.8392940014601,True,False,27.165902007254772,100,34,0.34,0.8703163862228394,136831.11780875386,True,plate_cellule,,0.85,,,plate_cellule,plate_cellule,False,0.36125,0.2,True,False,False,False,635.739449004177,236.03214404115326,3067.40625,1.5729714454033035,,,0,0
plate_cellule/occlusion_angle/20260823T132607Z/frame_0016.jpg,20260823T132607Z,16,8.0,sift,B,magsac,magsac,False,plate_cellule,plate_cellule,occlusion_angle,False,True,True,False,588.1848669960164,True,False,27.192549998289905,110,38,0.34545454545454546,0.6275309324264526,137551.064055283,True,plate_cellule,,0.8636363636363636,,,plate_cellule,plate_cellule,False,0.325,0.2,True,False,False,False,626.2452439987101,243.45043297496295,3067.40625,1.5968185141252103,,,0,0
plate_cellule/occlusion_angle/20260823T132607Z/frame_0017.jpg,20260823T132607Z,17,8.5,sift,B,magsac,magsac,False,plate_cellule,plate_cellule,occlusion_angle,False,True,True,False,587.1641870035091,True,False,30.073959002038464,117,39,0.3333333333333333,0.7159422039985657,139108.13376649344,True,plate_cellule,,0.8666666666666667,,,plate_cellule,plate_cellule,False,0.36125,0.2,True,False,False,False,630.0341109890724,243.94751842676956,3067.40625,1.5872156484196212,,,0,0
plate_cellule/occlusion_angle/20260823T132607Z/frame_0018.jpg,20260823T132607Z,18,9.0,sift,B,magsac,magsac,False,plate_cellule,plate_cellule,occlusion_angle,False,True,True,False,605.0680300104432,True,False,31.30732300633099,89,39,0.43820224719101125,0.804909348487854,138330.502628873,True,plate_cellule,,0.8666666666666667,,,plate_cellule,plate_cellule,False,0.36625,0.2,True,False,False,False,649.108798999805,237.19612727056193,3067.40625,1.540573785998394,,,0,0
plate_cellule/occlusion_angle/20260823T132607Z/frame_0019.jpg,20260823T132607Z,19,9.5,sift,B,magsac,magsac,False,plate_cellule,plate_cellule,occlusion_angle,False,True,True,False,591.0653690079926,True,False,31.648357995436527,84,30,0.35714285714285715,1.2202796936035156,136012.6320346233,True,plate_cellule,,0.8333333333333334,,,plate_cellule,plate_cellule,False,0.33875,0.2,True,False,False,False,634.7825279954122,240.96647679173014,3067.40625,1.5753426660275491,,,0,0
plate_chaudron/frontal/20260823T135713Z/frame_0000.jpg,20260823T135713Z,0,0.0,sift,B,magsac,magsac,False,plate_chaudron,plate_chaudron,frontal,True,False,True,False,450.0142250035424,True,False,28.36320899950806,89,43,0.48314606741573035,0.5945175886154175,93776.29577767859,True,plate_chaudron,,0.8775510204081632,,,plate_chaudron,plate_chaudron,False,0.45125,0.2,True,False,False,False,492.06591199617833,265.9773378104183,3067.40625,2.032248070067017,0.0,,0,0
plate_chaudron/frontal/20260823T135713Z/frame_0001.jpg,20260823T135713Z,1,0.5,sift,B,magsac,magsac,False,plate_chaudron,,frontal,True,False,False,True,454.9328080029227,False,True,0.0009820068953558803,0,0,0.0,,,False,,,,,,,,False,0.0,,False,False,False,True,471.7661750037223,262.6697062353525,3067.40625,2.11969414719508,,,1,1
plate_chaudron/frontal/20260823T135713Z/frame_0002.jpg,20260823T135713Z,2,1.0,sift,B,magsac,magsac,False,plate_chaudron,plate_chaudron,frontal,True,False,True,False,452.48496999556664,True,False,28.255765995709226,106,40,0.37735849056603776,0.8089022040367126,144248.82548603287,True,plate_chaudron,,0.8695652173913043,,,plate_chaudron,plate_chaudron,False,0.46,0.2,True,False,False,False,492.57064900302794,264.01395751698533,3067.40625,2.030165626035612,,,0,1
plate_chaudron/frontal/20260823T135713Z/frame_0003.jpg,20260823T135713Z,3,1.5,sift,B,magsac,magsac,False,plate_chaudron,plate_chaudron,frontal,True,False,True,False,465.5738590081455,True,False,33.808309002779424,95,43,0.45263157894736844,0.6219612956047058,92246.18904712974,True,plate_chaudron,,0.8775510204081632,,,plate_chaudron,plate_chaudron,False,0.42,0.2,True,False,False,False,511.0421930003213,250.98084337611644,3067.40625,1.9567855916729977,,,0,1
plate_chaudron/frontal/20260823T135713Z/frame_0004.jpg,20260823T135713Z,4,2.0,sift,B,magsac,magsac,False,plate_chaudron,plate_chaudron,frontal,True,False,True,False,458.1317159900209,True,False,31.165804000920616,82,39,0.47560975609756095,0.6969953179359436,93745.49159420024,True,plate_chaudron,,0.8666666666666667,,,plate_chaudron,plate_chaudron,False,0.45125,0.2,True,False,False,False,501.6150979936356,260.15473182918026,3067.40625,1.9935604091659296,,,0,1
plate_chaudron/frontal/20260823T135713Z/frame_0005.jpg,20260823T135713Z,5,2.5,sift,B,magsac,magsac,False,plate_chaudron,,frontal,False,True,False,True,593.2264849980129,False,True,0.0005189940566197038,0,0,0.0,,,False,,,,,,,,False,0.0,,False,False,False,True,605.9733760048402,241.35109097405328,3067.40625,1.6502375180126931,,,1,1
plate_chaudron/frontal/20260823T135713Z/frame_0006.jpg,20260823T135713Z,6,3.0,sift,B,magsac,magsac,False,plate_chaudron,,frontal,True,False,False,True,474.9884530028794,False,True,0.0014630059013143182,0,0,0.0,,,False,,,,,,,,False,0.0,,False,False,False,True,485.36993100424297,258.19788988721876,3067.40625,2.0602841999935473,,,2,2
plate_chaudron/frontal/20260823T135713Z/frame_0007.jpg,20260823T135713Z,7,3.5,sift,B,magsac,magsac,False,plate_chaudron,plate_chaudron,frontal,True,False,True,False,460.72564499627333,True,False,35.35892900254112,85,46,0.5411764705882353,0.5761330723762512,93513.1964687451,True,plate_chaudron,,0.8846153846153846,,,plate_chaudron,plate_chaudron,False,0.47,0.2,True,False,False,False,510.5554170004325,258.55165571553664,3067.40625,1.9586512388314408,,,0,2
plate_chaudron/frontal/20260823T135713Z/frame_0008.jpg,20260823T135713Z,8,4.0,sift,B,magsac,magsac,False,plate_chaudron,plate_chaudron,frontal,True,False,True,False,471.8946360080736,True,False,32.40759400068782,113,38,0.336283185840708,0.6521060466766357,144174.80245695042,True,plate_chaudron,,0.8636363636363636,,,plate_chaudron,plate_chaudron,False,0.48,0.2,True,False,False,False,514.5989320008084,254.66273023627912,3067.40625,1.9432609315995024,,,0,2
plate_chaudron/frontal/20260823T135713Z/frame_0009.jpg,20260823T135713Z,9,4.5,sift,B,magsac,magsac,False,plate_chaudron,plate_chaudron,frontal,True,False,True,False,464.0014960023109,True,False,26.46673900017049,76,41,0.5394736842105263,0.6111154556274414,143871.51007529753,True,plate_chaudron,,0.8723404255319149,,,plate_chaudron,plate_chaudron,False,0.48875,0.2,True,False,False,False,502.0987799944123,260.19171486824354,3067.40625,1.99163997174247,,,0,2
plate_chaudron/frontal/20260823T135713Z/frame_0010.jpg,20260823T135713Z,10,5.0,sift,B,magsac,magsac,False,plate_chaudron,,frontal,True,False,False,True,455.61756200913806,False,True,0.0013700046110898256,0,0,0.0,,,False,,,,,,,,False,0.0,,False,False,False,True,467.2006080072606,264.52741559376494,3067.40625,2.140408173408155,,,1,2
plate_chaudron/frontal/20260823T135713Z/frame_0011.jpg,20260823T135713Z,11,5.5,sift,B,magsac,magsac,False,plate_chaudron,plate_chaudron,frontal,True,False,True,False,462.4606340075843,True,False,37.29532498982735,122,41,0.3360655737704918,0.5617390275001526,143951.55636286605,True,plate_chaudron,,0.8723404255319149,,,plate_chaudron,plate_chaudron,False,0.5075,0.2,True,False,False,False,509.93108699913137,255.79935706140867,3067.40625,1.9610492976312766,,,0,2
plate_chaudron/frontal/20260823T135713Z/frame_0012.jpg,20260823T135713Z,12,6.0,sift,B,magsac,magsac,False,plate_chaudron,,frontal,True,False,False,True,459.1505610005697,False,True,0.0004809990059584379,0,0,0.0,,,False,,,,,,,,False,0.0,,False,False,False,True,469.00833799736574,264.65921678496176,3067.40625,2.1321582560129597,,,1,2
plate_chaudron/frontal/20260823T135713Z/frame_0013.jpg,20260823T135713Z,13,6.5,sift,B,magsac,magsac,False,plate_chaudron,plate_chaudron,frontal,False,True,True,False,586.3953940133797,True,False,34.55724800005555,58,20,0.3448275862068966,0.3962300717830658,142536.52568215295,True,plate_chaudron,,0.7692307692307693,,,plate_chaudron,plate_chaudron,False,0.41625,0.2,True,False,False,False,633.3144420059398,239.12113691949992,3067.40625,1.5789944673180547,,,0,2
plate_chaudron/frontal/20260823T135713Z/frame_0014.jpg,20260823T135713Z,14,7.0,sift,B,magsac,magsac,False,plate_chaudron,plate_chaudron,frontal,True,False,True,False,459.06878300593235,True,False,33.44708798977081,134,47,0.35074626865671643,0.610209047794342,141355.66916499357,True,plate_chaudron,,0.8867924528301887,,,plate_chaudron,plate_chaudron,False,0.465,0.2,True,False,False,False,502.6424060051795,256.91699637190555,3067.40625,1.9894859408055903,,,0,2
plate_chaudron/frontal/20260823T135713Z/frame_0015.jpg,20260823T135713Z,15,7.5,sift,B,magsac,magsac,False,plate_chaudron,,frontal,True,False,False,True,445.1480650022859,False,True,0.0005549954948946834,0,0,0.0,,,False,,,,,,,,False,0.0,,False,False,False,True,455.12030499230605,268.26220267642447,3067.40625,2.1972212380568372,,,1,2
plate_chaudron/frontal/20260823T135713Z/frame_0016.jpg,20260823T135713Z,16,8.0,sift,B,magsac,magsac,False,plate_chaudron,,frontal,True,False,False,True,448.37395499052946,False,True,0.0005549954948946834,0,0,0.0,,,False,,,,,,,,False,0.0,,False,False,False,True,458.0510480009252,265.55241589525497,3067.40625,2.183162781450464,,,2,2
plate_chaudron/frontal/20260823T135713Z/frame_0017.jpg,20260823T135713Z,17,8.5,sift,B,magsac,magsac,False,plate_chaudron,,frontal,True,False,False,True,441.7025110014947,False,True,0.0005559995770454407,0,0,0.0,,,False,,,,,,,,False,0.0,,False,False,False,True,453.81931301380973,265.85718267201275,3067.40625,2.203520148490397,,,3,3
plate_chaudron/frontal/20260823T135713Z/frame_0018.jpg,20260823T135713Z,18,9.0,sift,B,magsac,magsac,False,plate_chaudron,,frontal,True,False,False,True,447.69456899666693,False,True,0.002278000465594232,0,0,0.0,,,False,,,,,,,,False,0.0,,False,False,False,True,461.0390310117509,267.4491145129493,3067.40625,2.1690137553115587,,,4,4
plate_chaudron/frontal/20260823T135713Z/frame_0019.jpg,20260823T135713Z,19,9.5,sift,B,magsac,magsac,False,plate_chaudron,plate_chaudron,frontal,True,False,True,False,452.41498699760996,True,False,38.195986999198794,108,42,0.3888888888888889,0.7144007682800293,145417.9005526409,True,plate_chaudron,,0.875,,,plate_chaudron,plate_chaudron,False,0.47125,0.2,True,False,False,False,506.71810399217065,258.10344128147386,3067.40625,1.9734838603979523,,,0,4
plate_chaudron/main_sur_bord/20260823T135744Z/frame_0000.jpg,20260823T135744Z,0,0.0,sift,B,magsac,magsac,False,plate_chaudron,plate_chaudron,main_sur_bord,False,True,True,False,596.0489860008238,True,False,29.619424007250927,90,32,0.35555555555555557,0.6085745096206665,175570.86052868693,True,plate_chaudron,,0.8421052631578947,,,plate_chaudron,plate_chaudron,False,0.45625,0.2,True,False,False,False,637.0235499925911,242.59987719731103,3067.40625,1.5698006769320074,0.0,,0,0
plate_chaudron/main_sur_bord/20260823T135744Z/frame_0001.jpg,20260823T135744Z,1,0.5,sift,B,magsac,magsac,False,plate_chaudron,plate_chaudron,main_sur_bord,False,True,True,False,596.0184130090056,True,False,31.400321997352876,70,30,0.42857142857142855,0.43629807233810425,174932.08410268987,True,plate_chaudron,,0.8333333333333334,,,plate_chaudron,plate_chaudron,False,0.4625,0.2,True,False,False,False,638.730039994698,241.9748887985388,3067.40625,1.565606652864332,,,0,0
plate_chaudron/main_sur_bord/20260823T135744Z/frame_0002.jpg,20260823T135744Z,2,1.0,sift,B,magsac,magsac,False,plate_chaudron,plate_chaudron,main_sur_bord,False,True,True,False,606.3368730101502,True,False,28.320154000539333,70,34,0.4857142857142857,0.6181467175483704,175349.71321714506,True,plate_chaudron,,0.85,,,plate_chaudron,plate_chaudron,False,0.455,0.2,True,False,False,False,651.2432470044587,236.4554127943921,3067.40625,1.5355245595247664,,,0,0
plate_chaudron/main_sur_bord/20260823T135744Z/frame_0003.jpg,20260823T135744Z,3,1.5,sift,B,magsac,magsac,False,plate_chaudron,,main_sur_bord,False,True,False,True,593.9039249933558,False,True,0.000776999513618648,0,0,0.0,,,False,,,,,,,,False,0.0,,False,False,False,True,609.8984080017544,238.05342102087437,3067.40625,1.6396173311492288,,,1,1
plate_chaudron/main_sur_bord/20260823T135744Z/frame_0004.jpg,20260823T135744Z,4,2.0,sift,B,magsac,magsac,False,plate_chaudron,plate_chaudron,main_sur_bord,False,True,True,False,599.5812070032116,True,False,35.34603999287356,68,31,0.45588235294117646,0.6338858008384705,178130.35577809217,True,plate_chaudron,,0.8378378378378378,,,plate_chaudron,plate_chaudron,False,0.45875,0.2,True,False,False,False,649.6781439927872,236.88412027249916,3067.40625,1.5392237052245705,,,0,1
plate_chaudron/main_sur_bord/20260823T135744Z/frame_0005.jpg,20260823T135744Z,5,2.5,sift,B,magsac,magsac,False,plate_chaudron,,main_sur_bord,False,True,False,True,603.0558529892005,False,True,0.0007030030246824026,0,0,0.0,,,False,,,,,,,,False,0.0,,False,False,False,True,615.6992629985325,236.92756474900995,3067.40625,1.6241695582513365,,,1,1
plate_chaudron/main_sur_bord/20260823T135744Z/frame_0006.jpg,20260823T135744Z,6,3.0,sift,B,magsac,magsac,False,plate_chaudron,plate_chaudron,main_sur_bord,False,True,True,False,594.7526050003944,True,False,34.94611699716188,64,27,0.421875,0.6333162188529968,187024.5892744961,True,plate_chaudron,,0.8181818181818182,,,plate_chaudron,plate_chaudron,False,0.46125,0.2,True,False,False,False,641.3091369904578,236.17566484516323,3067.40625,1.559310389202952,,,0,1
plate_chaudron/main_sur_bord/20260823T135744Z/frame_0007.jpg,20260823T135744Z,7,3.5,sift,B,magsac,magsac,False,plate_chaudron,,main_sur_bord,False,True,False,True,608.6522099940339,False,True,0.000500003807246685,0,0,0.0,,,False,,,,,,,,False,0.0,,False,False,False,True,621.3292309985263,235.67925359743538,3067.40625,1.60945268644921,,,1,1
plate_chaudron/main_sur_bord/20260823T135744Z/frame_0008.jpg,20260823T135744Z,8,4.0,sift,B,magsac,magsac,False,plate_chaudron,,main_sur_bord,False,True,False,True,587.7175880013965,False,True,0.0007029884727671742,0,0,0.0,,,False,,,,,,,,False,0.0,,False,False,False,True,598.8767850067234,244.5219486982762,3067.40625,1.6697925600652117,,,2,2
plate_chaudron/main_sur_bord/20260823T135744Z/frame_0009.jpg,20260823T135744Z,9,4.5,sift,B,magsac,magsac,False,plate_chaudron,plate_chaudron,main_sur_bord,False,True,True,False,594.6412899938878,True,False,25.712816990562715,69,29,0.42028985507246375,0.48693713545799255,183042.9395599115,True,plate_chaudron,,0.8285714285714286,,,plate_chaudron,plate_chaudron,False,0.45125,0.2,True,False,False,False,634.819486993365,241.01374427657035,3067.40625,1.5752509500554317,,,0,2
plate_chaudron/main_sur_bord/20260823T135744Z/frame_0010.jpg,20260823T135744Z,10,5.0,sift,B,magsac,magsac,False,plate_chaudron,plate_chaudron,main_sur_bord,False,True,True,False,607.5393089995487,True,False,26.329183994675986,73,30,0.410958904109589,0.5286514163017273,179401.68754129825,True,plate_chaudron,plate_bois,0.8333333333333334,0.5,0.33333333333333337,plate_chaudron,plate_chaudron,False,0.45125,0.2,True,False,False,False,646.3214220129885,237.42538042768743,3067.40625,1.5472177866013916,,,0,2
plate_chaudron/main_sur_bord/20260823T135744Z/frame_0011.jpg,20260823T135744Z,11,5.5,sift,B,magsac,magsac,False,plate_chaudron,,main_sur_bord,False,True,False,True,591.0139579937095,False,True,0.0012410018825903535,0,0,0.0,,,False,,,,,,,,False,0.0,,False,False,False,True,604.7818799997913,240.47608503093522,3067.40625,1.653488692485868,,,1,2
plate_chaudron/main_sur_bord/20260823T135744Z/frame_0012.jpg,20260823T135744Z,12,6.0,sift,B,magsac,magsac,False,plate_chaudron,,main_sur_bord,False,True,False,True,571.537678988534,False,True,0.0006479967851191759,0,0,0.0,,,False,,,,,,,,False,0.0,,False,False,False,True,585.5820449942257,247.2678908750084,3067.40625,1.7077026328733504,,,2,2
plate_chaudron/main_sur_bord/20260823T135744Z/frame_0013.jpg,20260823T135744Z,13,6.5,sift,B,magsac,magsac,False,plate_chaudron,,main_sur_bord,False,True,False,True,566.8193909950787,False,True,0.0015740079106763005,0,0,0.0,,,False,,,,,,,,False,0.0,,False,False,False,True,580.7180350093404,247.8665542007546,3067.40625,1.722006102296988,,,3,3
plate_chaudron/main_sur_bord/20260823T135744Z/frame_0014.jpg,20260823T135744Z,14,7.0,sift,B,magsac,magsac,False,plate_chaudron,,main_sur_bord,False,True,True,False,607.3189390008338,False,True,33.48953199747484,17,7,0.4117647058823529,0.0008550369529984891,528.4631658975268,True,plate_bois,,0.5384615384615384,,,,plate_bois,False,0.002642007926023778,0.2,False,False,False,True,654.1125630028546,237.64415391501882,3067.40625,1.5287888607570375,,,4,4
plate_chaudron/main_sur_bord/20260823T135744Z/frame_0015.jpg,20260823T135744Z,15,7.5,sift,B,magsac,magsac,False,plate_chaudron,,main_sur_bord,False,True,False,True,595.3888039948652,False,True,0.0008150091161951423,0,0,0.0,,,False,,,,,,,,False,0.0,,False,False,False,True,606.9453109957976,237.5891168240646,3067.40625,1.6475949016878126,,,5,5
plate_chaudron/main_sur_bord/20260823T135744Z/frame_0016.jpg,20260823T135744Z,16,8.0,sift,B,magsac,magsac,False,plate_chaudron,,main_sur_bord,False,True,False,True,607.1440700034145,False,True,0.0008709903340786695,0,0,0.0,,,False,,,,,,,,False,0.0,,False,False,False,True,616.4199990016641,235.68205823187452,3067.40625,1.6222705324609372,,,6,6
plate_chaudron/main_sur_bord/20260823T135744Z/frame_0017.jpg,20260823T135744Z,17,8.5,sift,B,magsac,magsac,False,plate_chaudron,,main_sur_bord,False,True,False,True,589.7394089988666,False,True,0.0009079958545044065,0,0,0.0,,,False,,,,,,,,False,0.0,,False,False,False,True,600.8801059942925,240.35849807510291,3067.40625,1.664225508590059,,,7,7
plate_chaudron/main_sur_bord/20260823T135744Z/frame_0018.jpg,20260823T135744Z,18,9.0,sift,B,magsac,magsac,False,plate_chaudron,,main_sur_bord,False,True,False,True,581.0109219892183,False,True,0.0006290065357461572,0,0,0.0,,,False,,,,,,,,False,0.0,,False,False,False,True,592.617613991024,242.32601041483056,3067.40625,1.687428750666777,,,8,8
plate_chaudron/main_sur_bord/20260823T135744Z/frame_0019.jpg,20260823T135744Z,19,9.5,sift,B,magsac,magsac,False,plate_chaudron,,main_sur_bord,False,True,False,True,600.8199759962736,False,True,0.0008700008038431406,0,0,0.0,,,False,,,,,,,,False,0.0,,False,False,False,True,612.3186879995046,235.91987298632978,3067.40625,1.6331365016264359,,,9,9
plate_chaudron/occlusion_angle/20260823T135821Z/frame_0000.jpg,20260823T135821Z,0,0.0,sift,B,magsac,magsac,False,plate_chaudron,,occlusion_angle,False,True,False,True,590.84930899553,False,True,0.0007400085451081395,0,0,0.0,,,False,,,,,,,,False,0.0,,False,False,False,True,603.0966850084951,237.7975353951411,3067.40625,1.658108931548702,,,1,1
plate_chaudron/occlusion_angle/20260823T135821Z/frame_0001.jpg,20260823T135821Z,1,0.5,sift,B,magsac,magsac,False,plate_chaudron,,occlusion_angle,False,True,False,True,583.2852410094347,False,True,0.0005740002961829305,0,0,0.0,,,False,,,,,,,,False,0.0,,False,False,False,True,602.2287270025117,241.65397825566245,3067.40625,1.6604986696289386,,,2,2
plate_chaudron/occlusion_angle/20260823T135821Z/frame_0002.jpg,20260823T135821Z,2,1.0,sift,B,magsac,magsac,False,plate_chaudron,plate_chaudron,occlusion_angle,False,True,True,False,617.5246390048414,True,False,26.022092992207035,41,17,0.4146341463414634,0.6181781888008118,162219.05734224827,True,plate_chaudron,,0.7391304347826086,,,plate_chaudron,plate_chaudron,False,0.37875,0.2,True,False,False,False,657.6272639940726,233.15028861300698,3067.40625,1.5206182206110805,1.0,,0,2
plate_chaudron/occlusion_angle/20260823T135821Z/frame_0003.jpg,20260823T135821Z,3,1.5,sift,B,magsac,magsac,False,plate_chaudron,,occlusion_angle,False,True,False,True,596.0159090027446,False,True,0.0012410018825903535,0,0,0.0,,,False,,,,,,,,False,0.0,,False,False,False,True,609.7884430055274,238.3482625279672,3067.40625,1.6399130083069409,,,1,2
plate_chaudron/occlusion_angle/20260823T135821Z/frame_0004.jpg,20260823T135821Z,4,2.0,sift,B,magsac,magsac,False,plate_chaudron,plate_chaudron,occlusion_angle,False,True,True,False,600.2059969905531,True,False,33.31212500052061,92,31,0.33695652173913043,0.6401100158691406,157326.1822618181,True,plate_chaudron,,0.8378378378378378,,,plate_chaudron,plate_chaudron,False,0.50875,0.2,True,False,False,False,649.5048840006348,233.3869122989591,3067.40625,1.5396343039647147,,,0,2
plate_chaudron/occlusion_angle/20260823T135821Z/frame_0005.jpg,20260823T135821Z,5,2.5,sift,B,magsac,magsac,False,plate_chaudron,plate_chaudron,occlusion_angle,False,True,True,False,598.7367090128828,True,False,27.242938012932427,60,22,0.36666666666666664,0.6482410430908203,100295.2948761438,True,plate_chaudron,,0.7857142857142857,,,plate_chaudron,plate_chaudron,False,0.375,0.2,True,False,False,False,636.9148809899343,241.25108203026778,3067.40625,1.570068512837595,,,0,2
plate_chaudron/occlusion_angle/20260823T135821Z/frame_0006.jpg,20260823T135821Z,6,3.0,sift,B,magsac,magsac,False,plate_chaudron,plate_chaudron,occlusion_angle,False,True,True,False,609.4471479882486,True,False,26.75936599553097,91,27,0.2967032967032967,0.8049894571304321,157059.1015841514,True,plate_chaudron,,0.8181818181818182,,,plate_chaudron,plate_chaudron,False,0.47875,0.2,True,False,False,False,651.3610210095067,235.52059157952573,3067.40625,1.5352469179843737,,,0,2
plate_chaudron/occlusion_angle/20260823T135821Z/frame_0007.jpg,20260823T135821Z,7,3.5,sift,B,magsac,magsac,False,plate_chaudron,plate_chaudron,occlusion_angle,False,True,True,False,613.6586430075113,True,False,26.321886994992383,71,20,0.28169014084507044,0.5548903942108154,100648.48240561318,True,plate_chaudron,,0.7692307692307693,,,plate_chaudron,plate_chaudron,False,0.3975,0.2,True,False,False,False,652.4900699878344,235.47676135955027,3067.40625,1.5325903733962494,,,0,2
plate_chaudron/occlusion_angle/20260823T135821Z/frame_0008.jpg,20260823T135821Z,8,4.0,sift,B,magsac,magsac,False,plate_chaudron,,occlusion_angle,False,True,False,True,579.8104639980011,False,True,0.0010549993021413684,0,0,0.0,,,False,,,,,,,,False,0.0,,False,False,False,True,595.8615400013514,243.74820096572537,3067.40625,1.6782422305653961,,,1,2
plate_chaudron/occlusion_angle/20260823T135821Z/frame_0009.jpg,20260823T135821Z,9,4.5,sift,B,magsac,magsac,False,plate_chaudron,plate_chaudron,occlusion_angle,False,True,True,False,609.3950189970201,True,False,26.324035003199242,76,26,0.34210526315789475,0.4239741563796997,156423.53963039536,True,plate_chaudron,,0.8125,,,plate_chaudron,plate_chaudron,False,0.46375,0.2,True,False,False,False,647.9584659973625,237.31500160787115,3067.40625,1.5433087959746952,,,0,2
plate_chaudron/occlusion_angle/20260823T135821Z/frame_0010.jpg,20260823T135821Z,10,5.0,sift,B,magsac,magsac,False,plate_chaudron,plate_chaudron,occlusion_angle,False,True,True,False,590.7551800046349,True,False,29.49438799987547,59,24,0.4067796610169492,0.7224562764167786,154805.35327312187,True,plate_chaudron,,0.8,,,plate_chaudron,plate_chaudron,False,0.43375,0.2,True,False,False,False,637.7515420026612,238.04337394980175,3067.40625,1.568008752844109,,,0,2
plate_chaudron/occlusion_angle/20260823T135821Z/frame_0011.jpg,20260823T135821Z,11,5.5,sift,B,magsac,magsac,False,plate_chaudron,plate_chaudron,occlusion_angle,False,True,True,False,609.0860569966026,True,False,28.185283998027444,84,25,0.2976190476190476,0.7664714455604553,154696.55571743124,True,plate_chaudron,,0.8064516129032258,,,plate_chaudron,plate_chaudron,False,0.4475,0.2,True,False,False,False,657.0072839967906,233.47442674737601,3067.40625,1.5220531405933162,,,0,2
plate_chaudron/occlusion_angle/20260823T135821Z/frame_0012.jpg,20260823T135821Z,12,6.0,sift,B,magsac,magsac,False,plate_chaudron,plate_chaudron,occlusion_angle,False,True,True,False,614.9704679992283,True,False,35.475224009132944,63,26,0.4126984126984127,0.44355493783950806,103048.58391110413,True,plate_chaudron,,0.8125,,,plate_chaudron,plate_chaudron,False,0.38625,0.2,True,False,False,False,663.9758749952307,235.38088172423338,3067.40625,1.5060788165039625,,,0,2
plate_chaudron/occlusion_angle/20260823T135821Z/frame_0013.jpg,20260823T135821Z,13,6.5,sift,B,magsac,magsac,False,plate_chaudron,plate_chaudron,occlusion_angle,False,True,True,False,607.9332480003359,True,False,28.321264995611273,54,26,0.48148148148148145,0.5307657718658447,159249.38072248636,True,plate_chaudron,,0.8125,,,plate_chaudron,plate_chaudron,False,0.48,0.2,True,False,False,False,647.7350409986684,234.57279749098805,3067.40625,1.5438411336496705,,,0,2
plate_chaudron/occlusion_angle/20260823T135821Z/frame_0014.jpg,20260823T135821Z,14,7.0,sift,B,magsac,magsac,False,plate_chaudron,plate_chaudron,occlusion_angle,False,True,True,False,594.7954900038894,True,False,28.120766000938602,50,23,0.46,0.33632975816726685,159704.94348000194,True,plate_chaudron,,0.7931034482758621,,,plate_chaudron,plate_chaudron,False,0.4425,0.2,True,False,False,False,635.6279609899502,241.49260923155887,3067.40625,1.5732473417981228,,,0,2
plate_chaudron/occlusion_angle/20260823T135821Z/frame_0015.jpg,20260823T135821Z,15,7.5,sift,B,magsac,magsac,False,plate_chaudron,plate_chaudron,occlusion_angle,False,True,True,False,592.5769089953974,True,False,32.85096200124826,54,24,0.4444444444444444,1.00654137134552,165598.480305369,True,plate_chaudron,,0.8,,,plate_chaudron,plate_chaudron,False,0.4575,0.2,True,False,False,False,639.9179180007195,235.7328140948045,3067.40625,1.5627004212107023,,,0,2
plate_chaudron/occlusion_angle/20260823T135821Z/frame_0016.jpg,20260823T135821Z,16,8.0,sift,B,magsac,magsac,False,plate_chaudron,,occlusion_angle,False,True,False,True,590.8774369891034,False,True,0.0005379988579079509,0,0,0.0,,,False,,,,,,,,False,0.0,,False,False,False,True,610.890637995908,237.03897996382614,3067.40625,1.63695420718937,,,1,2
plate_chaudron/occlusion_angle/20260823T135821Z/frame_0017.jpg,20260823T135821Z,17,8.5,sift,B,magsac,magsac,False,plate_chaudron,plate_chaudron,occlusion_angle,False,True,True,False,586.7931269895053,True,False,29.42207299929578,48,25,0.5208333333333334,0.9067625403404236,169141.94449094462,True,plate_chaudron,,0.8064516129032258,,,plate_chaudron,plate_chaudron,False,0.45625,0.2,True,False,False,False,629.2610529926606,240.8783735766495,3067.40625,1.5891655700669332,,,0,2
plate_chaudron/occlusion_angle/20260823T135821Z/frame_0018.jpg,20260823T135821Z,18,9.0,sift,B,magsac,magsac,False,plate_chaudron,,occlusion_angle,False,True,False,True,595.300059998408,False,True,0.0007039925549179316,0,0,0.0,,,False,,,,,,,,False,0.0,,False,False,False,True,607.5396020023618,239.10113336025054,3067.40625,1.6459832358321105,,,1,2
plate_chaudron/occlusion_angle/20260823T135821Z/frame_0019.jpg,20260823T135821Z,19,9.5,sift,B,magsac,magsac,False,plate_chaudron,plate_chaudron,occlusion_angle,False,True,True,False,610.9874160028994,True,False,30.30879099969752,79,32,0.4050632911392405,0.7664508819580078,175343.88710000156,True,plate_chaudron,,0.8421052631578947,,,plate_chaudron,plate_chaudron,False,0.4875,0.2,True,False,False,False,652.299346998916,232.27150218234846,3067.40625,1.533038480876575,,,0,2
plate_dague/frontal/20260823T135916Z/frame_0000.jpg,20260823T135916Z,0,0.0,sift,B,magsac,magsac,False,plate_dague,,frontal,True,False,True,False,466.3100710022263,False,True,32.249797994154505,32,9,0.28125,0.0003908156941179186,2976.6091806808836,True,plate_bois,,0.6,,,,plate_bois,False,0.012016021361815754,0.2,False,False,False,True,510.4428009944968,262.38834740945396,3067.40625,1.9590833645840393,,,1,1
plate_dague/frontal/20260823T135916Z/frame_0001.jpg,20260823T135916Z,1,0.5,sift,B,magsac,magsac,False,plate_dague,,frontal,True,False,True,False,462.71088799403515,False,True,32.02292899368331,32,9,0.28125,0.0003908156941179186,2976.6091806808836,True,plate_bois,,0.6,,,,plate_bois,False,0.012016021361815754,0.2,False,False,False,True,508.18962999619544,263.0368884170351,3067.40625,1.9677693934988136,,,2,2
plate_dague/frontal/20260823T135916Z/frame_0002.jpg,20260823T135916Z,2,1.0,sift,B,magsac,magsac,False,plate_dague,plate_dague,frontal,True,False,True,False,470.0688269949751,True,False,37.12554799858481,108,37,0.3425925925925926,0.5411360859870911,109927.96899411018,True,plate_dague,,0.8604651162790697,,,plate_dague,plate_dague,False,0.39625,0.2,True,False,False,False,523.3689690066967,253.26521201967208,3067.40625,1.9106979190950173,1.0,,0,2
plate_dague/frontal/20260823T135916Z/frame_0003.jpg,20260823T135916Z,3,1.5,sift,B,magsac,magsac,False,plate_dague,,frontal,False,True,False,True,613.8290099916048,False,True,0.0005740002961829305,0,0,0.0,,,False,,,,,,,,False,0.0,,False,False,False,True,625.167149992194,233.4106892881667,3067.40625,1.599572210428021,,,1,2
plate_dague/frontal/20260823T135916Z/frame_0004.jpg,20260823T135916Z,4,2.0,sift,B,magsac,magsac,False,plate_dague,plate_dague,frontal,True,False,True,False,484.76500299875624,True,False,24.874969996744767,123,45,0.36585365853658536,0.5302415490150452,172448.60143648242,True,plate_dague,,0.8823529411764706,,,plate_dague,plate_dague,False,0.4325,0.2,True,False,False,False,519.7421000048053,251.97080801957475,3067.40625,1.9240311685175293,,,0,2
plate_dague/frontal/20260823T135916Z/frame_0005.jpg,20260823T135916Z,5,2.5,sift,B,magsac,magsac,False,plate_dague,plate_dague,frontal,True,False,True,False,468.4583919879515,True,False,29.812164008035325,112,46,0.4107142857142857,0.41255825757980347,169995.25961489393,True,plate_dague,,0.8846153846153846,,,plate_dague,plate_dague,False,0.45625,0.2,True,False,False,False,513.9871139981551,256.10690115564677,3067.40625,1.9455740674533513,,,0,2
plate_dague/frontal/20260823T135916Z/frame_0006.jpg,20260823T135916Z,6,3.0,sift,B,magsac,magsac,False,plate_dague,plate_dague,frontal,True,False,True,False,466.0380729910685,True,False,29.075593993184157,129,46,0.35658914728682173,0.48938775062561035,170843.3454872014,True,plate_dague,,0.8846153846153846,,,plate_dague,plate_dague,False,0.4725,0.2,True,False,False,False,506.3381020008819,257.5388035873457,3067.40625,1.9749649415051491,,,0,2
plate_dague/frontal/20260823T135916Z/frame_0007.jpg,20260823T135916Z,7,3.5,sift,B,magsac,magsac,False,plate_dague,plate_dague,frontal,True,False,True,False,468.549687997438,True,False,35.37605800374877,119,42,0.35294117647058826,0.5410529375076294,170994.96716898822,True,plate_dague,,0.875,,,plate_dague,plate_dague,False,0.4425,0.2,True,False,False,False,514.3676309962757,258.84381846136245,3067.40625,1.9441347778107767,,,0,2
plate_dague/frontal/20260823T135916Z/frame_0008.jpg,20260823T135916Z,8,4.0,sift,B,magsac,magsac,False,plate_dague,,frontal,False,True,False,True,610.2041970007122,False,True,0.000667001586407423,0,0,0.0,,,False,,,,,,,,False,0.0,,False,False,False,True,620.7323410053505,234.82601722333024,3067.40625,1.6110003200097165,,,1,2
plate_dague/frontal/20260823T135916Z/frame_0009.jpg,20260823T135916Z,9,4.5,sift,B,magsac,magsac,False,plate_dague,,frontal,False,True,False,True,618.9381839940324,False,True,0.0006479967851191759,0,0,0.0,,,False,,,,,,,,False,0.0,,False,False,False,True,630.7640799932415,229.69846063770115,3067.40625,1.5853787996467947,,,2,2
plate_dague/frontal/20260823T135916Z/frame_0010.jpg,20260823T135916Z,10,5.0,sift,B,magsac,magsac,False,plate_dague,plate_dague,frontal,True,False,True,False,497.1400070062373,True,False,29.36325900373049,141,44,0.3120567375886525,0.4112759232521057,167431.69570750004,True,plate_dague,,0.88,,,plate_dague,plate_dague,False,0.4475,0.2,True,False,False,False,537.3982029996114,246.7752425664361,3067.40625,1.8608175360808252,,,0,2
plate_dague/frontal/20260823T135916Z/frame_0011.jpg,20260823T135916Z,11,5.5,sift,B,magsac,magsac,False,plate_dague,plate_dague,frontal,True,False,True,False,464.59661700646393,True,False,30.166088006808423,126,39,0.30952380952380953,0.5470491051673889,167994.0053021668,True,plate_dague,,0.8666666666666667,,,plate_dague,plate_dague,False,0.4725,0.2,True,False,False,False,507.187522991444,258.9570010029993,3067.40625,1.9716573351447952,,,0,2
plate_dague/frontal/20260823T135916Z/frame_0012.jpg,20260823T135916Z,12,6.0,sift,B,magsac,magsac,False,plate_dague,,frontal,True,False,False,True,465.310354004032,False,True,0.0007409980753436685,0,0,0.0,,,False,,,,,,,,False,0.0,,False,False,False,True,476.7116590082878,260.66647238816427,3067.40625,2.097704096602795,,,1,2
plate_dague/frontal/20260823T135916Z/frame_0013.jpg,20260823T135916Z,13,6.5,sift,B,magsac,magsac,False,plate_dague,,frontal,True,False,False,True,469.91847599565517,False,True,0.001038002665154636,0,0,0.0,,,False,,,,,,,,False,0.0,,False,False,False,True,481.08259700529743,260.2171264960976,3067.40625,2.078645135419414,,,2,2
plate_dague/frontal/20260823T135916Z/frame_0014.jpg,20260823T135916Z,14,7.0,sift,B,magsac,magsac,False,plate_dague,plate_dague,frontal,True,False,True,False,462.6170169940451,True,False,28.54337400640361,132,51,0.38636363636363635,0.547280490398407,166352.82900705194,True,plate_dague,,0.8947368421052632,,,plate_dague,plate_dague,False,0.46,0.2,True,False,False,False,501.20090899872594,261.2964093812765,3067.40625,1.9952078738200014,,,0,2
plate_dague/frontal/20260823T135916Z/frame_0015.jpg,20260823T135916Z,15,7.5,sift,B,magsac,magsac,False,plate_dague,plate_dague,frontal,True,False,True,False,459.6877739968477,True,False,29.577553999843076,108,36,0.3333333333333333,0.5302398204803467,162050.8876175549,True,plate_dague,,0.8571428571428571,,,plate_dague,plate_dague,False,0.3975,0.2,True,False,False,False,499.3018450040836,261.5184824701218,3067.40625,2.002796524799185,,,0,2
plate_dague/frontal/20260823T135916Z/frame_0016.jpg,20260823T135916Z,16,8.0,sift,B,magsac,magsac,False,plate_dague,plate_dague,frontal,False,True,True,False,602.1786680066725,True,False,25.262559996917844,133,38,0.2857142857142857,0.6444689035415649,104414.8298542935,True,plate_dague,,0.8636363636363636,,,plate_dague,plate_dague,False,0.365,0.2,True,False,False,False,636.7517670005327,241.40668572321377,3067.40625,1.5704707106045037,,,0,2
plate_dague/frontal/20260823T135916Z/frame_0017.jpg,20260823T135916Z,17,8.5,sift,B,magsac,magsac,False,plate_dague,plate_dague,frontal,True,False,True,False,465.73399900808,True,False,27.667713002301753,106,39,0.36792452830188677,0.47596293687820435,163205.84642213816,True,plate_dague,,0.8666666666666667,,,plate_dague,plate_dague,False,0.435,0.2,True,False,False,False,508.8476620003348,257.71737023312585,3067.40625,1.9652247119872628,,,0,2
plate_dague/frontal/20260823T135916Z/frame_0018.jpg,20260823T135916Z,18,9.0,sift,B,magsac,magsac,False,plate_dague,,frontal,False,True,False,True,599.4970150059089,False,True,0.0009450013749301434,0,0,0.0,,,False,,,,,,,,False,0.0,,False,False,False,True,609.6497729886323,236.39256551102733,3067.40625,1.6402860204438168,,,1,2
plate_dague/frontal/20260823T135916Z/frame_0019.jpg,20260823T135916Z,19,9.5,sift,B,magsac,magsac,False,plate_dague,plate_dague,frontal,True,False,True,False,460.4763989918865,True,False,29.83123699959833,95,41,0.43157894736842106,0.4581373929977417,102834.0612098164,True,plate_dague,plate_bois,0.8723404255319149,0.625,0.24734042553191493,plate_dague,plate_dague,False,0.36625,0.2,True,False,False,False,501.5198879991658,258.1449408048547,3067.40625,1.9939388724733151,,,0,2
plate_dague/main_sur_bord/20260823T135957Z/frame_0000.jpg,20260823T135957Z,0,0.0,sift,B,magsac,magsac,False,plate_dague,,main_sur_bord,False,True,False,True,602.2198699938599,False,True,0.0007970083970576525,0,0,0.0,,,False,,,,,,,,False,0.0,,False,False,False,True,612.6639599970076,239.17614168249318,3067.40625,1.6322161336287582,,,1,1
plate_dague/main_sur_bord/20260823T135957Z/frame_0001.jpg,20260823T135957Z,1,0.5,sift,B,magsac,magsac,False,plate_dague,,main_sur_bord,False,True,False,True,594.7585059911944,False,True,0.0005549954948946834,0,0,0.0,,,False,,,,,,,,False,0.0,,False,False,False,True,604.9853550066473,237.11528405249837,3067.40625,1.6529325738620773,,,2,2
plate_dague/main_sur_bord/20260823T135957Z/frame_0002.jpg,20260823T135957Z,2,1.0,sift,B,magsac,magsac,False,plate_dague,,main_sur_bord,False,True,True,False,590.7591400027741,False,True,35.4321129998425,26,8,0.3076923076923077,4.57763671875e-05,26679.082041013055,True,plate_vampire,,0.5714285714285714,,,,plate_vampire,False,0.01125,0.2,False,False,False,True,637.6518170000054,236.84284914379234,3067.40625,1.568253980212514,,,3,3
plate_dague/main_sur_bord/20260823T135957Z/frame_0003.jpg,20260823T135957Z,3,1.5,sift,B,magsac,magsac,False,plate_dague,,main_sur_bord,False,True,False,True,606.6928820073372,False,True,0.0005369947757571936,0,0,0.0,,,False,,,,,,,,False,0.0,,False,False,False,True,617.6578750018962,234.9502832770521,3067.40625,1.6190192669314385,,,4,4
plate_dague/main_sur_bord/20260823T135957Z/frame_0004.jpg,20260823T135957Z,4,2.0,sift,B,magsac,magsac,False,plate_dague,,main_sur_bord,False,True,False,True,587.5888430018676,False,True,0.0007969938451424241,0,0,0.0,,,False,,,,,,,,False,0.0,,False,False,False,True,600.103142001899,242.6111901602656,3067.40625,1.6663802103486332,,,5,5
plate_dague/main_sur_bord/20260823T135957Z/frame_0005.jpg,20260823T135957Z,5,2.5,sift,B,magsac,magsac,False,plate_dague,,main_sur_bord,False,True,False,True,597.1012689988129,False,True,0.0009260111255571246,0,0,0.0,,,False,,,,,,,,False,0.0,,False,False,False,True,614.3512079870561,234.66173456769664,3067.40625,1.6277334316254315,,,6,6
plate_dague/main_sur_bord/20260823T135957Z/frame_0006.jpg,20260823T135957Z,6,3.0,sift,B,magsac,magsac,False,plate_dague,,main_sur_bord,False,True,False,True,592.587368999375,False,True,0.0007220078259706497,0,0,0.0,,,False,,,,,,,,False,0.0,,False,False,False,True,604.3098950030981,237.32739954433805,3067.40625,1.6547801190560902,,,7,7
plate_dague/main_sur_bord/20260823T135957Z/frame_0007.jpg,20260823T135957Z,7,3.5,sift,B,magsac,magsac,False,plate_dague,,main_sur_bord,True,False,False,True,100.04665299493354,False,True,0.0006660120561718941,0,0,0.0,,,False,,,,,,,,False,0.0,,False,False,False,True,110.62440800014883,253.3021672754244,3067.40625,9.039596397195226,,,8,8
plate_dague/main_sur_bord/20260823T135957Z/frame_0008.jpg,20260823T135957Z,8,4.0,sift,B,magsac,magsac,False,plate_dague,,main_sur_bord,True,False,False,True,94.58990600251127,False,True,0.0005930050974711776,0,0,0.0,,,False,,,,,,,,False,0.0,,False,False,False,True,104.53564599447418,271.39080291808483,3067.40625,9.566114893027596,,,9,9
plate_dague/main_sur_bord/20260823T135957Z/frame_0009.jpg,20260823T135957Z,9,4.5,sift,B,magsac,magsac,False,plate_dague,,main_sur_bord,True,False,False,True,108.92226900614332,False,True,0.0007040071068331599,0,0,0.0,,,False,,,,,,,,False,0.0,,False,False,False,True,120.77936899731867,242.15336396275197,3067.40625,8.279559731945612,,,10,10
plate_dague/main_sur_bord/20260823T135957Z/frame_0010.jpg,20260823T135957Z,10,5.0,sift,B,magsac,magsac,False,plate_dague,,main_sur_bord,True,False,False,True,103.16141300427262,False,True,0.0005370093276724219,0,0,0.0,,,False,,,,,,,,False,0.0,,False,False,False,True,113.41311399883125,266.0845940647709,3067.40625,8.817322483626587,,,11,11
plate_dague/main_sur_bord/20260823T135957Z/frame_0011.jpg,20260823T135957Z,11,5.5,sift,B,magsac,magsac,False,plate_dague,,main_sur_bord,True,False,False,True,99.56100801355205,False,True,0.0005369947757571936,0,0,0.0,,,False,,,,,,,,False,0.0,,False,False,False,True,109.1291570046451,264.56668861436947,3067.40625,9.163453905883603,,,12,12
plate_dague/main_sur_bord/20260823T135957Z/frame_0012.jpg,20260823T135957Z,12,6.0,sift,B,magsac,magsac,False,plate_dague,,main_sur_bord,True,False,False,True,86.49104500364047,False,True,0.0014260003808885813,0,0,0.0,,,False,,,,,,,,False,0.0,,False,False,False,True,100.33876298984978,285.21395567629304,3067.40625,9.966238073925224,,,13,13
plate_dague/main_sur_bord/20260823T135957Z/frame_0013.jpg,20260823T135957Z,13,6.5,sift,B,magsac,magsac,False,plate_dague,,main_sur_bord,True,False,False,True,101.54647800663952,False,True,0.0007030030246824026,0,0,0.0,,,False,,,,,,,,False,0.0,,False,False,False,True,115.89030400500633,248.9127701205618,3067.40625,8.628849571028834,,,14,14
plate_dague/main_sur_bord/20260823T135957Z/frame_0014.jpg,20260823T135957Z,14,7.0,sift,B,magsac,magsac,False,plate_dague,,main_sur_bord,False,True,False,True,593.8301399874035,False,True,0.0010920048225671053,0,0,0.0,,,False,,,,,,,,False,0.0,,False,False,False,True,604.4253750005737,239.0494404704084,3067.40625,1.654463960913373,,,15,15
plate_dague/main_sur_bord/20260823T135957Z/frame_0015.jpg,20260823T135957Z,15,7.5,sift,B,magsac,magsac,False,plate_dague,,main_sur_bord,True,False,False,True,104.74249700200744,False,True,0.000943997292779386,0,0,0.0,,,False,,,,,,,,False,0.0,,False,False,False,True,115.37065799348056,252.7924084618402,3067.40625,8.66771514865165,,,16,16
plate_dague/main_sur_bord/20260823T135957Z/frame_0016.jpg,20260823T135957Z,16,8.0,sift,B,magsac,magsac,False,plate_dague,,main_sur_bord,False,True,False,True,587.381417004508,False,True,0.0008150091161951423,0,0,0.0,,,False,,,,,,,,False,0.0,,False,False,False,True,598.3348360023228,241.99737552877193,3067.40625,1.6713049948442544,,,17,17
plate_dague/main_sur_bord/20260823T135957Z/frame_0017.jpg,20260823T135957Z,17,8.5,sift,B,magsac,magsac,False,plate_dague,,main_sur_bord,False,True,False,True,575.9514079982182,False,True,0.0005740002961829305,0,0,0.0,,,False,,,,,,,,False,0.0,,False,False,False,True,586.7783090070589,243.76732013500734,3067.40625,1.704221142209894,,,18,18
plate_dague/main_sur_bord/20260823T135957Z/frame_0018.jpg,20260823T135957Z,18,9.0,sift,B,magsac,magsac,False,plate_dague,,main_sur_bord,True,False,False,True,99.01230699324515,False,True,0.0005740002961829305,0,0,0.0,,,False,,,,,,,,False,0.0,,False,False,False,True,108.5238639934687,257.59733363055386,3067.40625,9.21456316796998,,,19,19
plate_dague/main_sur_bord/20260823T135957Z/frame_0019.jpg,20260823T135957Z,19,9.5,sift,B,magsac,magsac,False,plate_dague,,main_sur_bord,True,False,False,True,97.14694699505344,False,True,0.0010739895515143871,0,0,0.0,,,False,,,,,,,,False,0.0,,False,False,False,True,107.9690339975059,274.14616584126827,3067.40625,9.261914856282775,,,20,20
plate_dague/occlusion_angle/20260823T140102Z/frame_0000.jpg,20260823T140102Z,0,0.0,sift,B,magsac,magsac,False,plate_dague,,occlusion_angle,False,True,False,True,588.3524480013875,False,True,0.000667001586407423,0,0,0.0,,,False,,,,,,,,False,0.0,,False,False,False,True,604.0177480026614,240.88393210485378,3067.40625,1.6555804913129701,,,1,1
plate_dague/occlusion_angle/20260823T140102Z/frame_0001.jpg,20260823T140102Z,1,0.5,sift,B,magsac,magsac,False,plate_dague,,occlusion_angle,False,True,False,True,594.4949320110027,False,True,0.0007600028766319156,0,0,0.0,,,False,,,,,,,,False,0.0,,False,False,False,True,609.1299780091504,239.90425504523262,3067.40625,1.6416857421274018,,,2,2
plate_dague/occlusion_angle/20260823T140102Z/frame_0002.jpg,20260823T140102Z,2,1.0,sift,B,magsac,magsac,False,plate_dague,plate_dague,occlusion_angle,False,True,True,False,581.3004879892105,True,False,29.266369994729757,122,41,0.3360655737704918,0.5504438281059265,141276.3039708107,True,plate_dague,,0.8723404255319149,,,plate_dague,plate_dague,False,0.4375,0.2,True,False,False,False,622.2694400057662,245.8928121210351,3067.40625,1.6070209071985497,1.0,,0,2
plate_dague/occlusion_angle/20260823T140102Z/frame_0003.jpg,20260823T140102Z,3,1.5,sift,B,magsac,magsac,False,plate_dague,,occlusion_angle,False,True,False,True,596.2043100007577,False,True,0.012518008588813245,0,0,0.0,,,False,,,,,,,,False,0.0,,False,False,False,True,614.8106119944714,237.24850832814516,3067.40625,1.6265171428254273,,,1,2
plate_dague/occlusion_angle/20260823T140102Z/frame_0004.jpg,20260823T140102Z,4,2.0,sift,B,magsac,magsac,False,plate_dague,plate_dague,occlusion_angle,False,True,True,False,591.8534829979762,True,False,29.085649002809078,96,34,0.3541666666666667,0.5879865884780884,142927.0091520623,True,plate_dague,,0.85,,,plate_dague,plate_dague,False,0.42125,0.2,True,False,False,False,637.0815410045907,239.31784251602485,3067.40625,1.5696577841874628,,,0,2
plate_dague/occlusion_angle/20260823T140102Z/frame_0005.jpg,20260823T140102Z,5,2.5,sift,B,magsac,magsac,False,plate_dague,plate_dague,occlusion_angle,False,True,True,False,589.988938998431,True,False,29.23088900570292,111,43,0.38738738738738737,0.6015413403511047,146017.85464424698,True,plate_dague,,0.8775510204081632,,,plate_dague,plate_dague,False,0.3975,0.2,True,False,False,False,635.7410479977261,240.43820212872586,3067.40625,1.5729674891207854,,,0,2
plate_dague/occlusion_angle/20260823T140102Z/frame_0006.jpg,20260823T140102Z,6,3.0,sift,B,magsac,magsac,False,plate_dague,,occlusion_angle,False,True,False,True,587.4505089886952,False,True,0.0006290065357461572,0,0,0.0,,,False,,,,,,,,False,0.0,,False,False,False,True,597.9185409960337,241.66509698678058,3067.40625,1.6724686247965566,,,1,2
plate_dague/occlusion_angle/20260823T140102Z/frame_0007.jpg,20260823T140102Z,7,3.5,sift,B,magsac,magsac,False,plate_dague,plate_dague,occlusion_angle,False,True,True,False,608.6329429963371,True,False,31.906652002362534,99,33,0.3333333333333333,0.5941398739814758,147872.73275134288,True,plate_dague,,0.8461538461538461,,,plate_dague,plate_dague,False,0.35375,0.2,True,False,False,False,652.6567659893772,231.8134003723248,3067.40625,1.5321989322888232,,,0,2
plate_dague/occlusion_angle/20260823T140102Z/frame_0008.jpg,20260823T140102Z,8,4.0,sift,B,magsac,magsac,False,plate_dague,plate_dague,occlusion_angle,False,True,True,False,590.9099690034054,True,False,33.5816610022448,67,27,0.40298507462686567,0.47104838490486145,108657.6061920732,True,plate_dague,,0.8181818181818182,,,plate_dague,plate_dague,False,0.34375,0.2,True,False,False,False,634.7964230080834,240.31414004684422,3067.40625,1.5753081834666642,,,0,2
plate_dague/occlusion_angle/20260823T140102Z/frame_0009.jpg,20260823T140102Z,9,4.5,sift,B,magsac,magsac,False,plate_dague,,occlusion_angle,False,True,True,False,594.928409991553,False,True,15.942928002914414,30,8,0.26666666666666666,0.06446477025747299,577.6450849464163,True,plate_cellule,,0.5714285714285714,,,,plate_cellule,False,0.00375,0.2,False,False,False,True,625.3474590048427,239.1846048883346,3067.40625,1.5991109991737507,,,1,2
plate_dague/occlusion_angle/20260823T140102Z/frame_0010.jpg,20260823T140102Z,10,5.0,sift,B,magsac,magsac,False,plate_dague,plate_dague,occlusion_angle,False,True,True,False,598.8249810034176,True,False,29.317777007236145,62,18,0.2903225806451613,1.0389697551727295,124643.19952045637,True,plate_dague,,0.75,,,plate_dague,plate_dague,False,0.25125,0.2,True,False,False,False,639.2809169919929,235.54478226648592,3067.40625,1.564257548473835,,,0,2
plate_dague/occlusion_angle/20260823T140102Z/frame_0011.jpg,20260823T140102Z,11,5.5,sift,B,magsac,magsac,False,plate_dague,,occlusion_angle,False,True,False,True,601.3192250102293,False,True,0.0007399939931929111,0,0,0.0,,,False,,,,,,,,False,0.0,,False,False,False,True,611.8202019861201,239.96932419588407,3067.40625,1.6344671142825165,,,1,2
plate_dague/occlusion_angle/20260823T140102Z/frame_0012.jpg,20260823T140102Z,12,6.0,sift,B,magsac,magsac,False,plate_dague,,occlusion_angle,False,True,False,True,587.8304869984277,False,True,0.0006859918357804418,0,0,0.0,,,False,,,,,,,,False,0.0,,False,False,False,True,599.6024380001472,243.36060237962008,3067.40625,1.667771737778949,,,2,2
plate_dague/occlusion_angle/20260823T140102Z/frame_0013.jpg,20260823T140102Z,13,6.5,sift,B,magsac,magsac,False,plate_dague,plate_dague,occlusion_angle,False,True,True,False,602.5551060010912,True,False,34.108158011804335,106,42,0.39622641509433965,0.5723402500152588,135491.14319886826,True,plate_dague,plate_cellule,0.875,0.6470588235294118,0.2279411764705882,plate_dague,plate_dague,False,0.4,0.2,True,False,False,False,653.599668003153,235.5252833440106,3067.40625,1.5299885372572983,,,0,2
plate_dague/occlusion_angle/20260823T140102Z/frame_0014.jpg,20260823T140102Z,14,7.0,sift,B,magsac,magsac,False,plate_dague,,occlusion_angle,False,True,False,True,587.3109160020249,False,True,0.0006290065357461572,0,0,0.0,,,False,,,,,,,,False,0.0,,False,False,False,True,602.45553299319,238.13183918692266,3067.40625,1.659873542918069,,,1,2
plate_dague/occlusion_angle/20260823T140102Z/frame_0015.jpg,20260823T140102Z,15,7.5,sift,B,magsac,magsac,False,plate_dague,plate_dague,occlusion_angle,False,True,True,False,613.4063969948329,True,False,34.191137994639575,90,35,0.3888888888888889,0.5863453149795532,125284.74881331634,True,plate_dague,,0.8536585365853658,,,plate_dague,plate_dague,False,0.4075,0.2,True,False,False,False,664.5349579921458,231.6234222877716,3067.40625,1.5048117303285933,,,0,2
plate_dague/occlusion_angle/20260823T140102Z/frame_0016.jpg,20260823T140102Z,16,8.0,sift,B,magsac,magsac,False,plate_dague,,occlusion_angle,False,True,False,True,601.9431660097325,False,True,0.0012590026017278433,0,0,0.0,,,False,,,,,,,,False,0.0,,False,False,False,True,613.6519690044224,237.6371167464649,3067.40625,1.629588187621041,,,1,2
plate_dague/occlusion_angle/20260823T140102Z/frame_0017.jpg,20260823T140102Z,17,8.5,sift,B,magsac,magsac,False,plate_dague,,occlusion_angle,False,True,False,True,595.3722760023084,False,True,0.0007780035957694054,0,0,0.0,,,False,,,,,,,,False,0.0,,False,False,False,True,607.3406159994192,238.95625399790666,3067.40625,1.6465225174417715,,,2,2
plate_dague/occlusion_angle/20260823T140102Z/frame_0018.jpg,20260823T140102Z,18,9.0,sift,B,magsac,magsac,False,plate_dague,,occlusion_angle,False,True,False,True,609.6659729955718,False,True,0.0006480113370344043,0,0,0.0,,,False,,,,,,,,False,0.0,,False,False,False,True,621.4363129984122,235.5340221329636,3067.40625,1.609175355677284,,,3,3
plate_dague/occlusion_angle/20260823T140102Z/frame_0019.jpg,20260823T140102Z,19,9.5,sift,B,magsac,magsac,False,plate_dague,plate_dague,occlusion_angle,False,True,True,False,595.5257570021786,True,False,24.995321000460535,59,28,0.4745762711864407,0.6558308601379395,78610.05237426655,True,plate_dague,,0.8235294117647058,,,plate_dague,plate_dague,False,0.32375,0.2,True,False,False,False,636.579783007619,239.73215545578296,3067.40625,1.570895002784013,,,0,3
plate_vampire/frontal/20260823T135229Z/frame_0000.jpg,20260823T135229Z,0,0.0,sift,B,magsac,magsac,False,plate_vampire,plate_vampire,frontal,True,False,True,False,482.4840859946562,True,False,31.775449009728618,98,58,0.5918367346938775,0.5815706253051758,181492.24762004448,True,plate_vampire,,0.90625,,,plate_vampire,plate_vampire,False,0.43,0.2,True,False,False,False,527.3812929954147,252.98402971824206,3067.40625,1.8961613035612441,0.0,,0,0
plate_vampire/frontal/20260823T135229Z/frame_0001.jpg,20260823T135229Z,1,0.5,sift,B,magsac,magsac,False,plate_vampire,plate_vampire,frontal,True,False,True,False,462.59192199795507,True,False,31.980225001461804,76,52,0.6842105263157895,0.476779580116272,178963.53366762065,True,plate_vampire,,0.896551724137931,,,plate_vampire,plate_vampire,False,0.415,0.2,True,False,False,False,505.18664199626073,263.36720102942627,3067.40625,1.9794664325415827,,,0,0
plate_vampire/frontal/20260823T135229Z/frame_0002.jpg,20260823T135229Z,2,1.0,sift,B,magsac,magsac,False,plate_vampire,plate_vampire,frontal,True,False,True,False,460.6084330007434,True,False,30.83028699620627,90,58,0.6444444444444445,0.6527003049850464,176164.28180425634,True,plate_vampire,,0.90625,,,plate_vampire,plate_vampire,False,0.42,0.2,True,False,False,False,501.92034599604085,263.2198589953836,3067.40625,1.9923480049718647,,,0,0
plate_vampire/frontal/20260823T135229Z/frame_0003.jpg,20260823T135229Z,3,1.5,sift,B,magsac,magsac,False,plate_vampire,plate_vampire,frontal,True,False,True,False,491.88034699182026,True,False,32.28462999686599,69,51,0.7391304347826086,0.5638090968132019,178591.03799727693,True,plate_vampire,,0.8947368421052632,,,plate_vampire,plate_vampire,False,0.42625,0.2,True,False,False,False,534.8759170010453,250.74039517792735,3067.40625,1.869592494660861,,,0,0
plate_vampire/frontal/20260823T135229Z/frame_0004.jpg,20260823T135229Z,4,2.0,sift,B,magsac,magsac,False,plate_vampire,plate_vampire,frontal,True,False,True,False,474.5210760011105,True,False,30.128180005704053,92,52,0.5652173913043478,0.46036869287490845,180684.73070792193,True,plate_vampire,,0.896551724137931,,,plate_vampire,plate_vampire,False,0.45625,0.2,True,False,False,False,516.1035049968632,258.2519702143922,3067.40625,1.937595831685115,,,0,0
plate_vampire/frontal/20260823T135229Z/frame_0005.jpg,20260823T135229Z,5,2.5,sift,B,magsac,magsac,False,plate_vampire,plate_vampire,frontal,True,False,True,False,478.1411290023243,True,False,32.674369009328075,93,61,0.6559139784946236,0.5255852937698364,180352.805936384,True,plate_vampire,,0.9104477611940298,,,plate_vampire,plate_vampire,False,0.45,0.2,True,False,False,False,522.7568370028166,255.7146499822483,3067.40625,1.912935286955629,,,0,0
plate_vampire/frontal/20260823T135229Z/frame_0006.jpg,20260823T135229Z,6,3.0,sift,B,magsac,magsac,False,plate_vampire,plate_vampire,frontal,True,False,True,False,483.1244329980109,True,False,32.067077001556754,101,62,0.6138613861386139,0.6084518432617188,180197.9063329246,True,plate_vampire,,0.9117647058823529,,,plate_vampire,plate_vampire,False,0.425,0.2,True,False,False,False,529.2354109988082,256.0853056756233,3067.40625,1.8895183111665441,,,0,0
plate_vampire/frontal/20260823T135229Z/frame_0007.jpg,20260823T135229Z,7,3.5,sift,B,magsac,magsac,False,plate_vampire,plate_vampire,frontal,False,True,True,False,593.8921920023859,True,False,32.198409011471085,79,56,0.7088607594936709,0.4407643973827362,183466.81948075918,True,plate_vampire,,0.9032258064516129,,,plate_vampire,plate_vampire,False,0.40875,0.2,True,False,False,False,637.685978988884,237.0884438132291,3067.40625,1.5681699660161914,,,0,0
plate_vampire/frontal/20260823T135229Z/frame_0008.jpg,20260823T135229Z,8,4.0,sift,B,magsac,magsac,False,plate_vampire,plate_vampire,frontal,True,False,True,False,474.78886900353245,True,False,29.119352009729482,90,57,0.6333333333333333,0.5882778763771057,182750.58916506346,True,plate_vampire,,0.9047619047619048,,,plate_vampire,plate_vampire,False,0.405,0.2,True,False,False,False,514.230922999559,258.0544818774288,3067.40625,1.944651624929327,,,0,0
plate_vampire/frontal/20260823T135229Z/frame_0009.jpg,20260823T135229Z,9,4.5,sift,B,magsac,magsac,False,plate_vampire,plate_vampire,frontal,False,True,True,False,606.5472119953483,True,False,28.892724003526382,93,52,0.5591397849462365,0.517153263092041,181650.93929597473,True,plate_vampire,,0.896551724137931,,,plate_vampire,plate_vampire,False,0.4525,0.2,True,False,False,False,648.0946420051623,238.08262929408818,3067.40625,1.5429845198319578,,,0,0
plate_vampire/frontal/20260823T135229Z/frame_0010.jpg,20260823T135229Z,10,5.0,sift,B,magsac,magsac,False,plate_vampire,plate_vampire,frontal,False,True,True,False,577.791691001039,True,False,31.422433006810024,88,53,0.6022727272727273,0.6442012190818787,182559.4321499592,True,plate_vampire,,0.8983050847457628,,,plate_vampire,plate_vampire,False,0.43,0.2,True,False,False,False,621.5189409995219,245.53748990268093,3067.40625,1.6089614234311314,,,0,0
plate_vampire/frontal/20260823T135229Z/frame_0011.jpg,20260823T135229Z,11,5.5,sift,B,magsac,magsac,False,plate_vampire,plate_vampire,frontal,False,True,True,False,602.937028001179,True,False,34.47028499795124,85,54,0.6352941176470588,0.4721388816833496,184289.9898065828,True,plate_vampire,,0.9,,,plate_vampire,plate_vampire,False,0.42625,0.2,True,False,False,False,648.6636199988425,236.8315875341844,3067.40625,1.541631084539294,,,0,0
plate_vampire/frontal/20260823T135229Z/frame_0012.jpg,20260823T135229Z,12,6.0,sift,B,magsac,magsac,False,plate_vampire,plate_vampire,frontal,False,True,True,False,597.0220620074542,True,False,25.51287299138494,74,49,0.6621621621621622,0.5668330788612366,183683.5686683139,True,plate_vampire,,0.8909090909090909,,,plate_vampire,plate_vampire,False,0.41375,0.2,True,False,False,False,634.5260710077127,237.57697687754694,3067.40625,1.575979373726702,,,0,0
plate_vampire/frontal/20260823T135229Z/frame_0013.jpg,20260823T135229Z,13,6.5,sift,B,magsac,magsac,False,plate_vampire,plate_vampire,frontal,False,True,True,False,599.7935459890869,True,False,26.84584700909909,75,52,0.6933333333333334,0.5051029920578003,119774.92006523791,True,plate_vampire,,0.896551724137931,,,plate_vampire,plate_vampire,False,0.3625,0.2,True,False,False,False,639.5351339888293,241.0386097766525,3067.40625,1.5636357517419315,,,0,0
plate_vampire/frontal/20260823T135229Z/frame_0014.jpg,20260823T135229Z,14,7.0,sift,B,magsac,magsac,False,plate_vampire,,frontal,False,True,False,True,602.653455993277,False,True,0.000981002813205123,0,0,0.0,,,False,,,,,,,,False,0.0,,False,False,False,True,613.6973739921814,238.22255837427488,3067.40625,1.629467620978838,,,1,1
plate_vampire/frontal/20260823T135229Z/frame_0015.jpg,20260823T135229Z,15,7.5,sift,B,magsac,magsac,False,plate_vampire,plate_vampire,frontal,True,False,True,False,475.67067900672555,True,False,29.2954809992807,71,54,0.7605633802816901,0.46747738122940063,117393.72927035257,True,plate_vampire,,0.9,,,plate_vampire,plate_vampire,False,0.36875,0.2,True,False,False,False,520.4294979921542,254.47756288018363,3067.40625,1.9214898537804934,,,0,1
plate_vampire/frontal/20260823T135229Z/frame_0016.jpg,20260823T135229Z,16,8.0,sift,B,magsac,magsac,False,plate_vampire,plate_vampire,frontal,True,False,True,False,470.27343200170435,True,False,29.693070988287218,88,60,0.6818181818181818,0.5077885985374451,116989.70614715797,True,plate_vampire,,0.9090909090909091,,,plate_vampire,plate_vampire,False,0.37875,0.2,True,False,False,False,511.87160299741663,258.7971923511342,3067.40625,1.9536149185541885,,,0,1
plate_vampire/frontal/20260823T135229Z/frame_0017.jpg,20260823T135229Z,17,8.5,sift,B,magsac,magsac,False,plate_vampire,plate_vampire,frontal,True,False,True,False,480.8897040056763,True,False,35.018003996810876,84,55,0.6547619047619048,0.4750704765319824,183207.30312953767,True,plate_vampire,,0.9016393442622951,,,plate_vampire,plate_vampire,False,0.45375,0.2,True,False,False,False,529.5656499947654,256.33553611593453,3067.40625,1.8883400009231806,,,0,1
plate_vampire/frontal/20260823T135229Z/frame_0018.jpg,20260823T135229Z,18,9.0,sift,B,magsac,magsac,False,plate_vampire,plate_vampire,frontal,False,True,True,False,604.9422390060499,True,False,26.218183993478306,68,50,0.7352941176470589,0.5775395631790161,185206.98367254983,True,plate_vampire,,0.8928571428571429,,,plate_vampire,plate_vampire,False,0.405,0.2,True,False,False,False,645.9960780048277,238.53986587027958,3067.40625,1.547997014298478,,,0,1
plate_vampire/frontal/20260823T135229Z/frame_0019.jpg,20260823T135229Z,19,9.5,sift,B,magsac,magsac,False,plate_vampire,plate_vampire,frontal,False,True,True,False,591.0287620063173,True,False,28.552504008985125,78,54,0.6923076923076923,0.5066186785697937,185361.0390925377,True,plate_vampire,,0.9,,,plate_vampire,plate_vampire,False,0.4525,0.2,True,False,False,False,634.1471649939194,242.1769785905577,3067.40625,1.576921029063638,,,0,1
plate_vampire/main_sur_bord/20260823T135336Z/frame_0000.jpg,20260823T135336Z,0,0.0,sift,B,magsac,magsac,False,plate_vampire,plate_vampire,main_sur_bord,False,True,True,False,594.0661700005876,True,False,30.59351099363994,42,28,0.6666666666666666,0.5012889504432678,133204.2019655143,True,plate_vampire,,0.8235294117647058,,,plate_vampire,plate_vampire,False,0.25,0.2,True,False,False,False,636.4665590081131,237.16771284140376,3067.40625,1.5711744566099866,0.0,,0,0
plate_vampire/main_sur_bord/20260823T135336Z/frame_0001.jpg,20260823T135336Z,1,0.5,sift,B,magsac,magsac,False,plate_vampire,,main_sur_bord,False,True,False,True,603.3207849977771,False,True,0.0006849877536296844,0,0,0.0,,,False,,,,,,,,False,0.0,,False,False,False,True,614.108944995678,237.89163419697462,3067.40625,1.6283755645458604,,,1,1
plate_vampire/main_sur_bord/20260823T135336Z/frame_0002.jpg,20260823T135336Z,2,1.0,sift,B,magsac,magsac,False,plate_vampire,,main_sur_bord,False,True,True,False,593.1072870007483,False,True,24.980967995361425,57,34,0.5964912280701754,0.5199181437492371,110318.38362016785,True,plate_vampire,,0.85,,,,plate_vampire,False,0.18,0.2,False,False,False,True,636.8849080026848,235.97796840770573,3067.40625,1.5701424031793583,,,2,2
plate_vampire/main_sur_bord/20260823T135336Z/frame_0003.jpg,20260823T135336Z,3,1.5,sift,B,magsac,magsac,False,plate_vampire,,main_sur_bord,False,True,False,True,596.2490469974,False,True,0.0006479967851191759,0,0,0.0,,,False,,,,,,,,False,0.0,,False,False,False,True,606.8853190081427,238.4982950923181,3067.40625,1.6477577701736805,,,3,3
plate_vampire/main_sur_bord/20260823T135336Z/frame_0004.jpg,20260823T135336Z,4,2.0,sift,B,magsac,magsac,False,plate_vampire,,main_sur_bord,False,True,False,True,604.3550559988944,False,True,0.0007039925549179316,0,0,0.0,,,False,,,,,,,,False,0.0,,False,False,False,True,614.4893690070603,232.1424257192748,3067.40625,1.6273674540796006,,,4,4
plate_vampire/main_sur_bord/20260823T135336Z/frame_0005.jpg,20260823T135336Z,5,2.5,sift,B,magsac,magsac,False,plate_vampire,plate_vampire,main_sur_bord,False,True,True,False,599.05064200575,True,False,30.916749994503334,75,44,0.5866666666666667,1.045961856842041,202676.64488056628,True,plate_vampire,,0.88,,,plate_vampire,plate_vampire,False,0.3,0.2,True,False,False,False,645.505617998424,237.22874600973088,3067.40625,1.5491731940316613,,,0,4
plate_vampire/main_sur_bord/20260823T135336Z/frame_0006.jpg,20260823T135336Z,6,3.0,sift,B,magsac,magsac,False,plate_vampire,,main_sur_bord,False,True,False,True,593.2061560015427,False,True,0.0007220078259706497,0,0,0.0,,,False,,,,,,,,False,0.0,,False,False,False,True,606.3349150063004,236.5025144536007,3067.40625,1.649253531754161,,,1,4
plate_vampire/main_sur_bord/20260823T135336Z/frame_0007.jpg,20260823T135336Z,7,3.5,sift,B,magsac,magsac,False,plate_vampire,,main_sur_bord,False,True,False,True,586.656101004337,False,True,0.0007030030246824026,0,0,0.0,,,False,,,,,,,,False,0.0,,False,False,False,True,598.8493469922105,242.69989360427732,3067.40625,1.669869066439856,,,2,4
plate_vampire/main_sur_bord/20260823T135336Z/frame_0008.jpg,20260823T135336Z,8,4.0,sift,B,magsac,magsac,False,plate_vampire,,main_sur_bord,False,True,True,False,582.0710529951612,False,True,26.91786500508897,54,28,0.5185185185185185,0.6302233934402466,106873.91096962802,True,plate_vampire,,0.8235294117647058,,,,plate_vampire,False,0.16,0.2,False,False,False,True,627.688645006856,238.36786118435987,3067.40625,1.5931465511680196,,,3,4
plate_vampire/main_sur_bord/20260823T135336Z/frame_0009.jpg,20260823T135336Z,9,4.5,sift,B,magsac,magsac,False,plate_vampire,plate_vampire,main_sur_bord,False,True,True,False,610.1113559998339,True,False,32.88949800480623,59,43,0.7288135593220338,0.4058505892753601,106007.22955271625,True,plate_vampire,,0.8775510204081632,,,plate_vampire,plate_vampire,False,0.24625,0.2,True,False,False,False,655.0618600012967,235.12401103568496,3067.40625,1.5265733834633883,,,0,4
plate_vampire/main_sur_bord/20260823T135336Z/frame_0010.jpg,20260823T135336Z,10,5.0,sift,B,magsac,magsac,False,plate_vampire,plate_vampire,main_sur_bord,False,True,True,False,597.1483190078288,True,False,34.18648999650031,66,38,0.5757575757575758,0.4187782406806946,167484.94741400814,True,plate_vampire,,0.8636363636363636,,,plate_vampire,plate_vampire,False,0.33125,0.2,True,False,False,False,642.103970007156,239.42363617263786,3067.40625,1.557380185624542,,,0,4
plate_vampire/main_sur_bord/20260823T135336Z/frame_0011.jpg,20260823T135336Z,11,5.5,sift,B,magsac,magsac,False,plate_vampire,plate_vampire,main_sur_bord,False,True,True,False,595.6102529889904,True,False,41.505151995806955,78,52,0.6666666666666666,0.3919091820716858,166672.14944114332,True,plate_vampire,,0.896551724137931,,,plate_vampire,plate_vampire,False,0.37125,0.2,True,False,False,False,649.3732430099044,238.85052189875702,3067.40625,1.5399464187420295,,,0,4
plate_vampire/main_sur_bord/20260823T135336Z/frame_0012.jpg,20260823T135336Z,12,6.0,sift,B,magsac,magsac,False,plate_vampire,plate_vampire,main_sur_bord,False,True,True,False,614.148832988576,True,False,34.702338991337456,79,42,0.5316455696202531,0.3830196261405945,168127.81383258663,True,plate_vampire,,0.875,,,plate_vampire,plate_vampire,False,0.355,0.2,True,False,False,False,659.8586839972995,232.6936333850374,3067.40625,1.5154760015314015,,,0,4
plate_vampire/main_sur_bord/20260823T135336Z/frame_0013.jpg,20260823T135336Z,13,6.5,sift,B,magsac,magsac,False,plate_vampire,,main_sur_bord,False,True,True,False,607.7640729927225,False,True,28.29448699776549,52,31,0.5961538461538461,0.46528956294059753,105692.31087071146,True,plate_vampire,,0.8378378378378378,,,,plate_vampire,False,0.1975,0.2,False,False,False,True,647.3914579983102,233.9363140012185,3067.40625,1.5446604795990528,,,1,4
plate_vampire/main_sur_bord/20260823T135336Z/frame_0014.jpg,20260823T135336Z,14,7.0,sift,B,magsac,magsac,False,plate_vampire,plate_vampire,main_sur_bord,False,True,True,False,610.807721997844,True,False,31.389247000333853,71,45,0.6338028169014085,0.3757997751235962,162800.85745108037,True,plate_vampire,,0.8823529411764706,,,plate_vampire,plate_vampire,False,0.37875,0.2,True,False,False,False,653.1458330136957,235.56920862537564,3067.40625,1.5310516418452467,,,0,4
plate_vampire/main_sur_bord/20260823T135336Z/frame_0015.jpg,20260823T135336Z,15,7.5,sift,B,magsac,magsac,False,plate_vampire,plate_vampire,main_sur_bord,False,True,True,False,612.1230849967105,True,False,29.704646003665403,56,43,0.7678571428571429,0.4379507005214691,102690.35425787466,True,plate_vampire,,0.8775510204081632,,,plate_vampire,plate_vampire,False,0.25125,0.2,True,False,False,False,654.0229379897937,232.647390575737,3067.40625,1.5289983606287603,,,0,4
plate_vampire/main_sur_bord/20260823T135336Z/frame_0016.jpg,20260823T135336Z,16,8.0,sift,B,magsac,magsac,False,plate_vampire,plate_vampire,main_sur_bord,False,True,True,False,619.2228970030556,True,False,31.468875997234136,72,40,0.5555555555555556,0.4586160480976105,163681.94195435714,True,plate_vampire,plate_bois,0.8695652173913043,0.5714285714285714,0.2981366459627329,plate_vampire,plate_vampire,False,0.35625,0.2,True,False,False,False,661.9597079989035,232.71890787083208,3067.40625,1.5106659633756085,,,0,4
plate_vampire/main_sur_bord/20260823T135336Z/frame_0017.jpg,20260823T135336Z,17,8.5,sift,B,magsac,magsac,False,plate_vampire,,main_sur_bord,False,True,True,False,601.2356830033241,False,True,23.086332003003918,47,29,0.6170212765957447,0.49035269021987915,100680.02898605168,True,plate_vampire,,0.8285714285714286,,,,plate_vampire,False,0.17375,0.2,False,False,False,True,639.0561719890684,234.7324945366009,3067.40625,1.564807670799095,,,1,4
plate_vampire/main_sur_bord/20260823T135336Z/frame_0018.jpg,20260823T135336Z,18,9.0,sift,B,magsac,magsac,False,plate_vampire,plate_vampire,main_sur_bord,False,True,True,False,606.7966699920362,True,False,28.107951002311893,72,46,0.6388888888888888,0.5248639583587646,155103.775680147,True,plate_vampire,,0.8846153846153846,,,plate_vampire,plate_vampire,False,0.33875,0.2,True,False,False,False,645.5297089996748,237.51813830163508,3067.40625,1.5491153792900085,,,0,4
plate_vampire/main_sur_bord/20260823T135336Z/frame_0019.jpg,20260823T135336Z,19,9.5,sift,B,magsac,magsac,False,plate_vampire,plate_vampire,main_sur_bord,False,True,True,False,598.1576819904149,True,False,29.968514005304314,86,54,0.627906976744186,0.5046007037162781,157226.38490040088,True,plate_vampire,,0.9,,,plate_vampire,plate_vampire,False,0.34375,0.2,True,False,False,False,639.2901700019138,237.9794568083871,3067.40625,1.5642349075960396,,,0,4
plate_vampire/occlusion_angle/20260823T135419Z/frame_0000.jpg,20260823T135419Z,0,0.0,sift,B,magsac,magsac,False,plate_vampire,plate_vampire,occlusion_angle,False,True,True,False,613.618335002684,True,False,31.833688990445808,75,46,0.6133333333333333,0.8917967081069946,195983.51984740782,True,plate_vampire,,0.8846153846153846,,,plate_vampire,plate_vampire,False,0.31625,0.2,True,False,False,False,660.5138640006771,233.69082605636962,3067.40625,1.5139727634830915,0.0,,0,0
plate_vampire/occlusion_angle/20260823T135419Z/frame_0001.jpg,20260823T135419Z,1,0.5,sift,B,magsac,magsac,False,plate_vampire,plate_vampire,occlusion_angle,False,True,True,False,601.2610710022273,True,False,38.06026399252005,87,47,0.5402298850574713,1.2199689149856567,197171.40621327795,True,plate_vampire,,0.8867924528301887,,,plate_vampire,plate_vampire,False,0.3575,0.2,True,False,False,False,651.4819889998762,236.65217872973278,3067.40625,1.534961851416878,,,0,0
plate_vampire/occlusion_angle/20260823T135419Z/frame_0002.jpg,20260823T135419Z,2,1.0,sift,B,magsac,magsac,False,plate_vampire,plate_vampire,occlusion_angle,False,True,True,False,616.3817259948701,True,False,26.50005300529301,95,39,0.4105263157894737,0.8432120680809021,135669.1209504885,True,plate_vampire,,0.8666666666666667,,,plate_vampire,plate_vampire,False,0.31375,0.2,True,False,False,False,653.9707530027954,232.7730457379473,3067.40625,1.5291203703045808,,,0,0
plate_vampire/occlusion_angle/20260823T135419Z/frame_0003.jpg,20260823T135419Z,3,1.5,sift,B,magsac,magsac,False,plate_vampire,plate_vampire,occlusion_angle,False,True,True,False,632.414986990625,True,False,25.62018700700719,72,48,0.6666666666666666,0.8426235914230347,199558.74806923117,True,plate_vampire,,0.8888888888888888,,,plate_vampire,plate_vampire,False,0.36875,0.2,True,False,False,False,670.4284369916422,230.67986747990653,3067.40625,1.4915835081328246,,,0,0
plate_vampire/occlusion_angle/20260823T135419Z/frame_0004.jpg,20260823T135419Z,4,2.0,sift,B,magsac,magsac,False,plate_vampire,plate_vampire,occlusion_angle,False,True,True,False,603.6035209981492,True,False,36.43362600996625,78,47,0.6025641025641025,0.47631463408470154,132471.73643757266,True,plate_vampire,,0.8867924528301887,,,plate_vampire,plate_vampire,False,0.36625,0.2,True,False,False,False,657.7187119983137,233.57876961297075,3067.40625,1.5204067966406951,,,0,0
plate_vampire/occlusion_angle/20260823T135419Z/frame_0005.jpg,20260823T135419Z,5,2.5,sift,B,magsac,magsac,False,plate_vampire,plate_vampire,occlusion_angle,False,True,True,False,609.6984299947508,True,False,30.25001300557051,84,54,0.6428571428571429,0.9358885288238525,192655.4181842289,True,plate_vampire,,0.9,,,plate_vampire,plate_vampire,False,0.355,0.2,True,False,False,False,653.1580340088112,234.97755720467683,3067.40625,1.5310230417934503,,,0,0
plate_vampire/occlusion_angle/20260823T135419Z/frame_0006.jpg,20260823T135419Z,6,3.0,sift,B,magsac,magsac,False,plate_vampire,plate_vampire,occlusion_angle,False,True,True,False,615.4993420059327,True,False,31.30148800846655,86,51,0.5930232558139535,1.1383163928985596,188677.75726280757,True,plate_vampire,,0.8947368421052632,,,plate_vampire,plate_vampire,False,0.40125,0.2,True,False,False,False,659.9952000105986,235.37759016655872,3067.40625,1.515162534491071,,,0,0
plate_vampire/occlusion_angle/20260823T135419Z/frame_0007.jpg,20260823T135419Z,7,3.5,sift,B,magsac,magsac,False,plate_vampire,plate_vampire,occlusion_angle,False,True,True,False,595.2841420075856,True,False,28.550374001497403,84,49,0.5833333333333334,1.0925549268722534,183677.89874824812,True,plate_vampire,,0.8909090909090909,,,plate_vampire,plate_vampire,False,0.3925,0.2,True,False,False,False,635.2235250087688,240.5482002542251,3067.40625,1.5742490015403565,,,0,0
plate_vampire/occlusion_angle/20260823T135419Z/frame_0008.jpg,20260823T135419Z,8,4.0,sift,B,magsac,magsac,False,plate_vampire,plate_vampire,occlusion_angle,False,True,True,False,609.9359289946733,True,False,29.656850005267188,80,48,0.6,0.8741804957389832,183564.89826959698,True,plate_vampire,,0.8888888888888888,,,plate_vampire,plate_vampire,False,0.405,0.2,True,False,False,False,652.077263002866,235.92085114508126,3067.40625,1.533560601998179,,,0,0
plate_vampire/occlusion_angle/20260823T135419Z/frame_0009.jpg,20260823T135419Z,9,4.5,sift,B,magsac,magsac,False,plate_vampire,,occlusion_angle,False,True,False,True,585.4488650074927,False,True,0.0006299960659816861,0,0,0.0,,,False,,,,,,,,False,0.0,,False,False,False,True,597.6729620015249,243.87156181849173,3067.40625,1.6731558286510686,,,1,1
plate_vampire/occlusion_angle/20260823T135419Z/frame_0010.jpg,20260823T135419Z,10,5.0,sift,B,magsac,magsac,False,plate_vampire,plate_vampire,occlusion_angle,False,True,True,False,610.4290189978201,True,False,31.030379002913833,87,52,0.5977011494252874,0.7709742188453674,122847.28769620991,True,plate_vampire,,0.896551724137931,,,plate_vampire,plate_vampire,False,0.38125,0.2,True,False,False,False,654.0494179935195,235.8904192183292,3067.40625,1.5289364572294573,,,0,1
plate_vampire/occlusion_angle/20260823T135419Z/frame_0011.jpg,20260823T135419Z,11,5.5,sift,B,magsac,magsac,False,plate_vampire,plate_vampire,occlusion_angle,False,True,True,False,601.7245499970159,True,False,36.03064599155914,75,43,0.5733333333333334,0.7481381297111511,121641.01718365384,True,plate_vampire,,0.8775510204081632,,,plate_vampire,plate_vampire,False,0.3325,0.2,True,False,False,False,648.8876510120463,238.84704210086656,3067.40625,1.5410988303450324,,,0,1
plate_vampire/occlusion_angle/20260823T135419Z/frame_0012.jpg,20260823T135419Z,12,6.0,sift,B,magsac,magsac,False,plate_vampire,plate_vampire,occlusion_angle,False,True,True,False,599.8234869912267,True,False,31.69102298852522,70,39,0.5571428571428572,0.6072530150413513,120074.92512130225,True,plate_vampire,,0.8666666666666667,,,plate_vampire,plate_vampire,False,0.31125,0.2,True,False,False,False,643.1636280030943,236.9641205818774,3067.40625,1.554814290579238,,,0,1
plate_vampire/occlusion_angle/20260823T135419Z/frame_0013.jpg,20260823T135419Z,13,6.5,sift,B,magsac,magsac,False,plate_vampire,plate_vampire,occlusion_angle,False,True,True,False,587.6829439948779,True,False,30.354604008607566,70,48,0.6857142857142857,0.5935840606689453,119926.77652254654,True,plate_vampire,,0.8888888888888888,,,plate_vampire,plate_vampire,False,0.38875,0.2,True,False,False,False,630.5766439909348,242.94491932086407,3067.40625,1.5858500461910163,,,0,1
plate_vampire/occlusion_angle/20260823T135419Z/frame_0014.jpg,20260823T135419Z,14,7.0,sift,B,magsac,magsac,False,plate_vampire,plate_vampire,occlusion_angle,False,True,True,False,618.5389349993784,True,False,24.512378993676975,75,44,0.5866666666666667,0.4857003092765808,120998.83509719861,True,plate_vampire,,0.88,,,plate_vampire,plate_vampire,False,0.36125,0.2,True,False,False,False,656.5038110129535,231.14158875309928,3067.40625,1.5232204036364214,,,0,1
plate_vampire/occlusion_angle/20260823T135419Z/frame_0015.jpg,20260823T135419Z,15,7.5,sift,B,magsac,magsac,False,plate_vampire,plate_vampire,occlusion_angle,False,True,True,False,615.477433995693,True,False,35.35902099974919,80,47,0.5875,1.673635482788086,175876.18683010177,True,plate_vampire,,0.8867924528301887,,,plate_vampire,plate_vampire,False,0.3725,0.2,True,False,False,False,664.6233750070678,231.2316826027577,3067.40625,1.5046115403168985,,,0,1
plate_vampire/occlusion_angle/20260823T135419Z/frame_0016.jpg,20260823T135419Z,16,8.0,sift,B,magsac,magsac,False,plate_vampire,plate_vampire,occlusion_angle,False,True,True,False,596.3591540057678,True,False,33.93610300554428,76,39,0.5131578947368421,0.6443416476249695,117012.68221454718,True,plate_vampire,,0.8666666666666667,,,plate_vampire,plate_vampire,False,0.295,0.2,True,False,False,False,642.3326700023608,238.74996487324768,3067.40625,1.5568256865968293,,,0,1
plate_vampire/occlusion_angle/20260823T135419Z/frame_0017.jpg,20260823T135419Z,17,8.5,sift,B,magsac,magsac,False,plate_vampire,plate_vampire,occlusion_angle,False,True,True,False,609.4112639984814,True,False,36.43397799169179,73,31,0.4246575342465753,0.8405354619026184,175082.29256802925,True,plate_vampire,,0.8378378378378378,,,plate_vampire,plate_vampire,False,0.255,0.2,True,False,False,False,662.1191119920695,230.41504169997685,3067.40625,1.510302273244119,,,0,1
plate_vampire/occlusion_angle/20260823T135419Z/frame_0018.jpg,20260823T135419Z,18,9.0,sift,B,magsac,magsac,False,plate_vampire,plate_vampire,occlusion_angle,False,True,True,False,603.8066479959525,True,False,27.906358998734504,58,38,0.6551724137931034,0.6485512852668762,106326.8942692224,True,plate_vampire,,0.8636363636363636,,,plate_vampire,plate_vampire,False,0.26125,0.2,True,False,False,False,642.809369994211,239.2449556256112,3067.40625,1.5556711626792337,,,0,1
plate_vampire/occlusion_angle/20260823T135419Z/frame_0019.jpg,20260823T135419Z,19,9.5,sift,B,magsac,magsac,False,plate_vampire,plate_vampire,occlusion_angle,False,True,True,False,604.5539579936303,True,False,28.68276200024411,52,34,0.6538461538461539,1.275451421737671,173909.68870854977,True,plate_vampire,,0.85,,,plate_vampire,plate_vampire,False,0.305,0.2,True,False,False,False,645.4236329882406,234.5171641751048,3067.40625,1.5493699779323384,,,0,1
