sample_id,sequence_id,frame_index,timestamp_s,backend,variant,homography_backend,homography_requested,homography_fallback_used,object_expected,object_detected,condition,l1_hit,l1_miss,l2_success,l2_fail,l2_latency_ms,l3_success,l3_fail,l3_latency_ms,matches,inliers,inlier_ratio,reprojection_error,quadrilateral_area,geometry_valid,top1,top2,top1_score,top2_score,top1_top2_margin,final_candidate,l3_best_candidate,l3_corrected_top1,score,threshold_used,true_positive,true_negative,false_positive,false_negative,total_latency_ms,cpu_percent,ram_mb,fps,time_to_first_detection,time_to_trigger,miss_streak,longest_miss_streak
negatives/aucune_plaque/20260823T132011Z/frame_0000.jpg,20260823T132011Z,0,0.0,orb,A,magsac,magsac,False,,,aucune_plaque,False,True,False,True,125.97716799064074,False,True,0.002721993951126933,0,0,0.0,,,False,,,,,,,,False,0.0,,False,True,False,False,136.02399900264572,241.25159413495618,311.0625,7.351643881463517,,,0,0
negatives/aucune_plaque/20260823T132011Z/frame_0001.jpg,20260823T132011Z,1,0.5,orb,A,magsac,magsac,False,,,aucune_plaque,False,True,False,True,123.53329198958818,False,True,0.0017589918570593,0,0,0.0,,,False,,,,,,,,False,0.0,,False,True,False,False,140.63221399555914,240.23333018896236,311.0625,7.110746333209103,,,0,0
negatives/aucune_plaque/20260823T132011Z/frame_0002.jpg,20260823T132011Z,2,1.0,orb,A,magsac,magsac,False,,,aucune_plaque,False,True,False,True,120.08421999053098,False,True,0.0010549993021413684,0,0,0.0,,,False,,,,,,,,False,0.0,,False,True,False,False,132.32444600726012,249.45254105344125,311.0625,7.557182593042059,,,0,0
negatives/aucune_plaque/20260823T132011Z/frame_0003.jpg,20260823T132011Z,3,1.5,orb,A,magsac,magsac,False,,,aucune_plaque,False,True,False,True,118.37882299732883,False,True,0.0011669908417388797,0,0,0.0,,,False,,,,,,,,False,0.0,,False,True,False,False,136.97460399998818,244.65820247965803,311.0625,7.300623406073774,,,0,0
negatives/aucune_plaque/20260823T132011Z/frame_0004.jpg,20260823T132011Z,4,2.0,orb,A,magsac,magsac,False,,,aucune_plaque,False,True,False,True,130.8580280019669,False,True,0.0012399978004395962,0,0,0.0,,,False,,,,,,,,False,0.0,,False,True,False,False,140.49199198780116,238.0565990046188,311.0625,7.117843414782171,,,0,0
negatives/aucune_plaque/20260823T132011Z/frame_0005.jpg,20260823T132011Z,5,2.5,orb,A,magsac,magsac,False,,,aucune_plaque,False,True,False,True,115.13634100265335,False,True,0.0011110096238553524,0,0,0.0,,,False,,,,,,,,False,0.0,,False,True,False,False,128.2374700094806,258.08546673256336,311.0625,7.798032820875754,,,0,0
negatives/aucune_plaque/20260823T132011Z/frame_0006.jpg,20260823T132011Z,6,3.0,orb,A,magsac,magsac,False,,,aucune_plaque,False,True,False,True,124.83243299357127,False,True,0.0014069955796003342,0,0,0.0,,,False,,,,,,,,False,0.0,,False,True,False,False,134.4921929994598,246.9820482452348,311.0625,7.43537582143535,,,0,0
negatives/aucune_plaque/20260823T132011Z/frame_0007.jpg,20260823T132011Z,7,3.5,orb,A,magsac,magsac,False,,,aucune_plaque,False,True,False,True,118.67574599455111,False,True,0.000943997292779386,0,0,0.0,,,False,,,,,,,,False,0.0,,False,True,False,False,133.94793699262664,259.57953500929295,311.0625,7.465587171044273,,,0,0
negatives/aucune_plaque/20260823T132011Z/frame_0008.jpg,20260823T132011Z,8,4.0,orb,A,magsac,magsac,False,,,aucune_plaque,False,True,False,True,120.31742298859172,False,True,0.003130000550299883,0,0,0.0,,,False,,,,,,,,False,0.0,,False,True,False,False,130.27230999432504,256.95199157409735,311.0625,7.6762283561530635,,,0,0
negatives/aucune_plaque/20260823T132011Z/frame_0009.jpg,20260823T132011Z,9,4.5,orb,A,magsac,magsac,False,,,aucune_plaque,False,True,False,True,118.36922999646049,False,True,0.000833999365568161,0,0,0.0,,,False,,,,,,,,False,0.0,,False,True,False,False,128.7610219878843,266.5657010957058,311.0625,7.766325434214823,,,0,0
negatives/aucune_plaque/20260823T132011Z/frame_0010.jpg,20260823T132011Z,10,5.0,orb,A,magsac,magsac,False,,,aucune_plaque,False,True,False,True,121.72556298901327,False,True,0.000777989043854177,0,0,0.0,,,False,,,,,,,,False,0.0,,False,True,False,False,131.47956199827604,252.81970973128134,311.0625,7.605744838221411,,,0,0
negatives/aucune_plaque/20260823T132011Z/frame_0011.jpg,20260823T132011Z,11,5.5,orb,A,magsac,magsac,False,,,aucune_plaque,True,False,False,True,125.47959599760361,False,True,0.0007589987944811583,0,0,0.0,,,False,,,,,,,,False,0.0,,False,True,False,False,138.71863200620282,251.75157291371315,311.0625,7.208836949569146,,,0,0
negatives/aucune_plaque/20260823T132011Z/frame_0012.jpg,20260823T132011Z,12,6.0,orb,A,magsac,magsac,False,,,aucune_plaque,True,False,False,True,131.49320999218617,False,True,0.0017589918570593,0,0,0.0,,,False,,,,,,,,False,0.0,,False,True,False,False,141.38543099397793,242.17184160550795,311.0625,7.072864530452174,,,0,0
negatives/aucune_plaque/20260823T132011Z/frame_0013.jpg,20260823T132011Z,13,6.5,orb,A,magsac,magsac,False,,,aucune_plaque,False,True,False,True,110.57018100109417,False,True,0.0012230011634528637,0,0,0.0,,,False,,,,,,,,False,0.0,,False,True,False,False,121.31443500402384,265.8422420953466,311.0625,8.243042140589711,,,0,0
negatives/aucune_plaque/20260823T132011Z/frame_0014.jpg,20260823T132011Z,14,7.0,orb,A,magsac,magsac,False,,,aucune_plaque,False,True,False,True,117.7118819905445,False,True,0.0007589987944811583,0,0,0.0,,,False,,,,,,,,False,0.0,,False,True,False,False,127.1536610001931,261.8242954086029,311.0625,7.86450026003169,,,0,0
negatives/aucune_plaque/20260823T132011Z/frame_0015.jpg,20260823T132011Z,15,7.5,orb,A,magsac,magsac,False,,,aucune_plaque,False,True,False,True,121.00747300428338,False,True,0.0010740041034296155,0,0,0.0,,,False,,,,,,,,False,0.0,,False,True,False,False,133.11844199779443,254.28823979596257,311.0625,7.512107150537177,,,0,0
negatives/aucune_plaque/20260823T132011Z/frame_0016.jpg,20260823T132011Z,16,8.0,orb,A,magsac,magsac,False,,,aucune_plaque,False,True,False,True,118.5442290006904,False,True,0.0006479967851191759,0,0,0.0,,,False,,,,,,,,False,0.0,,False,True,False,False,129.2065379966516,256.3709252921741,311.0625,7.739546430892801,,,0,0
negatives/aucune_plaque/20260823T132011Z/frame_0017.jpg,20260823T132011Z,17,8.5,orb,A,magsac,magsac,False,,,aucune_plaque,False,True,False,True,118.71606099884957,False,True,0.0010369985830038786,0,0,0.0,,,False,,,,,,,,False,0.0,,False,True,False,False,131.76726399979088,263.27193376387487,311.0625,7.58913837659699,,,0,0
negatives/aucune_plaque/20260823T132011Z/frame_0018.jpg,20260823T132011Z,18,9.0,orb,A,magsac,magsac,False,,,aucune_plaque,False,True,False,True,118.35173000872601,False,True,0.0008150091161951423,0,0,0.0,,,False,,,,,,,,False,0.0,,False,True,False,False,127.93915699876379,257.7997313232152,311.0625,7.81621532811618,,,0,0
negatives/aucune_plaque/20260823T132011Z/frame_0019.jpg,20260823T132011Z,19,9.5,orb,A,magsac,magsac,False,,,aucune_plaque,False,True,False,True,115.75106000236701,False,True,0.0010749936336651444,0,0,0.0,,,False,,,,,,,,False,0.0,,False,True,False,False,126.37172100949101,272.30598210667296,311.0625,7.91316278683026,,,0,0
plate_bougie/frontal/20260823T135503Z/frame_0000.jpg,20260823T135503Z,0,0.0,orb,A,magsac,magsac,False,plate_bougie,,frontal,False,True,False,True,123.23333199310582,False,True,0.0011119991540908813,0,0,0.0,,,False,,,,,,,,False,0.0,,False,False,False,True,135.53240899636876,251.08592957210564,311.0625,7.378309050987151,,,1,1
plate_bougie/frontal/20260823T135503Z/frame_0001.jpg,20260823T135503Z,1,0.5,orb,A,magsac,magsac,False,plate_bougie,,frontal,True,False,False,True,120.66966100246646,False,True,0.0005369947757571936,0,0,0.0,,,False,,,,,,,,False,0.0,,False,False,False,True,131.32971100276336,269.91126173462857,311.0625,7.614423212877996,,,2,2
plate_bougie/frontal/20260823T135503Z/frame_0002.jpg,20260823T135503Z,2,1.0,orb,A,magsac,magsac,False,plate_bougie,,frontal,True,False,False,True,126.6619410016574,False,True,0.0007780035957694054,0,0,0.0,,,False,,,,,,,,False,0.0,,False,False,False,True,136.96012299624272,253.89269766466316,311.0625,7.301395312177351,,,3,3
plate_bougie/frontal/20260823T135503Z/frame_0003.jpg,20260823T135503Z,3,1.5,orb,A,magsac,magsac,False,plate_bougie,,frontal,True,False,False,True,125.3263929975219,False,True,0.0006299960659816861,0,0,0.0,,,False,,,,,,,,False,0.0,,False,False,False,True,137.6124889939092,262.3077386646032,311.0625,7.266782305232924,,,4,4
plate_bougie/frontal/20260823T135503Z/frame_0004.jpg,20260823T135503Z,4,2.0,orb,A,magsac,magsac,False,plate_bougie,plate_bougie,frontal,False,True,True,False,131.58828399900813,True,False,28.924852987984195,29,16,0.5517241379310345,0.5024063587188721,252390.54028188286,True,plate_bougie,,0.7272727272727273,,,plate_bougie,plate_bougie,False,0.335,0.2,True,False,False,False,170.82017099892255,246.14600110817847,311.0625,5.854109582915167,2.0,,0,4
plate_bougie/frontal/20260823T135503Z/frame_0005.jpg,20260823T135503Z,5,2.5,orb,A,magsac,magsac,False,plate_bougie,plate_bougie,frontal,False,True,True,False,114.54164099995978,True,False,29.474922994268127,35,16,0.45714285714285713,0.568342924118042,226653.0362243224,True,plate_bougie,,0.7272727272727273,,,plate_bougie,plate_bougie,False,0.3025,0.2,True,False,False,False,154.41898599965498,270.3958158363587,311.0625,6.475887621760671,,,0,4
plate_bougie/frontal/20260823T135503Z/frame_0006.jpg,20260823T135503Z,6,3.0,orb,A,magsac,magsac,False,plate_bougie,,frontal,True,False,False,True,123.27205399924424,False,True,0.0020000006770715117,0,0,0.0,,,False,,,,,,,,False,0.0,,False,False,False,True,135.16576300025918,264.1550523406706,311.0625,7.398323198146579,,,1,4
plate_bougie/frontal/20260823T135503Z/frame_0007.jpg,20260823T135503Z,7,3.5,orb,A,magsac,magsac,False,plate_bougie,plate_bougie,frontal,True,False,True,False,131.56502500351053,True,False,35.431094001978636,21,11,0.5238095238095238,0.9165458083152771,246190.11923888914,True,plate_bougie,,0.6470588235294118,,,plate_bougie,plate_bougie,False,0.33,0.2,True,False,False,False,182.05092000425793,233.33361346927825,311.0625,5.492968670395136,,,0,4
plate_bougie/frontal/20260823T135503Z/frame_0008.jpg,20260823T135503Z,8,4.0,orb,A,magsac,magsac,False,plate_bougie,,frontal,True,False,True,False,120.97703000472393,False,True,49.657493000268005,22,10,0.45454545454545453,0.6877292394638062,23741.925059237517,True,plate_bougie,plate_bois,0.625,0.5384615384615384,0.08653846153846156,,plate_bougie,False,0.025,0.2,False,False,False,True,182.25928899482824,261.7898937450251,311.0625,5.486688802063613,,,1,4
plate_bougie/frontal/20260823T135503Z/frame_0009.jpg,20260823T135503Z,9,4.5,orb,A,magsac,magsac,False,plate_bougie,,frontal,True,False,True,False,139.6030339965364,False,True,18.610671002534218,8,6,0.75,0.21822024881839752,1027.6299247042625,True,plate_bois,,0.5,,,,plate_bois,False,0.00646830530401035,0.2,False,False,False,True,170.2272849943256,244.92754672900895,311.0625,5.874498909110454,,,2,4
plate_bougie/frontal/20260823T135503Z/frame_0010.jpg,20260823T135503Z,10,5.0,orb,A,magsac,magsac,False,plate_bougie,,frontal,False,True,False,True,118.02784299652558,False,True,0.0009630020940676332,0,0,0.0,,,False,,,,,,,,False,0.0,,False,False,False,True,130.92756499827374,261.962217050719,311.0625,7.6378110294282555,,,3,4
plate_bougie/frontal/20260823T135503Z/frame_0011.jpg,20260823T135503Z,11,5.5,orb,A,magsac,magsac,False,plate_bougie,plate_bougie,frontal,True,False,True,False,121.75067300267983,True,False,30.366751991095953,18,10,0.5555555555555556,0.788294792175293,242592.19974659022,True,plate_bougie,,0.625,,,plate_bougie,plate_bougie,False,0.35625,0.2,True,False,False,False,162.46732899162453,260.236824612164,311.0625,6.155083647934852,,,0,4
plate_bougie/frontal/20260823T135503Z/frame_0012.jpg,20260823T135503Z,12,6.0,orb,A,magsac,magsac,False,plate_bougie,plate_bougie,frontal,True,False,True,False,115.4306170064956,True,False,33.36486400803551,18,11,0.6111111111111112,1.1715198755264282,118344.93048978667,True,plate_bougie,,0.6470588235294118,,,plate_bougie,plate_bougie,False,0.31,0.2,True,False,False,False,159.1572180041112,257.4954464141329,311.0625,6.283095498528813,,,0,4
plate_bougie/frontal/20260823T135503Z/frame_0013.jpg,20260823T135503Z,13,6.5,orb,A,magsac,magsac,False,plate_bougie,,frontal,True,False,False,True,112.85559499810915,False,True,0.0005549954948946834,0,0,0.0,,,False,,,,,,,,False,0.0,,False,False,False,True,122.92662900290452,283.55128406861513,311.0625,8.134933887891549,,,1,4
plate_bougie/frontal/20260823T135503Z/frame_0014.jpg,20260823T135503Z,14,7.0,orb,A,magsac,magsac,False,plate_bougie,plate_bougie,frontal,False,True,True,False,129.95847800630145,True,False,24.215194993303157,19,10,0.5263157894736842,0.35956844687461853,253978.57654748927,True,plate_bougie,,0.625,,,plate_bougie,plate_bougie,False,0.31875,0.2,True,False,False,False,167.4792069970863,250.53069543570214,311.0625,5.970890464136228,,,0,4
plate_bougie/frontal/20260823T135503Z/frame_0015.jpg,20260823T135503Z,15,7.5,orb,A,magsac,magsac,False,plate_bougie,plate_bougie,frontal,True,False,True,False,124.69728599535301,True,False,24.74576600070577,15,11,0.7333333333333333,0.6611757278442383,123588.29183335218,True,plate_bougie,,0.6470588235294118,,,plate_bougie,plate_bougie,False,0.28375,0.2,True,False,False,False,162.56075398996472,251.4692150266693,311.0625,6.1515462708897894,,,0,4
plate_bougie/frontal/20260823T135503Z/frame_0016.jpg,20260823T135503Z,16,8.0,orb,A,magsac,magsac,False,plate_bougie,,frontal,True,False,True,False,127.11480900179595,False,True,19.589646995882504,18,6,0.3333333333333333,0.796446681022644,30286.40731332684,True,plate_bougie,,0.5,,,,plate_bougie,False,0.04875,0.2,False,False,False,True,158.49220400559716,256.7272103715781,311.0625,6.309458602548583,,,1,4
plate_bougie/frontal/20260823T135503Z/frame_0017.jpg,20260823T135503Z,17,8.5,orb,A,magsac,magsac,False,plate_bougie,,frontal,True,False,False,True,112.86522400041576,False,True,0.001444001100026071,0,0,0.0,,,False,,,,,,,,False,0.0,,False,False,False,True,125.89831599325407,267.5268174500816,311.0625,7.94291799783551,,,2,4
plate_bougie/frontal/20260823T135503Z/frame_0018.jpg,20260823T135503Z,18,9.0,orb,A,magsac,magsac,False,plate_bougie,,frontal,True,False,False,True,116.37046300165821,False,True,0.0009999930625781417,0,0,0.0,,,False,,,,,,,,False,0.0,,False,False,False,True,127.93728600081522,266.54303812402816,311.0625,7.816329635080956,,,3,4
plate_bougie/frontal/20260823T135503Z/frame_0019.jpg,20260823T135503Z,19,9.5,orb,A,magsac,magsac,False,plate_bougie,plate_bougie,frontal,True,False,True,False,119.66938900877722,True,False,27.15493801224511,26,17,0.6538461538461539,0.8751041889190674,119405.66607815004,True,plate_bougie,,0.7391304347826086,,,plate_bougie,plate_bougie,False,0.335,0.2,True,False,False,False,159.20175499923062,264.13912836704145,311.0625,6.28133779055911,,,0,4
plate_bougie/main_sur_bord/20260823T135543Z/frame_0000.jpg,20260823T135543Z,0,0.0,orb,A,magsac,magsac,False,plate_bougie,,main_sur_bord,False,True,True,False,127.9038600041531,False,True,24.47811899764929,22,14,0.6363636363636364,0.4971333146095276,318702.61415957357,True,plate_bougie,,0.7,,,,plate_bougie,False,0.16625,0.2,False,False,False,True,170.11033999733627,254.04768928612333,311.0625,5.878537424683643,,,1,1
plate_bougie/main_sur_bord/20260823T135543Z/frame_0001.jpg,20260823T135543Z,1,0.5,orb,A,magsac,magsac,False,plate_bougie,,main_sur_bord,False,True,True,False,131.22695199854206,False,True,18.578670991701074,14,6,0.42857142857142855,3.0517578125e-05,12920.600253534503,True,plate_bougie,,0.5,,,,plate_bougie,False,0.01875,0.2,False,False,False,True,162.9483439901378,248.89364081205213,311.0625,6.136914162567516,,,2,2
plate_bougie/main_sur_bord/20260823T135543Z/frame_0002.jpg,20260823T135543Z,2,1.0,orb,A,magsac,magsac,False,plate_bougie,,main_sur_bord,False,True,False,True,128.09878500411287,False,True,0.0005920010153204203,0,0,0.0,,,False,,,,,,,,False,0.0,,False,False,False,True,142.3236109985737,255.1824103195642,311.0625,7.026241064176073,,,3,3
plate_bougie/main_sur_bord/20260823T135543Z/frame_0003.jpg,20260823T135543Z,3,1.5,orb,A,magsac,magsac,False,plate_bougie,plate_bougie,main_sur_bord,False,True,True,False,135.05278300726786,True,False,21.42739600094501,14,10,0.7142857142857143,0.5435128808021545,101999.62093437903,True,plate_bougie,,0.625,,,plate_bougie,plate_bougie,False,0.24875,0.2,True,False,False,False,167.99277800600976,254.1453085469696,311.0625,5.95263684468761,1.5,,0,3
plate_bougie/main_sur_bord/20260823T135543Z/frame_0004.jpg,20260823T135543Z,4,2.0,orb,A,magsac,magsac,False,plate_bougie,,main_sur_bord,False,True,True,False,125.7888909894973,False,True,9.726796008180827,14,6,0.42857142857142855,0.0001796371361706406,705.3042413461953,True,plate_cellule,,0.5,,,,plate_cellule,False,0.005,0.2,False,False,False,True,151.4217810035916,249.3128666813434,311.0625,6.604069727434264,,,1,3
plate_bougie/main_sur_bord/20260823T135543Z/frame_0005.jpg,20260823T135543Z,5,2.5,orb,A,magsac,magsac,False,plate_bougie,,main_sur_bord,False,True,False,True,125.94981600705069,False,True,0.0008329952834174037,0,0,0.0,,,False,,,,,,,,False,0.0,,False,False,False,True,143.04432900098618,254.07251342169093,311.0625,6.990839881482514,,,2,3
plate_bougie/main_sur_bord/20260823T135543Z/frame_0006.jpg,20260823T135543Z,6,3.0,orb,A,magsac,magsac,False,plate_bougie,plate_bougie,main_sur_bord,False,True,True,False,126.72927501262166,True,False,28.834297001594678,21,14,0.6666666666666666,0.7077849507331848,155103.1251982181,True,plate_bougie,,0.7,,,plate_bougie,plate_bougie,False,0.2675,0.2,True,False,False,False,166.35865801072214,255.36647330529595,311.0625,6.011108841329725,,,0,3
plate_bougie/main_sur_bord/20260823T135543Z/frame_0007.jpg,20260823T135543Z,7,3.5,orb,A,magsac,magsac,False,plate_bougie,,main_sur_bord,False,True,False,True,115.17861900210846,False,True,0.0005930050974711776,0,0,0.0,,,False,,,,,,,,False,0.0,,False,False,False,True,125.42702299833763,279.09248153377564,311.0625,7.972763572753007,,,1,3
plate_bougie/main_sur_bord/20260823T135543Z/frame_0008.jpg,20260823T135543Z,8,4.0,orb,A,magsac,magsac,False,plate_bougie,,main_sur_bord,False,True,False,True,136.03509200038388,False,True,0.0009259965736418962,0,0,0.0,,,False,,,,,,,,False,0.0,,False,False,False,True,150.3326389938593,240.4284787515535,311.0625,6.6519154236416185,,,2,3
plate_bougie/main_sur_bord/20260823T135543Z/frame_0009.jpg,20260823T135543Z,9,4.5,orb,A,magsac,magsac,False,plate_bougie,,main_sur_bord,False,True,False,True,125.96242700237781,False,True,0.002315005986019969,0,0,0.0,,,False,,,,,,,,False,0.0,,False,False,False,True,137.26367701019626,255.58051309811387,311.0625,7.285248521542358,,,3,3
plate_bougie/main_sur_bord/20260823T135543Z/frame_0010.jpg,20260823T135543Z,10,5.0,orb,A,magsac,magsac,False,plate_bougie,,main_sur_bord,False,True,False,True,121.2371389992768,False,True,0.0007780035957694054,0,0,0.0,,,False,,,,,,,,False,0.0,,False,False,False,True,133.34821700118482,249.06798566121648,311.0625,7.499162887128178,,,4,4
plate_bougie/main_sur_bord/20260823T135543Z/frame_0011.jpg,20260823T135543Z,11,5.5,orb,A,magsac,magsac,False,plate_bougie,,main_sur_bord,False,True,False,True,132.23322399426252,False,True,0.000610991264693439,0,0,0.0,,,False,,,,,,,,False,0.0,,False,False,False,True,144.49685798899736,255.05378949351595,311.0625,6.920565705838008,,,5,5
plate_bougie/main_sur_bord/20260823T135543Z/frame_0012.jpg,20260823T135543Z,12,6.0,orb,A,magsac,magsac,False,plate_bougie,,main_sur_bord,False,True,True,False,138.0552279879339,False,True,27.277009998215362,19,14,0.7368421052631579,0.6003102660179138,317863.1454066822,True,plate_bougie,,0.7,,,,plate_bougie,False,0.1625,0.2,False,False,False,True,175.79864199797157,249.7418302042787,311.0625,5.688326079399057,,,6,6
plate_bougie/main_sur_bord/20260823T135543Z/frame_0013.jpg,20260823T135543Z,13,6.5,orb,A,magsac,magsac,False,plate_bougie,,main_sur_bord,False,True,False,True,120.58925398741849,False,True,0.0009070063242688775,0,0,0.0,,,False,,,,,,,,False,0.0,,False,False,False,True,133.6558829934802,269.7086090984742,311.0625,7.48190036684566,,,7,7
plate_bougie/main_sur_bord/20260823T135543Z/frame_0014.jpg,20260823T135543Z,14,7.0,orb,A,magsac,magsac,False,plate_bougie,,main_sur_bord,False,True,False,True,131.23695200192742,False,True,0.0009249924914911389,0,0,0.0,,,False,,,,,,,,False,0.0,,False,False,False,True,143.39301199652255,252.64975116694416,311.0625,6.973840538507213,,,8,8
plate_bougie/main_sur_bord/20260823T135543Z/frame_0015.jpg,20260823T135543Z,15,7.5,orb,A,magsac,magsac,False,plate_bougie,,main_sur_bord,False,True,False,True,117.82810300064739,False,True,0.0007219932740554214,0,0,0.0,,,False,,,,,,,,False,0.0,,False,False,False,True,131.2685809971299,264.4811000185881,311.0625,7.617969146949675,,,9,9
plate_bougie/main_sur_bord/20260823T135543Z/frame_0016.jpg,20260823T135543Z,16,8.0,orb,A,magsac,magsac,False,plate_bougie,,main_sur_bord,False,True,False,True,116.72833199554589,False,True,0.0007409980753436685,0,0,0.0,,,False,,,,,,,,False,0.0,,False,False,False,True,129.13605700305197,267.3396129725726,311.0625,7.743770587453868,,,10,10
plate_bougie/main_sur_bord/20260823T135543Z/frame_0017.jpg,20260823T135543Z,17,8.5,orb,A,magsac,magsac,False,plate_bougie,,main_sur_bord,False,True,False,True,118.61608001345303,False,True,0.0008509960025548935,0,0,0.0,,,False,,,,,,,,False,0.0,,False,False,False,True,131.83687398850452,262.7493443376123,311.0625,7.585131304669699,,,11,11
plate_bougie/main_sur_bord/20260823T135543Z/frame_0018.jpg,20260823T135543Z,18,9.0,orb,A,magsac,magsac,False,plate_bougie,,main_sur_bord,False,True,False,True,121.57163700612728,False,True,0.0007589987944811583,0,0,0.0,,,False,,,,,,,,False,0.0,,False,False,False,True,136.22868301172275,260.4235834603731,311.0625,7.340598014251873,,,12,12
plate_bougie/main_sur_bord/20260823T135543Z/frame_0019.jpg,20260823T135543Z,19,9.5,orb,A,magsac,magsac,False,plate_bougie,,main_sur_bord,False,True,False,True,117.36406899581198,False,True,0.0011119991540908813,0,0,0.0,,,False,,,,,,,,False,0.0,,False,False,False,True,131.4982659969246,261.1551934897987,311.0625,7.604663015277992,,,13,13
plate_bougie/occlusion_angle/20260823T135620Z/frame_0000.jpg,20260823T135620Z,0,0.0,orb,A,magsac,magsac,False,plate_bougie,plate_bougie,occlusion_angle,False,True,True,False,122.52729799365625,True,False,29.052926009171642,41,23,0.5609756097560976,0.8296794295310974,169723.38488553953,True,plate_bougie,,0.7931034482758621,,,plate_bougie,plate_bougie,False,0.33625,0.2,True,False,False,False,163.9247279963456,261.0715065572911,311.0625,6.100360892606106,0.0,,0,0
plate_bougie/occlusion_angle/20260823T135620Z/frame_0001.jpg,20260823T135620Z,1,0.5,orb,A,magsac,magsac,False,plate_bougie,plate_bougie,occlusion_angle,False,True,True,False,117.70489999616984,True,False,32.66527499363292,26,14,0.5384615384615384,0.8033275604248047,158187.41920395047,True,plate_bougie,,0.7,,,plate_bougie,plate_bougie,False,0.3275,0.2,True,False,False,False,160.57535901200026,258.7954923824533,311.0625,6.227605568829942,,,0,0
plate_bougie/occlusion_angle/20260823T135620Z/frame_0002.jpg,20260823T135620Z,2,1.0,orb,A,magsac,magsac,False,plate_bougie,,occlusion_angle,False,True,True,False,121.22628699580673,False,True,23.006165007245727,18,10,0.5555555555555556,0.8712870478630066,89496.95132924803,True,plate_bougie,,0.625,,,,plate_bougie,False,0.12125,0.2,False,False,False,True,156.2658460024977,262.3756364480602,311.0625,6.399351013554275,,,1,1
plate_bougie/occlusion_angle/20260823T135620Z/frame_0003.jpg,20260823T135620Z,3,1.5,orb,A,magsac,magsac,False,plate_bougie,,occlusion_angle,False,True,False,True,127.19921600364614,False,True,0.0033709948183968663,0,0,0.0,,,False,,,,,,,,False,0.0,,False,False,False,True,137.6919520116644,258.7236529044359,311.0625,7.262588592797974,,,2,2
plate_bougie/occlusion_angle/20260823T135620Z/frame_0004.jpg,20260823T135620Z,4,2.0,orb,A,magsac,magsac,False,plate_bougie,plate_bougie,occlusion_angle,False,True,True,False,129.40131401410326,True,False,24.226343011832796,23,16,0.6956521739130435,0.6042337417602539,101756.77811223059,True,plate_bougie,,0.7272727272727273,,,plate_bougie,plate_bougie,False,0.265,0.2,True,False,False,False,169.0426979912445,249.43854778148415,311.0625,5.915665165565416,,,0,2
plate_bougie/occlusion_angle/20260823T135620Z/frame_0005.jpg,20260823T135620Z,5,2.5,orb,A,magsac,magsac,False,plate_bougie,,occlusion_angle,False,True,False,True,130.5315859935945,False,True,0.0005929905455559492,0,0,0.0,,,False,,,,,,,,False,0.0,,False,False,False,True,142.87681199493818,254.31203351098728,311.0625,6.99903634492788,,,1,2
plate_bougie/occlusion_angle/20260823T135620Z/frame_0006.jpg,20260823T135620Z,6,3.0,orb,A,magsac,magsac,False,plate_bougie,,occlusion_angle,False,True,False,True,124.05679000949021,False,True,0.0007030030246824026,0,0,0.0,,,False,,,,,,,,False,0.0,,False,False,False,True,138.43370699032675,255.26831411420002,311.0625,7.223674217362946,,,2,2
plate_bougie/occlusion_angle/20260823T135620Z/frame_0007.jpg,20260823T135620Z,7,3.5,orb,A,magsac,magsac,False,plate_bougie,,occlusion_angle,False,True,False,True,114.34904899215326,False,True,0.0008510105544701219,0,0,0.0,,,False,,,,,,,,False,0.0,,False,False,False,True,126.81638500362169,277.3986019156403,311.0625,7.885416383470019,,,3,3
plate_bougie/occlusion_angle/20260823T135620Z/frame_0008.jpg,20260823T135620Z,8,4.0,orb,A,magsac,magsac,False,plate_bougie,plate_bougie,occlusion_angle,False,True,True,False,133.33334799972363,True,False,36.449957988224924,37,30,0.8108108108108109,0.8293411731719971,105485.47123114135,True,plate_bougie,,0.8333333333333334,,,plate_bougie,plate_bougie,False,0.32625,0.2,True,False,False,False,183.18271001044195,239.07653510259445,311.0625,5.459030494433656,,,0,3
plate_bougie/occlusion_angle/20260823T135620Z/frame_0009.jpg,20260823T135620Z,9,4.5,orb,A,magsac,magsac,False,plate_bougie,,occlusion_angle,False,True,False,True,124.5774350099964,False,True,0.0005929905455559492,0,0,0.0,,,False,,,,,,,,False,0.0,,False,False,False,True,136.26601500436664,264.5360033376251,311.0625,7.338586954112917,,,1,3
plate_bougie/occlusion_angle/20260823T135620Z/frame_0010.jpg,20260823T135620Z,10,5.0,orb,A,magsac,magsac,False,plate_bougie,plate_bougie,occlusion_angle,False,True,True,False,137.5140640011523,True,False,38.09376400022302,50,32,0.64,0.7409074306488037,328519.2966293365,True,plate_bougie,,0.8421052631578947,,,plate_bougie,plate_bougie,False,0.2875,0.2,True,False,False,False,190.42663100117352,230.59481002806353,311.0625,5.251366338534012,,,0,3
plate_bougie/occlusion_angle/20260823T135620Z/frame_0011.jpg,20260823T135620Z,11,5.5,orb,A,magsac,magsac,False,plate_bougie,plate_bougie,occlusion_angle,False,True,True,False,119.49792699306272,True,False,30.302049010060728,60,40,0.6666666666666666,0.7746244668960571,325378.9090356524,True,plate_bougie,,0.8695652173913043,,,plate_bougie,plate_bougie,False,0.30125,0.2,True,False,False,False,162.040701994556,264.74144811740524,311.0625,6.17128898906891,,,0,3
plate_bougie/occlusion_angle/20260823T135620Z/frame_0012.jpg,20260823T135620Z,12,6.0,orb,A,magsac,magsac,False,plate_bougie,plate_bougie,occlusion_angle,False,True,True,False,128.5314119886607,True,False,24.817265002639033,40,36,0.9,0.7084126472473145,155932.60478132017,True,plate_bougie,,0.8571428571428571,,,plate_bougie,plate_bougie,False,0.37875,0.2,True,False,False,False,165.86866100260522,255.49586669258892,311.0625,6.0288664172932185,,,0,3
plate_bougie/occlusion_angle/20260823T135620Z/frame_0013.jpg,20260823T135620Z,13,6.5,orb,A,magsac,magsac,False,plate_bougie,plate_bougie,occlusion_angle,False,True,True,False,140.49086200247984,True,False,27.4834540032316,39,26,0.6666666666666666,0.6317821145057678,323699.8342057332,True,plate_bougie,plate_bois,0.8125,0.5,0.3125,plate_bougie,plate_bougie,False,0.28875,0.2,True,False,False,False,179.01540100865532,242.58688389553714,311.0625,5.586111554455868,,,0,3
plate_bougie/occlusion_angle/20260823T135620Z/frame_0014.jpg,20260823T135620Z,14,7.0,orb,A,magsac,magsac,False,plate_bougie,plate_bougie,occlusion_angle,False,True,True,False,127.68769499962218,True,False,23.622456996235996,31,29,0.9354838709677419,0.7085674405097961,152984.13500002905,True,plate_bougie,,0.8285714285714286,,,plate_bougie,plate_bougie,False,0.385,0.2,True,False,False,False,165.0596279941965,256.44811886700745,311.0625,6.0584166591915505,,,0,3
plate_bougie/occlusion_angle/20260823T135620Z/frame_0015.jpg,20260823T135620Z,15,7.5,orb,A,magsac,magsac,False,plate_bougie,plate_bougie,occlusion_angle,False,True,True,False,133.55762399442028,True,False,28.394280991051346,47,38,0.8085106382978723,0.9398753046989441,156091.4633915985,True,plate_bougie,,0.8636363636363636,,,plate_bougie,plate_bougie,False,0.38875,0.2,True,False,False,False,175.66629000066314,241.97253041456642,311.0625,5.69261182664144,,,0,3
plate_bougie/occlusion_angle/20260823T135620Z/frame_0016.jpg,20260823T135620Z,16,8.0,orb,A,magsac,magsac,False,plate_bougie,plate_bougie,occlusion_angle,False,True,True,False,120.96790000214241,True,False,31.989965005777776,47,34,0.723404255319149,0.8879927396774292,158501.596677386,True,plate_bougie,,0.85,,,plate_bougie,plate_bougie,False,0.4,0.2,True,False,False,False,163.71595099917613,254.39707765683318,311.0625,6.108140311905419,,,0,3
plate_bougie/occlusion_angle/20260823T135620Z/frame_0017.jpg,20260823T135620Z,17,8.5,orb,A,magsac,magsac,False,plate_bougie,plate_bougie,occlusion_angle,False,True,True,False,124.00756699207705,True,False,28.379634008160792,46,36,0.782608695652174,0.7939072847366333,107826.06488758698,True,plate_bougie,,0.8571428571428571,,,plate_bougie,plate_bougie,False,0.3125,0.2,True,False,False,False,165.80817999783903,257.07406233248446,311.0625,6.031065536169765,,,0,3
plate_bougie/occlusion_angle/20260823T135620Z/frame_0018.jpg,20260823T135620Z,18,9.0,orb,A,magsac,magsac,False,plate_bougie,plate_bougie,occlusion_angle,False,True,True,False,131.72543099790346,True,False,24.513582000508904,33,23,0.696969696969697,0.6467638611793518,160755.3951876266,True,plate_bougie,,0.7931034482758621,,,plate_bougie,plate_bougie,False,0.3925,0.2,True,False,False,False,167.05145000014454,251.25959696826055,311.0625,5.986179706905475,,,0,3
plate_bougie/occlusion_angle/20260823T135620Z/frame_0019.jpg,20260823T135620Z,19,9.5,orb,A,magsac,magsac,False,plate_bougie,plate_bougie,occlusion_angle,False,True,True,False,123.90690100437496,True,False,24.48998899490107,35,24,0.6857142857142857,0.8583988547325134,98737.56973175472,True,plate_bougie,,0.8,,,plate_bougie,plate_bougie,False,0.25125,0.2,True,False,False,False,159.09107000334188,266.82822234527777,311.0625,6.285707928037657,,,0,3
plate_cellule/frontal/20260823T132156Z/frame_0000.jpg,20260823T132156Z,0,0.0,orb,A,magsac,magsac,False,plate_cellule,,frontal,True,False,True,False,119.47483400581405,False,True,26.592958995024674,38,29,0.7631578947368421,0.9986871480941772,276553.9458469809,True,plate_cellule,,0.8285714285714286,,,,plate_cellule,False,0.19875,0.2,False,False,False,True,157.24328499345575,271.6352320022944,311.0625,6.359572048126689,,,1,1
plate_cellule/frontal/20260823T132156Z/frame_0001.jpg,20260823T132156Z,1,0.5,orb,A,magsac,magsac,False,plate_cellule,,frontal,True,False,True,False,112.6768730027834,False,True,32.60838700225577,26,17,0.6538461538461539,0.8744625449180603,243710.48750548624,True,plate_cellule,,0.7391304347826086,,,,plate_cellule,False,0.19875,0.2,False,False,False,True,156.36164200259373,263.61677820776765,311.0625,6.395430408587114,,,2,2
plate_cellule/frontal/20260823T132156Z/frame_0002.jpg,20260823T132156Z,2,1.0,orb,A,magsac,magsac,False,plate_cellule,plate_cellule,frontal,False,True,True,False,112.37807899306063,True,False,32.87203398940619,28,25,0.8928571428571429,0.841256320476532,77332.67042180733,True,plate_cellule,,0.8064516129032258,,,plate_cellule,plate_cellule,False,0.34375,0.2,True,False,False,False,157.72135600855108,263.3786447901721,311.0625,6.3402954761927335,1.0,,0,2
plate_cellule/frontal/20260823T132156Z/frame_0003.jpg,20260823T132156Z,3,1.5,orb,A,magsac,magsac,False,plate_cellule,plate_cellule,frontal,True,False,True,False,122.44311399990693,True,False,27.741804005927406,16,10,0.625,0.6795734167098999,265344.46683101216,True,plate_cellule,,0.625,,,plate_cellule,plate_cellule,False,0.225,0.2,True,False,False,False,160.4166370088933,256.37832874977636,311.0625,6.233767386262818,,,0,2
plate_cellule/frontal/20260823T132156Z/frame_0004.jpg,20260823T132156Z,4,2.0,orb,A,magsac,magsac,False,plate_cellule,plate_cellule,frontal,True,False,True,False,116.67114599549677,True,False,27.718378012650646,15,12,0.8,0.5357013940811157,249909.06295701605,True,plate_cellule,,0.6666666666666666,,,plate_cellule,plate_cellule,False,0.2525,0.2,True,False,False,False,154.96081599849276,270.03514166063525,311.0625,6.453244283443413,,,0,2
plate_cellule/frontal/20260823T132156Z/frame_0005.jpg,20260823T132156Z,5,2.5,orb,A,magsac,magsac,False,plate_cellule,plate_cellule,frontal,True,False,True,False,123.9266049960861,True,False,32.311814997228794,16,11,0.6875,0.556725800037384,252712.60159765603,True,plate_cellule,,0.6470588235294118,,,plate_cellule,plate_cellule,False,0.23125,0.2,True,False,False,False,166.96983999281656,253.40883061168728,311.0625,5.989105577648169,,,0,2
plate_cellule/frontal/20260823T132156Z/frame_0006.jpg,20260823T132156Z,6,3.0,orb,A,magsac,magsac,False,plate_cellule,plate_cellule,frontal,True,False,True,False,112.35307800234295,True,False,34.56648800056428,20,17,0.85,0.635694146156311,264007.2398690213,True,plate_cellule,,0.7391304347826086,,,plate_cellule,plate_cellule,False,0.2725,0.2,True,False,False,False,157.2281370026758,262.09043422869405,311.0625,6.360184754863447,,,0,2
plate_cellule/frontal/20260823T132156Z/frame_0007.jpg,20260823T132156Z,7,3.5,orb,A,magsac,magsac,False,plate_cellule,plate_cellule,frontal,True,False,True,False,123.02320299204439,True,False,31.69980000529904,21,17,0.8095238095238095,0.8236859440803528,263444.11823391274,True,plate_cellule,plate_bougie,0.7391304347826086,0.5,0.23913043478260865,plate_cellule,plate_cellule,False,0.2575,0.2,True,False,False,False,165.74440199474338,261.56550555098175,311.0625,6.033386274075882,,,0,2
plate_cellule/frontal/20260823T132156Z/frame_0008.jpg,20260823T132156Z,8,4.0,orb,A,magsac,magsac,False,plate_cellule,plate_cellule,frontal,True,False,True,False,121.70606199651957,True,False,30.871786002535373,22,13,0.5909090909090909,0.7416468858718872,266761.9868149173,True,plate_cellule,,0.6842105263157895,,,plate_cellule,plate_cellule,False,0.2725,0.2,True,False,False,False,163.2357310008956,253.3236574275111,311.0625,6.126109730194509,,,0,2
plate_cellule/frontal/20260823T132156Z/frame_0009.jpg,20260823T132156Z,9,4.5,orb,A,magsac,magsac,False,plate_cellule,plate_cellule,frontal,True,False,True,False,111.54793499736115,True,False,28.38418900500983,13,12,0.9230769230769231,0.9262272119522095,249791.93603371037,True,plate_cellule,,0.6666666666666666,,,plate_cellule,plate_cellule,False,0.25875,0.2,True,False,False,False,150.27974999975413,275.3211793343266,311.0625,6.654256478345459,,,0,2
plate_cellule/frontal/20260823T132156Z/frame_0010.jpg,20260823T132156Z,10,5.0,orb,A,magsac,magsac,False,plate_cellule,plate_cellule,frontal,True,False,True,False,117.23730999801774,True,False,33.34084601374343,23,21,0.9130434782608695,0.8927308320999146,250774.76255318825,True,plate_cellule,,0.7777777777777778,,,plate_cellule,plate_cellule,False,0.2575,0.2,True,False,False,False,162.72884600039106,254.2940229533773,311.0625,6.145191983955917,,,0,2
plate_cellule/frontal/20260823T132156Z/frame_0011.jpg,20260823T132156Z,11,5.5,orb,A,magsac,magsac,False,plate_cellule,plate_cellule,frontal,True,False,True,False,127.48478799767327,True,False,32.96682999643963,22,19,0.8636363636363636,0.8546947836875916,245694.9941970571,True,plate_cellule,,0.76,,,plate_cellule,plate_cellule,False,0.24375,0.2,True,False,False,False,172.30499399011023,241.6280679734057,311.0625,5.803662313219992,,,0,2
plate_cellule/frontal/20260823T132156Z/frame_0012.jpg,20260823T132156Z,12,6.0,orb,A,magsac,magsac,False,plate_cellule,plate_cellule,frontal,True,False,True,False,114.71019500459079,True,False,31.525412006885745,20,15,0.75,0.9080997109413147,249056.3822453941,True,plate_cellule,,0.7142857142857143,,,plate_cellule,plate_cellule,False,0.2675,0.2,True,False,False,False,156.91761899506673,263.92195067210594,311.0625,6.372770670395137,,,0,2
plate_cellule/frontal/20260823T132156Z/frame_0013.jpg,20260823T132156Z,13,6.5,orb,A,magsac,magsac,False,plate_cellule,plate_cellule,frontal,True,False,True,False,130.6368080113316,True,False,26.23321999271866,17,12,0.7058823529411765,0.5698071718215942,123908.6527322653,True,plate_cellule,,0.6666666666666666,,,plate_cellule,plate_cellule,False,0.3525,0.2,True,False,False,False,167.04232098709326,249.94899827347163,311.0625,5.986506857009406,,,0,2
plate_cellule/frontal/20260823T132156Z/frame_0014.jpg,20260823T132156Z,14,7.0,orb,A,magsac,magsac,False,plate_cellule,plate_cellule,frontal,True,False,True,False,127.52341799205169,True,False,28.34318899840582,22,17,0.7727272727272727,0.6130480766296387,246589.57255328307,True,plate_cellule,,0.7391304347826086,,,plate_cellule,plate_cellule,False,0.2625,0.2,True,False,False,False,166.4633249893086,250.22139262612288,311.0625,6.007329242427584,,,0,2
plate_cellule/frontal/20260823T132156Z/frame_0015.jpg,20260823T132156Z,15,7.5,orb,A,magsac,magsac,False,plate_cellule,plate_cellule,frontal,True,False,True,False,132.3049450002145,True,False,28.039080003509298,22,18,0.8181818181818182,0.8614742159843445,247840.70125536853,True,plate_cellule,,0.75,,,plate_cellule,plate_cellule,False,0.255,0.2,True,False,False,False,174.96277499594726,242.80980397678294,311.0625,5.715501483233582,,,0,2
plate_cellule/frontal/20260823T132156Z/frame_0016.jpg,20260823T132156Z,16,8.0,orb,A,magsac,magsac,False,plate_cellule,plate_cellule,frontal,True,False,True,False,133.01249699725304,True,False,31.90917000756599,26,24,0.9230769230769231,0.7303596138954163,251783.16507668095,True,plate_cellule,,0.8,,,plate_cellule,plate_cellule,False,0.2875,0.2,True,False,False,False,178.02409100113437,234.51358052284013,311.0625,5.617217278720036,,,0,2
plate_cellule/frontal/20260823T132156Z/frame_0017.jpg,20260823T132156Z,17,8.5,orb,A,magsac,magsac,False,plate_cellule,plate_cellule,frontal,True,False,True,False,118.60393200186081,True,False,28.05530199839268,23,19,0.8260869565217391,0.850395917892456,256246.8119722996,True,plate_cellule,,0.76,,,plate_cellule,plate_cellule,False,0.27875,0.2,True,False,False,False,156.94911900209263,269.134716197015,311.0625,6.371491642375303,,,0,2
plate_cellule/frontal/20260823T132156Z/frame_0018.jpg,20260823T132156Z,18,9.0,orb,A,magsac,magsac,False,plate_cellule,plate_cellule,frontal,True,False,True,False,122.36735399346799,True,False,31.36167199409101,20,12,0.6,0.8659539222717285,254961.19600190595,True,plate_cellule,,0.6666666666666666,,,plate_cellule,plate_cellule,False,0.255,0.2,True,False,False,False,165.78377300174907,257.87788108519476,311.0625,6.031953440880186,,,0,2
plate_cellule/frontal/20260823T132156Z/frame_0019.jpg,20260823T132156Z,19,9.5,orb,A,magsac,magsac,False,plate_cellule,plate_cellule,frontal,True,False,True,False,125.43678100337274,True,False,28.557558005559258,21,18,0.8571428571428571,0.9744495153427124,250289.7176480156,True,plate_cellule,,0.75,,,plate_cellule,plate_cellule,False,0.24375,0.2,True,False,False,False,164.6644820139045,252.11185917126951,311.0625,6.072955064563096,,,0,2
plate_cellule/main_sur_bord/20260823T132507Z/frame_0000.jpg,20260823T132507Z,0,0.0,orb,A,magsac,magsac,False,plate_cellule,,main_sur_bord,False,True,True,False,115.11215499194805,False,True,30.01247698557563,31,24,0.7741935483870968,0.9632257223129272,357976.5454459401,True,plate_cellule,,0.8,,,,plate_cellule,False,0.1925,0.2,False,False,False,True,156.0244580032304,271.20174837667946,311.0625,6.40925155451779,,,1,1
plate_cellule/main_sur_bord/20260823T132507Z/frame_0001.jpg,20260823T132507Z,1,0.5,orb,A,magsac,magsac,False,plate_cellule,plate_cellule,main_sur_bord,False,True,True,False,129.4998319935985,True,False,25.704796993522905,33,27,0.8181818181818182,1.151459813117981,368677.37005232845,True,plate_cellule,,0.8181818181818182,,,plate_cellule,plate_cellule,False,0.2075,0.2,True,False,False,False,165.7519209984457,254.40053995148162,311.0625,6.033112581599444,0.5,,0,1
plate_cellule/main_sur_bord/20260823T132507Z/frame_0002.jpg,20260823T132507Z,2,1.0,orb,A,magsac,magsac,False,plate_cellule,,main_sur_bord,False,True,False,True,111.7813230084721,False,True,0.0007399939931929111,0,0,0.0,,,False,,,,,,,,False,0.0,,False,False,False,True,122.6286489982158,285.3286502447662,311.0625,8.1547012722496,,,1,1
plate_cellule/main_sur_bord/20260823T132507Z/frame_0003.jpg,20260823T132507Z,3,1.5,orb,A,magsac,magsac,False,plate_cellule,,main_sur_bord,False,True,False,True,131.84791199455503,False,True,0.0008520000847056508,0,0,0.0,,,False,,,,,,,,False,0.0,,False,False,False,True,145.84409100643825,239.55677435335608,311.0625,6.856637064273349,,,2,2
plate_cellule/main_sur_bord/20260823T132507Z/frame_0004.jpg,20260823T132507Z,4,2.0,orb,A,magsac,magsac,False,plate_cellule,plate_cellule,main_sur_bord,False,True,True,False,123.83173500711564,True,False,29.62268199189566,27,23,0.8518518518518519,1.2254090309143066,180359.4198763147,True,plate_cellule,,0.7931034482758621,,,plate_cellule,plate_cellule,False,0.32625,0.2,True,False,False,False,164.13076300523244,262.4622825803026,311.0625,6.092703047801711,,,0,2
plate_cellule/main_sur_bord/20260823T132507Z/frame_0005.jpg,20260823T132507Z,5,2.5,orb,A,magsac,magsac,False,plate_cellule,plate_cellule,main_sur_bord,False,True,True,False,126.35762800346129,True,False,25.263484989409335,23,19,0.8260869565217391,0.911492109298706,368829.85136830236,True,plate_cellule,,0.76,,,plate_cellule,plate_cellule,False,0.205,0.2,True,False,False,False,166.34491800505202,254.49456110654802,311.0625,6.011605355864429,,,0,2
plate_cellule/main_sur_bord/20260823T132507Z/frame_0006.jpg,20260823T132507Z,6,3.0,orb,A,magsac,magsac,False,plate_cellule,plate_cellule,main_sur_bord,False,True,True,False,131.99672500195447,True,False,27.367381000658497,41,32,0.7804878048780488,0.8929471969604492,363152.0155994785,True,plate_cellule,,0.8421052631578947,,,plate_cellule,plate_cellule,False,0.2175,0.2,True,False,False,False,172.5744930008659,241.13446185694886,311.0625,5.794599089420372,,,0,2
plate_cellule/main_sur_bord/20260823T132507Z/frame_0007.jpg,20260823T132507Z,7,3.5,orb,A,magsac,magsac,False,plate_cellule,plate_cellule,main_sur_bord,False,True,True,False,128.09441499121021,True,False,28.11328299867455,25,21,0.84,0.7699630856513977,358840.70304485294,True,plate_cellule,,0.7777777777777778,,,plate_cellule,plate_cellule,False,0.2275,0.2,True,False,False,False,171.59005400026217,251.2739176592047,311.0625,5.8278436114862,,,0,2
plate_cellule/main_sur_bord/20260823T132507Z/frame_0008.jpg,20260823T132507Z,8,4.0,orb,A,magsac,magsac,False,plate_cellule,plate_cellule,main_sur_bord,False,True,True,False,120.62108700047247,True,False,32.033057999797165,37,31,0.8378378378378378,0.919879674911499,362286.48526978225,True,plate_cellule,,0.8378378378378378,,,plate_cellule,plate_cellule,False,0.2075,0.2,True,False,False,False,165.27736799616832,255.0733171221463,311.0625,6.050435169219196,,,0,2
plate_cellule/main_sur_bord/20260823T132507Z/frame_0009.jpg,20260823T132507Z,9,4.5,orb,A,magsac,magsac,False,plate_cellule,plate_cellule,main_sur_bord,False,True,True,False,126.64277499425225,True,False,33.64167800464202,26,25,0.9615384615384616,0.7209143042564392,356648.90637665754,True,plate_cellule,,0.8064516129032258,,,plate_cellule,plate_cellule,False,0.2175,0.2,True,False,False,False,171.05744600121398,244.02780747529783,311.0625,5.8459893057967385,,,0,2
plate_cellule/main_sur_bord/20260823T132507Z/frame_0010.jpg,20260823T132507Z,10,5.0,orb,A,magsac,magsac,False,plate_cellule,plate_cellule,main_sur_bord,False,True,True,False,119.91262801166158,True,False,29.119536993675865,11,9,0.8181818181818182,0.35039159655570984,184346.8641405693,True,plate_cellule,,0.6,,,plate_cellule,plate_cellule,False,0.325,0.2,True,False,False,False,161.3694459956605,254.50699757068023,311.0625,6.196959987251191,,,0,2
plate_cellule/main_sur_bord/20260823T132507Z/frame_0011.jpg,20260823T132507Z,11,5.5,orb,A,magsac,magsac,False,plate_cellule,,main_sur_bord,False,True,False,True,126.6246260056505,False,True,0.005443987902253866,0,0,0.0,,,False,,,,,,,,False,0.0,,False,False,False,True,137.2682880028151,248.570112561613,311.0625,7.285003802039784,,,1,2
plate_cellule/main_sur_bord/20260823T132507Z/frame_0012.jpg,20260823T132507Z,12,6.0,orb,A,magsac,magsac,False,plate_cellule,,main_sur_bord,False,True,True,False,121.42684099671897,False,True,19.097593991318718,11,6,0.5454545454545454,0.22811836004257202,641.2002580051776,True,plate_ready_check,,0.5,,,,plate_ready_check,False,0.00625,0.2,False,False,False,True,153.37260300293565,262.735748178103,311.0625,6.520069298040533,,,2,2
plate_cellule/main_sur_bord/20260823T132507Z/frame_0013.jpg,20260823T132507Z,13,6.5,orb,A,magsac,magsac,False,plate_cellule,plate_cellule,main_sur_bord,False,True,True,False,125.725057994714,True,False,28.673261011135764,11,8,0.7272727272727273,0.36733686923980713,96064.82378760539,True,plate_cellule,,0.5714285714285714,,,plate_cellule,plate_cellule,False,0.215,0.2,True,False,False,False,167.23035600443836,249.7845959192462,311.0625,5.979775585560911,,,0,2
plate_cellule/main_sur_bord/20260823T132507Z/frame_0014.jpg,20260823T132507Z,14,7.0,orb,A,magsac,magsac,False,plate_cellule,plate_cellule,main_sur_bord,False,True,True,False,123.70199499127921,True,False,34.97487399727106,16,14,0.875,0.8972432613372803,140160.19858454168,True,plate_cellule,,0.7,,,plate_cellule,plate_cellule,False,0.30875,0.2,True,False,False,False,171.16233399428893,245.58018881305136,311.0625,5.842406893290941,,,0,2
plate_cellule/main_sur_bord/20260823T132507Z/frame_0015.jpg,20260823T132507Z,15,7.5,orb,A,magsac,magsac,False,plate_cellule,plate_cellule,main_sur_bord,False,True,True,False,117.18034699151758,True,False,32.042038001236506,38,36,0.9473684210526315,0.7315664291381836,292395.01907816506,True,plate_cellule,,0.8571428571428571,,,plate_cellule,plate_cellule,False,0.21375,0.2,True,False,False,False,160.07978600100614,263.20766320699295,311.0625,6.246884912712932,,,0,2
plate_cellule/main_sur_bord/20260823T132507Z/frame_0016.jpg,20260823T132507Z,16,8.0,orb,A,magsac,magsac,False,plate_cellule,plate_cellule,main_sur_bord,False,True,True,False,126.4545169979101,True,False,30.010865011718124,28,26,0.9285714285714286,0.7888444662094116,139712.68568604346,True,plate_cellule,,0.8125,,,plate_cellule,plate_cellule,False,0.36875,0.2,True,False,False,False,167.01213600754272,253.67490658335723,311.0625,5.98758882980119,,,0,2
plate_cellule/main_sur_bord/20260823T132507Z/frame_0017.jpg,20260823T132507Z,17,8.5,orb,A,magsac,magsac,False,plate_cellule,plate_cellule,main_sur_bord,False,True,True,False,118.12717499560677,True,False,28.83372399082873,28,23,0.8214285714285714,0.9003776907920837,150259.45716054738,True,plate_cellule,plate_bois,0.7931034482758621,0.5,0.2931034482758621,plate_cellule,plate_cellule,False,0.3625,0.2,True,False,False,False,157.48313500080258,274.1771009307114,311.0625,6.349886290966355,,,0,2
plate_cellule/main_sur_bord/20260823T132507Z/frame_0018.jpg,20260823T132507Z,18,9.0,orb,A,magsac,magsac,False,plate_cellule,plate_cellule,main_sur_bord,False,True,True,False,113.6400529940147,True,False,36.71002999180928,26,25,0.9615384615384616,0.7089446783065796,317363.3132255544,True,plate_cellule,,0.8064516129032258,,,plate_cellule,plate_cellule,False,0.23875,0.2,True,False,False,False,162.79801199561916,260.25844100074204,311.0625,6.142581151586235,,,0,2
plate_cellule/main_sur_bord/20260823T132507Z/frame_0019.jpg,20260823T132507Z,19,9.5,orb,A,magsac,magsac,False,plate_cellule,plate_cellule,main_sur_bord,False,True,True,False,129.74310800200328,True,False,30.39590000116732,43,41,0.9534883720930233,0.634694516658783,307986.3651589232,True,plate_cellule,,0.8723404255319149,,,plate_cellule,plate_cellule,False,0.245,0.2,True,False,False,False,170.60844899970107,249.36359628985326,311.0625,5.861374427017692,,,0,2
plate_cellule/occlusion_angle/20260823T132607Z/frame_0000.jpg,20260823T132607Z,0,0.0,orb,A,magsac,magsac,False,plate_cellule,plate_cellule,occlusion_angle,False,True,True,False,133.33432900253683,True,False,26.66656899964437,29,27,0.9310344827586207,0.7216303944587708,263453.19793125987,True,plate_cellule,,0.8181818181818182,,,plate_cellule,plate_cellule,False,0.22125,0.2,True,False,False,False,171.65870100143366,249.38574829156113,311.0625,5.825513033514381,0.0,,0,0
plate_cellule/occlusion_angle/20260823T132607Z/frame_0001.jpg,20260823T132607Z,1,0.5,orb,A,magsac,magsac,False,plate_cellule,plate_cellule,occlusion_angle,False,True,True,False,134.33554499351885,True,False,27.270381004200317,35,30,0.8571428571428571,0.7370864748954773,126615.67942703096,True,plate_cellule,,0.8333333333333334,,,plate_cellule,plate_cellule,False,0.3525,0.2,True,False,False,False,175.5572529946221,243.25860806963132,311.0625,5.696147455842415,,,0,0
plate_cellule/occlusion_angle/20260823T132607Z/frame_0002.jpg,20260823T132607Z,2,1.0,orb,A,magsac,magsac,False,plate_cellule,plate_cellule,occlusion_angle,False,True,True,False,127.61454599967692,True,False,36.984881007811055,20,15,0.75,0.6815333962440491,129373.0274520411,True,plate_cellule,,0.7142857142857143,,,plate_cellule,plate_cellule,False,0.32,0.2,True,False,False,False,178.3875889959745,241.27845968573268,311.0625,5.605771150495038,,,0,0
plate_cellule/occlusion_angle/20260823T132607Z/frame_0003.jpg,20260823T132607Z,3,1.5,orb,A,magsac,magsac,False,plate_cellule,plate_cellule,occlusion_angle,False,True,True,False,117.2919950040523,True,False,32.38451799552422,27,20,0.7407407407407407,0.8606305122375488,136286.9577123359,True,plate_cellule,,0.7692307692307693,,,plate_cellule,plate_cellule,False,0.3575,0.2,True,False,False,False,161.93959099473432,264.9741890566827,311.0625,6.175142186400337,,,0,0
plate_cellule/occlusion_angle/20260823T132607Z/frame_0004.jpg,20260823T132607Z,4,2.0,orb,A,magsac,magsac,False,plate_cellule,plate_cellule,occlusion_angle,False,True,True,False,126.51835000724532,True,False,29.841847004718147,26,23,0.8846153846153846,0.827508807182312,138820.37668620516,True,plate_cellule,,0.7931034482758621,,,plate_cellule,plate_cellule,False,0.36875,0.2,True,False,False,False,167.0437650027452,249.8484268437955,311.0625,5.9864551064421105,,,0,0
plate_cellule/occlusion_angle/20260823T132607Z/frame_0005.jpg,20260823T132607Z,5,2.5,orb,A,magsac,magsac,False,plate_cellule,plate_cellule,occlusion_angle,False,True,True,False,115.2735249925172,True,False,32.564164997893386,33,28,0.8484848484848485,0.6320366859436035,134810.00607383362,True,plate_cellule,,0.8235294117647058,,,plate_cellule,plate_cellule,False,0.37,0.2,True,False,False,False,158.7575720041059,267.2110845768194,311.0625,6.2989121550318075,,,0,0
plate_cellule/occlusion_angle/20260823T132607Z/frame_0006.jpg,20260823T132607Z,6,3.0,orb,A,magsac,magsac,False,plate_cellule,plate_cellule,occlusion_angle,False,True,True,False,123.3581449923804,True,False,29.864051000913605,26,22,0.8461538461538461,0.8635318279266357,134032.0132920992,True,plate_cellule,,0.7857142857142857,,,plate_cellule,plate_cellule,False,0.35625,0.2,True,False,False,False,165.995068004122,257.80952178011535,311.0625,6.024275371694585,,,0,0
plate_cellule/occlusion_angle/20260823T132607Z/frame_0007.jpg,20260823T132607Z,7,3.5,orb,A,magsac,magsac,False,plate_cellule,plate_cellule,occlusion_angle,False,True,True,False,125.68098399788141,True,False,27.449878994957544,31,24,0.7741935483870968,0.7837512493133545,134753.0626553516,True,plate_cellule,,0.8,,,plate_cellule,plate_cellule,False,0.33875,0.2,True,False,False,False,163.79580200009514,256.69697871728727,311.0625,6.105162573088529,,,0,0
plate_cellule/occlusion_angle/20260823T132607Z/frame_0008.jpg,20260823T132607Z,8,4.0,orb,A,magsac,magsac,False,plate_cellule,plate_cellule,occlusion_angle,False,True,True,False,114.62306599423755,True,False,29.829644001438282,34,31,0.9117647058823529,0.9551701545715332,281843.95727318426,True,plate_cellule,,0.8378378378378378,,,plate_cellule,plate_cellule,False,0.2425,0.2,True,False,False,False,155.38136899704114,270.33826301787815,311.0625,6.4357780244492675,,,0,0
plate_cellule/occlusion_angle/20260823T132607Z/frame_0009.jpg,20260823T132607Z,9,4.5,orb,A,magsac,magsac,False,plate_cellule,plate_cellule,occlusion_angle,False,True,True,False,128.23707998904865,True,False,26.309294000384398,33,31,0.9393939393939394,0.45301738381385803,134807.0030633382,True,plate_cellule,,0.8378378378378378,,,plate_cellule,plate_cellule,False,0.37625,0.2,True,False,False,False,165.13033100636676,256.3340268382801,311.0625,6.055822657809872,,,0,0
plate_cellule/occlusion_angle/20260823T132607Z/frame_0010.jpg,20260823T132607Z,10,5.0,orb,A,magsac,magsac,False,plate_cellule,plate_cellule,occlusion_angle,False,True,True,False,112.33457901107613,True,False,28.053005997207947,27,22,0.8148148148148148,0.8479446172714233,134676.37192178657,True,plate_cellule,,0.7857142857142857,,,plate_cellule,plate_cellule,False,0.36875,0.2,True,False,False,False,151.12644899636507,276.47059186181883,311.0625,6.616975431111018,,,0,0
plate_cellule/occlusion_angle/20260823T132607Z/frame_0011.jpg,20260823T132607Z,11,5.5,orb,A,magsac,magsac,False,plate_cellule,plate_cellule,occlusion_angle,False,True,True,False,120.21307001123205,True,False,34.70157900301274,27,24,0.8888888888888888,1.1929410696029663,283816.60668709845,True,plate_cellule,,0.8,,,plate_cellule,plate_cellule,False,0.2275,0.2,True,False,False,False,167.3744859872386,251.7124551660276,311.0625,5.974626264580401,,,0,0
plate_cellule/occlusion_angle/20260823T132607Z/frame_0012.jpg,20260823T132607Z,12,6.0,orb,A,magsac,magsac,False,plate_cellule,plate_cellule,occlusion_angle,False,True,True,False,126.87119899783283,True,False,31.453874995349906,19,18,0.9473684210526315,0.7741010189056396,279426.6661920016,True,plate_cellule,,0.75,,,plate_cellule,plate_cellule,False,0.22625,0.2,True,False,False,False,169.51249100384302,254.47456493941658,311.0625,5.899270278420538,,,0,0
plate_cellule/occlusion_angle/20260823T132607Z/frame_0013.jpg,20260823T132607Z,13,6.5,orb,A,magsac,magsac,False,plate_cellule,plate_cellule,occlusion_angle,False,True,True,False,115.27200599084608,True,False,30.80413800489623,34,25,0.7352941176470589,0.6825211644172668,133851.89495758194,True,plate_cellule,,0.8064516129032258,,,plate_cellule,plate_cellule,False,0.35125,0.2,True,False,False,False,156.63239800778683,270.70030619011345,311.0625,6.384375216871071,,,0,0
plate_cellule/occlusion_angle/20260823T132607Z/frame_0014.jpg,20260823T132607Z,14,7.0,orb,A,magsac,magsac,False,plate_cellule,plate_cellule,occlusion_angle,False,True,True,False,123.3401260105893,True,False,28.50457699969411,34,34,1.0,0.7380979657173157,133116.51234417415,True,plate_cellule,,0.85,,,plate_cellule,plate_cellule,False,0.34125,0.2,True,False,False,False,162.52664299099706,256.918357086308,311.0625,6.152837353906299,,,0,0
plate_cellule/occlusion_angle/20260823T132607Z/frame_0015.jpg,20260823T132607Z,15,7.5,orb,A,magsac,magsac,False,plate_cellule,plate_cellule,occlusion_angle,False,True,True,False,115.55065200082026,True,False,29.22312899318058,22,21,0.9545454545454546,0.8410593271255493,280416.5484818975,True,plate_cellule,,0.7777777777777778,,,plate_cellule,plate_cellule,False,0.20875,0.2,True,False,False,False,155.50905400596093,268.4511874041715,311.0625,6.430493750940497,,,0,0
plate_cellule/occlusion_angle/20260823T132607Z/frame_0016.jpg,20260823T132607Z,16,8.0,orb,A,magsac,magsac,False,plate_cellule,plate_cellule,occlusion_angle,False,True,True,False,118.77854198974092,True,False,31.137172991293482,17,14,0.8235294117647058,0.667044997215271,286436.0402885062,True,plate_cellule,,0.7,,,plate_cellule,plate_cellule,False,0.2275,0.2,True,False,False,False,162.46699501061812,258.9582283912545,311.0625,6.155096300849563,,,0,0
plate_cellule/occlusion_angle/20260823T132607Z/frame_0017.jpg,20260823T132607Z,17,8.5,orb,A,magsac,magsac,False,plate_cellule,plate_cellule,occlusion_angle,False,True,True,False,119.9892570002703,True,False,31.06900700367987,31,27,0.8709677419354839,0.6528639197349548,138245.25633823837,True,plate_cellule,,0.8181818181818182,,,plate_cellule,plate_cellule,False,0.3825,0.2,True,False,False,False,162.02714599785395,258.95743914760965,311.0625,6.171805309792009,,,0,0
plate_cellule/occlusion_angle/20260823T132607Z/frame_0018.jpg,20260823T132607Z,18,9.0,orb,A,magsac,magsac,False,plate_cellule,plate_cellule,occlusion_angle,False,True,True,False,118.59932100924198,True,False,33.73134399589617,27,21,0.7777777777777778,0.542859673500061,136991.83764563082,True,plate_cellule,,0.7777777777777778,,,plate_cellule,plate_cellule,False,0.3675,0.2,True,False,False,False,163.41569300857373,259.05466801024454,311.0625,6.119363334019177,,,0,0
plate_cellule/occlusion_angle/20260823T132607Z/frame_0019.jpg,20260823T132607Z,19,9.5,orb,A,magsac,magsac,False,plate_cellule,plate_cellule,occlusion_angle,False,True,True,False,126.54942300287075,True,False,29.198092001024634,19,14,0.7368421052631579,0.7695690393447876,134873.09673932104,True,plate_cellule,,0.7,,,plate_cellule,plate_cellule,False,0.32375,0.2,True,False,False,False,166.51013899536338,251.40858119856256,311.0625,6.005640293338809,,,0,0
plate_chaudron/frontal/20260823T135713Z/frame_0000.jpg,20260823T135713Z,0,0.0,orb,A,magsac,magsac,False,plate_chaudron,plate_chaudron,frontal,True,False,True,False,127.0950489997631,True,False,28.880056997877546,44,34,0.7727272727272727,0.7434356212615967,300145.0449204404,True,plate_chaudron,,0.85,,,plate_chaudron,plate_chaudron,False,0.32,0.2,True,False,False,False,166.36093499255367,256.0412364952529,311.0625,6.011026567293338,0.0,,0,0
plate_chaudron/frontal/20260823T135713Z/frame_0001.jpg,20260823T135713Z,1,0.5,orb,A,magsac,magsac,False,plate_chaudron,plate_chaudron,frontal,True,False,True,False,122.66805599210784,True,False,27.765247999923304,36,31,0.8611111111111112,0.6692712903022766,302285.20367402455,True,plate_chaudron,,0.8378378378378378,,,plate_chaudron,plate_chaudron,False,0.30375,0.2,True,False,False,False,161.6145919979317,267.9486101140781,311.0625,6.187560093662815,,,0,0
plate_chaudron/frontal/20260823T135713Z/frame_0002.jpg,20260823T135713Z,2,1.0,orb,A,magsac,magsac,False,plate_chaudron,,frontal,True,False,False,True,128.42248599918094,False,True,0.0012590026017278433,0,0,0.0,,,False,,,,,,,,False,0.0,,False,False,False,True,138.55977999628522,259.3717736919266,311.0625,7.2171015285013445,,,1,1
plate_chaudron/frontal/20260823T135713Z/frame_0003.jpg,20260823T135713Z,3,1.5,orb,A,magsac,magsac,False,plate_chaudron,,frontal,True,False,False,True,124.58476799656637,False,True,0.0005920010153204203,0,0,0.0,,,False,,,,,,,,False,0.0,,False,False,False,True,136.66793900483754,260.8101875212876,311.0625,7.317005050940321,,,2,2
plate_chaudron/frontal/20260823T135713Z/frame_0004.jpg,20260823T135713Z,4,2.0,orb,A,magsac,magsac,False,plate_chaudron,plate_chaudron,frontal,True,False,True,False,130.0270880019525,True,False,25.964425003621727,38,34,0.8947368421052632,0.7214074730873108,92192.76413736353,True,plate_chaudron,,0.85,,,plate_chaudron,plate_chaudron,False,0.39625,0.2,True,False,False,False,168.06137000094168,250.74563654790643,311.0625,5.950207355767699,,,0,2
plate_chaudron/frontal/20260823T135713Z/frame_0005.jpg,20260823T135713Z,5,2.5,orb,A,magsac,magsac,False,plate_chaudron,plate_chaudron,frontal,False,True,True,False,126.29714599461295,True,False,25.824370997725055,33,26,0.7878787878787878,0.5011243224143982,95021.89855027059,True,plate_chaudron,,0.8125,,,plate_chaudron,plate_chaudron,False,0.39125,0.2,True,False,False,False,165.7456240063766,250.20763744812103,311.0625,6.033341791041963,,,0,2
plate_chaudron/frontal/20260823T135713Z/frame_0006.jpg,20260823T135713Z,6,3.0,orb,A,magsac,magsac,False,plate_chaudron,plate_chaudron,frontal,True,False,True,False,132.48446299985517,True,False,36.5900310134748,44,32,0.7272727272727273,0.6315435767173767,143752.1807786799,True,plate_chaudron,,0.8421052631578947,,,plate_chaudron,plate_chaudron,False,0.48125,0.2,True,False,False,False,181.10151699511334,238.8581919011046,311.0625,5.521764900660567,,,0,2
plate_chaudron/frontal/20260823T135713Z/frame_0007.jpg,20260823T135713Z,7,3.5,orb,A,magsac,magsac,False,plate_chaudron,plate_chaudron,frontal,True,False,True,False,127.48214000021107,True,False,31.774928997037932,34,30,0.8823529411764706,0.6050980091094971,91375.23970825342,True,plate_chaudron,,0.8333333333333334,,,plate_chaudron,plate_chaudron,False,0.43875,0.2,True,False,False,False,169.8650079924846,246.48752674154636,311.0625,5.887027656951238,,,0,2
plate_chaudron/frontal/20260823T135713Z/frame_0008.jpg,20260823T135713Z,8,4.0,orb,A,magsac,magsac,False,plate_chaudron,plate_chaudron,frontal,True,False,True,False,117.26377200102434,True,False,31.824984995182604,38,32,0.8421052631578947,0.8584816455841064,299583.2892817716,True,plate_chaudron,,0.8421052631578947,,,plate_chaudron,plate_chaudron,False,0.32,0.2,True,False,False,False,159.3002159934258,267.55813753422746,311.0625,6.277455393037692,,,0,2
plate_chaudron/frontal/20260823T135713Z/frame_0009.jpg,20260823T135713Z,9,4.5,orb,A,magsac,magsac,False,plate_chaudron,plate_chaudron,frontal,True,False,True,False,129.02992700401228,True,False,28.187597999931313,44,36,0.8181818181818182,0.7449078559875488,298088.84935766656,True,plate_chaudron,,0.8571428571428571,,,plate_chaudron,plate_chaudron,False,0.31375,0.2,True,False,False,False,167.3493919952307,256.4432932103108,311.0625,5.975522158027913,,,0,2
plate_chaudron/frontal/20260823T135713Z/frame_0010.jpg,20260823T135713Z,10,5.0,orb,A,magsac,magsac,False,plate_chaudron,plate_chaudron,frontal,True,False,True,False,116.00639100652188,True,False,29.59149699017871,41,30,0.7317073170731707,0.8032176494598389,143561.20216291212,True,plate_chaudron,,0.8333333333333334,,,plate_chaudron,plate_chaudron,False,0.49125,0.2,True,False,False,False,155.78401398670394,273.4572932729548,311.0625,6.419143880098951,,,0,2
plate_chaudron/frontal/20260823T135713Z/frame_0011.jpg,20260823T135713Z,11,5.5,orb,A,magsac,magsac,False,plate_chaudron,plate_chaudron,frontal,True,False,True,False,122.27854000229854,True,False,31.429153998033144,41,32,0.7804878048780488,0.6496734619140625,298266.65190755256,True,plate_chaudron,,0.8421052631578947,,,plate_chaudron,plate_chaudron,False,0.32625,0.2,True,False,False,False,163.92835600709077,257.03374038702987,311.0625,6.100225881340167,,,0,2
plate_chaudron/frontal/20260823T135713Z/frame_0012.jpg,20260823T135713Z,12,6.0,orb,A,magsac,magsac,False,plate_chaudron,plate_chaudron,frontal,True,False,True,False,115.72913400596008,True,False,38.09305900358595,38,33,0.868421052631579,0.7062544822692871,93255.85626891255,True,plate_chaudron,,0.8461538461538461,,,plate_chaudron,plate_chaudron,False,0.39875,0.2,True,False,False,False,164.1551139910007,255.8260719328095,311.0625,6.091799248208752,,,0,2
plate_chaudron/frontal/20260823T135713Z/frame_0013.jpg,20260823T135713Z,13,6.5,orb,A,magsac,magsac,False,plate_chaudron,plate_chaudron,frontal,False,True,True,False,118.60433898982592,True,False,30.615362004027702,22,20,0.9090909090909091,0.8414431214332581,295148.2547427098,True,plate_chaudron,,0.7692307692307693,,,plate_chaudron,plate_chaudron,False,0.26625,0.2,True,False,False,False,161.2658349913545,262.56590865803105,311.0625,6.200941445865519,,,0,2
plate_chaudron/frontal/20260823T135713Z/frame_0014.jpg,20260823T135713Z,14,7.0,orb,A,magsac,magsac,False,plate_chaudron,plate_chaudron,frontal,True,False,True,False,130.19525399431586,True,False,28.602557998965494,46,32,0.6956521739130435,0.6248965263366699,91338.35178830405,True,plate_chaudron,,0.8421052631578947,,,plate_chaudron,plate_chaudron,False,0.4275,0.2,True,False,False,False,168.6514780012658,252.7125733204705,311.0625,5.9293877044617105,,,0,2
plate_chaudron/frontal/20260823T135713Z/frame_0015.jpg,20260823T135713Z,15,7.5,orb,A,magsac,magsac,False,plate_chaudron,plate_chaudron,frontal,True,False,True,False,128.1067839881871,True,False,29.149073001462966,35,30,0.8571428571428571,0.7300460338592529,294091.0889388856,True,plate_chaudron,,0.8333333333333334,,,plate_chaudron,plate_chaudron,False,0.32375,0.2,True,False,False,False,168.2839800050715,252.21302585498782,311.0625,5.942336281622668,,,0,2
plate_chaudron/frontal/20260823T135713Z/frame_0016.jpg,20260823T135713Z,16,8.0,orb,A,magsac,magsac,False,plate_chaudron,plate_chaudron,frontal,True,False,True,False,125.8137050026562,True,False,25.52168699912727,35,30,0.8571428571428571,0.7822338342666626,294046.39632795996,True,plate_chaudron,,0.8333333333333334,,,plate_chaudron,plate_chaudron,False,0.29125,0.2,True,False,False,False,164.56889000255615,257.69593876060424,311.0625,6.076482620648822,,,0,2
plate_chaudron/frontal/20260823T135713Z/frame_0017.jpg,20260823T135713Z,17,8.5,orb,A,magsac,magsac,False,plate_chaudron,plate_chaudron,frontal,True,False,True,False,134.95983699976932,True,False,27.55545300897211,26,22,0.8461538461538461,0.7282679080963135,296944.60939760867,True,plate_chaudron,,0.7857142857142857,,,plate_chaudron,plate_chaudron,False,0.29875,0.2,True,False,False,False,174.81547998613678,245.60449568541895,311.0625,5.720317217212698,,,0,2
plate_chaudron/frontal/20260823T135713Z/frame_0018.jpg,20260823T135713Z,18,9.0,orb,A,magsac,magsac,False,plate_chaudron,plate_chaudron,frontal,True,False,True,False,130.12943899957463,True,False,29.91834700515028,44,33,0.75,0.7817463874816895,303734.067011234,True,plate_chaudron,,0.8461538461538461,,,plate_chaudron,plate_chaudron,False,0.29875,0.2,True,False,False,False,174.18935400201008,247.29322952481928,311.0625,5.740878974661451,,,0,2
plate_chaudron/frontal/20260823T135713Z/frame_0019.jpg,20260823T135713Z,19,9.5,orb,A,magsac,magsac,False,plate_chaudron,plate_chaudron,frontal,True,False,True,False,122.50000199128408,True,False,31.22413600794971,36,34,0.9444444444444444,0.7369687557220459,298518.8766012198,True,plate_chaudron,,0.85,,,plate_chaudron,plate_chaudron,False,0.32375,0.2,True,False,False,False,165.00809098943137,255.71013425458543,311.0625,6.06030888548398,,,0,2
plate_chaudron/main_sur_bord/20260823T135744Z/frame_0000.jpg,20260823T135744Z,0,0.0,orb,A,magsac,magsac,False,plate_chaudron,,main_sur_bord,False,True,False,True,121.90487499174196,False,True,0.000667001586407423,0,0,0.0,,,False,,,,,,,,False,0.0,,False,False,False,True,133.4098100051051,263.4656146999706,311.0625,7.495700653210838,,,1,1
plate_chaudron/main_sur_bord/20260823T135744Z/frame_0001.jpg,20260823T135744Z,1,0.5,orb,A,magsac,magsac,False,plate_chaudron,plate_chaudron,main_sur_bord,False,True,True,False,132.01113199465908,True,False,26.587735992507078,27,26,0.9629629629629629,0.8041015267372131,177763.97882182148,True,plate_chaudron,,0.8125,,,plate_chaudron,plate_chaudron,False,0.4525,0.2,True,False,False,False,176.33106399443932,245.73102673143913,311.0625,5.671150490145829,0.5,,0,1
plate_chaudron/main_sur_bord/20260823T135744Z/frame_0002.jpg,20260823T135744Z,2,1.0,orb,A,magsac,magsac,False,plate_chaudron,,main_sur_bord,False,True,False,True,135.31805798993446,False,True,0.0005549954948946834,0,0,0.0,,,False,,,,,,,,False,0.0,,False,False,False,True,151.23005899658892,242.58610849862578,311.0625,6.612442041185447,,,1,1
plate_chaudron/main_sur_bord/20260823T135744Z/frame_0003.jpg,20260823T135744Z,3,1.5,orb,A,magsac,magsac,False,plate_chaudron,plate_chaudron,main_sur_bord,False,True,True,False,121.15762000030372,True,False,25.636446007410996,31,27,0.8709677419354839,1.1562705039978027,118955.8448724054,True,plate_chaudron,,0.8181818181818182,,,plate_chaudron,plate_chaudron,False,0.36625,0.2,True,False,False,False,160.5875980021665,266.52751976166354,311.0625,6.227130939379945,,,0,1
plate_chaudron/main_sur_bord/20260823T135744Z/frame_0004.jpg,20260823T135744Z,4,2.0,orb,A,magsac,magsac,False,plate_chaudron,plate_chaudron,main_sur_bord,False,True,True,False,133.4964569978183,True,False,28.124115997343324,37,32,0.8648648648648649,0.8079987168312073,119856.19438469317,True,plate_chaudron,,0.8421052631578947,,,plate_chaudron,plate_chaudron,False,0.425,0.2,True,False,False,False,173.40302499360405,243.85982252362544,311.0625,5.766912082628806,,,0,1
plate_chaudron/main_sur_bord/20260823T135744Z/frame_0005.jpg,20260823T135744Z,5,2.5,orb,A,magsac,magsac,False,plate_chaudron,plate_chaudron,main_sur_bord,False,True,True,False,128.76505799067672,True,False,36.07579300296493,37,31,0.8378378378378378,1.2115179300308228,120822.56300916796,True,plate_chaudron,,0.8378378378378378,,,plate_chaudron,plate_chaudron,False,0.35625,0.2,True,False,False,False,181.4414419932291,236.9222644383751,311.0625,5.511420042821955,,,0,1
plate_chaudron/main_sur_bord/20260823T135744Z/frame_0006.jpg,20260823T135744Z,6,3.0,orb,A,magsac,magsac,False,plate_chaudron,,main_sur_bord,False,True,False,True,122.01548600569367,False,True,0.0006290065357461572,0,0,0.0,,,False,,,,,,,,False,0.0,,False,False,False,True,133.5167899960652,271.85529251466545,311.0625,7.489694741983166,,,1,1
plate_chaudron/main_sur_bord/20260823T135744Z/frame_0007.jpg,20260823T135744Z,7,3.5,orb,A,magsac,magsac,False,plate_chaudron,plate_chaudron,main_sur_bord,False,True,True,False,136.50875400344376,True,False,25.797167007112876,13,12,0.9230769230769231,0.8186033964157104,187650.58214302867,True,plate_chaudron,,0.6666666666666666,,,plate_chaudron,plate_chaudron,False,0.38375,0.2,True,False,False,False,173.40948700439185,244.05321376060365,311.0625,5.766697181767648,,,0,1
plate_chaudron/main_sur_bord/20260823T135744Z/frame_0008.jpg,20260823T135744Z,8,4.0,orb,A,magsac,magsac,False,plate_chaudron,plate_chaudron,main_sur_bord,False,True,True,False,128.50044900551438,True,False,25.7706109987339,30,24,0.8,0.7444165349006653,185216.40444188748,True,plate_chaudron,,0.8,,,plate_chaudron,plate_chaudron,False,0.43125,0.2,True,False,False,False,166.88257998612244,257.3683131191446,311.0625,5.992237177080781,,,0,1
plate_chaudron/main_sur_bord/20260823T135744Z/frame_0009.jpg,20260823T135744Z,9,4.5,orb,A,magsac,magsac,False,plate_chaudron,plate_chaudron,main_sur_bord,False,True,True,False,131.19224800902884,True,False,30.395362991839647,31,27,0.8709677419354839,0.9961036443710327,120101.98285392614,True,plate_chaudron,,0.8181818181818182,,,plate_chaudron,plate_chaudron,False,0.34375,0.2,True,False,False,False,175.57588299678173,245.39318193712322,311.0625,5.695543049146048,,,0,1
plate_chaudron/main_sur_bord/20260823T135744Z/frame_0010.jpg,20260823T135744Z,10,5.0,orb,A,magsac,magsac,False,plate_chaudron,plate_chaudron,main_sur_bord,False,True,True,False,125.63707600929774,True,False,35.422574990661815,28,26,0.9285714285714286,0.5958142280578613,182739.89666989667,True,plate_chaudron,,0.8125,,,plate_chaudron,plate_chaudron,False,0.435,0.2,True,False,False,False,173.33093300112523,246.10806600644744,311.0625,5.769310663051171,,,0,1
plate_chaudron/main_sur_bord/20260823T135744Z/frame_0011.jpg,20260823T135744Z,11,5.5,orb,A,magsac,magsac,False,plate_chaudron,plate_chaudron,main_sur_bord,False,True,True,False,121.43839600321371,True,False,34.93915199942421,33,28,0.8484848484848485,0.9020547866821289,373681.52731863095,True,plate_chaudron,,0.8235294117647058,,,plate_chaudron,plate_chaudron,False,0.27625,0.2,True,False,False,False,168.78569999244064,252.6339820370452,311.0625,5.924672528803013,,,0,1
plate_chaudron/main_sur_bord/20260823T135744Z/frame_0012.jpg,20260823T135744Z,12,6.0,orb,A,magsac,magsac,False,plate_chaudron,plate_chaudron,main_sur_bord,False,True,True,False,136.91923400619999,True,False,28.101228002924472,39,31,0.7948717948717948,0.9055512547492981,118944.21574540669,True,plate_chaudron,,0.8378378378378378,,,plate_chaudron,plate_chaudron,False,0.37125,0.2,True,False,False,False,176.26885999925435,244.6570999561796,311.0625,5.673151797794745,,,0,1
plate_chaudron/main_sur_bord/20260823T135744Z/frame_0013.jpg,20260823T135744Z,13,6.5,orb,A,magsac,magsac,False,plate_chaudron,,main_sur_bord,False,True,False,True,113.34651699871756,False,True,0.0007960043149068952,0,0,0.0,,,False,,,,,,,,False,0.0,,False,False,False,True,123.4721439977875,276.99700023523366,311.0625,8.098992757572258,,,1,1
plate_chaudron/main_sur_bord/20260823T135744Z/frame_0014.jpg,20260823T135744Z,14,7.0,orb,A,magsac,magsac,False,plate_chaudron,plate_chaudron,main_sur_bord,False,True,True,False,134.94117200025357,True,False,35.7533320056973,35,28,0.8,0.7583019733428955,191081.1721301556,True,plate_chaudron,plate_dague,0.8235294117647058,0.5,0.32352941176470584,plate_chaudron,plate_chaudron,False,0.41375,0.2,True,False,False,False,184.5996829943033,239.51423145923494,311.0625,5.417127395775971,,,0,1
plate_chaudron/main_sur_bord/20260823T135744Z/frame_0015.jpg,20260823T135744Z,15,7.5,orb,A,magsac,magsac,False,plate_chaudron,plate_chaudron,main_sur_bord,False,True,True,False,129.40620200242847,True,False,31.354449994978495,20,17,0.85,0.6919392347335815,125955.312347094,True,plate_chaudron,,0.7391304347826086,,,plate_chaudron,plate_chaudron,False,0.33,0.2,True,False,False,False,172.25304999738,248.36603648324638,311.0625,5.805412444164038,,,0,1
plate_chaudron/main_sur_bord/20260823T135744Z/frame_0016.jpg,20260823T135744Z,16,8.0,orb,A,magsac,magsac,False,plate_chaudron,,main_sur_bord,False,True,False,True,108.77935799362604,False,True,0.0008150091161951423,0,0,0.0,,,False,,,,,,,,False,0.0,,False,False,False,True,119.94562699692324,279.13031044357297,311.0625,8.337110947993555,,,1,1
plate_chaudron/main_sur_bord/20260823T135744Z/frame_0017.jpg,20260823T135744Z,17,8.5,orb,A,magsac,magsac,False,plate_chaudron,,main_sur_bord,False,True,True,False,129.95199600118212,False,True,22.1607249986846,12,6,0.5,0.0010474908631294966,776.3943487294018,True,plate_bougie,,0.5,,,,plate_bougie,False,0.03875,0.2,False,False,False,True,162.81323401199188,247.62267603523455,311.0625,6.1420068587689,,,2,2
plate_chaudron/main_sur_bord/20260823T135744Z/frame_0018.jpg,20260823T135744Z,18,9.0,orb,A,magsac,magsac,False,plate_chaudron,,main_sur_bord,False,True,False,True,128.7444100016728,False,True,0.0009440118446946144,0,0,0.0,,,False,,,,,,,,False,0.0,,False,False,False,True,138.7977599952137,252.17648253982605,311.0625,7.204727223511993,,,3,3
plate_chaudron/main_sur_bord/20260823T135744Z/frame_0019.jpg,20260823T135744Z,19,9.5,orb,A,magsac,magsac,False,plate_chaudron,,main_sur_bord,False,True,False,True,123.53490300301928,False,True,0.0005370093276724219,0,0,0.0,,,False,,,,,,,,False,0.0,,False,False,False,True,135.17507699725684,247.1131486810887,311.0625,7.397813429914254,,,4,4
plate_chaudron/occlusion_angle/20260823T135821Z/frame_0000.jpg,20260823T135821Z,0,0.0,orb,A,magsac,magsac,False,plate_chaudron,plate_chaudron,occlusion_angle,False,True,True,False,129.40249900566414,True,False,26.60651400219649,23,15,0.6521739130434783,0.5698530077934265,339482.80105806794,True,plate_chaudron,,0.7142857142857143,,,plate_chaudron,plate_chaudron,False,0.245,0.2,True,False,False,False,168.64066300331615,253.82057943615314,311.0625,5.92976795863484,0.0,,0,0
plate_chaudron/occlusion_angle/20260823T135821Z/frame_0001.jpg,20260823T135821Z,1,0.5,orb,A,magsac,magsac,False,plate_chaudron,plate_chaudron,occlusion_angle,False,True,True,False,132.82042399805505,True,False,28.307468004641123,33,26,0.7878787878787878,0.8719669580459595,327522.69943849754,True,plate_chaudron,,0.8125,,,plate_chaudron,plate_chaudron,False,0.2875,0.2,True,False,False,False,175.99821400654037,244.66263844245734,311.0625,5.681875839733456,,,0,0
plate_chaudron/occlusion_angle/20260823T135821Z/frame_0002.jpg,20260823T135821Z,2,1.0,orb,A,magsac,magsac,False,plate_chaudron,plate_chaudron,occlusion_angle,False,True,True,False,121.24223099090159,True,False,37.77659799379762,16,15,0.9375,1.1313343048095703,331341.25007977145,True,plate_chaudron,,0.7142857142857143,,,plate_chaudron,plate_chaudron,False,0.2575,0.2,True,False,False,False,176.00308399414644,236.98988309424408,311.0625,5.681718622801282,,,0,0
plate_chaudron/occlusion_angle/20260823T135821Z/frame_0003.jpg,20260823T135821Z,3,1.5,orb,A,magsac,magsac,False,plate_chaudron,plate_chaudron,occlusion_angle,False,True,True,False,122.71813000552356,True,False,30.443695999565534,15,12,0.8,0.5399008989334106,328038.34580639936,True,plate_chaudron,,0.6666666666666666,,,plate_chaudron,plate_chaudron,False,0.24875,0.2,True,False,False,False,165.09940499963704,253.78317929185147,311.0625,6.056957019331465,,,0,0
plate_chaudron/occlusion_angle/20260823T135821Z/frame_0004.jpg,20260823T135821Z,4,2.0,orb,A,magsac,magsac,False,plate_chaudron,plate_chaudron,occlusion_angle,False,True,True,False,128.1991910072975,True,False,32.143111995537765,31,24,0.7741935483870968,0.8434284925460815,328286.35251839645,True,plate_chaudron,,0.8,,,plate_chaudron,plate_chaudron,False,0.30125,0.2,True,False,False,False,171.4365549996728,246.47727084856967,311.0625,5.833061682801014,,,0,0
plate_chaudron/occlusion_angle/20260823T135821Z/frame_0005.jpg,20260823T135821Z,5,2.5,orb,A,magsac,magsac,False,plate_chaudron,plate_chaudron,occlusion_angle,False,True,True,False,119.74746099440381,True,False,29.876403001253493,21,13,0.6190476190476191,0.6171079874038696,317872.04681628314,True,plate_chaudron,,0.6842105263157895,,,plate_chaudron,plate_chaudron,False,0.275,0.2,True,False,False,False,160.9769289934775,266.19711077813287,311.0625,6.212070302574341,,,0,0
plate_chaudron/occlusion_angle/20260823T135821Z/frame_0006.jpg,20260823T135821Z,6,3.0,orb,A,magsac,magsac,False,plate_chaudron,plate_chaudron,occlusion_angle,False,True,True,False,122.4894269980723,True,False,33.04903300886508,54,29,0.5370370370370371,0.8522540926933289,323131.26779484283,True,plate_chaudron,,0.8285714285714286,,,plate_chaudron,plate_chaudron,False,0.31,0.2,True,False,False,False,168.05874000419863,254.99822561402632,311.0625,5.950300472174294,,,0,0
plate_chaudron/occlusion_angle/20260823T135821Z/frame_0007.jpg,20260823T135821Z,7,3.5,orb,A,magsac,magsac,False,plate_chaudron,plate_chaudron,occlusion_angle,False,True,True,False,115.83694700675551,True,False,33.354882994899526,25,19,0.76,0.6123229265213013,322240.74924031715,True,plate_chaudron,,0.76,,,plate_chaudron,plate_chaudron,False,0.2675,0.2,True,False,False,False,159.8378060007235,261.43153203573644,311.0625,6.2563421321953925,,,0,0
plate_chaudron/occlusion_angle/20260823T135821Z/frame_0008.jpg,20260823T135821Z,8,4.0,orb,A,magsac,magsac,False,plate_chaudron,plate_chaudron,occlusion_angle,False,True,True,False,124.48521199985407,True,False,32.67901700746734,18,13,0.7222222222222222,0.499004065990448,338063.7673460465,True,plate_chaudron,plate_bois,0.6842105263157895,0.5384615384615384,0.14574898785425106,plate_chaudron,plate_chaudron,False,0.25375,0.2,True,False,False,False,172.81808400002774,256.1770011290762,311.0625,5.786431470909257,,,0,0
plate_chaudron/occlusion_angle/20260823T135821Z/frame_0009.jpg,20260823T135821Z,9,4.5,orb,A,magsac,magsac,False,plate_chaudron,plate_chaudron,occlusion_angle,False,True,True,False,128.7509649991989,True,False,28.96820500609465,28,17,0.6071428571428571,0.8584704995155334,327886.2924671875,True,plate_chaudron,,0.7391304347826086,,,plate_chaudron,plate_chaudron,False,0.265,0.2,True,False,False,False,168.86741999769583,251.02896698829403,311.0625,5.921805402212249,,,0,0
plate_chaudron/occlusion_angle/20260823T135821Z/frame_0010.jpg,20260823T135821Z,10,5.0,orb,A,magsac,magsac,False,plate_chaudron,,occlusion_angle,False,True,False,True,115.30559899983928,False,True,0.0005559995770454407,0,0,0.0,,,False,,,,,,,,False,0.0,,False,False,False,True,126.31736800540239,281.7459084365758,311.0625,7.916567735619948,,,1,1
plate_chaudron/occlusion_angle/20260823T135821Z/frame_0011.jpg,20260823T135821Z,11,5.5,orb,A,magsac,magsac,False,plate_chaudron,plate_chaudron,occlusion_angle,False,True,True,False,133.9169179991586,True,False,25.785538004129194,30,21,0.7,0.8270202279090881,323159.24301297555,True,plate_chaudron,,0.7777777777777778,,,plate_chaudron,plate_chaudron,False,0.27125,0.2,True,False,False,False,172.9672119981842,250.86553398603075,311.0625,5.781442554618374,,,0,1
plate_chaudron/occlusion_angle/20260823T135821Z/frame_0012.jpg,20260823T135821Z,12,6.0,orb,A,magsac,magsac,False,plate_chaudron,,occlusion_angle,False,True,False,True,121.7584319965681,False,True,0.0007039925549179316,0,0,0.0,,,False,,,,,,,,False,0.0,,False,False,False,True,134.83535700652283,261.4591289901403,311.0625,7.416452347522051,,,1,1
plate_chaudron/occlusion_angle/20260823T135821Z/frame_0013.jpg,20260823T135821Z,13,6.5,orb,A,magsac,magsac,False,plate_chaudron,plate_chaudron,occlusion_angle,False,True,True,False,117.16997600160539,True,False,33.17477299424354,30,26,0.8666666666666667,0.6687057018280029,328840.1914186895,True,plate_chaudron,,0.8125,,,plate_chaudron,plate_chaudron,False,0.26125,0.2,True,False,False,False,163.10923101264052,257.4096121926182,311.0625,6.130860858037536,,,0,1
plate_chaudron/occlusion_angle/20260823T135821Z/frame_0014.jpg,20260823T135821Z,14,7.0,orb,A,magsac,magsac,False,plate_chaudron,plate_chaudron,occlusion_angle,False,True,True,False,119.29353799496312,True,False,31.13267400476616,23,20,0.8695652173913043,1.164683222770691,333453.4773541789,True,plate_chaudron,,0.7692307692307693,,,plate_chaudron,plate_chaudron,False,0.27625,0.2,True,False,False,False,161.84570199402515,256.97559025407253,311.0625,6.1787244744807435,,,0,1
plate_chaudron/occlusion_angle/20260823T135821Z/frame_0015.jpg,20260823T135821Z,15,7.5,orb,A,magsac,magsac,False,plate_chaudron,plate_chaudron,occlusion_angle,False,True,True,False,114.05903100967407,True,False,28.64952100208029,19,17,0.8947368421052632,0.7446419596672058,342046.56831078813,True,plate_chaudron,,0.7391304347826086,,,plate_chaudron,plate_chaudron,False,0.26625,0.2,True,False,False,False,155.01831499568652,269.8494916627444,311.0625,6.450850662567359,,,0,1
plate_chaudron/occlusion_angle/20260823T135821Z/frame_0016.jpg,20260823T135821Z,16,8.0,orb,A,magsac,magsac,False,plate_chaudron,,occlusion_angle,False,True,True,False,135.4094639973482,False,True,20.618659997126088,10,6,0.6,0.04295172542333603,746.1482678847387,True,plate_vampire,,0.5,,,,plate_vampire,False,0.0075,0.2,False,False,False,True,170.89609400136396,235.4384618040376,311.0625,5.851508812085657,,,1,1
plate_chaudron/occlusion_angle/20260823T135821Z/frame_0017.jpg,20260823T135821Z,17,8.5,orb,A,magsac,magsac,False,plate_chaudron,plate_chaudron,occlusion_angle,False,True,True,False,125.09126499935519,True,False,31.051414989633486,19,12,0.631578947368421,0.41320672631263733,168312.93771854602,True,plate_chaudron,,0.6666666666666666,,,plate_chaudron,plate_chaudron,False,0.47,0.2,True,False,False,False,168.56684799131472,249.45994423628613,311.0625,5.932364589575314,,,0,1
plate_chaudron/occlusion_angle/20260823T135821Z/frame_0018.jpg,20260823T135821Z,18,9.0,orb,A,magsac,magsac,False,plate_chaudron,,occlusion_angle,False,True,False,True,118.29947000660468,False,True,0.0006850023055449128,0,0,0.0,,,False,,,,,,,,False,0.0,,False,False,False,True,130.73906599311158,263.2540024556533,311.0625,7.648823191475823,,,1,1
plate_chaudron/occlusion_angle/20260823T135821Z/frame_0019.jpg,20260823T135821Z,19,9.5,orb,A,magsac,magsac,False,plate_chaudron,plate_chaudron,occlusion_angle,False,True,True,False,127.04864199622534,True,False,29.668071001651697,29,20,0.6896551724137931,1.0799496173858643,109160.64814757649,True,plate_chaudron,,0.7692307692307693,,,plate_chaudron,plate_chaudron,False,0.4,0.2,True,False,False,False,167.94087098969612,254.53035433300107,311.0625,5.954476680434474,,,0,1
plate_dague/frontal/20260823T135916Z/frame_0000.jpg,20260823T135916Z,0,0.0,orb,A,magsac,magsac,False,plate_dague,plate_dague,frontal,True,False,True,False,128.07348799833562,True,False,24.518063000869006,27,23,0.8518518518518519,0.9402069449424744,172722.61229547783,True,plate_dague,,0.7931034482758621,,,plate_dague,plate_dague,False,0.42875,0.2,True,False,False,False,168.79860700282734,252.385264051895,311.0625,5.924219504863865,0.0,,0,0
plate_dague/frontal/20260823T135916Z/frame_0001.jpg,20260823T135916Z,1,0.5,orb,A,magsac,magsac,False,plate_dague,plate_dague,frontal,True,False,True,False,133.26310699630994,True,False,24.557488999562338,27,23,0.8518518518518519,0.9402069449424744,172722.61229547783,True,plate_dague,,0.7931034482758621,,,plate_dague,plate_dague,False,0.42875,0.2,True,False,False,False,169.88635901361704,248.9403071885835,311.0625,5.886287785588754,,,0,0
plate_dague/frontal/20260823T135916Z/frame_0002.jpg,20260823T135916Z,2,1.0,orb,A,magsac,magsac,False,plate_dague,plate_dague,frontal,True,False,True,False,127.4654729932081,True,False,24.24643500125967,41,29,0.7073170731707317,0.9887813329696655,110067.66522939363,True,plate_dague,,0.8285714285714286,,,plate_dague,plate_dague,False,0.39375,0.2,True,False,False,False,163.93630098900758,259.69616639608483,311.0625,6.099930240996795,,,0,0
plate_dague/frontal/20260823T135916Z/frame_0003.jpg,20260823T135916Z,3,1.5,orb,A,magsac,magsac,False,plate_dague,plate_dague,frontal,False,True,True,False,126.80140299198683,True,False,24.166361006791703,45,39,0.8666666666666667,0.8208119869232178,112036.06482732837,True,plate_dague,,0.8666666666666667,,,plate_dague,plate_dague,False,0.39,0.2,True,False,False,False,162.34342199459206,258.19806546517555,311.0625,6.159781454115903,,,0,0
plate_dague/frontal/20260823T135916Z/frame_0004.jpg,20260823T135916Z,4,2.0,orb,A,magsac,magsac,False,plate_dague,,frontal,True,False,False,True,123.23238600220066,False,True,0.0007040071068331599,0,0,0.0,,,False,,,,,,,,False,0.0,,False,False,False,True,136.42655199510045,265.22484275128346,311.0625,7.329951430832272,,,1,1
plate_dague/frontal/20260823T135916Z/frame_0005.jpg,20260823T135916Z,5,2.5,orb,A,magsac,magsac,False,plate_dague,,frontal,True,False,False,True,125.4338739963714,False,True,0.0006299960659816861,0,0,0.0,,,False,,,,,,,,False,0.0,,False,False,False,True,136.96004899975378,260.38288873615187,311.0625,7.301399256959946,,,2,2
plate_dague/frontal/20260823T135916Z/frame_0006.jpg,20260823T135916Z,6,3.0,orb,A,magsac,magsac,False,plate_dague,plate_dague,frontal,True,False,True,False,124.513823990128,True,False,31.916038991766982,59,36,0.6101694915254238,0.98138427734375,172043.03862154495,True,plate_dague,,0.8571428571428571,,,plate_dague,plate_dague,False,0.45875,0.2,True,False,False,False,168.10923999582883,254.93997594102242,311.0625,5.948513002764228,,,0,2
plate_dague/frontal/20260823T135916Z/frame_0007.jpg,20260823T135916Z,7,3.5,orb,A,magsac,magsac,False,plate_dague,,frontal,True,False,False,True,127.0137719984632,False,True,0.0010369985830038786,0,0,0.0,,,False,,,,,,,,False,0.0,,False,False,False,True,140.36962200771086,256.31533864231085,311.0625,7.12404853483945,,,1,2
plate_dague/frontal/20260823T135916Z/frame_0008.jpg,20260823T135916Z,8,4.0,orb,A,magsac,magsac,False,plate_dague,plate_dague,frontal,False,True,True,False,124.43210100173019,True,False,31.358950000139885,44,35,0.7954545454545454,0.7924652099609375,106304.34399995243,True,plate_dague,,0.8536585365853658,,,plate_dague,plate_dague,False,0.38875,0.2,True,False,False,False,166.87704299692996,250.23295745220153,311.0625,5.992435999830109,,,0,2
plate_dague/frontal/20260823T135916Z/frame_0009.jpg,20260823T135916Z,9,4.5,orb,A,magsac,magsac,False,plate_dague,plate_dague,frontal,False,True,True,False,123.01086900697555,True,False,31.816095011890866,40,26,0.65,0.9428630471229553,166705.7092102259,True,plate_dague,,0.8125,,,plate_dague,plate_dague,False,0.42375,0.2,True,False,False,False,165.5596620112192,260.00210786298646,311.0625,6.0401186367017035,,,0,2
plate_dague/frontal/20260823T135916Z/frame_0010.jpg,20260823T135916Z,10,5.0,orb,A,magsac,magsac,False,plate_dague,plate_dague,frontal,True,False,True,False,132.05276099324692,True,False,30.54073199746199,39,34,0.8717948717948718,1.0526329278945923,107685.0812829989,True,plate_dague,,0.85,,,plate_dague,plate_dague,False,0.38625,0.2,True,False,False,False,173.51413500728086,242.08979630527935,311.0625,5.76321923258897,,,0,2
plate_dague/frontal/20260823T135916Z/frame_0011.jpg,20260823T135916Z,11,5.5,orb,A,magsac,magsac,False,plate_dague,plate_dague,frontal,True,False,True,False,122.81679599254858,True,False,28.9972219907213,41,35,0.8536585365853658,0.7365894913673401,108491.94722565613,True,plate_dague,,0.8536585365853658,,,plate_dague,plate_dague,False,0.39875,0.2,True,False,False,False,161.4152969996212,263.04450686665797,311.0625,6.19519970280355,,,0,2
plate_dague/frontal/20260823T135916Z/frame_0012.jpg,20260823T135916Z,12,6.0,orb,A,magsac,magsac,False,plate_dague,plate_dague,frontal,True,False,True,False,125.5703920032829,True,False,35.42138999910094,46,40,0.8695652173913043,1.0743460655212402,169454.72730731277,True,plate_dague,plate_bois,0.8695652173913043,0.5,0.3695652173913043,plate_dague,plate_dague,False,0.4175,0.2,True,False,False,False,172.6350279932376,254.71652891742735,311.0625,5.792567195802069,,,0,2
plate_dague/frontal/20260823T135916Z/frame_0013.jpg,20260823T135916Z,13,6.5,orb,A,magsac,magsac,False,plate_dague,plate_dague,frontal,True,False,True,False,117.3549009981798,True,False,33.95476800506003,46,37,0.8043478260869565,0.6699933409690857,107370.43745900225,True,plate_dague,,0.8604651162790697,,,plate_dague,plate_dague,False,0.3825,0.2,True,False,False,False,160.96976200060453,260.16121586762415,311.0625,6.212346887835023,,,0,2
plate_dague/frontal/20260823T135916Z/frame_0014.jpg,20260823T135916Z,14,7.0,orb,A,magsac,magsac,False,plate_dague,plate_dague,frontal,True,False,True,False,123.3181450079428,True,False,35.56946299795527,36,30,0.8333333333333334,0.8837326765060425,107502.12121820799,True,plate_dague,plate_cellule,0.8333333333333334,0.5,0.33333333333333337,plate_dague,plate_dague,False,0.38,0.2,True,False,False,False,168.50723799143452,256.3252541246686,311.0625,5.934463183420237,,,0,2
plate_dague/frontal/20260823T135916Z/frame_0015.jpg,20260823T135916Z,15,7.5,orb,A,magsac,magsac,False,plate_dague,plate_dague,frontal,True,False,True,False,132.44096300331876,True,False,29.263870004797354,26,21,0.8076923076923077,1.1978939771652222,165431.83156815008,True,plate_dague,,0.7777777777777778,,,plate_dague,plate_dague,False,0.36875,0.2,True,False,False,False,171.15816699515563,245.39479849178753,311.0625,5.842549131928385,,,0,2
plate_dague/frontal/20260823T135916Z/frame_0016.jpg,20260823T135916Z,16,8.0,orb,A,magsac,magsac,False,plate_dague,plate_dague,frontal,False,True,True,False,117.24556901026517,True,False,27.614805003395304,44,37,0.8409090909090909,0.8377558588981628,160867.97816794703,True,plate_dague,,0.8604651162790697,,,plate_dague,plate_dague,False,0.455,0.2,True,False,False,False,154.27585599536542,274.27683176342833,311.0625,6.481895650801256,,,0,2
plate_dague/frontal/20260823T135916Z/frame_0017.jpg,20260823T135916Z,17,8.5,orb,A,magsac,magsac,False,plate_dague,plate_dague,frontal,True,False,True,False,124.04878900269978,True,False,32.288519010762684,33,30,0.9090909090909091,0.8747358322143555,164767.00635706185,True,plate_dague,,0.8333333333333334,,,plate_dague,plate_dague,False,0.42125,0.2,True,False,False,False,167.57272400718648,249.97279747152268,311.0625,5.967558299983918,,,0,2
plate_dague/frontal/20260823T135916Z/frame_0018.jpg,20260823T135916Z,18,9.0,orb,A,magsac,magsac,False,plate_dague,plate_dague,frontal,False,True,True,False,123.94640001002699,True,False,37.06678700109478,40,37,0.925,1.030643105506897,166179.42733353117,True,plate_dague,,0.8604651162790697,,,plate_dague,plate_dague,False,0.455,0.2,True,False,False,False,171.78701600641944,247.72642536855304,311.0625,5.8211617108631275,,,0,2
plate_dague/frontal/20260823T135916Z/frame_0019.jpg,20260823T135916Z,19,9.5,orb,A,magsac,magsac,False,plate_dague,plate_dague,frontal,True,False,True,False,119.24251999880653,True,False,27.348361996700987,37,34,0.918918918918919,1.1127519607543945,104117.13777493045,True,plate_dague,,0.85,,,plate_dague,plate_dague,False,0.37375,0.2,True,False,False,False,157.18678399571218,269.1690485960627,311.0625,6.361858004724358,,,0,2
plate_dague/main_sur_bord/20260823T135957Z/frame_0000.jpg,20260823T135957Z,0,0.0,orb,A,magsac,magsac,False,plate_dague,plate_dague,main_sur_bord,False,True,True,False,130.32267900416628,True,False,34.37659899645951,37,28,0.7567567567567568,0.9879202246665955,127575.64603725134,True,plate_dague,,0.8235294117647058,,,plate_dague,plate_dague,False,0.39375,0.2,True,False,False,False,179.1996390093118,237.00237363643691,311.0625,5.5803683842691045,0.0,,0,0
plate_dague/main_sur_bord/20260823T135957Z/frame_0001.jpg,20260823T135957Z,1,0.5,orb,A,magsac,magsac,False,plate_dague,,main_sur_bord,False,True,False,True,118.68702400533948,False,True,0.0005920010153204203,0,0,0.0,,,False,,,,,,,,False,0.0,,False,False,False,True,128.7925950018689,274.18747948582165,311.0625,7.764421549123139,,,1,1
plate_dague/main_sur_bord/20260823T135957Z/frame_0002.jpg,20260823T135957Z,2,1.0,orb,A,magsac,magsac,False,plate_dague,,main_sur_bord,False,True,False,True,117.73830700258259,False,True,0.0020000006770715117,0,0,0.0,,,False,,,,,,,,False,0.0,,False,False,False,True,128.3780410012696,261.1206374435088,311.0625,7.789494154924132,,,2,2
plate_dague/main_sur_bord/20260823T135957Z/frame_0003.jpg,20260823T135957Z,3,1.5,orb,A,magsac,magsac,False,plate_dague,,main_sur_bord,False,True,False,True,119.59718499565497,False,True,0.0013700046110898256,0,0,0.0,,,False,,,,,,,,False,0.0,,False,False,False,True,132.6256650063442,259.85888476677013,311.0625,7.540018743371915,,,3,3
plate_dague/main_sur_bord/20260823T135957Z/frame_0004.jpg,20260823T135957Z,4,2.0,orb,A,magsac,magsac,False,plate_dague,,main_sur_bord,False,True,False,True,122.84772201383021,False,True,0.000667001586407423,0,0,0.0,,,False,,,,,,,,False,0.0,,False,False,False,True,133.10962499235757,255.98038911127765,311.0625,7.512604742575261,,,4,4
plate_dague/main_sur_bord/20260823T135957Z/frame_0005.jpg,20260823T135957Z,5,2.5,orb,A,magsac,magsac,False,plate_dague,,main_sur_bord,False,True,False,True,124.63247100822628,False,True,0.001277992851100862,0,0,0.0,,,False,,,,,,,,False,0.0,,False,False,False,True,137.0513059955556,256.28872008807224,311.0625,7.296537546547924,,,5,5
plate_dague/main_sur_bord/20260823T135957Z/frame_0006.jpg,20260823T135957Z,6,3.0,orb,A,magsac,magsac,False,plate_dague,,main_sur_bord,False,True,False,True,124.12475200835615,False,True,0.0007409980753436685,0,0,0.0,,,False,,,,,,,,False,0.0,,False,False,False,True,135.15409499814268,250.94480045511744,311.0625,7.398961903549739,,,6,6
plate_dague/main_sur_bord/20260823T135957Z/frame_0007.jpg,20260823T135957Z,7,3.5,orb,A,magsac,magsac,False,plate_dague,,main_sur_bord,True,False,False,True,112.08732100203633,False,True,0.0020000006770715117,0,0,0.0,,,False,,,,,,,,False,0.0,,False,False,False,True,121.98257799900603,273.10576843417016,311.0625,8.197891997397763,,,7,7
plate_dague/main_sur_bord/20260823T135957Z/frame_0008.jpg,20260823T135957Z,8,4.0,orb,A,magsac,magsac,False,plate_dague,,main_sur_bord,True,False,False,True,114.56445400835946,False,True,0.001777996658347547,0,0,0.0,,,False,,,,,,,,False,0.0,,False,False,False,True,128.9357240020763,257.9124362730078,311.0625,7.755802418140504,,,8,8
plate_dague/main_sur_bord/20260823T135957Z/frame_0009.jpg,20260823T135957Z,9,4.5,orb,A,magsac,magsac,False,plate_dague,,main_sur_bord,True,False,False,True,108.20336100005079,False,True,0.0007969938451424241,0,0,0.0,,,False,,,,,,,,False,0.0,,False,False,False,True,122.18613299774006,271.8312903855819,311.0625,8.184234785615942,,,9,9
plate_dague/main_sur_bord/20260823T135957Z/frame_0010.jpg,20260823T135957Z,10,5.0,orb,A,magsac,magsac,False,plate_dague,,main_sur_bord,True,False,False,True,110.0026659987634,False,True,0.0013329990906640887,0,0,0.0,,,False,,,,,,,,False,0.0,,False,False,False,True,119.67640699003823,277.54300814498714,311.0625,8.355865831460324,,,10,10
plate_dague/main_sur_bord/20260823T135957Z/frame_0011.jpg,20260823T135957Z,11,5.5,orb,A,magsac,magsac,False,plate_dague,,main_sur_bord,True,False,False,True,111.89700600516517,False,True,0.0007589987944811583,0,0,0.0,,,False,,,,,,,,False,0.0,,False,False,False,True,126.15205500333104,269.992361195389,311.0625,7.926941816156662,,,11,11
plate_dague/main_sur_bord/20260823T135957Z/frame_0012.jpg,20260823T135957Z,12,6.0,orb,A,magsac,magsac,False,plate_dague,,main_sur_bord,True,False,False,True,115.87972499546595,False,True,0.0008889910532161593,0,0,0.0,,,False,,,,,,,,False,0.0,,False,False,False,True,128.32644900481682,261.9718231175965,311.0625,7.79262582074927,,,12,12
plate_dague/main_sur_bord/20260823T135957Z/frame_0013.jpg,20260823T135957Z,13,6.5,orb,A,magsac,magsac,False,plate_dague,,main_sur_bord,True,False,False,True,113.98092099989299,False,True,0.0007400085451081395,0,0,0.0,,,False,,,,,,,,False,0.0,,False,False,False,True,125.0414130045101,267.71019933046085,311.0625,7.997350445519446,,,13,13
plate_dague/main_sur_bord/20260823T135957Z/frame_0014.jpg,20260823T135957Z,14,7.0,orb,A,magsac,magsac,False,plate_dague,,main_sur_bord,False,True,False,True,103.08329699910246,False,True,0.0009260111255571246,0,0,0.0,,,False,,,,,,,,False,0.0,,False,False,False,True,112.49122599838302,290.72879871066436,311.0625,8.88958219740955,,,14,14
plate_dague/main_sur_bord/20260823T135957Z/frame_0015.jpg,20260823T135957Z,15,7.5,orb,A,magsac,magsac,False,plate_dague,,main_sur_bord,True,False,False,True,118.08791499061044,False,True,0.0012030068319290876,0,0,0.0,,,False,,,,,,,,False,0.0,,False,False,False,True,127.89546999556478,261.84419746189764,311.0625,7.818885219583449,,,15,15
plate_dague/main_sur_bord/20260823T135957Z/frame_0016.jpg,20260823T135957Z,16,8.0,orb,A,magsac,magsac,False,plate_dague,,main_sur_bord,False,True,False,True,113.49318300199229,False,True,0.0012220116332173347,0,0,0.0,,,False,,,,,,,,False,0.0,,False,False,False,True,129.06533399655018,252.33667392724942,311.0625,7.748013885949648,,,16,16
plate_dague/main_sur_bord/20260823T135957Z/frame_0017.jpg,20260823T135957Z,17,8.5,orb,A,magsac,magsac,False,plate_dague,,main_sur_bord,False,True,False,True,118.77215199638158,False,True,0.0006480113370344043,0,0,0.0,,,False,,,,,,,,False,0.0,,False,False,False,True,129.2993150127586,254.9644984333276,311.0625,7.733993021551004,,,17,17
plate_dague/main_sur_bord/20260823T135957Z/frame_0018.jpg,20260823T135957Z,18,9.0,orb,A,magsac,magsac,False,plate_dague,,main_sur_bord,True,False,False,True,107.45779200806282,False,True,0.0012410018825903535,0,0,0.0,,,False,,,,,,,,False,0.0,,False,False,False,True,117.23842000355944,283.5627919498637,311.0625,8.52962706226883,,,18,18
plate_dague/main_sur_bord/20260823T135957Z/frame_0019.jpg,20260823T135957Z,19,9.5,orb,A,magsac,magsac,False,plate_dague,,main_sur_bord,True,False,False,True,116.58657299994957,False,True,0.0016859994502738118,0,0,0.0,,,False,,,,,,,,False,0.0,,False,False,False,True,127.41260300390422,259.7731944852104,311.0625,7.848517151551779,,,19,19
plate_dague/occlusion_angle/20260823T140102Z/frame_0000.jpg,20260823T140102Z,0,0.0,orb,A,magsac,magsac,False,plate_dague,plate_dague,occlusion_angle,False,True,True,False,124.71724799252115,True,False,27.018141001462936,40,29,0.725,0.6748343110084534,88424.73373778904,True,plate_dague,,0.8285714285714286,,,plate_dague,plate_dague,False,0.34625,0.2,True,False,False,False,166.4090089907404,253.53449224824084,311.0625,6.009290038231305,0.0,,0,0
plate_dague/occlusion_angle/20260823T140102Z/frame_0001.jpg,20260823T140102Z,1,0.5,orb,A,magsac,magsac,False,plate_dague,plate_dague,occlusion_angle,False,True,True,False,130.4570659995079,True,False,33.02942200389225,37,33,0.8918918918918919,0.7738098502159119,90534.05256520724,True,plate_dague,,0.8461538461538461,,,plate_dague,plate_dague,False,0.36125,0.2,True,False,False,False,179.8597279994283,234.6749106622406,311.0625,5.559888314760371,,,0,0
plate_dague/occlusion_angle/20260823T140102Z/frame_0002.jpg,20260823T140102Z,2,1.0,orb,A,magsac,magsac,False,plate_dague,plate_dague,occlusion_angle,False,True,True,False,124.2143620038405,True,False,28.20967198931612,43,30,0.6976744186046512,0.636663556098938,141987.1522767176,True,plate_dague,,0.8333333333333334,,,plate_dague,plate_dague,False,0.42875,0.2,True,False,False,False,162.8772330004722,258.88573573618095,311.0625,6.139593493690435,,,0,0
plate_dague/occlusion_angle/20260823T140102Z/frame_0003.jpg,20260823T140102Z,3,1.5,orb,A,magsac,magsac,False,plate_dague,plate_dague,occlusion_angle,False,True,True,False,124.36017600703053,True,False,28.07374698750209,40,37,0.925,0.739249050617218,89011.27900601598,True,plate_dague,,0.8604651162790697,,,plate_dague,plate_dague,False,0.37,0.2,True,False,False,False,164.08320699702017,259.626304115166,311.0625,6.094468887472199,,,0,0
plate_dague/occlusion_angle/20260823T140102Z/frame_0004.jpg,20260823T140102Z,4,2.0,orb,A,magsac,magsac,False,plate_dague,plate_dague,occlusion_angle,False,True,True,False,122.48227901000064,True,False,36.28373600076884,29,27,0.9310344827586207,0.8085722327232361,295868.3454396784,True,plate_dague,,0.8181818181818182,,,plate_dague,plate_dague,False,0.39875,0.2,True,False,False,False,171.79053400468547,246.00876145392317,311.0625,5.821042502683679,,,0,0
plate_dague/occlusion_angle/20260823T140102Z/frame_0005.jpg,20260823T140102Z,5,2.5,orb,A,magsac,magsac,False,plate_dague,plate_dague,occlusion_angle,False,True,True,False,120.02523698902223,True,False,28.17528300511185,38,33,0.868421052631579,0.6606876254081726,92671.9002339195,True,plate_dague,,0.8461538461538461,,,plate_dague,plate_dague,False,0.37375,0.2,True,False,False,False,160.0713049992919,263.274976112593,311.0625,6.2472158892215175,,,0,0
plate_dague/occlusion_angle/20260823T140102Z/frame_0006.jpg,20260823T140102Z,6,3.0,orb,A,magsac,magsac,False,plate_dague,,occlusion_angle,False,True,False,True,135.6582040025387,False,True,0.0005930050974711776,0,0,0.0,,,False,,,,,,,,False,0.0,,False,False,False,True,146.71865799755324,241.40584901335592,311.0625,6.81576572228923,,,1,1
plate_dague/occlusion_angle/20260823T140102Z/frame_0007.jpg,20260823T140102Z,7,3.5,orb,A,magsac,magsac,False,plate_dague,plate_dague,occlusion_angle,False,True,True,False,131.2427660013782,True,False,23.560531000839546,17,14,0.8235294117647058,0.7734488248825073,91666.64990160381,True,plate_dague,plate_bois,0.7,0.5384615384615384,0.16153846153846152,plate_dague,plate_dague,False,0.30375,0.2,True,False,False,False,167.6335569936782,257.4527974827152,311.0625,5.965392716911161,,,0,1
plate_dague/occlusion_angle/20260823T140102Z/frame_0008.jpg,20260823T140102Z,8,4.0,orb,A,magsac,magsac,False,plate_dague,,occlusion_angle,False,True,False,True,135.07981799193658,False,True,0.0005550100468099117,0,0,0.0,,,False,,,,,,,,False,0.0,,False,False,False,True,148.51157501107082,245.86172153435663,311.0625,6.733481884664242,,,1,1
plate_dague/occlusion_angle/20260823T140102Z/frame_0009.jpg,20260823T140102Z,9,4.5,orb,A,magsac,magsac,False,plate_dague,plate_dague,occlusion_angle,False,True,True,False,124.65680298919324,True,False,26.94262401200831,18,15,0.8333333333333334,0.5771842002868652,71704.03030525078,True,plate_dague,,0.7142857142857143,,,plate_dague,plate_dague,False,0.31875,0.2,True,False,False,False,161.9558490056079,261.881209356831,311.0625,6.174522291969671,,,0,1
plate_dague/occlusion_angle/20260823T140102Z/frame_0010.jpg,20260823T140102Z,10,5.0,orb,A,magsac,magsac,False,plate_dague,,occlusion_angle,False,True,False,True,115.14833899855148,False,True,0.0009999930625781417,0,0,0.0,,,False,,,,,,,,False,0.0,,False,False,False,True,127.16599299164955,269.5092979948704,311.0625,7.86373759583402,,,1,1
plate_dague/occlusion_angle/20260823T140102Z/frame_0011.jpg,20260823T140102Z,11,5.5,orb,A,magsac,magsac,False,plate_dague,plate_dague,occlusion_angle,False,True,True,False,123.29125600808766,True,False,30.01703100744635,27,21,0.7777777777777778,0.8221922516822815,292065.4089687138,True,plate_dague,,0.7777777777777778,,,plate_dague,plate_dague,False,0.385,0.2,True,False,False,False,165.65388299932238,254.58973334281717,311.0625,6.036683124440196,,,0,1
plate_dague/occlusion_angle/20260823T140102Z/frame_0012.jpg,20260823T140102Z,12,6.0,orb,A,magsac,magsac,False,plate_dague,,occlusion_angle,False,True,False,True,120.7981409970671,False,True,0.0013889948604628444,0,0,0.0,,,False,,,,,,,,False,0.0,,False,False,False,True,135.97811000363436,263.02684674058503,311.0625,7.354124865930792,,,1,1
plate_dague/occlusion_angle/20260823T140102Z/frame_0013.jpg,20260823T140102Z,13,6.5,orb,A,magsac,magsac,False,plate_dague,plate_dague,occlusion_angle,False,True,True,False,126.75836600828916,True,False,35.518963006325066,36,23,0.6388888888888888,0.8237669467926025,137930.14651623287,True,plate_dague,,0.7931034482758621,,,plate_dague,plate_dague,False,0.415,0.2,True,False,False,False,174.41868501191493,244.6494496681043,311.0625,5.733330691787338,,,0,1
plate_dague/occlusion_angle/20260823T140102Z/frame_0014.jpg,20260823T140102Z,14,7.0,orb,A,magsac,magsac,False,plate_dague,,occlusion_angle,False,True,False,True,115.4321530048037,False,True,0.0009259965736418962,0,0,0.0,,,False,,,,,,,,False,0.0,,False,False,False,True,125.47002200153656,274.0129367282559,311.0625,7.970031279565357,,,1,1
plate_dague/occlusion_angle/20260823T140102Z/frame_0015.jpg,20260823T140102Z,15,7.5,orb,A,magsac,magsac,False,plate_dague,plate_dague,occlusion_angle,False,True,True,False,120.80736299685668,True,False,30.724156997166574,30,27,0.9,0.7952720522880554,125243.06117610919,True,plate_dague,,0.8181818181818182,,,plate_dague,plate_dague,False,0.3925,0.2,True,False,False,False,162.2578840033384,258.17174528874693,311.0625,6.1630287251830875,,,0,1
plate_dague/occlusion_angle/20260823T140102Z/frame_0016.jpg,20260823T140102Z,16,8.0,orb,A,magsac,magsac,False,plate_dague,,occlusion_angle,False,True,False,True,111.81128499447368,False,True,0.001148000592365861,0,0,0.0,,,False,,,,,,,,False,0.0,,False,False,False,True,122.07409700204153,279.40832689043293,311.0625,8.191746034240797,,,1,1
plate_dague/occlusion_angle/20260823T140102Z/frame_0017.jpg,20260823T140102Z,17,8.5,orb,A,magsac,magsac,False,plate_dague,,occlusion_angle,False,True,False,True,133.48560499434825,False,True,0.0014999968698248267,0,0,0.0,,,False,,,,,,,,False,0.0,,False,False,False,True,144.84704000642523,240.49940128880124,311.0625,6.9038345550978555,,,2,2
plate_dague/occlusion_angle/20260823T140102Z/frame_0018.jpg,20260823T140102Z,18,9.0,orb,A,magsac,magsac,False,plate_dague,,occlusion_angle,False,True,False,True,115.58492999756709,False,True,0.0009259965736418962,0,0,0.0,,,False,,,,,,,,False,0.0,,False,False,False,True,126.4893859915901,266.6800129952652,311.0625,7.905801677830004,,,3,3
plate_dague/occlusion_angle/20260823T140102Z/frame_0019.jpg,20260823T140102Z,19,9.5,orb,A,magsac,magsac,False,plate_dague,plate_dague,occlusion_angle,False,True,True,False,132.97542299551424,True,False,27.4014540045755,25,18,0.72,0.6123024225234985,128694.5562194928,True,plate_dague,,0.75,,,plate_dague,plate_dague,False,0.365,0.2,True,False,False,False,170.75114999897778,247.4803250241894,311.0625,5.8564759300653995,,,0,3
plate_vampire/frontal/20260823T135229Z/frame_0000.jpg,20260823T135229Z,0,0.0,orb,A,magsac,magsac,False,plate_vampire,,frontal,True,False,False,True,118.67039400385693,False,True,0.0015180121408775449,0,0,0.0,,,False,,,,,,,,False,0.0,,False,False,False,True,129.84279300144408,271.31607604595973,311.0625,7.701621144185324,,,1,1
plate_vampire/frontal/20260823T135229Z/frame_0001.jpg,20260823T135229Z,1,0.5,orb,A,magsac,magsac,False,plate_vampire,plate_vampire,frontal,True,False,True,False,136.69227200443856,True,False,35.890646002371795,35,31,0.8857142857142857,0.8175964951515198,178635.4130725793,True,plate_vampire,,0.8378378378378378,,,plate_vampire,plate_vampire,False,0.41125,0.2,True,False,False,False,187.12818599306047,228.6937575592503,311.0625,5.343930390246419,0.5,,0,1
plate_vampire/frontal/20260823T135229Z/frame_0002.jpg,20260823T135229Z,2,1.0,orb,A,magsac,magsac,False,plate_vampire,plate_vampire,frontal,True,False,True,False,120.34819800464902,True,False,30.957099996157922,36,30,0.8333333333333334,0.9279775619506836,174780.21021662123,True,plate_vampire,,0.8333333333333334,,,plate_vampire,plate_vampire,False,0.4125,0.2,True,False,False,False,161.71268399921246,263.02069292355225,311.0625,6.1838068311627925,,,0,1
plate_vampire/frontal/20260823T135229Z/frame_0003.jpg,20260823T135229Z,3,1.5,orb,A,magsac,magsac,False,plate_vampire,plate_vampire,frontal,True,False,True,False,124.73178500658832,True,False,36.00690398889128,40,33,0.825,0.7572084665298462,177445.2911836448,True,plate_vampire,,0.8461538461538461,,,plate_vampire,plate_vampire,False,0.40125,0.2,True,False,False,False,172.10595800133888,246.7665192605911,311.0625,5.810374095196755,,,0,1
plate_vampire/frontal/20260823T135229Z/frame_0004.jpg,20260823T135229Z,4,2.0,orb,A,magsac,magsac,False,plate_vampire,,frontal,True,False,False,True,117.39721499907319,False,True,0.0007589987944811583,0,0,0.0,,,False,,,,,,,,False,0.0,,False,False,False,True,127.71667499328032,269.6990655434208,311.0625,7.8298311481458,,,1,1
plate_vampire/frontal/20260823T135229Z/frame_0005.jpg,20260823T135229Z,5,2.5,orb,A,magsac,magsac,False,plate_vampire,,frontal,True,False,False,True,125.1650969934417,False,True,0.001481006620451808,0,0,0.0,,,False,,,,,,,,False,0.0,,False,False,False,True,139.38225600577425,252.68135061999374,311.0625,7.174514379782837,,,2,2
plate_vampire/frontal/20260823T135229Z/frame_0006.jpg,20260823T135229Z,6,3.0,orb,A,magsac,magsac,False,plate_vampire,plate_vampire,frontal,True,False,True,False,126.99556800362188,True,False,33.55777100659907,32,28,0.875,1.0480155944824219,178061.3420323743,True,plate_vampire,,0.8235294117647058,,,plate_vampire,plate_vampire,False,0.39375,0.2,True,False,False,False,171.96349499863572,248.0390591057566,311.0625,5.81518769438789,,,0,2
plate_vampire/frontal/20260823T135229Z/frame_0007.jpg,20260823T135229Z,7,3.5,orb,A,magsac,magsac,False,plate_vampire,plate_vampire,frontal,False,True,True,False,123.92284499946982,True,False,28.119078997406177,24,22,0.9166666666666666,1.0194740295410156,118961.24226086706,True,plate_vampire,,0.7857142857142857,,,plate_vampire,plate_vampire,False,0.3375,0.2,True,False,False,False,163.31054500187747,262.74889536070975,311.0625,6.123303305297914,,,0,2
plate_vampire/frontal/20260823T135229Z/frame_0008.jpg,20260823T135229Z,8,4.0,orb,A,magsac,magsac,False,plate_vampire,,frontal,True,False,False,True,128.78481700317934,False,True,0.0006480113370344043,0,0,0.0,,,False,,,,,,,,False,0.0,,False,False,False,True,139.1723309934605,250.39971344331607,311.0625,7.185336286757952,,,1,2
plate_vampire/frontal/20260823T135229Z/frame_0009.jpg,20260823T135229Z,9,4.5,orb,A,magsac,magsac,False,plate_vampire,plate_vampire,frontal,False,True,True,False,122.8083699970739,True,False,26.935197005514055,37,31,0.8378378378378378,0.7632683515548706,180004.39578551822,True,plate_vampire,,0.8378378378378378,,,plate_vampire,plate_vampire,False,0.425,0.2,True,False,False,False,162.53330899053253,264.74856487729255,311.0625,6.152585006795434,,,0,2
plate_vampire/frontal/20260823T135229Z/frame_0010.jpg,20260823T135229Z,10,5.0,orb,A,magsac,magsac,False,plate_vampire,plate_vampire,frontal,False,True,True,False,138.19753999996465,True,False,25.714575007441454,34,27,0.7941176470588235,0.8119251132011414,180644.0256397635,True,plate_vampire,,0.8181818181818182,,,plate_vampire,plate_vampire,False,0.4175,0.2,True,False,False,False,176.41050700331107,245.62404607332567,311.0625,5.668596598847884,,,0,2
plate_vampire/frontal/20260823T135229Z/frame_0011.jpg,20260823T135229Z,11,5.5,orb,A,magsac,magsac,False,plate_vampire,plate_vampire,frontal,False,True,True,False,129.01568699453492,True,False,35.12807600782253,31,27,0.8709677419354839,0.8505085110664368,183243.74832146816,True,plate_vampire,,0.8181818181818182,,,plate_vampire,plate_vampire,False,0.39375,0.2,True,False,False,False,180.6187230104115,231.64999011530688,311.0625,5.536524582461789,,,0,2
plate_vampire/frontal/20260823T135229Z/frame_0012.jpg,20260823T135229Z,12,6.0,orb,A,magsac,magsac,False,plate_vampire,plate_vampire,frontal,False,True,True,False,122.76481400476769,True,False,27.796433001640253,34,28,0.8235294117647058,0.7586534023284912,118092.46917144209,True,plate_vampire,,0.8235294117647058,,,plate_vampire,plate_vampire,False,0.355,0.2,True,False,False,False,162.34777199861128,262.0066667768235,311.0625,6.159616406737962,,,0,2
plate_vampire/frontal/20260823T135229Z/frame_0013.jpg,20260823T135229Z,13,6.5,orb,A,magsac,magsac,False,plate_vampire,,frontal,False,True,False,True,129.44548000814393,False,True,0.0005739857442677021,0,0,0.0,,,False,,,,,,,,False,0.0,,False,False,False,True,145.0130570010515,240.77178167305777,311.0625,6.895930757412755,,,1,2
plate_vampire/frontal/20260823T135229Z/frame_0014.jpg,20260823T135229Z,14,7.0,orb,A,magsac,magsac,False,plate_vampire,,frontal,False,True,False,True,115.45713499072008,False,True,0.000981992343440652,0,0,0.0,,,False,,,,,,,,False,0.0,,False,False,False,True,128.0770070006838,275.8410539669369,311.0625,7.807802691662376,,,2,2
plate_vampire/frontal/20260823T135229Z/frame_0015.jpg,20260823T135229Z,15,7.5,orb,A,magsac,magsac,False,plate_vampire,,frontal,True,False,False,True,126.97377199947368,False,True,0.0005930050974711776,0,0,0.0,,,False,,,,,,,,False,0.0,,False,False,False,True,141.008154998417,246.37901687594385,311.0625,7.091788414728398,,,3,3
plate_vampire/frontal/20260823T135229Z/frame_0016.jpg,20260823T135229Z,16,8.0,orb,A,magsac,magsac,False,plate_vampire,plate_vampire,frontal,True,False,True,False,120.79514100332744,True,False,29.066240997053683,34,31,0.9117647058823529,0.9091904759407043,181183.7440563026,True,plate_vampire,,0.8378378378378378,,,plate_vampire,plate_vampire,False,0.41,0.2,True,False,False,False,161.6622949950397,264.080243332626,311.0625,6.185734280406468,,,0,3
plate_vampire/frontal/20260823T135229Z/frame_0017.jpg,20260823T135229Z,17,8.5,orb,A,magsac,magsac,False,plate_vampire,plate_vampire,frontal,True,False,True,False,127.81328600249253,True,False,27.182011006516404,42,33,0.7857142857142857,0.9115214347839355,182561.16641750542,True,plate_vampire,,0.8461538461538461,,,plate_vampire,plate_vampire,False,0.43625,0.2,True,False,False,False,165.29836699191947,256.5935494212936,311.0625,6.049666540558652,,,0,3
plate_vampire/frontal/20260823T135229Z/frame_0018.jpg,20260823T135229Z,18,9.0,orb,A,magsac,magsac,False,plate_vampire,plate_vampire,frontal,False,True,True,False,123.24212699604686,True,False,29.415220007649623,25,18,0.72,0.6987712383270264,185141.94891417224,True,plate_vampire,,0.75,,,plate_vampire,plate_vampire,False,0.39375,0.2,True,False,False,False,163.70230200118385,261.65085021034673,311.0625,6.1086495899903,,,0,3
plate_vampire/frontal/20260823T135229Z/frame_0019.jpg,20260823T135229Z,19,9.5,orb,A,magsac,magsac,False,plate_vampire,plate_vampire,frontal,False,True,True,False,124.99035699875094,True,False,30.182604008587077,43,39,0.9069767441860465,0.9337102770805359,118319.24978501385,True,plate_vampire,,0.8666666666666667,,,plate_vampire,plate_vampire,False,0.35125,0.2,True,False,False,False,167.94568501063623,258.7578114748721,311.0625,5.954306000399288,,,0,3
plate_vampire/main_sur_bord/20260823T135336Z/frame_0000.jpg,20260823T135336Z,0,0.0,orb,A,magsac,magsac,False,plate_vampire,,main_sur_bord,False,True,False,True,113.05262899259105,False,True,0.0007219932740554214,0,0,0.0,,,False,,,,,,,,False,0.0,,False,False,False,True,123.89877099485602,274.51332750841533,311.0625,8.071105080142543,,,1,1
plate_vampire/main_sur_bord/20260823T135336Z/frame_0001.jpg,20260823T135336Z,1,0.5,orb,A,magsac,magsac,False,plate_vampire,plate_vampire,main_sur_bord,False,True,True,False,131.04389699583407,True,False,26.299220000510104,37,32,0.8648648648648649,0.6389099359512329,127629.46490470562,True,plate_vampire,,0.8421052631578947,,,plate_vampire,plate_vampire,False,0.37375,0.2,True,False,False,False,174.0265940024983,252.86755310150036,311.0625,5.746248185410352,0.5,,0,1
plate_vampire/main_sur_bord/20260823T135336Z/frame_0002.jpg,20260823T135336Z,2,1.0,orb,A,magsac,magsac,False,plate_vampire,,main_sur_bord,False,True,False,True,111.07915900356602,False,True,0.0008149945642799139,0,0,0.0,,,False,,,,,,,,False,0.0,,False,False,False,True,123.04151599528268,272.48362415564236,311.0625,8.127338093252519,,,1,1
plate_vampire/main_sur_bord/20260823T135336Z/frame_0003.jpg,20260823T135336Z,3,1.5,orb,A,magsac,magsac,False,plate_vampire,,main_sur_bord,False,True,False,True,118.71900399273727,False,True,0.0010549993021413684,0,0,0.0,,,False,,,,,,,,False,0.0,,False,False,False,True,131.63543000700884,266.12749089006735,311.0625,7.596738962654323,,,2,2
plate_vampire/main_sur_bord/20260823T135336Z/frame_0004.jpg,20260823T135336Z,4,2.0,orb,A,magsac,magsac,False,plate_vampire,,main_sur_bord,False,True,False,True,107.340718008345,False,True,0.0005740002961829305,0,0,0.0,,,False,,,,,,,,False,0.0,,False,False,False,True,117.58619600732345,283.618435942285,311.0625,8.504399614540796,,,3,3
plate_vampire/main_sur_bord/20260823T135336Z/frame_0005.jpg,20260823T135336Z,5,2.5,orb,A,magsac,magsac,False,plate_vampire,plate_vampire,main_sur_bord,False,True,True,False,128.74122499488294,True,False,25.066486006835476,17,17,1.0,1.135204553604126,125431.33501986554,True,plate_vampire,,0.7391304347826086,,,plate_vampire,plate_vampire,False,0.22375,0.2,True,False,False,False,165.98906699800864,257.48044659178237,311.0625,6.024493167444558,,,0,3
plate_vampire/main_sur_bord/20260823T135336Z/frame_0006.jpg,20260823T135336Z,6,3.0,orb,A,magsac,magsac,False,plate_vampire,,main_sur_bord,False,True,False,True,110.74886500136927,False,True,0.0005559995770454407,0,0,0.0,,,False,,,,,,,,False,0.0,,False,False,False,True,121.93037499673665,282.20312535674833,311.0625,8.201401824826373,,,1,3
plate_vampire/main_sur_bord/20260823T135336Z/frame_0007.jpg,20260823T135336Z,7,3.5,orb,A,magsac,magsac,False,plate_vampire,,main_sur_bord,False,True,False,True,129.74214499990921,False,True,0.0009820068953558803,0,0,0.0,,,False,,,,,,,,False,0.0,,False,False,False,True,143.6889729957329,243.53780927252552,311.0625,6.959476285140521,,,2,3
plate_vampire/main_sur_bord/20260823T135336Z/frame_0008.jpg,20260823T135336Z,8,4.0,orb,A,magsac,magsac,False,plate_vampire,,main_sur_bord,False,True,False,True,116.47888699371833,False,True,0.0010369985830038786,0,0,0.0,,,False,,,,,,,,False,0.0,,False,False,False,True,128.4488009987399,262.94145945613764,311.0625,7.7852030709870945,,,3,3
plate_vampire/main_sur_bord/20260823T135336Z/frame_0009.jpg,20260823T135336Z,9,4.5,orb,A,magsac,magsac,False,plate_vampire,plate_vampire,main_sur_bord,False,True,True,False,144.80224400176667,True,False,25.07157799846027,24,19,0.7916666666666666,1.0273213386535645,168182.71298481006,True,plate_vampire,plate_dague,0.76,0.5,0.26,plate_vampire,plate_vampire,False,0.3125,0.2,True,False,False,False,182.09627000032924,241.88727863519875,311.0625,5.4916006791253436,,,0,3
plate_vampire/main_sur_bord/20260823T135336Z/frame_0010.jpg,20260823T135336Z,10,5.0,orb,A,magsac,magsac,False,plate_vampire,,main_sur_bord,False,True,False,True,130.71780500467867,False,True,0.0004630128387361765,0,0,0.0,,,False,,,,,,,,False,0.0,,False,False,False,True,149.24227399751544,235.37984083909828,311.0625,6.700514359735954,,,1,3
plate_vampire/main_sur_bord/20260823T135336Z/frame_0011.jpg,20260823T135336Z,11,5.5,orb,A,magsac,magsac,False,plate_vampire,,main_sur_bord,False,True,False,True,127.28162200073712,False,True,0.000777989043854177,0,0,0.0,,,False,,,,,,,,False,0.0,,False,False,False,True,138.38052099163178,258.1176696260555,311.0625,7.22645060760013,,,2,3
plate_vampire/main_sur_bord/20260823T135336Z/frame_0012.jpg,20260823T135336Z,12,6.0,orb,A,magsac,magsac,False,plate_vampire,plate_vampire,main_sur_bord,False,True,True,False,131.924503002665,True,False,32.91834800620563,25,24,0.96,0.6510260105133057,167930.93594581043,True,plate_vampire,plate_cellule,0.8,0.5384615384615384,0.2615384615384616,plate_vampire,plate_vampire,False,0.3475,0.2,True,False,False,False,176.45169199386146,241.85783552296306,311.0625,5.667273510954992,,,0,3
plate_vampire/main_sur_bord/20260823T135336Z/frame_0013.jpg,20260823T135336Z,13,6.5,orb,A,magsac,magsac,False,plate_vampire,plate_vampire,main_sur_bord,False,True,True,False,123.04542399942875,True,False,25.281798996729776,20,11,0.55,0.9562938213348389,105633.07741006464,True,plate_vampire,,0.6470588235294118,,,plate_vampire,plate_vampire,False,0.22875,0.2,True,False,False,False,158.85564401105512,258.0580611737478,311.0625,6.295023423469976,,,0,3
plate_vampire/main_sur_bord/20260823T135336Z/frame_0014.jpg,20260823T135336Z,14,7.0,orb,A,magsac,magsac,False,plate_vampire,,main_sur_bord,False,True,False,True,122.30668700067326,False,True,0.0005920010153204203,0,0,0.0,,,False,,,,,,,,False,0.0,,False,False,False,True,134.81859798775986,265.04815384035,311.0625,7.417374271246981,,,1,3
plate_vampire/main_sur_bord/20260823T135336Z/frame_0015.jpg,20260823T135336Z,15,7.5,orb,A,magsac,magsac,False,plate_vampire,,main_sur_bord,False,True,False,True,114.8581190063851,False,True,0.000610991264693439,0,0,0.0,,,False,,,,,,,,False,0.0,,False,False,False,True,125.8482599951094,274.44868289273506,311.0625,7.946077284174299,,,2,3
plate_vampire/main_sur_bord/20260823T135336Z/frame_0016.jpg,20260823T135336Z,16,8.0,orb,A,magsac,magsac,False,plate_vampire,,main_sur_bord,False,True,False,True,130.79238000500482,False,True,0.0005740002961829305,0,0,0.0,,,False,,,,,,,,False,0.0,,False,False,False,True,144.39346799917985,243.23777651908352,311.0625,6.925521035381462,,,3,3
plate_vampire/main_sur_bord/20260823T135336Z/frame_0017.jpg,20260823T135336Z,17,8.5,orb,A,magsac,magsac,False,plate_vampire,,main_sur_bord,False,True,False,True,108.16291699302383,False,True,0.0007409980753436685,0,0,0.0,,,False,,,,,,,,False,0.0,,False,False,False,True,118.9391509979032,283.5791824392212,311.0625,8.407660485298312,,,4,4
plate_vampire/main_sur_bord/20260823T135336Z/frame_0018.jpg,20260823T135336Z,18,9.0,orb,A,magsac,magsac,False,plate_vampire,plate_vampire,main_sur_bord,False,True,True,False,143.3884739963105,True,False,25.623667999752797,29,23,0.7931034482758621,0.8947124481201172,323020.7095427762,True,plate_vampire,plate_bois,0.7931034482758621,0.5,0.2931034482758621,plate_vampire,plate_vampire,False,0.36375,0.2,True,False,False,False,179.79498799832072,243.38453639435653,311.0625,5.561890301465689,,,0,4
plate_vampire/main_sur_bord/20260823T135336Z/frame_0019.jpg,20260823T135336Z,19,9.5,orb,A,magsac,magsac,False,plate_vampire,plate_vampire,main_sur_bord,False,True,True,False,128.68598400382325,True,False,34.796781998011284,52,44,0.8461538461538461,0.7219719886779785,325607.78949951683,True,plate_vampire,,0.88,,,plate_vampire,plate_vampire,False,0.3775,0.2,True,False,False,False,177.6777399936691,244.37659270963076,311.0625,5.628167040146005,,,0,4
plate_vampire/occlusion_angle/20260823T135419Z/frame_0000.jpg,20260823T135419Z,0,0.0,orb,A,magsac,magsac,False,plate_vampire,plate_vampire,occlusion_angle,False,True,True,False,124.52671201026533,True,False,29.83669900277164,18,15,0.8333333333333334,0.9264715909957886,399870.6775781235,True,plate_vampire,,0.7142857142857143,,,plate_vampire,plate_vampire,False,0.305,0.2,True,False,False,False,170.72292800003197,248.01395920290673,311.0625,5.857444056956502,0.0,,0,0
plate_vampire/occlusion_angle/20260823T135419Z/frame_0001.jpg,20260823T135419Z,1,0.5,orb,A,magsac,magsac,False,plate_vampire,plate_vampire,occlusion_angle,False,True,True,False,131.27109900233336,True,False,31.45909699378535,31,25,0.8064516129032258,0.8298013806343079,132987.76819268023,True,plate_vampire,plate_bois,0.8064516129032258,0.5,0.30645161290322576,plate_vampire,plate_vampire,False,0.37,0.2,True,False,False,False,175.12845899909735,243.55175248941507,311.0625,5.710094211501937,,,0,0
plate_vampire/occlusion_angle/20260823T135419Z/frame_0002.jpg,20260823T135419Z,2,1.0,orb,A,magsac,magsac,False,plate_vampire,plate_vampire,occlusion_angle,False,True,True,False,118.91476300661452,True,False,28.525966001325287,22,20,0.9090909090909091,1.5848476886749268,412676.6009054302,True,plate_vampire,,0.7692307692307693,,,plate_vampire,plate_vampire,False,0.31,0.2,True,False,False,False,158.49449900269974,264.71369267702676,311.0625,6.3093672417171165,,,0,0
plate_vampire/occlusion_angle/20260823T135419Z/frame_0003.jpg,20260823T135419Z,3,1.5,orb,A,magsac,magsac,False,plate_vampire,plate_vampire,occlusion_angle,False,True,True,False,126.6184779960895,True,False,35.64135100168642,34,25,0.7352941176470589,1.2113310098648071,134867.51405331353,True,plate_vampire,,0.8064516129032258,,,plate_vampire,plate_vampire,False,0.38875,0.2,True,False,False,False,174.8607199988328,247.2634746116156,311.0625,5.718837255197594,,,0,0
plate_vampire/occlusion_angle/20260823T135419Z/frame_0004.jpg,20260823T135419Z,4,2.0,orb,A,magsac,magsac,False,plate_vampire,plate_vampire,occlusion_angle,False,True,True,False,127.70854501286522,True,False,33.58467800717335,37,23,0.6216216216216216,1.09130859375,411227.2181405194,True,plate_vampire,,0.7931034482758621,,,plate_vampire,plate_vampire,False,0.31,0.2,True,False,False,False,173.51730099471752,245.0039641942826,311.0625,5.76311407719766,,,0,0
plate_vampire/occlusion_angle/20260823T135419Z/frame_0005.jpg,20260823T135419Z,5,2.5,orb,A,magsac,magsac,False,plate_vampire,plate_vampire,occlusion_angle,False,True,True,False,119.04542800039053,True,False,34.34258099878207,30,28,0.9333333333333333,1.2398611307144165,405047.92676714505,True,plate_vampire,,0.8235294117647058,,,plate_vampire,plate_vampire,False,0.32875,0.2,True,False,False,False,164.82020300463773,258.21958427511703,311.0625,6.067217378514343,,,0,0
plate_vampire/occlusion_angle/20260823T135419Z/frame_0006.jpg,20260823T135419Z,6,3.0,orb,A,magsac,magsac,False,plate_vampire,plate_vampire,occlusion_angle,False,True,True,False,128.85659400490113,True,False,26.986141005181707,40,33,0.825,0.7128366231918335,128202.50105016718,True,plate_vampire,,0.8461538461538461,,,plate_vampire,plate_vampire,False,0.38,0.2,True,False,False,False,168.14816498663276,251.8918009207366,311.0625,5.947135968325892,,,0,0
plate_vampire/occlusion_angle/20260823T135419Z/frame_0007.jpg,20260823T135419Z,7,3.5,orb,A,magsac,magsac,False,plate_vampire,plate_vampire,occlusion_angle,False,True,True,False,122.28076100291219,True,False,27.886803000001237,35,27,0.7714285714285715,0.9811597466468811,183776.44651900325,True,plate_vampire,,0.8181818181818182,,,plate_vampire,plate_vampire,False,0.37375,0.2,True,False,False,False,161.30255701136775,269.27930471021176,311.0625,6.199529744153562,,,0,0
plate_vampire/occlusion_angle/20260823T135419Z/frame_0008.jpg,20260823T135419Z,8,4.0,orb,A,magsac,magsac,False,plate_vampire,plate_vampire,occlusion_angle,False,True,True,False,125.80650100426283,True,False,29.087832997902296,36,35,0.9722222222222222,0.8237274885177612,123605.55043109634,True,plate_vampire,,0.8536585365853658,,,plate_vampire,plate_vampire,False,0.37875,0.2,True,False,False,False,167.27718799666036,254.8501706093486,311.0625,5.978101449313966,,,0,0
plate_vampire/occlusion_angle/20260823T135419Z/frame_0009.jpg,20260823T135419Z,9,4.5,orb,A,magsac,magsac,False,plate_vampire,,occlusion_angle,False,True,False,True,117.27919799159281,False,True,0.00100000761449337,0,0,0.0,,,False,,,,,,,,False,0.0,,False,False,False,True,129.91762500314508,264.81999497117783,311.0625,7.697185043028548,,,1,1
plate_vampire/occlusion_angle/20260823T135419Z/frame_0010.jpg,20260823T135419Z,10,5.0,orb,A,magsac,magsac,False,plate_vampire,plate_vampire,occlusion_angle,False,True,True,False,128.02911701146513,True,False,26.57416299916804,35,25,0.7142857142857143,0.9232932925224304,183094.50611226825,True,plate_vampire,,0.8064516129032258,,,plate_vampire,plate_vampire,False,0.36625,0.2,True,False,False,False,170.91896399506368,251.68946554837376,311.0625,5.850725844727687,,,0,1
plate_vampire/occlusion_angle/20260823T135419Z/frame_0011.jpg,20260823T135419Z,11,5.5,orb,A,magsac,magsac,False,plate_vampire,plate_vampire,occlusion_angle,False,True,True,False,140.3648989944486,True,False,26.493256009416655,18,12,0.6666666666666666,0.6781793832778931,188276.56396544713,True,plate_vampire,,0.6666666666666666,,,plate_vampire,plate_vampire,False,0.31,0.2,True,False,False,False,179.70487699494697,237.15988187232395,311.0625,5.56467924923439,,,0,1
plate_vampire/occlusion_angle/20260823T135419Z/frame_0012.jpg,20260823T135419Z,12,6.0,orb,A,magsac,magsac,False,plate_vampire,,occlusion_angle,False,True,True,False,129.73653301014565,False,True,24.32680501078721,12,6,0.5,0.16524091362953186,5840.578821761999,True,plate_vampire,,0.5,,,,plate_vampire,False,0.015,0.2,False,False,False,True,167.71057499863673,254.57872588146273,311.0625,5.962653219739594,,,1,1
plate_vampire/occlusion_angle/20260823T135419Z/frame_0013.jpg,20260823T135419Z,13,6.5,orb,A,magsac,magsac,False,plate_vampire,plate_vampire,occlusion_angle,False,True,True,False,136.87573399511166,True,False,29.068426010780968,37,29,0.7837837837837838,0.9212130308151245,179198.20222473855,True,plate_vampire,,0.8285714285714286,,,plate_vampire,plate_vampire,False,0.37125,0.2,True,False,False,False,178.34795798989944,245.35231685959334,311.0625,5.607016818530852,,,0,1
plate_vampire/occlusion_angle/20260823T135419Z/frame_0014.jpg,20260823T135419Z,14,7.0,orb,A,magsac,magsac,False,plate_vampire,plate_vampire,occlusion_angle,False,True,True,False,117.394567001611,True,False,30.008365007233806,20,20,1.0,1.867483139038086,373561.9465291593,True,plate_vampire,,0.7692307692307693,,,plate_vampire,plate_vampire,False,0.31625,0.2,True,False,False,False,158.7822919973405,263.19044003155636,311.0625,6.2979315099995485,,,0,1
plate_vampire/occlusion_angle/20260823T135419Z/frame_0015.jpg,20260823T135419Z,15,7.5,orb,A,magsac,magsac,False,plate_vampire,plate_vampire,occlusion_angle,False,True,True,False,132.39938799233641,True,False,30.43315900140442,24,19,0.7916666666666666,1.2269796133041382,365763.25819708756,True,plate_vampire,,0.76,,,plate_vampire,plate_vampire,False,0.3325,0.2,True,False,False,False,177.2351130057359,245.04805093894265,311.0625,5.642222825042782,,,0,1
plate_vampire/occlusion_angle/20260823T135419Z/frame_0016.jpg,20260823T135419Z,16,8.0,orb,A,magsac,magsac,False,plate_vampire,,occlusion_angle,False,True,False,True,137.43147099739872,False,True,0.0005740002961829305,0,0,0.0,,,False,,,,,,,,False,0.0,,False,False,False,True,149.90421399124898,232.99861404857242,311.0625,6.670926542854742,,,1,1
plate_vampire/occlusion_angle/20260823T135419Z/frame_0017.jpg,20260823T135419Z,17,8.5,orb,A,magsac,magsac,False,plate_vampire,,occlusion_angle,False,True,False,True,122.58313001075294,False,True,0.001167005393654108,0,0,0.0,,,False,,,,,,,,False,0.0,,False,False,False,True,143.99482200678904,239.18373535942976,311.0625,6.944694163744667,,,2,2
plate_vampire/occlusion_angle/20260823T135419Z/frame_0018.jpg,20260823T135419Z,18,9.0,orb,A,magsac,magsac,False,plate_vampire,plate_vampire,occlusion_angle,False,True,True,False,134.63567200233229,True,False,25.707167005748488,14,10,0.7142857142857143,0.8238294124603271,105944.51651010523,True,plate_vampire,,0.625,,,plate_vampire,plate_vampire,False,0.2375,0.2,True,False,False,False,171.92147701280192,248.02244222708504,311.0625,5.81660893900729,,,0,2
plate_vampire/occlusion_angle/20260823T135419Z/frame_0019.jpg,20260823T135419Z,19,9.5,orb,A,magsac,magsac,False,plate_vampire,,occlusion_angle,False,True,False,True,113.46455299644731,False,True,0.0007409980753436685,0,0,0.0,,,False,,,,,,,,False,0.0,,False,False,False,True,124.2239909915952,277.7589048989261,311.0625,8.04997482384589,,,1,2
negatives/aucune_plaque/20260823T132011Z/frame_0000.jpg,20260823T132011Z,0,0.0,sift,B,magsac,magsac,False,,,aucune_plaque,False,True,False,True,464.0711310057668,False,True,0.0013700046110898256,0,0,0.0,,,False,,,,,,,,False,0.0,,False,True,False,False,473.54263300076127,289.7498177313615,3103.703125,2.111742281076501,,,0,0
negatives/aucune_plaque/20260823T132011Z/frame_0001.jpg,20260823T132011Z,1,0.5,sift,B,magsac,magsac,False,,,aucune_plaque,False,True,False,True,462.51913999731187,False,True,0.0005549954948946834,0,0,0.0,,,False,,,,,,,,False,0.0,,False,True,False,False,472.11743700609077,291.68560702455727,3103.703125,2.1181170649858863,,,0,0
negatives/aucune_plaque/20260823T132011Z/frame_0002.jpg,20260823T132011Z,2,1.0,sift,B,magsac,magsac,False,,,aucune_plaque,False,True,False,True,461.511701985728,False,True,0.0011669908417388797,0,0,0.0,,,False,,,,,,,,False,0.0,,False,True,False,False,471.1942750000162,291.07087580806524,3103.703125,2.1222668717695385,,,0,0
negatives/aucune_plaque/20260823T132011Z/frame_0003.jpg,20260823T132011Z,3,1.5,sift,B,magsac,magsac,False,,,aucune_plaque,False,True,False,True,466.8291710113408,False,True,0.0010369985830038786,0,0,0.0,,,False,,,,,,,,False,0.0,,False,True,False,False,476.8915390013717,289.35812279027584,3103.703125,2.096912857992902,,,0,0
negatives/aucune_plaque/20260823T132011Z/frame_0004.jpg,20260823T132011Z,4,2.0,sift,B,magsac,magsac,False,,,aucune_plaque,False,True,False,True,461.3075540110003,False,True,0.0006110058166086674,0,0,0.0,,,False,,,,,,,,False,0.0,,False,True,False,False,471.08975700393785,291.8686816169741,3103.703125,2.122737727009507,,,0,0
negatives/aucune_plaque/20260823T132011Z/frame_0005.jpg,20260823T132011Z,5,2.5,sift,B,magsac,magsac,False,,,aucune_plaque,False,True,False,True,464.501870010281,False,True,0.0012399978004395962,0,0,0.0,,,False,,,,,,,,False,0.0,,False,True,False,False,474.3701650004368,289.6511090655829,3103.703125,2.1080583767300776,,,0,0
negatives/aucune_plaque/20260823T132011Z/frame_0006.jpg,20260823T132011Z,6,3.0,sift,B,magsac,magsac,False,,,aucune_plaque,False,True,False,True,465.50306800054386,False,True,0.0005549954948946834,0,0,0.0,,,False,,,,,,,,False,0.0,,False,True,False,False,475.15102999750525,290.4934428969332,3103.703125,2.104593985632843,,,0,0
negatives/aucune_plaque/20260823T132011Z/frame_0007.jpg,20260823T132011Z,7,3.5,sift,B,magsac,magsac,False,,,aucune_plaque,False,True,False,True,465.6139740109211,False,True,0.0013519893400371075,0,0,0.0,,,False,,,,,,,,False,0.0,,False,True,False,False,475.1942529983353,288.393241154124,3103.703125,2.1044025547242957,,,0,0
negatives/aucune_plaque/20260823T132011Z/frame_0008.jpg,20260823T132011Z,8,4.0,sift,B,magsac,magsac,False,,,aucune_plaque,False,True,False,True,464.88342199882027,False,True,0.0009630020940676332,0,0,0.0,,,False,,,,,,,,False,0.0,,False,True,False,False,474.3814050016226,290.84233097106414,3103.703125,2.1080084283585685,,,0,0
negatives/aucune_plaque/20260823T132011Z/frame_0009.jpg,20260823T132011Z,9,4.5,sift,B,magsac,magsac,False,,,aucune_plaque,False,True,False,True,460.4677260067547,False,True,0.0012769887689501047,0,0,0.0,,,False,,,,,,,,False,0.0,,False,True,False,False,470.07883799960837,291.14904700328805,3103.703125,2.127302739803048,,,0,0
negatives/aucune_plaque/20260823T132011Z/frame_0010.jpg,20260823T132011Z,10,5.0,sift,B,magsac,magsac,False,,,aucune_plaque,False,True,False,True,463.60778200323693,False,True,0.0010369985830038786,0,0,0.0,,,False,,,,,,,,False,0.0,,False,True,False,False,474.0150190045824,289.30571733355646,3103.703125,2.1096377960765262,,,0,0
negatives/aucune_plaque/20260823T132011Z/frame_0011.jpg,20260823T132011Z,11,5.5,sift,B,magsac,magsac,False,,,aucune_plaque,True,False,False,True,463.4048010047991,False,True,0.0007399939931929111,0,0,0.0,,,False,,,,,,,,False,0.0,,False,True,False,False,473.27550398767926,290.12460827378123,3103.703125,2.112934203385335,,,0,0
negatives/aucune_plaque/20260823T132011Z/frame_0012.jpg,20260823T132011Z,12,6.0,sift,B,magsac,magsac,False,,,aucune_plaque,True,False,False,True,460.0319129967829,False,True,0.0012959935702383518,0,0,0.0,,,False,,,,,,,,False,0.0,,False,True,False,False,469.60041399870533,291.44866490764275,3103.703125,2.129470013633244,,,0,0
negatives/aucune_plaque/20260823T132011Z/frame_0013.jpg,20260823T132011Z,13,6.5,sift,B,magsac,magsac,False,,,aucune_plaque,False,True,False,True,462.9597479943186,False,True,0.001777007128112018,0,0,0.0,,,False,,,,,,,,False,0.0,,False,True,False,False,472.7305439882912,290.68679514688796,3103.703125,2.115369977076769,,,0,0
negatives/aucune_plaque/20260823T132011Z/frame_0014.jpg,20260823T132011Z,14,7.0,sift,B,magsac,magsac,False,,,aucune_plaque,False,True,False,True,461.68425600626506,False,True,0.0006479967851191759,0,0,0.0,,,False,,,,,,,,False,0.0,,False,True,False,False,471.3454409939004,291.6083293606674,3103.703125,2.121586235970278,,,0,0
negatives/aucune_plaque/20260823T132011Z/frame_0015.jpg,20260823T132011Z,15,7.5,sift,B,magsac,magsac,False,,,aucune_plaque,False,True,False,True,458.425608012476,False,True,0.001110995071940124,0,0,0.0,,,False,,,,,,,,False,0.0,,False,True,False,False,467.81383200141136,291.40259751786766,3103.703125,2.137602464043823,,,0,0
negatives/aucune_plaque/20260823T132011Z/frame_0016.jpg,20260823T132011Z,16,8.0,sift,B,magsac,magsac,False,,,aucune_plaque,False,True,False,True,467.5036109983921,False,True,0.0011289957910776138,0,0,0.0,,,False,,,,,,,,False,0.0,,False,True,False,False,477.30298098758794,288.88791981709073,3103.703125,2.095105289162241,,,0,0
negatives/aucune_plaque/20260823T132011Z/frame_0017.jpg,20260823T132011Z,17,8.5,sift,B,magsac,magsac,False,,,aucune_plaque,False,True,False,True,462.93576700554695,False,True,0.0006299960659816861,0,0,0.0,,,False,,,,,,,,False,0.0,,False,True,False,False,472.56052699231077,291.02991181960624,3103.703125,2.1161310411698255,,,0,0
negatives/aucune_plaque/20260823T132011Z/frame_0018.jpg,20260823T132011Z,18,9.0,sift,B,magsac,magsac,False,,,aucune_plaque,False,True,True,False,465.84736100339796,False,True,11.259306003921665,23,7,0.30434782608695654,0.00010235906665911898,1051.8571915279608,True,plate_bois,,0.5384615384615384,,,,plate_bois,False,0.0038510911424903724,0.2,False,True,False,False,486.6437039891025,290.1016109789445,3103.703125,2.0548914776926677,,,0,0
negatives/aucune_plaque/20260823T132011Z/frame_0019.jpg,20260823T132011Z,19,9.5,sift,B,magsac,magsac,False,,,aucune_plaque,False,True,False,True,466.6801890125498,False,True,0.0007030030246824026,0,0,0.0,,,False,,,,,,,,False,0.0,,False,True,False,False,476.3426529971184,289.5571667415495,3103.703125,2.099329114678398,,,0,0
plate_bougie/frontal/20260823T135503Z/frame_0000.jpg,20260823T135503Z,0,0.0,sift,B,magsac,magsac,False,plate_bougie,,frontal,False,True,False,True,468.84008499910124,False,True,0.0011110096238553524,0,0,0.0,,,False,,,,,,,,False,0.0,,False,False,False,True,479.1020440025022,289.5966805753751,3103.703125,2.087238016448073,,,1,1
plate_bougie/frontal/20260823T135503Z/frame_0001.jpg,20260823T135503Z,1,0.5,sift,B,magsac,magsac,False,plate_bougie,,frontal,True,False,False,True,467.938571004197,False,True,0.0009070063242688775,0,0,0.0,,,False,,,,,,,,False,0.0,,False,False,False,True,477.93680999893695,290.7374056421987,3103.703125,2.0923268078100623,,,2,2
plate_bougie/frontal/20260823T135503Z/frame_0002.jpg,20260823T135503Z,2,1.0,sift,B,magsac,magsac,False,plate_bougie,,frontal,True,False,False,True,468.62302999943495,False,True,0.0017030106391757727,0,0,0.0,,,False,,,,,,,,False,0.0,,False,False,False,True,478.62228799203876,288.9560301928496,3103.703125,2.0893301985481996,,,3,3
plate_bougie/frontal/20260823T135503Z/frame_0003.jpg,20260823T135503Z,3,1.5,sift,B,magsac,magsac,False,plate_bougie,,frontal,True,False,False,True,468.27604999998584,False,True,0.0007030030246824026,0,0,0.0,,,False,,,,,,,,False,0.0,,False,False,False,True,478.342104004696,289.8862273236971,3103.703125,2.0905540023091564,,,4,4
plate_bougie/frontal/20260823T135503Z/frame_0004.jpg,20260823T135503Z,4,2.0,sift,B,magsac,magsac,False,plate_bougie,plate_bougie,frontal,False,True,True,False,473.4853359987028,True,False,18.7821330036968,126,34,0.2698412698412698,0.7085422277450562,74414.49460527766,True,plate_bougie,,0.85,,,plate_bougie,plate_bougie,False,0.26875,0.2,True,False,False,False,501.966486001038,287.77378555846684,3103.703125,1.9921648713375102,2.0,,0,4
plate_bougie/frontal/20260823T135503Z/frame_0005.jpg,20260823T135503Z,5,2.5,sift,B,magsac,magsac,False,plate_bougie,plate_bougie,frontal,False,True,True,False,474.1886639967561,True,False,19.049908994929865,110,36,0.32727272727272727,0.8935930132865906,74412.0425255131,True,plate_bougie,,0.8571428571428571,,,plate_bougie,plate_bougie,False,0.26625,0.2,True,False,False,False,503.6656070005847,287.69559800383473,3103.703125,1.9854442830733905,,,0,4
plate_bougie/frontal/20260823T135503Z/frame_0006.jpg,20260823T135503Z,6,3.0,sift,B,magsac,magsac,False,plate_bougie,plate_bougie,frontal,True,False,True,False,471.5525310020894,True,False,19.13927900022827,116,37,0.31896551724137934,0.6703240871429443,74605.88421301218,True,plate_bougie,,0.8604651162790697,,,plate_bougie,plate_bougie,False,0.26125,0.2,True,False,False,False,500.7868079992477,288.5087901521146,3103.703125,1.9968577127564875,,,0,4
plate_bougie/frontal/20260823T135503Z/frame_0007.jpg,20260823T135503Z,7,3.5,sift,B,magsac,magsac,False,plate_bougie,,frontal,True,False,False,True,468.41516099812,False,True,0.0006110058166086674,0,0,0.0,,,False,,,,,,,,False,0.0,,False,False,False,True,478.4399920026772,289.9279172281772,3103.703125,2.0901262785624417,,,1,4
plate_bougie/frontal/20260823T135503Z/frame_0008.jpg,20260823T135503Z,8,4.0,sift,B,magsac,magsac,False,plate_bougie,plate_bougie,frontal,True,False,True,False,473.4342059964547,True,False,18.108859003405087,131,36,0.2748091603053435,0.6978424787521362,73254.12932414724,True,plate_bougie,,0.8571428571428571,,,plate_bougie,plate_bougie,False,0.24625,0.2,True,False,False,False,501.6321549919667,287.03080607403575,3103.703125,1.9934926221306815,,,0,4
plate_bougie/frontal/20260823T135503Z/frame_0009.jpg,20260823T135503Z,9,4.5,sift,B,magsac,magsac,False,plate_bougie,,frontal,True,False,False,True,468.4684749954613,False,True,0.0006659975042566657,0,0,0.0,,,False,,,,,,,,False,0.0,,False,False,False,True,478.4907139983261,289.81971131938394,3103.703125,2.0899047165281,,,1,4
plate_bougie/frontal/20260823T135503Z/frame_0010.jpg,20260823T135503Z,10,5.0,sift,B,magsac,magsac,False,plate_bougie,,frontal,False,True,False,True,468.6481230019126,False,True,0.001110995071940124,0,0,0.0,,,False,,,,,,,,False,0.0,,False,False,False,True,478.96376700373366,289.687208633717,3103.703125,2.087840602757337,,,2,4
plate_bougie/frontal/20260823T135503Z/frame_0011.jpg,20260823T135503Z,11,5.5,sift,B,magsac,magsac,False,plate_bougie,,frontal,True,False,False,True,469.01997199165635,False,True,0.0008149945642799139,0,0,0.0,,,False,,,,,,,,False,0.0,,False,False,False,True,478.9794889948098,289.67225797325256,3103.703125,2.087772071615442,,,3,4
plate_bougie/frontal/20260823T135503Z/frame_0012.jpg,20260823T135503Z,12,6.0,sift,B,magsac,magsac,False,plate_bougie,,frontal,True,False,False,True,469.8865780082997,False,True,0.0009070063242688775,0,0,0.0,,,False,,,,,,,,False,0.0,,False,False,False,True,480.0594819971593,288.02701287091446,3103.703125,2.0830751969313615,,,4,4
plate_bougie/frontal/20260823T135503Z/frame_0013.jpg,20260823T135503Z,13,6.5,sift,B,magsac,magsac,False,plate_bougie,,frontal,True,False,False,True,469.63378399959765,False,True,0.0012399978004395962,0,0,0.0,,,False,,,,,,,,False,0.0,,False,False,False,True,479.8902979964623,289.5755950478165,3103.703125,2.0838095793455107,,,5,5
plate_bougie/frontal/20260823T135503Z/frame_0014.jpg,20260823T135503Z,14,7.0,sift,B,magsac,magsac,False,plate_bougie,plate_bougie,frontal,False,True,True,False,476.2420600018231,True,False,18.41639399935957,143,40,0.27972027972027974,0.6466224193572998,72778.44915576186,True,plate_bougie,,0.8695652173913043,,,plate_bougie,plate_bougie,False,0.24625,0.2,True,False,False,False,505.2186529937899,286.8755918673132,3103.703125,1.979341012201883,,,0,5
plate_bougie/frontal/20260823T135503Z/frame_0015.jpg,20260823T135503Z,15,7.5,sift,B,magsac,magsac,False,plate_bougie,plate_bougie,frontal,True,False,True,False,472.0638989965664,True,False,18.463578991941176,94,34,0.3617021276595745,0.6958255767822266,74762.28418481885,True,plate_bougie,,0.85,,,plate_bougie,plate_bougie,False,0.25375,0.2,True,False,False,False,500.4244949959684,288.0716918166845,3103.703125,1.9983034603613006,,,0,5
plate_bougie/frontal/20260823T135503Z/frame_0016.jpg,20260823T135503Z,16,8.0,sift,B,magsac,magsac,False,plate_bougie,,frontal,True,False,False,True,475.7390440063318,False,True,0.0014629913493990898,0,0,0.0,,,False,,,,,,,,False,0.0,,False,False,False,True,485.99380000086967,287.90577081384487,3103.703125,2.057639418441574,,,1,5
plate_bougie/frontal/20260823T135503Z/frame_0017.jpg,20260823T135503Z,17,8.5,sift,B,magsac,magsac,False,plate_bougie,,frontal,True,False,False,True,470.3344090085011,False,True,0.0006479967851191759,0,0,0.0,,,False,,,,,,,,False,0.0,,False,False,False,True,480.44412799936254,289.53302099716063,3103.703125,2.0814074763784536,,,2,5
plate_bougie/frontal/20260823T135503Z/frame_0018.jpg,20260823T135503Z,18,9.0,sift,B,magsac,magsac,False,plate_bougie,,frontal,True,False,False,True,468.79608400922734,False,True,0.00100000761449337,0,0,0.0,,,False,,,,,,,,False,0.0,,False,False,False,True,478.57808400294743,290.056219329814,3103.703125,2.089523180074918,,,3,5
plate_bougie/frontal/20260823T135503Z/frame_0019.jpg,20260823T135503Z,19,9.5,sift,B,magsac,magsac,False,plate_bougie,,frontal,True,False,False,True,470.0596329930704,False,True,0.0005740002961829305,0,0,0.0,,,False,,,,,,,,False,0.0,,False,False,False,True,479.95953798817936,289.9177647000449,3103.703125,2.0835089645090634,,,4,5
plate_bougie/main_sur_bord/20260823T135543Z/frame_0000.jpg,20260823T135543Z,0,0.0,sift,B,magsac,magsac,False,plate_bougie,,main_sur_bord,False,True,False,True,467.83792300266214,False,True,0.0013520038919523358,0,0,0.0,,,False,,,,,,,,False,0.0,,False,False,False,True,478.2574190030573,289.52778942487157,3103.703125,2.0909241765334903,,,1,1
plate_bougie/main_sur_bord/20260823T135543Z/frame_0001.jpg,20260823T135543Z,1,0.5,sift,B,magsac,magsac,False,plate_bougie,,main_sur_bord,False,True,False,True,469.9653919960838,False,True,0.0005920010153204203,0,0,0.0,,,False,,,,,,,,False,0.0,,False,False,False,True,480.24761099077296,289.83529040954767,3103.703125,2.0822591869576486,,,2,2
plate_bougie/main_sur_bord/20260823T135543Z/frame_0002.jpg,20260823T135543Z,2,1.0,sift,B,magsac,magsac,False,plate_bougie,,main_sur_bord,False,True,False,True,473.7821300077485,False,True,0.0013890094123780727,0,0,0.0,,,False,,,,,,,,False,0.0,,False,False,False,True,484.19303201080766,287.1561962025487,3103.703125,2.0652920093605953,,,3,3
plate_bougie/main_sur_bord/20260823T135543Z/frame_0003.jpg,20260823T135543Z,3,1.5,sift,B,magsac,magsac,False,plate_bougie,,main_sur_bord,False,True,False,True,470.07235400087666,False,True,0.0007409980753436685,0,0,0.0,,,False,,,,,,,,False,0.0,,False,False,False,True,480.48638699401636,289.47749419117736,3103.703125,2.0812244156512456,,,4,4
plate_bougie/main_sur_bord/20260823T135543Z/frame_0004.jpg,20260823T135543Z,4,2.0,sift,B,magsac,magsac,False,plate_bougie,,main_sur_bord,False,True,True,False,473.5533899947768,False,True,26.938862996757962,32,10,0.3125,0.23894771933555603,18618.150522723794,True,plate_bois,,0.625,,,,plate_bois,False,0.008368200836820083,0.2,False,False,False,True,510.79569399007596,288.691367478255,3103.703125,1.9577298942919996,,,5,5
plate_bougie/main_sur_bord/20260823T135543Z/frame_0005.jpg,20260823T135543Z,5,2.5,sift,B,magsac,magsac,False,plate_bougie,plate_bougie,main_sur_bord,False,True,True,False,472.8498939948622,True,False,23.144940991187468,84,22,0.2619047619047619,0.6381307244300842,157979.7970545378,True,plate_bougie,,0.7857142857142857,,,plate_bougie,plate_bougie,False,0.2725,0.2,True,False,False,False,506.3514609937556,289.0023631269925,3103.703125,1.974912836308242,2.5,,0,5
plate_bougie/main_sur_bord/20260823T135543Z/frame_0006.jpg,20260823T135543Z,6,3.0,sift,B,magsac,magsac,False,plate_bougie,,main_sur_bord,False,True,False,True,470.0570209970465,False,True,0.0013329990906640887,0,0,0.0,,,False,,,,,,,,False,0.0,,False,False,False,True,480.4020349984057,288.52257297465275,3103.703125,2.08158985005823,,,1,5
plate_bougie/main_sur_bord/20260823T135543Z/frame_0007.jpg,20260823T135543Z,7,3.5,sift,B,magsac,magsac,False,plate_bougie,,main_sur_bord,False,True,False,True,471.2422359880293,False,True,0.0005559995770454407,0,0,0.0,,,False,,,,,,,,False,0.0,,False,False,False,True,481.4641590055544,289.67028592130737,3103.703125,2.0769978020076536,,,2,5
plate_bougie/main_sur_bord/20260823T135543Z/frame_0008.jpg,20260823T135543Z,8,4.0,sift,B,magsac,magsac,False,plate_bougie,,main_sur_bord,False,True,False,True,466.66126199124847,False,True,0.001148000592365861,0,0,0.0,,,False,,,,,,,,False,0.0,,False,False,False,True,476.54233599314466,289.1287954780638,3103.703125,2.0984494439847325,,,3,5
plate_bougie/main_sur_bord/20260823T135543Z/frame_0009.jpg,20260823T135543Z,9,4.5,sift,B,magsac,magsac,False,plate_bougie,,main_sur_bord,False,True,False,True,471.2733280030079,False,True,0.001038002665154636,0,0,0.0,,,False,,,,,,,,False,0.0,,False,False,False,True,481.9670079887146,288.82587789756064,3103.703125,2.0748308150242005,,,4,5
plate_bougie/main_sur_bord/20260823T135543Z/frame_0010.jpg,20260823T135543Z,10,5.0,sift,B,magsac,magsac,False,plate_bougie,,main_sur_bord,False,True,False,True,469.08539699506946,False,True,0.0006860063876956701,0,0,0.0,,,False,,,,,,,,False,0.0,,False,False,False,True,479.53002199938055,289.74359378103696,3103.703125,2.0853751676079453,,,5,5
plate_bougie/main_sur_bord/20260823T135543Z/frame_0011.jpg,20260823T135543Z,11,5.5,sift,B,magsac,magsac,False,plate_bougie,,main_sur_bord,False,True,False,True,462.7112670132192,False,True,0.0009820068953558803,0,0,0.0,,,False,,,,,,,,False,0.0,,False,False,False,True,473.00155999255367,291.04506399971865,3103.703125,2.1141579321973962,,,6,6
plate_bougie/main_sur_bord/20260823T135543Z/frame_0012.jpg,20260823T135543Z,12,6.0,sift,B,magsac,magsac,False,plate_bougie,,main_sur_bord,False,True,False,True,469.7454479901353,False,True,0.0005550100468099117,0,0,0.0,,,False,,,,,,,,False,0.0,,False,False,False,True,480.07587100437377,289.618036643074,3103.703125,2.0830040841417117,,,7,7
plate_bougie/main_sur_bord/20260823T135543Z/frame_0013.jpg,20260823T135543Z,13,6.5,sift,B,magsac,magsac,False,plate_bougie,,main_sur_bord,False,True,False,True,470.0398720015073,False,True,0.0011120137060061097,0,0,0.0,,,False,,,,,,,,False,0.0,,False,False,False,True,480.0561300071422,290.82358285461703,3103.703125,2.083089741995633,,,8,8
plate_bougie/main_sur_bord/20260823T135543Z/frame_0014.jpg,20260823T135543Z,14,7.0,sift,B,magsac,magsac,False,plate_bougie,,main_sur_bord,False,True,False,True,473.9322759996867,False,True,0.0005559995770454407,0,0,0.0,,,False,,,,,,,,False,0.0,,False,False,False,True,484.20456900203135,288.06809586180015,3103.703125,2.0652428002921317,,,9,9
plate_bougie/main_sur_bord/20260823T135543Z/frame_0015.jpg,20260823T135543Z,15,7.5,sift,B,magsac,magsac,False,plate_bougie,,main_sur_bord,False,True,False,True,469.5420229982119,False,True,0.0013889948604628444,0,0,0.0,,,False,,,,,,,,False,0.0,,False,False,False,True,479.7313719900558,288.93194732086914,3103.703125,2.0844999063782903,,,10,10
plate_bougie/main_sur_bord/20260823T135543Z/frame_0016.jpg,20260823T135543Z,16,8.0,sift,B,magsac,magsac,False,plate_bougie,,main_sur_bord,False,True,False,True,468.99843399296515,False,True,0.0005369947757571936,0,0,0.0,,,False,,,,,,,,False,0.0,,False,False,False,True,479.3714489933336,290.04452578888356,3103.703125,2.086064996361322,,,11,11
plate_bougie/main_sur_bord/20260823T135543Z/frame_0017.jpg,20260823T135543Z,17,8.5,sift,B,magsac,magsac,False,plate_bougie,,main_sur_bord,False,True,False,True,466.8676869914634,False,True,0.0011299998732283711,0,0,0.0,,,False,,,,,,,,False,0.0,,False,False,False,True,476.96051800448913,289.764534763231,3103.703125,2.096609598177659,,,12,12
plate_bougie/main_sur_bord/20260823T135543Z/frame_0018.jpg,20260823T135543Z,18,9.0,sift,B,magsac,magsac,False,plate_bougie,,main_sur_bord,False,True,True,False,474.2794040066656,False,True,11.277879995759577,19,7,0.3684210526315789,0.00013647876039613038,503.96346667339094,True,plate_vampire,,0.5384615384615384,,,,plate_vampire,False,0.00875,0.2,False,False,False,True,495.92029699124396,287.2828248094775,3103.703125,2.016453059225475,,,13,13
plate_bougie/main_sur_bord/20260823T135543Z/frame_0019.jpg,20260823T135543Z,19,9.5,sift,B,magsac,magsac,False,plate_bougie,,main_sur_bord,False,True,False,True,466.98705600283574,False,True,0.0012030068319290876,0,0,0.0,,,False,,,,,,,,False,0.0,,False,False,False,True,477.0411100034835,288.85715887042903,3103.703125,2.0962553939904627,,,14,14
plate_bougie/occlusion_angle/20260823T135620Z/frame_0000.jpg,20260823T135620Z,0,0.0,sift,B,magsac,magsac,False,plate_bougie,plate_bougie,occlusion_angle,False,True,True,False,472.3364890087396,True,False,22.495389988762327,113,40,0.35398230088495575,0.6694087982177734,102510.83884930442,True,plate_bougie,,0.8695652173913043,,,plate_bougie,plate_bougie,False,0.34,0.2,True,False,False,False,505.20959599816706,289.08634288991215,3103.703125,1.979376496252514,0.0,,0,0
plate_bougie/occlusion_angle/20260823T135620Z/frame_0001.jpg,20260823T135620Z,1,0.5,sift,B,magsac,magsac,False,plate_bougie,,occlusion_angle,False,True,False,True,465.4982869978994,False,True,0.0013520038919523358,0,0,0.0,,,False,,,,,,,,False,0.0,,False,False,False,True,475.62211799959186,289.986028362363,3103.703125,2.102509454787084,,,1,1
plate_bougie/occlusion_angle/20260823T135620Z/frame_0002.jpg,20260823T135620Z,2,1.0,sift,B,magsac,magsac,False,plate_bougie,,occlusion_angle,False,True,False,True,470.507666002959,False,True,0.0009630020940676332,0,0,0.0,,,False,,,,,,,,False,0.0,,False,False,False,True,480.71042200899683,288.3494622827246,3103.703125,2.0802544613465535,,,2,2
plate_bougie/occlusion_angle/20260823T135620Z/frame_0003.jpg,20260823T135620Z,3,1.5,sift,B,magsac,magsac,False,plate_bougie,,occlusion_angle,False,True,False,True,471.0071629961021,False,True,0.0005740002961829305,0,0,0.0,,,False,,,,,,,,False,0.0,,False,False,False,True,481.3561040064087,288.36523136341674,3103.703125,2.0774640472548906,,,3,3
plate_bougie/occlusion_angle/20260823T135620Z/frame_0004.jpg,20260823T135620Z,4,2.0,sift,B,magsac,magsac,False,plate_bougie,plate_bougie,occlusion_angle,False,True,True,False,468.53173300041817,True,False,21.520987997064367,69,36,0.5217391304347826,0.5822373628616333,103125.38337993948,True,plate_bougie,,0.8571428571428571,,,plate_bougie,plate_bougie,False,0.285,0.2,True,False,False,False,500.083959006588,289.48988523363926,3103.703125,1.9996642203570987,,,0,3
plate_bougie/occlusion_angle/20260823T135620Z/frame_0005.jpg,20260823T135620Z,5,2.5,sift,B,magsac,magsac,False,plate_bougie,plate_bougie,occlusion_angle,False,True,True,False,474.4441429938888,True,False,23.682290004217066,138,55,0.39855072463768115,0.6556377410888672,106986.09506576096,True,plate_bougie,,0.9016393442622951,,,plate_bougie,plate_bougie,False,0.35375,0.2,True,False,False,False,508.74452000425663,287.2649655248938,3103.703125,1.965623138292739,,,0,3
plate_bougie/occlusion_angle/20260823T135620Z/frame_0006.jpg,20260823T135620Z,6,3.0,sift,B,magsac,magsac,False,plate_bougie,,occlusion_angle,False,True,False,True,469.8532619950129,False,True,0.0006290065357461572,0,0,0.0,,,False,,,,,,,,False,0.0,,False,False,False,True,480.4464980115881,289.36428046697745,3103.703125,2.081397208926852,,,1,3
plate_bougie/occlusion_angle/20260823T135620Z/frame_0007.jpg,20260823T135620Z,7,3.5,sift,B,magsac,magsac,False,plate_bougie,,occlusion_angle,False,True,False,True,471.13130999787245,False,True,0.0010560033842921257,0,0,0.0,,,False,,,,,,,,False,0.0,,False,False,False,True,481.5007319994038,288.12514411747316,3103.703125,2.0768400410266423,,,2,3
plate_bougie/occlusion_angle/20260823T135620Z/frame_0008.jpg,20260823T135620Z,8,4.0,sift,B,magsac,magsac,False,plate_bougie,plate_bougie,occlusion_angle,False,True,True,False,472.2592479956802,True,False,22.853998001664877,123,44,0.35772357723577236,0.8224630355834961,104644.03759040043,True,plate_bougie,,0.88,,,plate_bougie,plate_bougie,False,0.34125,0.2,True,False,False,False,505.4611310042674,288.6787688503108,3103.703125,1.9783914897930253,,,0,3
plate_bougie/occlusion_angle/20260823T135620Z/frame_0009.jpg,20260823T135620Z,9,4.5,sift,B,magsac,magsac,False,plate_bougie,,occlusion_angle,False,True,False,True,466.65829900302924,False,True,0.001444001100026071,0,0,0.0,,,False,,,,,,,,False,0.0,,False,False,False,True,476.66788898641244,290.1578493027912,3103.703125,2.0978967182505244,,,1,3
plate_bougie/occlusion_angle/20260823T135620Z/frame_0010.jpg,20260823T135620Z,10,5.0,sift,B,magsac,magsac,False,plate_bougie,,occlusion_angle,False,True,False,True,473.17139100050554,False,True,0.0005559995770454407,0,0,0.0,,,False,,,,,,,,False,0.0,,False,False,False,True,483.43736899551004,288.81337119244716,3103.703125,2.068520276117272,,,2,3
plate_bougie/occlusion_angle/20260823T135620Z/frame_0011.jpg,20260823T135620Z,11,5.5,sift,B,magsac,magsac,False,plate_bougie,,occlusion_angle,False,True,False,True,468.3748070092406,False,True,0.0012590026017278433,0,0,0.0,,,False,,,,,,,,False,0.0,,False,False,False,True,478.78874800517224,288.92054288315643,3103.703125,2.0886038031729126,,,3,3
plate_bougie/occlusion_angle/20260823T135620Z/frame_0012.jpg,20260823T135620Z,12,6.0,sift,B,magsac,magsac,False,plate_bougie,plate_bougie,occlusion_angle,False,True,True,False,471.737565996591,True,False,22.97675701265689,105,50,0.47619047619047616,0.5696595311164856,103184.71085118462,True,plate_bougie,,0.8928571428571429,,,plate_bougie,plate_bougie,False,0.33,0.2,True,False,False,False,505.00372699752916,288.91640041444145,3103.703125,1.9801834056660195,,,0,3
plate_bougie/occlusion_angle/20260823T135620Z/frame_0013.jpg,20260823T135620Z,13,6.5,sift,B,magsac,magsac,False,plate_bougie,plate_bougie,occlusion_angle,False,True,True,False,473.68138800084125,True,False,22.176020007464103,103,38,0.36893203883495146,0.5835465788841248,102830.77078502293,True,plate_bougie,,0.8636363636363636,,,plate_bougie,plate_bougie,False,0.35375,0.2,True,False,False,False,506.3779030024307,287.9541906063443,3103.703125,1.9748097104371474,,,0,3
plate_bougie/occlusion_angle/20260823T135620Z/frame_0014.jpg,20260823T135620Z,14,7.0,sift,B,magsac,magsac,False,plate_bougie,,occlusion_angle,False,True,False,True,470.52168399386574,False,True,0.0005740002961829305,0,0,0.0,,,False,,,,,,,,False,0.0,,False,False,False,True,480.9575310064247,289.06227065222106,3103.703125,2.0791856568031197,,,1,3
plate_bougie/occlusion_angle/20260823T135620Z/frame_0015.jpg,20260823T135620Z,15,7.5,sift,B,magsac,magsac,False,plate_bougie,,occlusion_angle,False,True,False,True,471.3515679904958,False,True,0.000981992343440652,0,0,0.0,,,False,,,,,,,,False,0.0,,False,False,False,True,481.6921559977345,289.64909198284204,3103.703125,2.076014706796893,,,2,3
plate_bougie/occlusion_angle/20260823T135620Z/frame_0016.jpg,20260823T135620Z,16,8.0,sift,B,magsac,magsac,False,plate_bougie,plate_bougie,occlusion_angle,False,True,True,False,478.2981570024276,True,False,23.557641994557343,128,47,0.3671875,0.6154534816741943,103970.55590870976,True,plate_bougie,,0.8867924528301887,,,plate_bougie,plate_bougie,False,0.35375,0.2,True,False,False,False,512.5751640007365,286.0169110725544,3103.703125,1.950933385446984,,,0,3
plate_bougie/occlusion_angle/20260823T135620Z/frame_0017.jpg,20260823T135620Z,17,8.5,sift,B,magsac,magsac,False,plate_bougie,,occlusion_angle,False,True,False,True,473.2198720012093,False,True,0.0005740002961829305,0,0,0.0,,,False,,,,,,,,False,0.0,,False,False,False,True,483.7391449982533,288.41706784036705,3103.703125,2.0672298496819206,,,1,3
plate_bougie/occlusion_angle/20260823T135620Z/frame_0018.jpg,20260823T135620Z,18,9.0,sift,B,magsac,magsac,False,plate_bougie,plate_bougie,occlusion_angle,False,True,True,False,475.02613899996504,True,False,23.940195998875424,105,37,0.3523809523809524,0.6151877045631409,105046.33704812246,True,plate_bougie,,0.8604651162790697,,,plate_bougie,plate_bougie,False,0.36125,0.2,True,False,False,False,509.4582559977425,289.02069750862756,3103.703125,1.9628693582392962,,,0,3
plate_bougie/occlusion_angle/20260823T135620Z/frame_0019.jpg,20260823T135620Z,19,9.5,sift,B,magsac,magsac,False,plate_bougie,plate_bougie,occlusion_angle,False,True,True,False,476.09743000066373,True,False,23.216200002934784,85,41,0.4823529411764706,0.7411232590675354,106013.48686941114,True,plate_bougie,,0.8723404255319149,,,plate_bougie,plate_bougie,False,0.34,0.2,True,False,False,False,510.05036300921347,287.1737679703505,3103.703125,1.9605907034359589,,,0,3
plate_cellule/frontal/20260823T132156Z/frame_0000.jpg,20260823T132156Z,0,0.0,sift,B,magsac,magsac,False,plate_cellule,plate_cellule,frontal,True,False,True,False,470.50860899616964,True,False,25.277040011133067,62,31,0.5,0.4023042917251587,129222.28307879192,True,plate_cellule,,0.8378378378378378,,,plate_cellule,plate_cellule,False,0.2925,0.2,True,False,False,False,506.28869999491144,289.2018354379025,3103.703125,1.975157652165752,0.0,,0,0
plate_cellule/frontal/20260823T132156Z/frame_0001.jpg,20260823T132156Z,1,0.5,sift,B,magsac,magsac,False,plate_cellule,plate_cellule,frontal,True,False,True,False,473.76740600157063,True,False,25.713833994814195,66,39,0.5909090909090909,0.49349522590637207,115740.11489300709,True,plate_cellule,,0.8666666666666667,,,plate_cellule,plate_cellule,False,0.31625,0.2,True,False,False,False,509.90282799466513,288.2322707995168,3103.703125,1.961157979713073,,,0,0
plate_cellule/frontal/20260823T132156Z/frame_0002.jpg,20260823T132156Z,2,1.0,sift,B,magsac,magsac,False,plate_cellule,plate_cellule,frontal,False,True,True,False,473.4271479974268,True,False,25.75070399325341,56,32,0.5714285714285714,0.39930927753448486,118249.32999823533,True,plate_cellule,,0.8421052631578947,,,plate_cellule,plate_cellule,False,0.3175,0.2,True,False,False,False,510.3044730058173,287.9977571709918,3103.703125,1.9596144123718084,,,0,0
plate_cellule/frontal/20260823T132156Z/frame_0003.jpg,20260823T132156Z,3,1.5,sift,B,magsac,magsac,False,plate_cellule,plate_cellule,frontal,True,False,True,False,470.9755140065681,True,False,24.725134993786924,63,21,0.3333333333333333,0.3264006972312927,123957.09869578294,True,plate_cellule,,0.7777777777777778,,,plate_cellule,plate_cellule,False,0.31375,0.2,True,False,False,False,505.9708869957831,288.98651712586945,3103.703125,1.9763982982055137,,,0,0
plate_cellule/frontal/20260823T132156Z/frame_0004.jpg,20260823T132156Z,4,2.0,sift,B,magsac,magsac,False,plate_cellule,plate_cellule,frontal,True,False,True,False,472.41667201160453,True,False,24.58008099347353,79,31,0.3924050632911392,0.3465254306793213,121009.10587460524,True,plate_cellule,,0.8378378378378378,,,plate_cellule,plate_cellule,False,0.38,0.2,True,False,False,False,507.0967140054563,287.9431823698077,3103.703125,1.9720104121779818,,,0,0
plate_cellule/frontal/20260823T132156Z/frame_0005.jpg,20260823T132156Z,5,2.5,sift,B,magsac,magsac,False,plate_cellule,plate_cellule,frontal,True,False,True,False,470.1528709992999,True,False,24.175102007575333,73,32,0.4383561643835616,0.38134729862213135,120935.59455113322,True,plate_cellule,,0.8421052631578947,,,plate_cellule,plate_cellule,False,0.34625,0.2,True,False,False,False,504.5266730012372,289.45163757405084,3103.703125,1.982055763377941,,,0,0
plate_cellule/frontal/20260823T132156Z/frame_0006.jpg,20260823T132156Z,6,3.0,sift,B,magsac,magsac,False,plate_cellule,plate_cellule,frontal,True,False,True,False,471.31801200157497,True,False,24.90963500167709,75,38,0.5066666666666667,0.4223678708076477,125373.18687263282,True,plate_cellule,,0.8636363636363636,,,plate_cellule,plate_cellule,False,0.41375,0.2,True,False,False,False,506.40123600896914,288.959357708616,3103.703125,1.974718718858515,,,0,0
plate_cellule/frontal/20260823T132156Z/frame_0007.jpg,20260823T132156Z,7,3.5,sift,B,magsac,magsac,False,plate_cellule,plate_cellule,frontal,True,False,True,False,474.93336199840996,True,False,24.414101004367694,108,36,0.3333333333333333,0.49484920501708984,125738.40743250726,True,plate_cellule,,0.8571428571428571,,,plate_cellule,plate_cellule,False,0.42,0.2,True,False,False,False,509.72119900688995,287.5953583755512,3103.703125,1.9618567992626945,,,0,0
plate_cellule/frontal/20260823T132156Z/frame_0008.jpg,20260823T132156Z,8,4.0,sift,B,magsac,magsac,False,plate_cellule,plate_cellule,frontal,True,False,True,False,478.3736380049959,True,False,24.72256099281367,92,41,0.44565217391304346,0.41394171118736267,125081.4241198916,True,plate_cellule,plate_bois,0.8723404255319149,0.7,0.17234042553191498,plate_cellule,plate_cellule,False,0.43375,0.2,True,False,False,False,513.2360120041994,286.53195987890683,3103.703125,1.9484213434185473,,,0,0
plate_cellule/frontal/20260823T132156Z/frame_0009.jpg,20260823T132156Z,9,4.5,sift,B,magsac,magsac,False,plate_cellule,plate_cellule,frontal,True,False,True,False,472.1334880014183,True,False,24.841671998728998,82,36,0.43902439024390244,0.4024733304977417,120211.04918705579,True,plate_cellule,,0.8571428571428571,,,plate_cellule,plate_cellule,False,0.4075,0.2,True,False,False,False,507.2709530068096,288.89134047860966,3103.703125,1.9713330599210872,,,0,0
plate_cellule/frontal/20260823T132156Z/frame_0010.jpg,20260823T132156Z,10,5.0,sift,B,magsac,magsac,False,plate_cellule,plate_cellule,frontal,True,False,True,False,476.5394629939692,True,False,24.969577993033454,68,42,0.6176470588235294,0.3581095337867737,120775.45328233589,True,plate_cellule,plate_bois,0.875,0.75,0.125,plate_cellule,plate_cellule,False,0.415,0.2,True,False,False,False,511.7491679993691,287.41412316312756,3103.703125,1.9540823171425905,,,0,0
plate_cellule/frontal/20260823T132156Z/frame_0011.jpg,20260823T132156Z,11,5.5,sift,B,magsac,magsac,False,plate_cellule,plate_cellule,frontal,True,False,True,False,476.4357230014866,True,False,25.23920699604787,80,42,0.525,0.3498414158821106,118854.08177237213,True,plate_cellule,plate_bois,0.875,0.76,0.11499999999999999,plate_cellule,plate_cellule,False,0.3975,0.2,True,False,False,False,512.2714800090762,286.9843382602401,3103.703125,1.9520899347788843,,,0,0
plate_cellule/frontal/20260823T132156Z/frame_0012.jpg,20260823T132156Z,12,6.0,sift,B,magsac,magsac,False,plate_cellule,plate_cellule,frontal,True,False,True,False,472.51763500389643,True,False,25.081225991016254,83,42,0.5060240963855421,0.4137626886367798,118918.9408478461,True,plate_cellule,,0.875,,,plate_cellule,plate_cellule,False,0.40375,0.2,True,False,False,False,507.9889120097505,288.43853248747394,3103.703125,1.9685469039938528,,,0,0
plate_cellule/frontal/20260823T132156Z/frame_0013.jpg,20260823T132156Z,13,6.5,sift,B,magsac,magsac,False,plate_cellule,plate_cellule,frontal,True,False,True,False,470.74525500647724,True,False,25.088912007049657,79,38,0.4810126582278481,0.29816946387290955,118904.84364514542,True,plate_cellule,,0.8636363636363636,,,plate_cellule,plate_cellule,False,0.3925,0.2,True,False,False,False,506.0618490097113,288.6002858855951,3103.703125,1.9760430507789772,,,0,0
plate_cellule/frontal/20260823T132156Z/frame_0014.jpg,20260823T132156Z,14,7.0,sift,B,magsac,magsac,False,plate_cellule,plate_cellule,frontal,True,False,True,False,477.6271610026015,True,False,24.61576600035187,75,39,0.52,0.44001340866088867,119313.65318424487,True,plate_cellule,plate_bois,0.8666666666666667,0.7272727272727273,0.1393939393939394,plate_cellule,plate_cellule,False,0.38625,0.2,True,False,False,False,512.7456070040353,286.4416854942328,3103.703125,1.9502848709772176,,,0,0
plate_cellule/frontal/20260823T132156Z/frame_0015.jpg,20260823T132156Z,15,7.5,sift,B,magsac,magsac,False,plate_cellule,plate_cellule,frontal,True,False,True,False,473.7027379887877,True,False,24.279008008306846,79,42,0.5316455696202531,0.44273796677589417,119722.74092516897,True,plate_cellule,,0.875,,,plate_cellule,plate_cellule,False,0.4025,0.2,True,False,False,False,508.41826100077014,288.2389912815755,3103.703125,1.9668845057445432,,,0,0
plate_cellule/frontal/20260823T132156Z/frame_0016.jpg,20260823T132156Z,16,8.0,sift,B,magsac,magsac,False,plate_cellule,plate_cellule,frontal,True,False,True,False,471.97147000406403,True,False,24.65726599621121,91,42,0.46153846153846156,0.4138573408126831,121358.91033577139,True,plate_cellule,,0.875,,,plate_cellule,plate_cellule,False,0.3975,0.2,True,False,False,False,506.8308629997773,288.50886750373104,3103.703125,1.9730448025230842,,,0,0
plate_cellule/frontal/20260823T132156Z/frame_0017.jpg,20260823T132156Z,17,8.5,sift,B,magsac,magsac,False,plate_cellule,plate_cellule,frontal,True,False,True,False,474.441771992133,True,False,24.561229001847096,86,47,0.5465116279069767,0.4922274947166443,122992.00363675493,True,plate_cellule,,0.8867924528301887,,,plate_cellule,plate_cellule,False,0.425,0.2,True,False,False,False,509.5089209935395,287.76442896052254,3103.703125,1.9626741727112562,,,0,0
plate_cellule/frontal/20260823T132156Z/frame_0018.jpg,20260823T132156Z,18,9.0,sift,B,magsac,magsac,False,plate_cellule,plate_cellule,frontal,True,False,True,False,473.09305700764526,True,False,24.25476800999604,84,36,0.42857142857142855,0.46806707978248596,121737.68642214965,True,plate_cellule,,0.8571428571428571,,,plate_cellule,plate_cellule,False,0.41125,0.2,True,False,False,False,507.7934679866303,288.4904366352695,3103.703125,1.9693045756672258,,,0,0
plate_cellule/frontal/20260823T132156Z/frame_0019.jpg,20260823T132156Z,19,9.5,sift,B,magsac,magsac,False,plate_cellule,plate_cellule,frontal,True,False,True,False,476.1142619972816,True,False,24.506654997821897,93,43,0.46236559139784944,0.3849906921386719,120906.72063413076,True,plate_cellule,plate_bois,0.8775510204081632,0.6666666666666666,0.2108843537414966,plate_cellule,plate_cellule,False,0.41,0.2,True,False,False,False,510.9204689942999,288.32455683360973,3103.703125,1.9572517851328375,,,0,0
plate_cellule/main_sur_bord/20260823T132507Z/frame_0000.jpg,20260823T132507Z,0,0.0,sift,B,magsac,magsac,False,plate_cellule,plate_cellule,main_sur_bord,False,True,True,False,474.6077509917086,True,False,25.721258993144147,71,22,0.30985915492957744,0.5042388439178467,172048.75729685253,True,plate_cellule,,0.7857142857142857,,,plate_cellule,plate_cellule,False,0.35625,0.2,True,False,False,False,511.3218000042252,285.8838093717026,3103.703125,1.955715559148342,0.0,,0,0
plate_cellule/main_sur_bord/20260823T132507Z/frame_0001.jpg,20260823T132507Z,1,0.5,sift,B,magsac,magsac,False,plate_cellule,plate_cellule,main_sur_bord,False,True,True,False,470.60297899588477,True,False,24.998541004606523,58,26,0.4482758620689655,0.4234766364097595,177481.2037329767,True,plate_cellule,,0.8125,,,plate_cellule,plate_cellule,False,0.34625,0.2,True,False,False,False,506.3417539931834,288.83297386919764,3103.703125,1.9749506970611443,,,0,0
plate_cellule/main_sur_bord/20260823T132507Z/frame_0002.jpg,20260823T132507Z,2,1.0,sift,B,magsac,magsac,False,plate_cellule,plate_cellule,main_sur_bord,False,True,True,False,469.6045580058126,True,False,25.845702999504283,63,26,0.4126984126984127,0.4677726626396179,185119.05457845947,True,plate_cellule,,0.8125,,,plate_cellule,plate_cellule,False,0.37,0.2,True,False,False,False,506.04208900767844,288.32718852716937,3103.703125,1.9761202115834806,,,0,0
plate_cellule/main_sur_bord/20260823T132507Z/frame_0003.jpg,20260823T132507Z,3,1.5,sift,B,magsac,magsac,False,plate_cellule,,main_sur_bord,False,True,False,True,471.42086300300434,False,True,0.001314998371526599,0,0,0.0,,,False,,,,,,,,False,0.0,,False,False,False,True,482.40852099843323,289.0405627815538,3103.703125,2.0729318751051826,,,1,1
plate_cellule/main_sur_bord/20260823T132507Z/frame_0004.jpg,20260823T132507Z,4,2.0,sift,B,magsac,magsac,False,plate_cellule,plate_cellule,main_sur_bord,False,True,True,False,471.6576759965392,True,False,24.93933800724335,74,23,0.3108108108108108,0.47094103693962097,179317.52856944362,True,plate_cellule,,0.7931034482758621,,,plate_cellule,plate_cellule,False,0.35,0.2,True,False,False,False,507.3063970048679,287.95208529294285,3103.703125,1.9711953287086275,,,0,1
plate_cellule/main_sur_bord/20260823T132507Z/frame_0005.jpg,20260823T132507Z,5,2.5,sift,B,magsac,magsac,False,plate_cellule,plate_cellule,main_sur_bord,False,True,True,False,472.82466900651343,True,False,25.225837001926266,74,28,0.3783783783783784,0.36617928743362427,178080.46094724815,True,plate_cellule,,0.8235294117647058,,,plate_cellule,plate_cellule,False,0.34375,0.2,True,False,False,False,508.5814269987168,287.18999268600714,3103.703125,1.9662534786244232,,,0,1
plate_cellule/main_sur_bord/20260823T132507Z/frame_0006.jpg,20260823T132507Z,6,3.0,sift,B,magsac,magsac,False,plate_cellule,plate_cellule,main_sur_bord,False,True,True,False,476.454111005296,True,False,34.70892999030184,83,33,0.39759036144578314,0.5120447278022766,176414.5673473049,True,plate_cellule,plate_chaudron,0.8461538461538461,0.7692307692307693,0.07692307692307687,plate_cellule,plate_cellule,False,0.3725,0.2,True,False,False,False,521.7707400006475,285.8515778401339,3103.703125,1.916550552449068,,,0,1
plate_cellule/main_sur_bord/20260823T132507Z/frame_0007.jpg,20260823T132507Z,7,3.5,sift,B,magsac,magsac,False,plate_cellule,plate_cellule,main_sur_bord,False,True,True,False,472.20850600569975,True,False,25.304150010924786,74,29,0.3918918918918919,0.3923759460449219,172721.7309031085,True,plate_cellule,,0.8285714285714286,,,plate_cellule,plate_cellule,False,0.36375,0.2,True,False,False,False,508.1086139980471,288.45515341049764,3103.703125,1.9680831468915887,,,0,1
plate_cellule/main_sur_bord/20260823T132507Z/frame_0008.jpg,20260823T132507Z,8,4.0,sift,B,magsac,magsac,False,plate_cellule,plate_cellule,main_sur_bord,False,True,True,False,473.17038899927866,True,False,24.92650499334559,58,26,0.4482758620689655,0.38366204500198364,173575.09173137601,True,plate_cellule,,0.8125,,,plate_cellule,plate_cellule,False,0.35125,0.2,True,False,False,False,508.7388880056096,287.69444650432496,3103.703125,1.9656448987421884,,,0,1
plate_cellule/main_sur_bord/20260823T132507Z/frame_0009.jpg,20260823T132507Z,9,4.5,sift,B,magsac,magsac,False,plate_cellule,plate_cellule,main_sur_bord,False,True,True,False,469.7758160036756,True,False,25.84311099781189,59,29,0.4915254237288136,0.4141038656234741,171755.95064504887,True,plate_cellule,,0.8285714285714286,,,plate_cellule,plate_cellule,False,0.365,0.2,True,False,False,False,506.298809996224,287.92269095218387,3103.703125,1.9751182113334576,,,0,1
plate_cellule/main_sur_bord/20260823T132507Z/frame_0010.jpg,20260823T132507Z,10,5.0,sift,B,magsac,magsac,False,plate_cellule,plate_cellule,main_sur_bord,False,True,True,False,469.5317439909559,True,False,25.14948500902392,56,21,0.375,0.6516558527946472,182765.10286019742,True,plate_cellule,,0.7777777777777778,,,plate_cellule,plate_cellule,False,0.32,0.2,True,False,False,False,505.1314650045242,288.49233495816947,3103.703125,1.979682655466817,,,0,1
plate_cellule/main_sur_bord/20260823T132507Z/frame_0011.jpg,20260823T132507Z,11,5.5,sift,B,magsac,magsac,False,plate_cellule,,main_sur_bord,False,True,False,True,467.4686069920426,False,True,0.0010920048225671053,0,0,0.0,,,False,,,,,,,,False,0.0,,False,False,False,True,477.78608500084374,290.0570147407159,3103.703125,2.0929868646095753,,,1,1
plate_cellule/main_sur_bord/20260823T132507Z/frame_0012.jpg,20260823T132507Z,12,6.0,sift,B,magsac,magsac,False,plate_cellule,,main_sur_bord,False,True,False,True,470.17459200287703,False,True,0.0005369947757571936,0,0,0.0,,,False,,,,,,,,False,0.0,,False,False,False,True,480.766697000945,290.3385310811718,3103.703125,2.0800109621528846,,,2,2
plate_cellule/main_sur_bord/20260823T132507Z/frame_0013.jpg,20260823T132507Z,13,6.5,sift,B,magsac,magsac,False,plate_cellule,plate_cellule,main_sur_bord,False,True,True,False,470.300867993501,True,False,25.33663199574221,63,23,0.36507936507936506,0.551158607006073,152543.7069415853,True,plate_cellule,,0.7931034482758621,,,plate_cellule,plate_cellule,False,0.3175,0.2,True,False,False,False,506.1202919896459,288.0771318747735,3103.703125,1.975814872130157,,,0,2
plate_cellule/main_sur_bord/20260823T132507Z/frame_0014.jpg,20260823T132507Z,14,7.0,sift,B,magsac,magsac,False,plate_cellule,plate_cellule,main_sur_bord,False,True,True,False,471.04369700537063,True,False,23.70591899671126,45,21,0.4666666666666667,0.5476909279823303,89799.02120278217,True,plate_cellule,,0.7777777777777778,,,plate_cellule,plate_cellule,False,0.23875,0.2,True,False,False,False,505.14009399921633,288.48312523817697,3103.703125,1.979648837776776,,,0,2
plate_cellule/main_sur_bord/20260823T132507Z/frame_0015.jpg,20260823T132507Z,15,7.5,sift,B,magsac,magsac,False,plate_cellule,plate_cellule,main_sur_bord,False,True,True,False,468.5223600099562,True,False,25.10322599846404,81,35,0.43209876543209874,0.34500834345817566,141597.01542321919,True,plate_cellule,,0.8536585365853658,,,plate_cellule,plate_cellule,False,0.365,0.2,True,False,False,False,504.16467399918474,288.65709401177827,3103.703125,1.9834789138788749,,,0,2
plate_cellule/main_sur_bord/20260823T132507Z/frame_0016.jpg,20260823T132507Z,16,8.0,sift,B,magsac,magsac,False,plate_cellule,plate_cellule,main_sur_bord,False,True,True,False,473.1659819954075,True,False,25.035893006133847,73,37,0.5068493150684932,0.4484390914440155,139220.64646492293,True,plate_cellule,,0.8604651162790697,,,plate_cellule,plate_cellule,False,0.3525,0.2,True,False,False,False,508.5975190013414,288.55390503707275,3103.703125,1.966191266452801,,,0,2
plate_cellule/main_sur_bord/20260823T132507Z/frame_0017.jpg,20260823T132507Z,17,8.5,sift,B,magsac,magsac,False,plate_cellule,plate_cellule,main_sur_bord,False,True,True,False,471.7783230007626,True,False,25.703519000671804,66,24,0.36363636363636365,0.40436846017837524,149206.35710722953,True,plate_cellule,,0.8,,,plate_cellule,plate_cellule,False,0.3525,0.2,True,False,False,False,507.8924300032668,287.82576085857335,3103.703125,1.968920859863117,,,0,2
plate_cellule/main_sur_bord/20260823T132507Z/frame_0018.jpg,20260823T132507Z,18,9.0,sift,B,magsac,magsac,False,plate_cellule,plate_cellule,main_sur_bord,False,True,True,False,471.47473199584056,True,False,24.718062006286345,78,30,0.38461538461538464,0.36552903056144714,153575.53842328768,True,plate_cellule,,0.8333333333333334,,,plate_cellule,plate_cellule,False,0.35625,0.2,True,False,False,False,506.76745499367826,288.332387488897,3103.703125,1.973291674802745,,,0,2
plate_cellule/main_sur_bord/20260823T132507Z/frame_0019.jpg,20260823T132507Z,19,9.5,sift,B,magsac,magsac,False,plate_cellule,plate_cellule,main_sur_bord,False,True,True,False,472.1342650009319,True,False,25.568019002093934,92,36,0.391304347826087,0.45629584789276123,149453.48464352684,True,plate_cellule,,0.8571428571428571,,,plate_cellule,plate_cellule,False,0.36875,0.2,True,False,False,False,508.1592609931249,287.58923101074373,3103.703125,1.967886992840871,,,0,2
plate_cellule/occlusion_angle/20260823T132607Z/frame_0000.jpg,20260823T132607Z,0,0.0,sift,B,magsac,magsac,False,plate_cellule,plate_cellule,occlusion_angle,False,True,True,False,478.3614329935517,True,False,25.285576994065195,78,40,0.5128205128205128,0.5202146172523499,127094.83659333712,True,plate_cellule,plate_bois,0.8695652173913043,0.6470588235294118,0.22250639386189253,plate_cellule,plate_cellule,False,0.34,0.2,True,False,False,False,514.4042629981413,287.49812965786805,3103.703125,1.9439963311571802,0.0,,0,0
plate_cellule/occlusion_angle/20260823T132607Z/frame_0001.jpg,20260823T132607Z,1,0.5,sift,B,magsac,magsac,False,plate_cellule,plate_cellule,occlusion_angle,False,True,True,False,473.7392740062205,True,False,26.003516992204823,83,32,0.3855421686746988,0.5360986590385437,126350.31936225953,True,plate_cellule,plate_bois,0.8421052631578947,0.6470588235294118,0.1950464396284829,plate_cellule,plate_cellule,False,0.33125,0.2,True,False,False,False,510.2863049978623,287.6275057011688,3103.703125,1.9596841816168067,,,0,0
plate_cellule/occlusion_angle/20260823T132607Z/frame_0002.jpg,20260823T132607Z,2,1.0,sift,B,magsac,magsac,False,plate_cellule,plate_cellule,occlusion_angle,False,True,True,False,472.6123549917247,True,False,25.58570500696078,64,24,0.375,0.6405513882637024,129595.28062475659,True,plate_cellule,,0.8,,,plate_cellule,plate_cellule,False,0.3075,0.2,True,False,False,False,509.08588599122595,287.44436356760775,3103.703125,1.9643050956970254,,,0,0
plate_cellule/occlusion_angle/20260823T132607Z/frame_0003.jpg,20260823T132607Z,3,1.5,sift,B,magsac,magsac,False,plate_cellule,plate_cellule,occlusion_angle,False,True,True,False,472.0405429980019,True,False,25.09705901320558,97,40,0.41237113402061853,0.653407096862793,136668.3156514644,True,plate_cellule,,0.8695652173913043,,,plate_cellule,plate_cellule,False,0.35875,0.2,True,False,False,False,507.9202259948943,288.82347126982665,3103.703125,1.9688131104470965,,,0,0
plate_cellule/occlusion_angle/20260823T132607Z/frame_0004.jpg,20260823T132607Z,4,2.0,sift,B,magsac,magsac,False,plate_cellule,plate_cellule,occlusion_angle,False,True,True,False,478.1174160016235,True,False,25.930777002940886,113,40,0.35398230088495575,0.6723683476448059,139997.6966146035,True,plate_cellule,,0.8695652173913043,,,plate_cellule,plate_cellule,False,0.3725,0.2,True,False,False,False,514.702890010085,288.5217069542594,3103.703125,1.9428684381010688,,,0,0
plate_cellule/occlusion_angle/20260823T132607Z/frame_0005.jpg,20260823T132607Z,5,2.5,sift,B,magsac,magsac,False,plate_cellule,plate_cellule,occlusion_angle,False,True,True,False,473.1971839937614,True,False,25.24120699672494,95,43,0.45263157894736844,0.661319375038147,135596.56851118972,True,plate_cellule,,0.8775510204081632,,,plate_cellule,plate_cellule,False,0.36625,0.2,True,False,False,False,509.0562560071703,288.3160891709574,3103.703125,1.9644194294822979,,,0,0
plate_cellule/occlusion_angle/20260823T132607Z/frame_0006.jpg,20260823T132607Z,6,3.0,sift,B,magsac,magsac,False,plate_cellule,plate_cellule,occlusion_angle,False,True,True,False,471.6304530011257,True,False,25.414557007024996,89,33,0.3707865168539326,0.6392412185668945,134383.20701033555,True,plate_cellule,,0.8461538461538461,,,plate_cellule,plate_cellule,False,0.35625,0.2,True,False,False,False,507.648782004253,288.42030827284225,3103.703125,1.969865851055311,,,0,0
plate_cellule/occlusion_angle/20260823T132607Z/frame_0007.jpg,20260823T132607Z,7,3.5,sift,B,magsac,magsac,False,plate_cellule,plate_cellule,occlusion_angle,False,True,True,False,470.09681299095973,True,False,25.495631009107456,77,35,0.45454545454545453,0.6436702013015747,134645.81193861816,True,plate_cellule,,0.8536585365853658,,,plate_cellule,plate_cellule,False,0.355,0.2,True,False,False,False,506.2529200076824,288.9350811009234,3103.703125,1.9752972486258942,,,0,0
plate_cellule/occlusion_angle/20260823T132607Z/frame_0008.jpg,20260823T132607Z,8,4.0,sift,B,magsac,magsac,False,plate_cellule,plate_cellule,occlusion_angle,False,True,True,False,468.28239799651783,True,False,25.414038987946697,94,42,0.44680851063829785,0.7419227361679077,136482.15927835554,True,plate_cellule,,0.875,,,plate_cellule,plate_cellule,False,0.36875,0.2,True,False,False,False,504.3729499884648,289.4291767695761,3103.703125,1.9826598552179897,,,0,0
plate_cellule/occlusion_angle/20260823T132607Z/frame_0009.jpg,20260823T132607Z,9,4.5,sift,B,magsac,magsac,False,plate_cellule,plate_cellule,occlusion_angle,False,True,True,False,477.11216199968476,True,False,25.900795008055866,110,41,0.37272727272727274,0.5593565702438354,135342.3896545638,True,plate_cellule,,0.8723404255319149,,,plate_cellule,plate_cellule,False,0.36375,0.2,True,False,False,False,513.8919500022894,285.6815797549374,3103.703125,1.9459343544796626,,,0,0
plate_cellule/occlusion_angle/20260823T132607Z/frame_0010.jpg,20260823T132607Z,10,5.0,sift,B,magsac,magsac,False,plate_cellule,plate_cellule,occlusion_angle,False,True,True,False,472.38955899956636,True,False,25.75627800251823,91,42,0.46153846153846156,0.6030087471008301,135507.886919084,True,plate_cellule,,0.875,,,plate_cellule,plate_cellule,False,0.345,0.2,True,False,False,False,508.97731201257557,288.564894806882,3103.703125,1.964724117163188,,,0,0
plate_cellule/occlusion_angle/20260823T132607Z/frame_0011.jpg,20260823T132607Z,11,5.5,sift,B,magsac,magsac,False,plate_cellule,plate_cellule,occlusion_angle,False,True,True,False,468.36295300454367,True,False,25.329002004582435,88,33,0.375,0.6520782113075256,136036.52528444247,True,plate_cellule,,0.8461538461538461,,,plate_cellule,plate_cellule,False,0.34125,0.2,True,False,False,False,504.42785599443596,288.7894478246347,3103.703125,1.9824440464902287,,,0,0
plate_cellule/occlusion_angle/20260823T132607Z/frame_0012.jpg,20260823T132607Z,12,6.0,sift,B,magsac,magsac,False,plate_cellule,plate_cellule,occlusion_angle,False,True,True,False,470.7454020099249,True,False,25.703703999170102,71,31,0.43661971830985913,0.5282274484634399,135578.089207986,True,plate_cellule,,0.8378378378378378,,,plate_cellule,plate_cellule,False,0.32,0.2,True,False,False,False,507.2923219995573,288.0570729397387,3103.703125,1.9712500202218173,,,0,0
plate_cellule/occlusion_angle/20260823T132607Z/frame_0013.jpg,20260823T132607Z,13,6.5,sift,B,magsac,magsac,False,plate_cellule,plate_cellule,occlusion_angle,False,True,True,False,472.1955050044926,True,False,25.105281005380675,103,42,0.4077669902912621,0.628849983215332,134495.70212711024,True,plate_cellule,,0.875,,,plate_cellule,plate_cellule,False,0.35625,0.2,True,False,False,False,507.9950579965953,288.1147757169393,3103.703125,1.9685230874956707,,,0,0
plate_cellule/occlusion_angle/20260823T132607Z/frame_0014.jpg,20260823T132607Z,14,7.0,sift,B,magsac,magsac,False,plate_cellule,plate_cellule,occlusion_angle,False,True,True,False,471.99824699782766,True,False,25.720962992636487,86,42,0.4883720930232558,0.5713472366333008,133451.96525649622,True,plate_cellule,,0.875,,,plate_cellule,plate_cellule,False,0.36125,0.2,True,False,False,False,509.17745899641886,288.11037469949616,3103.703125,1.9639518253046493,,,0,0
plate_cellule/occlusion_angle/20260823T132607Z/frame_0015.jpg,20260823T132607Z,15,7.5,sift,B,magsac,magsac,False,plate_cellule,plate_cellule,occlusion_angle,False,True,True,False,473.32710899354424,True,False,25.344947003759444,100,34,0.34,0.8703163862228394,136831.11780875386,True,plate_cellule,,0.85,,,plate_cellule,plate_cellule,False,0.36125,0.2,True,False,False,False,509.4025319995126,287.6952376438886,3103.703125,1.9630840782726162,,,0,0
plate_cellule/occlusion_angle/20260823T132607Z/frame_0016.jpg,20260823T132607Z,16,8.0,sift,B,magsac,magsac,False,plate_cellule,plate_cellule,occlusion_angle,False,True,True,False,472.99818600004073,True,False,25.19072499126196,110,38,0.34545454545454546,0.6275309324264526,137551.064055283,True,plate_cellule,,0.8636363636363636,,,plate_cellule,plate_cellule,False,0.325,0.2,True,False,False,False,508.82268299756106,287.88682756248176,3103.703125,1.9653211883338804,,,0,0
plate_cellule/occlusion_angle/20260823T132607Z/frame_0017.jpg,20260823T132607Z,17,8.5,sift,B,magsac,magsac,False,plate_cellule,plate_cellule,occlusion_angle,False,True,True,False,476.2126479909057,True,False,25.422723992960528,117,39,0.3333333333333333,0.7159422039985657,139108.13376649344,True,plate_cellule,,0.8666666666666667,,,plate_cellule,plate_cellule,False,0.36125,0.2,True,False,False,False,512.2095520055154,286.5560759757589,3103.703125,1.9523259495739198,,,0,0
plate_cellule/occlusion_angle/20260823T132607Z/frame_0018.jpg,20260823T132607Z,18,9.0,sift,B,magsac,magsac,False,plate_cellule,plate_cellule,occlusion_angle,False,True,True,False,471.78174699365627,True,False,25.27020699926652,89,39,0.43820224719101125,0.804909348487854,138330.502628873,True,plate_cellule,,0.8666666666666667,,,plate_cellule,plate_cellule,False,0.36625,0.2,True,False,False,False,507.89874300244264,288.8662374564994,3103.703125,1.9688963868831444,,,0,0
plate_cellule/occlusion_angle/20260823T132607Z/frame_0019.jpg,20260823T132607Z,19,9.5,sift,B,magsac,magsac,False,plate_cellule,plate_cellule,occlusion_angle,False,True,True,False,472.16794900305104,True,False,25.27533599641174,84,30,0.35714285714285715,1.2202796936035156,136012.6320346233,True,plate_cellule,,0.8333333333333334,,,plate_cellule,plate_cellule,False,0.33875,0.2,True,False,False,False,508.0522610078333,287.83919849092877,3103.703125,1.9683014460289583,,,0,0
plate_chaudron/frontal/20260823T135713Z/frame_0000.jpg,20260823T135713Z,0,0.0,sift,B,magsac,magsac,False,plate_chaudron,plate_chaudron,frontal,True,False,True,False,471.2329729954945,True,False,25.829461999819614,88,37,0.42045454545454547,0.549424409866333,93715.39520972874,True,plate_chaudron,,0.8604651162790697,,,plate_chaudron,plate_chaudron,False,0.45875,0.2,True,False,False,False,507.21706201147754,288.5001865270172,3103.703125,1.9715425108814095,0.0,,0,0
plate_chaudron/frontal/20260823T135713Z/frame_0001.jpg,20260823T135713Z,1,0.5,sift,B,magsac,magsac,False,plate_chaudron,,frontal,True,False,False,True,471.77828500571195,False,True,0.0012590026017278433,0,0,0.0,,,False,,,,,,,,False,0.0,,False,False,False,True,481.86183799407445,288.48878296460964,3103.703125,2.0752836625595097,,,1,1
plate_chaudron/frontal/20260823T135713Z/frame_0002.jpg,20260823T135713Z,2,1.0,sift,B,magsac,magsac,False,plate_chaudron,,frontal,True,False,False,True,465.1197490020422,False,True,0.0006850023055449128,0,0,0.0,,,False,,,,,,,,False,0.0,,False,False,False,True,475.12032100348733,291.2048579774104,3103.703125,2.104730014258136,,,2,2
plate_chaudron/frontal/20260823T135713Z/frame_0003.jpg,20260823T135713Z,3,1.5,sift,B,magsac,magsac,False,plate_chaudron,plate_chaudron,frontal,True,False,True,False,469.14581800228916,True,False,25.795313995331526,90,38,0.4222222222222222,0.6097288727760315,92424.90946294111,True,plate_chaudron,,0.8636363636363636,,,plate_chaudron,plate_chaudron,False,0.43375,0.2,True,False,False,False,504.86003900005016,289.4159026517591,3103.703125,1.9807469848091912,,,0,2
plate_chaudron/frontal/20260823T135713Z/frame_0004.jpg,20260823T135713Z,4,2.0,sift,B,magsac,magsac,False,plate_chaudron,plate_chaudron,frontal,True,False,True,False,469.47274199919775,True,False,25.760777993127704,77,34,0.44155844155844154,0.63238924741745,93427.51149069262,True,plate_chaudron,,0.85,,,plate_chaudron,plate_chaudron,False,0.43125,0.2,True,False,False,False,505.2271660097176,288.8488983135779,3103.703125,1.9793076605480193,,,0,2
plate_chaudron/frontal/20260823T135713Z/frame_0005.jpg,20260823T135713Z,5,2.5,sift,B,magsac,magsac,False,plate_chaudron,,frontal,False,True,False,True,464.1719950013794,False,True,0.001610998879186809,0,0,0.0,,,False,,,,,,,,False,0.0,,False,False,False,True,474.9503030034248,290.8473624007833,3103.703125,2.105483444639026,,,1,2
plate_chaudron/frontal/20260823T135713Z/frame_0006.jpg,20260823T135713Z,6,3.0,sift,B,magsac,magsac,False,plate_chaudron,plate_chaudron,frontal,True,False,True,False,473.70910600875504,True,False,25.939498998923227,111,39,0.35135135135135137,0.4753788113594055,93450.07368748146,True,plate_chaudron,,0.8666666666666667,,,plate_chaudron,plate_chaudron,False,0.45625,0.2,True,False,False,False,509.87010200333316,287.58282869279617,3103.703125,1.9612838565565915,,,0,2
plate_chaudron/frontal/20260823T135713Z/frame_0007.jpg,20260823T135713Z,7,3.5,sift,B,magsac,magsac,False,plate_chaudron,plate_chaudron,frontal,True,False,True,False,472.32357700704597,True,False,25.917572987964377,102,38,0.37254901960784315,0.5750043988227844,94066.51270772057,True,plate_chaudron,,0.8636363636363636,,,plate_chaudron,plate_chaudron,False,0.46125,0.2,True,False,False,False,508.03509399702307,288.3579709965067,3103.703125,1.9683679568913004,,,0,2
plate_chaudron/frontal/20260823T135713Z/frame_0008.jpg,20260823T135713Z,8,4.0,sift,B,magsac,magsac,False,plate_chaudron,plate_chaudron,frontal,True,False,True,False,467.09166299842764,True,False,25.980906008044258,84,32,0.38095238095238093,0.5549595952033997,144710.03589009563,True,plate_chaudron,,0.8421052631578947,,,plate_chaudron,plate_chaudron,False,0.495,0.2,True,False,False,False,502.90877200313844,289.79394437584205,3103.703125,1.9884322081257302,,,0,2
plate_chaudron/frontal/20260823T135713Z/frame_0009.jpg,20260823T135713Z,9,4.5,sift,B,magsac,magsac,False,plate_chaudron,plate_chaudron,frontal,True,False,True,False,473.5231999948155,True,False,25.584519011317752,65,38,0.5846153846153846,0.5452846884727478,93303.19589228102,True,plate_chaudron,plate_bougie,0.8636363636363636,0.5714285714285714,0.29220779220779225,plate_chaudron,plate_chaudron,False,0.44125,0.2,True,False,False,False,508.9326260058442,288.3323129657623,3103.703125,1.9648966265890697,,,0,2
plate_chaudron/frontal/20260823T135713Z/frame_0010.jpg,20260823T135713Z,10,5.0,sift,B,magsac,magsac,False,plate_chaudron,,frontal,True,False,False,True,469.18111499689985,False,True,0.0011849915608763695,0,0,0.0,,,False,,,,,,,,False,0.0,,False,False,False,True,479.1044640005566,288.95535024661916,3103.703125,2.0872274736284617,,,1,2
plate_chaudron/frontal/20260823T135713Z/frame_0011.jpg,20260823T135713Z,11,5.5,sift,B,magsac,magsac,False,plate_chaudron,,frontal,True,False,False,True,471.2391020002542,False,True,0.0007039925549179316,0,0,0.0,,,False,,,,,,,,False,0.0,,False,False,False,True,480.9506020101253,289.1330157791855,3103.703125,2.079215611375713,,,2,2
plate_chaudron/frontal/20260823T135713Z/frame_0012.jpg,20260823T135713Z,12,6.0,sift,B,magsac,magsac,False,plate_chaudron,,frontal,True,False,False,True,468.00700899621006,False,True,0.001648004399612546,0,0,0.0,,,False,,,,,,,,False,0.0,,False,False,False,True,477.8613980015507,288.90247376615184,3103.703125,2.092657000925517,,,3,3
plate_chaudron/frontal/20260823T135713Z/frame_0013.jpg,20260823T135713Z,13,6.5,sift,B,magsac,magsac,False,plate_chaudron,plate_chaudron,frontal,False,True,True,False,467.78952999738976,True,False,25.24837300006766,58,20,0.3448275862068966,0.3962300717830658,142536.52568215295,True,plate_chaudron,,0.7692307692307693,,,plate_chaudron,plate_chaudron,False,0.41625,0.2,True,False,False,False,503.39234300190583,289.80642957346043,3103.703125,1.9865220715051957,,,0,3
plate_chaudron/frontal/20260823T135713Z/frame_0014.jpg,20260823T135713Z,14,7.0,sift,B,magsac,magsac,False,plate_chaudron,plate_chaudron,frontal,True,False,True,False,468.3973039936973,True,False,26.10551699763164,110,45,0.4090909090909091,0.5847458243370056,141310.18188339053,True,plate_chaudron,,0.8823529411764706,,,plate_chaudron,plate_chaudron,False,0.48875,0.2,True,False,False,False,504.2240600014338,288.8488920968688,3103.703125,1.983245305662638,,,0,3
plate_chaudron/frontal/20260823T135713Z/frame_0015.jpg,20260823T135713Z,15,7.5,sift,B,magsac,magsac,False,plate_chaudron,,frontal,True,False,False,True,469.4866869976977,False,True,0.0006479967851191759,0,0,0.0,,,False,,,,,,,,False,0.0,,False,False,False,True,479.2588150012307,289.5278420693053,3103.703125,2.0865552571994574,,,1,3
plate_chaudron/frontal/20260823T135713Z/frame_0016.jpg,20260823T135713Z,16,8.0,sift,B,magsac,magsac,False,plate_chaudron,,frontal,True,False,False,True,461.97771100560203,False,True,0.0010740041034296155,0,0,0.0,,,False,,,,,,,,False,0.0,,False,False,False,True,471.64619198883884,291.69594568306525,3103.703125,2.1202333804142413,,,2,3
plate_chaudron/frontal/20260823T135713Z/frame_0017.jpg,20260823T135713Z,17,8.5,sift,B,magsac,magsac,False,plate_chaudron,,frontal,True,False,False,True,467.1312919963384,False,True,0.0005920010153204203,0,0,0.0,,,False,,,,,,,,False,0.0,,False,False,False,True,476.857495988952,290.39783659646645,3103.703125,2.0970625572868595,,,3,3
plate_chaudron/frontal/20260823T135713Z/frame_0018.jpg,20260823T135713Z,18,9.0,sift,B,magsac,magsac,False,plate_chaudron,,frontal,True,False,False,True,466.24677900399547,False,True,0.0013329990906640887,0,0,0.0,,,False,,,,,,,,False,0.0,,False,False,False,True,476.07748200243805,290.7748184554733,3103.703125,2.100498422638857,,,4,4
plate_chaudron/frontal/20260823T135713Z/frame_0019.jpg,20260823T135713Z,19,9.5,sift,B,magsac,magsac,False,plate_chaudron,plate_chaudron,frontal,True,False,True,False,468.3771370036993,True,False,26.415608008392155,100,35,0.35,0.6896580457687378,144824.4447307377,True,plate_chaudron,,0.8536585365853658,,,plate_chaudron,plate_chaudron,False,0.46875,0.2,True,False,False,False,504.70281699381303,289.2027331438319,3103.703125,1.9813640152760603,,,0,4
plate_chaudron/main_sur_bord/20260823T135744Z/frame_0000.jpg,20260823T135744Z,0,0.0,sift,B,magsac,magsac,False,plate_chaudron,plate_chaudron,main_sur_bord,False,True,True,False,469.91492398956325,True,False,26.281626007403247,90,32,0.35555555555555557,0.6085745096206665,175570.86052868693,True,plate_chaudron,,0.8421052631578947,,,plate_chaudron,plate_chaudron,False,0.45625,0.2,True,False,False,False,507.1701540000504,288.49506037767236,3103.703125,1.9717248582413638,0.0,,0,0
plate_chaudron/main_sur_bord/20260823T135744Z/frame_0001.jpg,20260823T135744Z,1,0.5,sift,B,magsac,magsac,False,plate_chaudron,plate_chaudron,main_sur_bord,False,True,True,False,471.88378300052136,True,False,25.6447779975133,70,30,0.42857142857142855,0.43629807233810425,174932.08410268987,True,plate_chaudron,,0.8333333333333334,,,plate_chaudron,plate_chaudron,False,0.4625,0.2,True,False,False,False,508.579721004935,287.5868257408904,3103.703125,1.9662600742790854,,,0,0
plate_chaudron/main_sur_bord/20260823T135744Z/frame_0002.jpg,20260823T135744Z,2,1.0,sift,B,magsac,magsac,False,plate_chaudron,plate_chaudron,main_sur_bord,False,True,True,False,470.57340199535247,True,False,25.41859399934765,70,34,0.4857142857142857,0.6181467175483704,175349.71321714506,True,plate_chaudron,,0.85,,,plate_chaudron,plate_chaudron,False,0.455,0.2,True,False,False,False,507.02032099070493,289.760201155126,3103.703125,1.9723075360096518,,,0,0
plate_chaudron/main_sur_bord/20260823T135744Z/frame_0003.jpg,20260823T135744Z,3,1.5,sift,B,magsac,magsac,False,plate_chaudron,,main_sur_bord,False,True,False,True,467.86928799701855,False,True,0.0015179975889623165,0,0,0.0,,,False,,,,,,,,False,0.0,,False,False,False,True,478.7191510113189,289.7707727107786,3103.703125,2.0889074479001906,,,1,1
plate_chaudron/main_sur_bord/20260823T135744Z/frame_0004.jpg,20260823T135744Z,4,2.0,sift,B,magsac,magsac,False,plate_chaudron,plate_chaudron,main_sur_bord,False,True,True,False,473.2981820125133,True,False,25.964016997022554,68,31,0.45588235294117646,0.6338858008384705,178130.35577809217,True,plate_chaudron,,0.8378378378378378,,,plate_chaudron,plate_chaudron,False,0.45875,0.2,True,False,False,False,510.1729890011484,287.8122146126988,3103.703125,1.960119452732824,,,0,1
plate_chaudron/main_sur_bord/20260823T135744Z/frame_0005.jpg,20260823T135744Z,5,2.5,sift,B,magsac,magsac,False,plate_chaudron,,main_sur_bord,False,True,False,True,466.43359199515544,False,True,0.001258988049812615,0,0,0.0,,,False,,,,,,,,False,0.0,,False,False,False,True,477.44254700955935,290.6375254344837,3103.703125,2.0944928479111393,,,1,1
plate_chaudron/main_sur_bord/20260823T135744Z/frame_0006.jpg,20260823T135744Z,6,3.0,sift,B,magsac,magsac,False,plate_chaudron,plate_chaudron,main_sur_bord,False,True,True,False,470.2721450012177,True,False,25.786703001358546,64,27,0.421875,0.6333162188529968,187024.5892744961,True,plate_chaudron,,0.8181818181818182,,,plate_chaudron,plate_chaudron,False,0.46125,0.2,True,False,False,False,507.2272649995284,287.84002768489813,3103.703125,1.971502852869965,,,0,1
plate_chaudron/main_sur_bord/20260823T135744Z/frame_0007.jpg,20260823T135744Z,7,3.5,sift,B,magsac,magsac,False,plate_chaudron,,main_sur_bord,False,True,False,True,465.9091880021151,False,True,0.0005559995770454407,0,0,0.0,,,False,,,,,,,,False,0.0,,False,False,False,True,476.7287180002313,290.6770061625204,3103.703125,2.0976290335408634,,,1,1
plate_chaudron/main_sur_bord/20260823T135744Z/frame_0008.jpg,20260823T135744Z,8,4.0,sift,B,magsac,magsac,False,plate_chaudron,,main_sur_bord,False,True,False,True,467.31725400604773,False,True,0.0012230011634528637,0,0,0.0,,,False,,,,,,,,False,0.0,,False,False,False,True,478.0355260008946,290.0120722403056,3103.703125,2.0918947350329953,,,2,2
plate_chaudron/main_sur_bord/20260823T135744Z/frame_0009.jpg,20260823T135744Z,9,4.5,sift,B,magsac,magsac,False,plate_chaudron,plate_chaudron,main_sur_bord,False,True,True,False,471.0086210106965,True,False,25.301465997472405,69,29,0.42028985507246375,0.48693713545799255,183042.9395599115,True,plate_chaudron,,0.8285714285714286,,,plate_chaudron,plate_chaudron,False,0.45125,0.2,True,False,False,False,507.27954199828673,288.5988333440268,3103.703125,1.971299682342359,,,0,2
plate_chaudron/main_sur_bord/20260823T135744Z/frame_0010.jpg,20260823T135744Z,10,5.0,sift,B,magsac,magsac,False,plate_chaudron,plate_chaudron,main_sur_bord,False,True,True,False,471.411952006747,True,False,26.127850011107512,73,30,0.410958904109589,0.5286514163017273,179401.68754129825,True,plate_chaudron,plate_bois,0.8333333333333334,0.5,0.33333333333333337,plate_chaudron,plate_chaudron,False,0.45125,0.2,True,False,False,False,508.5178870067466,288.6663481279829,3103.703125,1.9664991646335792,,,0,2
plate_chaudron/main_sur_bord/20260823T135744Z/frame_0011.jpg,20260823T135744Z,11,5.5,sift,B,magsac,magsac,False,plate_chaudron,,main_sur_bord,False,True,False,True,469.3142610049108,False,True,0.0006490008672699332,0,0,0.0,,,False,,,,,,,,False,0.0,,False,False,False,True,480.1221250090748,289.22673933716123,3103.703125,2.0828034116967613,,,1,2
plate_chaudron/main_sur_bord/20260823T135744Z/frame_0012.jpg,20260823T135744Z,12,6.0,sift,B,magsac,magsac,False,plate_chaudron,,main_sur_bord,False,True,False,True,467.17277300194837,False,True,0.0012590026017278433,0,0,0.0,,,False,,,,,,,,False,0.0,,False,False,False,True,478.1976719968952,289.7226902453443,3103.703125,2.0911854209246186,,,2,2
plate_chaudron/main_sur_bord/20260823T135744Z/frame_0013.jpg,20260823T135744Z,13,6.5,sift,B,magsac,magsac,False,plate_chaudron,,main_sur_bord,False,True,False,True,465.20150601281784,False,True,0.0012600066838786006,0,0,0.0,,,False,,,,,,,,False,0.0,,False,False,False,True,475.5619280040264,290.25753360734103,3103.703125,2.1027755611074346,,,3,3
plate_chaudron/main_sur_bord/20260823T135744Z/frame_0014.jpg,20260823T135744Z,14,7.0,sift,B,magsac,magsac,False,plate_chaudron,,main_sur_bord,False,True,True,False,471.6704140009824,False,True,26.40653299749829,17,7,0.4117647058823529,0.0008550369529984891,528.4631658975268,True,plate_bois,,0.5384615384615384,,,,plate_bois,False,0.002642007926023778,0.2,False,False,False,True,509.2234199983068,290.6016046954212,3103.703125,1.9637745648134666,,,4,4
plate_chaudron/main_sur_bord/20260823T135744Z/frame_0015.jpg,20260823T135744Z,15,7.5,sift,B,magsac,magsac,False,plate_chaudron,,main_sur_bord,False,True,False,True,465.2682470041327,False,True,0.0010369985830038786,0,0,0.0,,,False,,,,,,,,False,0.0,,False,False,False,True,476.19936898991,289.8200089864492,3103.703125,2.0999607834868605,,,5,5
plate_chaudron/main_sur_bord/20260823T135744Z/frame_0016.jpg,20260823T135744Z,16,8.0,sift,B,magsac,magsac,False,plate_chaudron,,main_sur_bord,False,True,False,True,467.1109580085613,False,True,0.001091990270651877,0,0,0.0,,,False,,,,,,,,False,0.0,,False,False,False,True,476.5825150097953,288.68462200543263,3103.703125,2.0982725310001076,,,6,6
plate_chaudron/main_sur_bord/20260823T135744Z/frame_0017.jpg,20260823T135744Z,17,8.5,sift,B,magsac,magsac,False,plate_chaudron,,main_sur_bord,False,True,False,True,464.55589900142513,False,True,0.0005370093276724219,0,0,0.0,,,False,,,,,,,,False,0.0,,False,False,False,True,475.26687500067055,290.105539124328,3103.703125,2.1040809965949956,,,7,7
plate_chaudron/main_sur_bord/20260823T135744Z/frame_0018.jpg,20260823T135744Z,18,9.0,sift,B,magsac,magsac,False,plate_chaudron,,main_sur_bord,False,True,False,True,463.7679219886195,False,True,0.0014080142136663198,0,0,0.0,,,False,,,,,,,,False,0.0,,False,False,False,True,473.66440200130455,290.69926580554403,3103.703125,2.1111993972416907,,,8,8
plate_chaudron/main_sur_bord/20260823T135744Z/frame_0019.jpg,20260823T135744Z,19,9.5,sift,B,magsac,magsac,False,plate_chaudron,,main_sur_bord,False,True,False,True,463.80197700636927,False,True,0.0012959935702383518,0,0,0.0,,,False,,,,,,,,False,0.0,,False,False,False,True,473.9720110082999,291.25393439651475,3103.703125,2.10982922361314,,,9,9
plate_chaudron/occlusion_angle/20260823T135821Z/frame_0000.jpg,20260823T135821Z,0,0.0,sift,B,magsac,magsac,False,plate_chaudron,,occlusion_angle,False,True,False,True,469.3477230030112,False,True,0.0007409980753436685,0,0,0.0,,,False,,,,,,,,False,0.0,,False,False,False,True,480.10434600291774,290.11783763180614,3103.703125,2.082880541127038,,,1,1
plate_chaudron/occlusion_angle/20260823T135821Z/frame_0001.jpg,20260823T135821Z,1,0.5,sift,B,magsac,magsac,False,plate_chaudron,,occlusion_angle,False,True,False,True,466.35057299863547,False,True,0.0011859956430271268,0,0,0.0,,,False,,,,,,,,False,0.0,,False,False,False,True,477.3426030005794,290.16700254561977,3103.703125,2.094931384112778,,,2,2
plate_chaudron/occlusion_angle/20260823T135821Z/frame_0002.jpg,20260823T135821Z,2,1.0,sift,B,magsac,magsac,False,plate_chaudron,plate_chaudron,occlusion_angle,False,True,True,False,468.2264889997896,True,False,25.440149998757988,41,17,0.4146341463414634,0.6181781888008118,162219.05734224827,True,plate_chaudron,,0.7391304347826086,,,plate_chaudron,plate_chaudron,False,0.37875,0.2,True,False,False,False,504.1536889912095,289.24821137734875,3103.703125,1.9835221319136993,1.0,,0,2
plate_chaudron/occlusion_angle/20260823T135821Z/frame_0003.jpg,20260823T135821Z,3,1.5,sift,B,magsac,magsac,False,plate_chaudron,,occlusion_angle,False,True,False,True,464.3083450064296,False,True,0.0010560033842921257,0,0,0.0,,,False,,,,,,,,False,0.0,,False,False,False,True,474.94020900921896,290.31309664775614,3103.703125,2.1055281928774097,,,1,2
plate_chaudron/occlusion_angle/20260823T135821Z/frame_0004.jpg,20260823T135821Z,4,2.0,sift,B,magsac,magsac,False,plate_chaudron,plate_chaudron,occlusion_angle,False,True,True,False,473.5640319995582,True,False,25.65498198964633,92,31,0.33695652173913043,0.6401100158691406,157326.1822618181,True,plate_chaudron,,0.8378378378378378,,,plate_chaudron,plate_chaudron,False,0.50875,0.2,True,False,False,False,510.1330799952848,287.0903937485389,3103.703125,1.9602727978535388,,,0,2
plate_chaudron/occlusion_angle/20260823T135821Z/frame_0005.jpg,20260823T135821Z,5,2.5,sift,B,magsac,magsac,False,plate_chaudron,plate_chaudron,occlusion_angle,False,True,True,False,471.57795100065414,True,False,24.66611699492205,60,22,0.36666666666666664,0.6482410430908203,100295.2948761438,True,plate_chaudron,,0.7857142857142857,,,plate_chaudron,plate_chaudron,False,0.375,0.2,True,False,False,False,507.07669100665953,286.91137076558397,3103.703125,1.9720882811922957,,,0,2
plate_chaudron/occlusion_angle/20260823T135821Z/frame_0006.jpg,20260823T135821Z,6,3.0,sift,B,magsac,magsac,False,plate_chaudron,plate_chaudron,occlusion_angle,False,True,True,False,473.7248829915188,True,False,25.758869989658706,91,27,0.2967032967032967,0.8049894571304321,157059.1015841514,True,plate_chaudron,,0.8181818181818182,,,plate_chaudron,plate_chaudron,False,0.47875,0.2,True,False,False,False,510.5034669977613,287.3406411178068,3103.703125,1.9588505556699487,,,0,2
plate_chaudron/occlusion_angle/20260823T135821Z/frame_0007.jpg,20260823T135821Z,7,3.5,sift,B,magsac,magsac,False,plate_chaudron,plate_chaudron,occlusion_angle,False,True,True,False,471.7866170103662,True,False,24.880596989532933,71,20,0.28169014084507044,0.5548903942108154,100648.48240561318,True,plate_chaudron,,0.7692307692307693,,,plate_chaudron,plate_chaudron,False,0.3975,0.2,True,False,False,False,507.32067100761924,288.29775141923807,3103.703125,1.9711398670466975,,,0,2
plate_chaudron/occlusion_angle/20260823T135821Z/frame_0008.jpg,20260823T135821Z,8,4.0,sift,B,magsac,magsac,False,plate_chaudron,,occlusion_angle,False,True,False,True,469.33501900639385,False,True,0.000981992343440652,0,0,0.0,,,False,,,,,,,,False,0.0,,False,False,False,True,480.1568269904237,288.2028712730471,3103.703125,2.0826528829505615,,,1,2
plate_chaudron/occlusion_angle/20260823T135821Z/frame_0009.jpg,20260823T135821Z,9,4.5,sift,B,magsac,magsac,False,plate_chaudron,plate_chaudron,occlusion_angle,False,True,True,False,468.37539500847925,True,False,26.204627007246017,76,26,0.34210526315789475,0.4239741563796997,156423.53963039536,True,plate_chaudron,,0.8125,,,plate_chaudron,plate_chaudron,False,0.46375,0.2,True,False,False,False,505.4309410043061,288.79359682642865,3103.703125,1.978509661503846,,,0,2
plate_chaudron/occlusion_angle/20260823T135821Z/frame_0010.jpg,20260823T135821Z,10,5.0,sift,B,magsac,magsac,False,plate_chaudron,plate_chaudron,occlusion_angle,False,True,True,False,468.01461999712046,True,False,25.822722003795207,59,24,0.4067796610169492,0.7224562764167786,154805.35327312187,True,plate_chaudron,,0.8,,,plate_chaudron,plate_chaudron,False,0.43375,0.2,True,False,False,False,504.7100009978749,288.57788732546186,3103.703125,1.9813358126902076,,,0,2
plate_chaudron/occlusion_angle/20260823T135821Z/frame_0011.jpg,20260823T135821Z,11,5.5,sift,B,magsac,magsac,False,plate_chaudron,plate_chaudron,occlusion_angle,False,True,True,False,475.4111880029086,True,False,26.321015000576153,84,25,0.2976190476190476,0.7664714455604553,154696.55571743124,True,plate_chaudron,,0.8064516129032258,,,plate_chaudron,plate_chaudron,False,0.4475,0.2,True,False,False,False,512.8681019996293,285.88034160897917,3103.703125,1.949819058937541,,,0,2
plate_chaudron/occlusion_angle/20260823T135821Z/frame_0012.jpg,20260823T135821Z,12,6.0,sift,B,magsac,magsac,False,plate_chaudron,plate_chaudron,occlusion_angle,False,True,True,False,471.54246899299324,True,False,25.223280987120233,63,26,0.4126984126984127,0.44355493783950806,103048.58391110413,True,plate_chaudron,,0.8125,,,plate_chaudron,plate_chaudron,False,0.38625,0.2,True,False,False,False,507.88916800229345,288.18575276119446,3103.703125,1.9689335055782964,,,0,2
plate_chaudron/occlusion_angle/20260823T135821Z/frame_0013.jpg,20260823T135821Z,13,6.5,sift,B,magsac,magsac,False,plate_chaudron,plate_chaudron,occlusion_angle,False,True,True,False,470.51854999153875,True,False,25.959368998883292,54,26,0.48148148148148145,0.5307657718658447,159249.38072248636,True,plate_chaudron,,0.8125,,,plate_chaudron,plate_chaudron,False,0.48,0.2,True,False,False,False,507.2904669941636,288.7243465619479,3103.703125,1.971257228477556,,,0,2
plate_chaudron/occlusion_angle/20260823T135821Z/frame_0014.jpg,20260823T135821Z,14,7.0,sift,B,magsac,magsac,False,plate_chaudron,plate_chaudron,occlusion_angle,False,True,True,False,468.8514659937937,True,False,25.559871006407775,50,23,0.46,0.33632975816726685,159704.94348000194,True,plate_chaudron,,0.7931034482758621,,,plate_chaudron,plate_chaudron,False,0.4425,0.2,True,False,False,False,505.2856630063616,289.2909561895882,3103.703125,1.9790785158046527,,,0,2
plate_chaudron/occlusion_angle/20260823T135821Z/frame_0015.jpg,20260823T135821Z,15,7.5,sift,B,magsac,magsac,False,plate_chaudron,plate_chaudron,occlusion_angle,False,True,True,False,465.35365299496334,True,False,25.4106119973585,54,24,0.4444444444444444,1.00654137134552,165598.480305369,True,plate_chaudron,,0.8,,,plate_chaudron,plate_chaudron,False,0.4575,0.2,True,False,False,False,501.64092500926927,290.36001318533584,3103.703125,1.9934577705786707,,,0,2
plate_chaudron/occlusion_angle/20260823T135821Z/frame_0016.jpg,20260823T135821Z,16,8.0,sift,B,magsac,magsac,False,plate_chaudron,,occlusion_angle,False,True,False,True,467.6083619997371,False,True,0.0005740002961829305,0,0,0.0,,,False,,,,,,,,False,0.0,,False,False,False,True,478.16217099898495,289.78739328230074,3103.703125,2.0913406803193615,,,1,2
plate_chaudron/occlusion_angle/20260823T135821Z/frame_0017.jpg,20260823T135821Z,17,8.5,sift,B,magsac,magsac,False,plate_chaudron,plate_chaudron,occlusion_angle,False,True,True,False,465.15458000067156,True,False,25.923905996023677,48,25,0.5208333333333334,0.9067625403404236,169141.94449094462,True,plate_chaudron,,0.8064516129032258,,,plate_chaudron,plate_chaudron,False,0.45625,0.2,True,False,False,False,501.94236800598446,289.8341030225013,3103.703125,1.9922605935270987,,,0,2
plate_chaudron/occlusion_angle/20260823T135821Z/frame_0018.jpg,20260823T135821Z,18,9.0,sift,B,magsac,magsac,False,plate_chaudron,,occlusion_angle,False,True,False,True,466.4847579988418,False,True,0.0005559995770454407,0,0,0.0,,,False,,,,,,,,False,0.0,,False,False,False,True,477.2641400049906,291.33075407371746,3103.703125,2.0952757942164757,,,1,2
plate_chaudron/occlusion_angle/20260823T135821Z/frame_0019.jpg,20260823T135821Z,19,9.5,sift,B,magsac,magsac,False,plate_chaudron,plate_chaudron,occlusion_angle,False,True,True,False,470.87995399488136,True,False,25.918981002178043,79,32,0.4050632911392405,0.7664508819580078,175343.88710000156,True,plate_chaudron,,0.8421052631578947,,,plate_chaudron,plate_chaudron,False,0.4875,0.2,True,False,False,False,507.92400099453516,288.45476353376245,3103.703125,1.9687984778076262,,,0,2
plate_dague/frontal/20260823T135916Z/frame_0000.jpg,20260823T135916Z,0,0.0,sift,B,magsac,magsac,False,plate_dague,,frontal,True,False,False,True,465.8634100051131,False,True,0.0005740002961829305,0,0,0.0,,,False,,,,,,,,False,0.0,,False,False,False,True,475.36592799588107,291.0727707880585,3103.703125,2.103642564825691,,,1,1
plate_dague/frontal/20260823T135916Z/frame_0001.jpg,20260823T135916Z,1,0.5,sift,B,magsac,magsac,False,plate_dague,,frontal,True,False,False,True,464.9214520031819,False,True,0.001371008693240583,0,0,0.0,,,False,,,,,,,,False,0.0,,False,False,False,True,474.38793400942814,290.3792173543336,3103.703125,2.107979415808931,,,2,2
plate_dague/frontal/20260823T135916Z/frame_0002.jpg,20260823T135916Z,2,1.0,sift,B,magsac,magsac,False,plate_dague,plate_dague,frontal,True,False,True,False,473.9620100008324,True,False,24.214618999394588,92,38,0.41304347826086957,0.5440243482589722,109696.25603018433,True,plate_dague,plate_cellule,0.8636363636363636,0.5384615384615384,0.3251748251748252,plate_dague,plate_dague,False,0.39625,0.2,True,False,False,False,507.7299639960984,288.788486986214,3103.703125,1.969550885138787,1.0,,0,2
plate_dague/frontal/20260823T135916Z/frame_0003.jpg,20260823T135916Z,3,1.5,sift,B,magsac,magsac,False,plate_dague,,frontal,False,True,False,True,470.6343809957616,False,True,0.0015190016711130738,0,0,0.0,,,False,,,,,,,,False,0.0,,False,False,False,True,480.6290840060683,288.6793219909383,3103.703125,2.0806065077563516,,,1,2
plate_dague/frontal/20260823T135916Z/frame_0004.jpg,20260823T135916Z,4,2.0,sift,B,magsac,magsac,False,plate_dague,,frontal,True,False,False,True,469.49075799784623,False,True,0.0007780035957694054,0,0,0.0,,,False,,,,,,,,False,0.0,,False,False,False,True,479.0091110044159,289.0881860464732,3103.703125,2.0876429634149094,,,2,2
plate_dague/frontal/20260823T135916Z/frame_0005.jpg,20260823T135916Z,5,2.5,sift,B,magsac,magsac,False,plate_dague,,frontal,True,False,False,True,472.53977799846325,False,True,0.0018889986677095294,0,0,0.0,,,False,,,,,,,,False,0.0,,False,False,False,True,482.08674100169446,289.9467459104231,3103.703125,2.074315501650532,,,3,3
plate_dague/frontal/20260823T135916Z/frame_0006.jpg,20260823T135916Z,6,3.0,sift,B,magsac,magsac,False,plate_dague,,frontal,True,False,False,True,469.6990910015302,False,True,0.0007409980753436685,0,0,0.0,,,False,,,,,,,,False,0.0,,False,False,False,True,479.22270199342165,288.81939028402275,3103.703125,2.0867124947134226,,,4,4
plate_dague/frontal/20260823T135916Z/frame_0007.jpg,20260823T135916Z,7,3.5,sift,B,magsac,magsac,False,plate_dague,,frontal,True,False,False,True,463.96160499716643,False,True,0.0010929943528026342,0,0,0.0,,,False,,,,,,,,False,0.0,,False,False,False,True,473.4838650038,291.00974137501953,3103.703125,2.112004386869602,,,5,5
plate_dague/frontal/20260823T135916Z/frame_0008.jpg,20260823T135916Z,8,4.0,sift,B,magsac,magsac,False,plate_dague,,frontal,False,True,False,True,474.13382401282433,False,True,0.0011849915608763695,0,0,0.0,,,False,,,,,,,,False,0.0,,False,False,False,True,483.81263799092267,287.9926187513474,3103.703125,2.0669158295504513,,,6,6
plate_dague/frontal/20260823T135916Z/frame_0009.jpg,20260823T135916Z,9,4.5,sift,B,magsac,magsac,False,plate_dague,,frontal,False,True,False,True,466.20716599863954,False,True,0.000556014128960669,0,0,0.0,,,False,,,,,,,,False,0.0,,False,False,False,True,475.4582979949191,290.3908725166,3103.703125,2.1032338781700815,,,7,7
plate_dague/frontal/20260823T135916Z/frame_0010.jpg,20260823T135916Z,10,5.0,sift,B,magsac,magsac,False,plate_dague,plate_dague,frontal,True,False,True,False,476.03292399435304,True,False,24.92283699393738,113,39,0.34513274336283184,0.40716496109962463,106831.6631306808,True,plate_dague,,0.8666666666666667,,,plate_dague,plate_dague,False,0.38,0.2,True,False,False,False,510.50152198877186,286.4780571667271,3103.703125,1.958858018883623,,,0,7
plate_dague/frontal/20260823T135916Z/frame_0011.jpg,20260823T135916Z,11,5.5,sift,B,magsac,magsac,False,plate_dague,plate_dague,frontal,True,False,True,False,474.20997099834494,True,False,25.180447002639994,120,42,0.35,0.4831663966178894,167868.77060964215,True,plate_dague,,0.875,,,plate_dague,plate_dague,False,0.4575,0.2,True,False,False,False,508.73064299230464,287.53989034274196,3103.703125,1.9656767560100101,,,0,7
plate_dague/frontal/20260823T135916Z/frame_0012.jpg,20260823T135916Z,12,6.0,sift,B,magsac,magsac,False,plate_dague,,frontal,True,False,False,True,473.12492300989106,False,True,0.0012410018825903535,0,0,0.0,,,False,,,,,,,,False,0.0,,False,False,False,True,482.6977379998425,286.38898241541534,3103.703125,2.071689840817788,,,1,7
plate_dague/frontal/20260823T135916Z/frame_0013.jpg,20260823T135916Z,13,6.5,sift,B,magsac,magsac,False,plate_dague,,frontal,True,False,False,True,469.44196200638544,False,True,0.0006110058166086674,0,0,0.0,,,False,,,,,,,,False,0.0,,False,False,False,True,478.9820360019803,289.1807506105013,3103.703125,2.0877609697994304,,,2,7
plate_dague/frontal/20260823T135916Z/frame_0014.jpg,20260823T135916Z,14,7.0,sift,B,magsac,magsac,False,plate_dague,plate_dague,frontal,True,False,True,False,470.78565700212494,True,False,24.862227000994608,114,40,0.3508771929824561,0.6657251119613647,166487.99722259777,True,plate_dague,,0.8695652173913043,,,plate_dague,plate_dague,False,0.4325,0.2,True,False,False,False,505.237921999651,287.5466638074326,3103.703125,1.9792655231463223,,,0,7
plate_dague/frontal/20260823T135916Z/frame_0015.jpg,20260823T135916Z,15,7.5,sift,B,magsac,magsac,False,plate_dague,,frontal,True,False,True,False,471.4255430008052,False,True,8.624913010862656,34,9,0.2647058823529412,0.8449919819831848,683.0433509498835,True,plate_bois,,0.6,,,,plate_bois,False,0.0014684287812041115,0.2,False,False,False,True,489.61412299831863,287.88794027594986,3103.703125,2.0424247443602317,,,1,7
plate_dague/frontal/20260823T135916Z/frame_0016.jpg,20260823T135916Z,16,8.0,sift,B,magsac,magsac,False,plate_dague,plate_dague,frontal,False,True,True,False,471.9686879980145,True,False,24.165619994164445,133,38,0.2857142857142857,0.6444689035415649,104414.8298542935,True,plate_dague,,0.8636363636363636,,,plate_dague,plate_dague,False,0.365,0.2,True,False,False,False,505.4942920105532,288.17560633693205,3103.703125,1.978261705038448,,,0,7
plate_dague/frontal/20260823T135916Z/frame_0017.jpg,20260823T135916Z,17,8.5,sift,B,magsac,magsac,False,plate_dague,plate_dague,frontal,True,False,True,False,469.3889620102709,True,False,24.4830260053277,95,33,0.3473684210526316,0.6306783556938171,163464.73914861737,True,plate_dague,,0.8461538461538461,,,plate_dague,plate_dague,False,0.42,0.2,True,False,False,False,503.3663969952613,289.7156875598371,3103.703125,1.9866244667289819,,,0,7
plate_dague/frontal/20260823T135916Z/frame_0018.jpg,20260823T135916Z,18,9.0,sift,B,magsac,magsac,False,plate_dague,,frontal,False,True,False,True,464.94374801113736,False,True,0.001167005393654108,0,0,0.0,,,False,,,,,,,,False,0.0,,False,False,False,True,474.18293499504216,291.37728185313597,3103.703125,2.108890738572141,,,1,7
plate_dague/frontal/20260823T135916Z/frame_0019.jpg,20260823T135916Z,19,9.5,sift,B,magsac,magsac,False,plate_dague,,frontal,True,False,False,True,465.3147069911938,False,True,0.0007780035957694054,0,0,0.0,,,False,,,,,,,,False,0.0,,False,False,False,True,474.7443009982817,290.66549890084633,3103.703125,2.106397060264278,,,2,7
plate_dague/main_sur_bord/20260823T135957Z/frame_0000.jpg,20260823T135957Z,0,0.0,sift,B,magsac,magsac,False,plate_dague,,main_sur_bord,False,True,False,True,469.23329698620364,False,True,0.0010930089047178626,0,0,0.0,,,False,,,,,,,,False,0.0,,False,False,False,True,479.4933490047697,288.58467356681234,3103.703125,2.0855346629428486,,,1,1
plate_dague/main_sur_bord/20260823T135957Z/frame_0001.jpg,20260823T135957Z,1,0.5,sift,B,magsac,magsac,False,plate_dague,,main_sur_bord,False,True,False,True,468.08422899630386,False,True,0.0005550100468099117,0,0,0.0,,,False,,,,,,,,False,0.0,,False,False,False,True,478.1453370087547,289.17872202833996,3103.703125,2.091414309832933,,,2,2
plate_dague/main_sur_bord/20260823T135957Z/frame_0002.jpg,20260823T135957Z,2,1.0,sift,B,magsac,magsac,False,plate_dague,,main_sur_bord,False,True,True,False,464.0997140086256,False,True,21.35133999399841,26,8,0.3076923076923077,4.57763671875e-05,26679.082041013055,True,plate_vampire,,0.5714285714285714,,,,plate_vampire,False,0.01125,0.2,False,False,False,True,495.36323799111415,289.8497411359623,3103.703125,2.0187206544744405,,,3,3
plate_dague/main_sur_bord/20260823T135957Z/frame_0003.jpg,20260823T135957Z,3,1.5,sift,B,magsac,magsac,False,plate_dague,,main_sur_bord,False,True,False,True,464.80291400803253,False,True,0.000610991264693439,0,0,0.0,,,False,,,,,,,,False,0.0,,False,False,False,True,474.7831159911584,289.8186903987629,3103.703125,2.1062248557689283,,,4,4
plate_dague/main_sur_bord/20260823T135957Z/frame_0004.jpg,20260823T135957Z,4,2.0,sift,B,magsac,magsac,False,plate_dague,,main_sur_bord,False,True,False,True,465.44757700758055,False,True,0.0010179937817156315,0,0,0.0,,,False,,,,,,,,False,0.0,,False,False,False,True,475.5357969988836,289.7739010809453,3103.703125,2.102891110009007,,,5,5
plate_dague/main_sur_bord/20260823T135957Z/frame_0005.jpg,20260823T135957Z,5,2.5,sift,B,magsac,magsac,False,plate_dague,,main_sur_bord,False,True,False,True,472.0292620040709,False,True,0.0005559995770454407,0,0,0.0,,,False,,,,,,,,False,0.0,,False,False,False,True,482.38916500122286,288.3334914863776,3103.703125,2.0730150520637523,,,6,6
plate_dague/main_sur_bord/20260823T135957Z/frame_0006.jpg,20260823T135957Z,6,3.0,sift,B,magsac,magsac,False,plate_dague,,main_sur_bord,False,True,False,True,461.47987800941337,False,True,0.001110995071940124,0,0,0.0,,,False,,,,,,,,False,0.0,,False,False,False,True,471.2143030046718,290.8388347427594,3103.703125,2.1221766691366444,,,7,7
plate_dague/main_sur_bord/20260823T135957Z/frame_0007.jpg,20260823T135957Z,7,3.5,sift,B,magsac,magsac,False,plate_dague,,main_sur_bord,True,False,False,True,459.68809199985117,False,True,0.0006479967851191759,0,0,0.0,,,False,,,,,,,,False,0.0,,False,False,False,True,468.7873359944206,291.5181851278215,3103.703125,2.1331634266073727,,,8,8
plate_dague/main_sur_bord/20260823T135957Z/frame_0008.jpg,20260823T135957Z,8,4.0,sift,B,magsac,magsac,False,plate_dague,,main_sur_bord,True,False,False,True,461.33176700095646,False,True,0.0016479898476973176,0,0,0.0,,,False,,,,,,,,False,0.0,,False,False,False,True,471.2449319922598,290.9638117917192,3103.703125,2.122038736358071,,,9,9
plate_dague/main_sur_bord/20260823T135957Z/frame_0009.jpg,20260823T135957Z,9,4.5,sift,B,magsac,magsac,False,plate_dague,,main_sur_bord,True,False,False,True,461.86433800903615,False,True,0.0005559995770454407,0,0,0.0,,,False,,,,,,,,False,0.0,,False,False,False,True,471.53467099997215,291.87762017187924,3103.703125,2.120734829274217,,,10,10
plate_dague/main_sur_bord/20260823T135957Z/frame_0010.jpg,20260823T135957Z,10,5.0,sift,B,magsac,magsac,False,plate_dague,,main_sur_bord,True,False,True,False,465.4799470008584,False,True,16.95427300001029,28,8,0.2857142857142857,3.098719025729224e-05,2581.6919516108464,True,plate_vampire,,0.5714285714285714,,,,plate_vampire,False,0.0125,0.2,False,False,False,True,491.96740600746125,288.91211951110864,3103.703125,2.0326549844337327,,,11,11
plate_dague/main_sur_bord/20260823T135957Z/frame_0011.jpg,20260823T135957Z,11,5.5,sift,B,magsac,magsac,False,plate_dague,,main_sur_bord,True,False,False,True,463.7104390130844,False,True,0.0006289919838309288,0,0,0.0,,,False,,,,,,,,False,0.0,,False,False,False,True,473.12025500286836,291.20684570810914,3103.703125,2.1136275385080214,,,12,12
plate_dague/main_sur_bord/20260823T135957Z/frame_0012.jpg,20260823T135957Z,12,6.0,sift,B,magsac,magsac,False,plate_dague,,main_sur_bord,True,False,False,True,459.14683600130957,False,True,0.001371008693240583,0,0,0.0,,,False,,,,,,,,False,0.0,,False,False,False,True,468.7093919928884,290.77473276249077,3103.703125,2.1335181608973874,,,13,13
plate_dague/main_sur_bord/20260823T135957Z/frame_0013.jpg,20260823T135957Z,13,6.5,sift,B,magsac,magsac,False,plate_dague,,main_sur_bord,True,False,False,True,466.08457299589645,False,True,0.0012590026017278433,0,0,0.0,,,False,,,,,,,,False,0.0,,False,False,False,True,476.0206079954514,290.13123755625577,3103.703125,2.1007493860634607,,,14,14
plate_dague/main_sur_bord/20260823T135957Z/frame_0014.jpg,20260823T135957Z,14,7.0,sift,B,magsac,magsac,False,plate_dague,,main_sur_bord,False,True,False,True,463.41784799005836,False,True,0.0005929905455559492,0,0,0.0,,,False,,,,,,,,False,0.0,,False,False,False,True,472.8699789993698,291.1888946542484,3103.703125,2.1147462186457235,,,15,15
plate_dague/main_sur_bord/20260823T135957Z/frame_0015.jpg,20260823T135957Z,15,7.5,sift,B,magsac,magsac,False,plate_dague,,main_sur_bord,True,False,False,True,459.3705570005113,False,True,0.0012039963621646166,0,0,0.0,,,False,,,,,,,,False,0.0,,False,False,False,True,468.97925999655854,291.8448679393769,3103.703125,2.132290455674603,,,16,16
plate_dague/main_sur_bord/20260823T135957Z/frame_0016.jpg,20260823T135957Z,16,8.0,sift,B,magsac,magsac,False,plate_dague,,main_sur_bord,False,True,False,True,462.5010750023648,False,True,0.0006659975042566657,0,0,0.0,,,False,,,,,,,,False,0.0,,False,False,False,True,471.98596500675194,291.575869630015,3103.703125,2.1187070678800684,,,17,17
plate_dague/main_sur_bord/20260823T135957Z/frame_0017.jpg,20260823T135957Z,17,8.5,sift,B,magsac,magsac,False,plate_dague,,main_sur_bord,False,True,False,True,463.365736999549,False,True,0.0010930089047178626,0,0,0.0,,,False,,,,,,,,False,0.0,,False,False,False,True,473.2227359927492,290.6426478251623,3103.703125,2.113169811890277,,,18,18
plate_dague/main_sur_bord/20260823T135957Z/frame_0018.jpg,20260823T135957Z,18,9.0,sift,B,magsac,magsac,False,plate_dague,,main_sur_bord,True,False,False,True,464.8072099953424,False,True,0.0011669908417388797,0,0,0.0,,,False,,,,,,,,False,0.0,,False,False,False,True,474.52039500058163,290.57882053695806,3103.703125,2.1073909794725982,,,19,19
plate_dague/main_sur_bord/20260823T135957Z/frame_0019.jpg,20260823T135957Z,19,9.5,sift,B,magsac,magsac,False,plate_dague,,main_sur_bord,True,False,False,True,461.8693750089733,False,True,0.0005369947757571936,0,0,0.0,,,False,,,,,,,,False,0.0,,False,False,False,True,471.44313500029966,291.31769688387936,3103.703125,2.121146593850315,,,20,20
plate_dague/occlusion_angle/20260823T140102Z/frame_0000.jpg,20260823T140102Z,0,0.0,sift,B,magsac,magsac,False,plate_dague,,occlusion_angle,False,True,False,True,465.1172269950621,False,True,0.0012959935702383518,0,0,0.0,,,False,,,,,,,,False,0.0,,False,False,False,True,475.249890005216,289.6390399974434,3103.703125,2.104156194521212,,,1,1
plate_dague/occlusion_angle/20260823T140102Z/frame_0001.jpg,20260823T140102Z,1,0.5,sift,B,magsac,magsac,False,plate_dague,,occlusion_angle,False,True,False,True,468.58433599118143,False,True,0.0006110058166086674,0,0,0.0,,,False,,,,,,,,False,0.0,,False,False,False,True,478.69488899596035,290.0444032131005,3103.703125,2.089013321402809,,,2,2
plate_dague/occlusion_angle/20260823T140102Z/frame_0002.jpg,20260823T140102Z,2,1.0,sift,B,magsac,magsac,False,plate_dague,plate_dague,occlusion_angle,False,True,True,False,466.9830500060925,True,False,24.924837998696603,122,41,0.3360655737704918,0.5504438281059265,141276.3039708107,True,plate_dague,,0.8723404255319149,,,plate_dague,plate_dague,False,0.4375,0.2,True,False,False,False,502.00001399207395,289.41567619617285,3103.703125,1.9920318169867401,1.0,,0,2
plate_dague/occlusion_angle/20260823T140102Z/frame_0003.jpg,20260823T140102Z,3,1.5,sift,B,magsac,magsac,False,plate_dague,,occlusion_angle,False,True,False,True,468.4324299887521,False,True,0.0006480113370344043,0,0,0.0,,,False,,,,,,,,False,0.0,,False,False,False,True,478.784352002549,289.8450542912943,3103.703125,2.0886229798810887,,,1,2
plate_dague/occlusion_angle/20260823T140102Z/frame_0004.jpg,20260823T140102Z,4,2.0,sift,B,magsac,magsac,False,plate_dague,plate_dague,occlusion_angle,False,True,True,False,467.3745470063295,True,False,24.827061002724804,96,34,0.3541666666666667,0.5879865884780884,142927.0091520623,True,plate_dague,,0.85,,,plate_dague,plate_dague,False,0.42125,0.2,True,False,False,False,502.2768820053898,288.97378079695034,3103.703125,1.9909337575072175,,,0,2
plate_dague/occlusion_angle/20260823T140102Z/frame_0005.jpg,20260823T140102Z,5,2.5,sift,B,magsac,magsac,False,plate_dague,plate_dague,occlusion_angle,False,True,True,False,471.9704650051426,True,False,25.046262991963886,111,43,0.38738738738738737,0.6015413403511047,146017.85464424698,True,plate_dague,,0.8775510204081632,,,plate_dague,plate_dague,False,0.3975,0.2,True,False,False,False,507.28007599536795,288.5250742655465,3103.703125,1.9712976072199042,,,0,2
plate_dague/occlusion_angle/20260823T140102Z/frame_0006.jpg,20260823T140102Z,6,3.0,sift,B,magsac,magsac,False,plate_dague,,occlusion_angle,False,True,False,True,463.26081099687144,False,True,0.0012220116332173347,0,0,0.0,,,False,,,,,,,,False,0.0,,False,False,False,True,473.11214401270263,290.02813040519186,3103.703125,2.1136637743400453,,,1,2
plate_dague/occlusion_angle/20260823T140102Z/frame_0007.jpg,20260823T140102Z,7,3.5,sift,B,magsac,magsac,False,plate_dague,plate_dague,occlusion_angle,False,True,True,False,470.18612299871165,True,False,24.270822992548347,99,33,0.3333333333333333,0.5941398739814758,147872.73275134288,True,plate_dague,,0.8461538461538461,,,plate_dague,plate_dague,False,0.35375,0.2,True,False,False,False,504.5156840060372,288.53428508729075,3103.703125,1.9820989350809433,,,0,2
plate_dague/occlusion_angle/20260823T140102Z/frame_0008.jpg,20260823T140102Z,8,4.0,sift,B,magsac,magsac,False,plate_dague,plate_dague,occlusion_angle,False,True,True,False,467.64176699798554,True,False,24.306952007464133,67,27,0.40298507462686567,0.47104838490486145,108657.6061920732,True,plate_dague,,0.8181818181818182,,,plate_dague,plate_dague,False,0.34375,0.2,True,False,False,False,501.9504399970174,288.5286178867739,3103.703125,1.9922285554843662,,,0,2
plate_dague/occlusion_angle/20260823T140102Z/frame_0009.jpg,20260823T140102Z,9,4.5,sift,B,magsac,magsac,False,plate_dague,,occlusion_angle,False,True,True,False,469.7346449975157,False,True,15.221245994325727,30,8,0.26666666666666666,0.06446477025747299,577.6450849464163,True,plate_cellule,,0.5714285714285714,,,,plate_cellule,False,0.00375,0.2,False,False,False,True,495.0959419948049,288.7741988430693,3103.703125,2.019810536056652,,,1,2
plate_dague/occlusion_angle/20260823T140102Z/frame_0010.jpg,20260823T140102Z,10,5.0,sift,B,magsac,magsac,False,plate_dague,plate_dague,occlusion_angle,False,True,True,False,466.0129989933921,True,False,22.961311988183297,62,18,0.2903225806451613,1.0389697551727295,124643.19952045637,True,plate_dague,,0.75,,,plate_dague,plate_dague,False,0.25125,0.2,True,False,False,False,498.90019799931906,289.4226860984104,3103.703125,2.0044089058496724,,,0,2
plate_dague/occlusion_angle/20260823T140102Z/frame_0011.jpg,20260823T140102Z,11,5.5,sift,B,magsac,magsac,False,plate_dague,,occlusion_angle,False,True,False,True,467.75937799247913,False,True,0.0005930050974711776,0,0,0.0,,,False,,,,,,,,False,0.0,,False,False,False,True,477.84628299996257,289.79960905128877,3103.703125,2.0927231948356044,,,1,2
plate_dague/occlusion_angle/20260823T140102Z/frame_0012.jpg,20260823T140102Z,12,6.0,sift,B,magsac,magsac,False,plate_dague,,occlusion_angle,False,True,False,True,469.0641110064462,False,True,0.0009079958545044065,0,0,0.0,,,False,,,,,,,,False,0.0,,False,False,False,True,479.1169969976181,290.00124201539705,3103.703125,2.0871728748228304,,,2,2
plate_dague/occlusion_angle/20260823T140102Z/frame_0013.jpg,20260823T140102Z,13,6.5,sift,B,magsac,magsac,False,plate_dague,plate_dague,occlusion_angle,False,True,True,False,481.63768599624746,True,False,24.726043004193343,106,42,0.39622641509433965,0.5723402500152588,135491.14319886826,True,plate_dague,plate_cellule,0.875,0.6470588235294118,0.2279411764705882,plate_dague,plate_dague,False,0.4,0.2,True,False,False,False,516.8669459962985,287.3429263574344,3103.703125,1.934733895727125,,,0,2
plate_dague/occlusion_angle/20260823T140102Z/frame_0014.jpg,20260823T140102Z,14,7.0,sift,B,magsac,magsac,False,plate_dague,,occlusion_angle,False,True,False,True,464.818505992298,False,True,0.0008890056051313877,0,0,0.0,,,False,,,,,,,,False,0.0,,False,False,False,True,474.8962989979191,291.10583403516387,3103.703125,2.1057228748889067,,,1,2
plate_dague/occlusion_angle/20260823T140102Z/frame_0015.jpg,20260823T140102Z,15,7.5,sift,B,magsac,magsac,False,plate_dague,plate_dague,occlusion_angle,False,True,True,False,472.3265360080404,True,False,25.07076300389599,90,35,0.3888888888888889,0.5863453149795532,125284.74881331634,True,plate_dague,,0.8536585365853658,,,plate_dague,plate_dague,False,0.4075,0.2,True,False,False,False,507.6792769978056,287.5820808825932,3103.703125,1.969747526260211,,,0,2
plate_dague/occlusion_angle/20260823T140102Z/frame_0016.jpg,20260823T140102Z,16,8.0,sift,B,magsac,magsac,False,plate_dague,,occlusion_angle,False,True,False,True,469.34558999782894,False,True,0.0009440118446946144,0,0,0.0,,,False,,,,,,,,False,0.0,,False,False,False,True,479.53519799921196,288.8482784536636,3103.703125,2.0853526585167232,,,1,2
plate_dague/occlusion_angle/20260823T140102Z/frame_0017.jpg,20260823T140102Z,17,8.5,sift,B,magsac,magsac,False,plate_dague,,occlusion_angle,False,True,False,True,466.6785129957134,False,True,0.0005920010153204203,0,0,0.0,,,False,,,,,,,,False,0.0,,False,False,False,True,476.67165999882855,289.5686521416673,3103.703125,2.097880121512694,,,2,2
plate_dague/occlusion_angle/20260823T140102Z/frame_0018.jpg,20260823T140102Z,18,9.0,sift,B,magsac,magsac,False,plate_dague,,occlusion_angle,False,True,False,True,460.161347000394,False,True,0.0010369985830038786,0,0,0.0,,,False,,,,,,,,False,0.0,,False,False,False,True,470.3352140058996,290.799082711833,3103.703125,2.126143163899815,,,3,3
plate_dague/occlusion_angle/20260823T140102Z/frame_0019.jpg,20260823T140102Z,19,9.5,sift,B,magsac,magsac,False,plate_dague,plate_dague,occlusion_angle,False,True,True,False,471.9355569977779,True,False,24.8601530038286,59,28,0.4745762711864407,0.6558308601379395,78610.05237426655,True,plate_dague,,0.8235294117647058,,,plate_dague,plate_dague,False,0.32375,0.2,True,False,False,False,507.2143169963965,287.98735308775457,3103.703125,1.9715531807575228,,,0,3
plate_vampire/frontal/20260823T135229Z/frame_0000.jpg,20260823T135229Z,0,0.0,sift,B,magsac,magsac,False,plate_vampire,plate_vampire,frontal,True,False,True,False,471.431300000404,True,False,25.211817992385477,85,59,0.6941176470588235,0.6416794657707214,181586.75296904737,True,plate_vampire,,0.9076923076923077,,,plate_vampire,plate_vampire,False,0.4275,0.2,True,False,False,False,507.00024398975074,288.73552120609475,3103.703125,1.9723856385761729,0.0,,0,0
plate_vampire/frontal/20260823T135229Z/frame_0001.jpg,20260823T135229Z,1,0.5,sift,B,magsac,magsac,False,plate_vampire,plate_vampire,frontal,True,False,True,False,469.241980012157,True,False,25.121874001342803,64,52,0.8125,0.47312217950820923,116357.92399480275,True,plate_vampire,,0.896551724137931,,,plate_vampire,plate_vampire,False,0.3575,0.2,True,False,False,False,504.5065549929859,289.5657702644263,3103.703125,1.9821348010312827,,,0,0
plate_vampire/frontal/20260823T135229Z/frame_0002.jpg,20260823T135229Z,2,1.0,sift,B,magsac,magsac,False,plate_vampire,plate_vampire,frontal,True,False,True,False,472.11559300194494,True,False,25.933665994671173,82,55,0.6707317073170732,0.602819561958313,176063.10610137036,True,plate_vampire,,0.9016393442622951,,,plate_vampire,plate_vampire,False,0.43,0.2,True,False,False,False,508.54862401320133,287.6000688897795,3103.703125,1.9663803081572022,,,0,0
plate_vampire/frontal/20260823T135229Z/frame_0003.jpg,20260823T135229Z,3,1.5,sift,B,magsac,magsac,False,plate_vampire,plate_vampire,frontal,True,False,True,False,475.38466699188575,True,False,25.602296998840757,69,51,0.7391304347826086,0.5406821966171265,178459.10584219944,True,plate_vampire,,0.8947368421052632,,,plate_vampire,plate_vampire,False,0.425,0.2,True,False,False,False,511.5262549952604,287.8191802713345,3103.703125,1.9549338674889045,,,0,0
plate_vampire/frontal/20260823T135229Z/frame_0004.jpg,20260823T135229Z,4,2.0,sift,B,magsac,magsac,False,plate_vampire,plate_vampire,frontal,True,False,True,False,472.43214600894134,True,False,25.497335009276867,88,49,0.5568181818181818,0.4342043399810791,180762.760337848,True,plate_vampire,,0.8909090909090909,,,plate_vampire,plate_vampire,False,0.45875,0.2,True,False,False,False,508.31166200805455,288.38986385025635,3103.703125,1.967296984785988,,,0,0
plate_vampire/frontal/20260823T135229Z/frame_0005.jpg,20260823T135229Z,5,2.5,sift,B,magsac,magsac,False,plate_vampire,plate_vampire,frontal,True,False,True,False,472.02277899486944,True,False,25.53116799390409,97,60,0.6185567010309279,0.5263307094573975,180022.8188345234,True,plate_vampire,,0.9090909090909091,,,plate_vampire,plate_vampire,False,0.44875,0.2,True,False,False,False,507.6571099925786,288.2466228083291,3103.703125,1.9698335358971313,,,0,0
plate_vampire/frontal/20260823T135229Z/frame_0006.jpg,20260823T135229Z,6,3.0,sift,B,magsac,magsac,False,plate_vampire,plate_vampire,frontal,True,False,True,False,467.8773019986693,True,False,25.344983994727954,102,60,0.5882352941176471,0.6189592480659485,180212.06363776766,True,plate_vampire,,0.9090909090909091,,,plate_vampire,plate_vampire,False,0.4275,0.2,True,False,False,False,503.55454099189956,289.549828729167,3103.703125,1.9858822006255854,,,0,0
plate_vampire/frontal/20260823T135229Z/frame_0007.jpg,20260823T135229Z,7,3.5,sift,B,magsac,magsac,False,plate_vampire,plate_vampire,frontal,False,True,True,False,469.71760599990375,True,False,25.134095005341806,79,56,0.7088607594936709,0.4407643973827362,183466.81948075918,True,plate_vampire,,0.9032258064516129,,,plate_vampire,plate_vampire,False,0.40875,0.2,True,False,False,False,505.93804600066505,290.08631997563714,3103.703125,1.9765265883931675,,,0,0
plate_vampire/frontal/20260823T135229Z/frame_0008.jpg,20260823T135229Z,8,4.0,sift,B,magsac,magsac,False,plate_vampire,plate_vampire,frontal,True,False,True,False,471.3261159922695,True,False,25.41376100271009,85,52,0.611764705882353,0.5825563669204712,182825.09217302105,True,plate_vampire,,0.896551724137931,,,plate_vampire,plate_vampire,False,0.4125,0.2,True,False,False,False,507.0815950020915,288.3755305680068,3103.703125,1.9720692090902558,,,0,0
plate_vampire/frontal/20260823T135229Z/frame_0009.jpg,20260823T135229Z,9,4.5,sift,B,magsac,magsac,False,plate_vampire,plate_vampire,frontal,False,True,True,False,474.53485599544365,True,False,25.40394599782303,93,52,0.5591397849462365,0.517153263092041,181650.93929597473,True,plate_vampire,,0.896551724137931,,,plate_vampire,plate_vampire,False,0.4525,0.2,True,False,False,False,510.92633200460114,287.0721065100095,3103.703125,1.957229325168143,,,0,0
plate_vampire/frontal/20260823T135229Z/frame_0010.jpg,20260823T135229Z,10,5.0,sift,B,magsac,magsac,False,plate_vampire,plate_vampire,frontal,False,True,True,False,467.1613620012067,True,False,25.604334005038254,88,53,0.6022727272727273,0.6442012190818787,182559.4321499592,True,plate_vampire,,0.8983050847457628,,,plate_vampire,plate_vampire,False,0.43,0.2,True,False,False,False,503.9419280074071,289.2595507509649,3103.703125,1.9843556259627233,,,0,0
plate_vampire/frontal/20260823T135229Z/frame_0011.jpg,20260823T135229Z,11,5.5,sift,B,magsac,magsac,False,plate_vampire,plate_vampire,frontal,False,True,True,False,473.6943610041635,True,False,25.21341100509744,85,54,0.6352941176470588,0.4721388816833496,184289.9898065828,True,plate_vampire,,0.9,,,plate_vampire,plate_vampire,False,0.42625,0.2,True,False,False,False,509.9225599988131,287.2594330800712,3103.703125,1.9610820905871034,,,0,0
plate_vampire/frontal/20260823T135229Z/frame_0012.jpg,20260823T135229Z,12,6.0,sift,B,magsac,magsac,False,plate_vampire,plate_vampire,frontal,False,True,True,False,471.94101999048144,True,False,25.653889009845443,74,49,0.6621621621621622,0.5668330788612366,183683.5686683139,True,plate_vampire,,0.8909090909090909,,,plate_vampire,plate_vampire,False,0.41375,0.2,True,False,False,False,508.56649299385026,288.5137104417437,3103.703125,1.9663112174637354,,,0,0
plate_vampire/frontal/20260823T135229Z/frame_0013.jpg,20260823T135229Z,13,6.5,sift,B,magsac,magsac,False,plate_vampire,plate_vampire,frontal,False,True,True,False,473.77841599518433,True,False,24.8879489954561,75,52,0.6933333333333334,0.5051029920578003,119774.92006523791,True,plate_vampire,,0.896551724137931,,,plate_vampire,plate_vampire,False,0.3625,0.2,True,False,False,False,510.34972399065737,287.4945289530255,3103.703125,1.9594406599861438,,,0,0
plate_vampire/frontal/20260823T135229Z/frame_0014.jpg,20260823T135229Z,14,7.0,sift,B,magsac,magsac,False,plate_vampire,,frontal,False,True,False,True,470.5688980029663,False,True,0.001148000592365861,0,0,0.0,,,False,,,,,,,,False,0.0,,False,False,False,True,481.84981499798596,289.24137160991734,3103.703125,2.0753354445184953,,,1,1
plate_vampire/frontal/20260823T135229Z/frame_0015.jpg,20260823T135229Z,15,7.5,sift,B,magsac,magsac,False,plate_vampire,plate_vampire,frontal,True,False,True,False,472.2624620044371,True,False,24.364488999708556,74,52,0.7027027027027027,0.4607645571231842,117382.0641941384,True,plate_vampire,,0.896551724137931,,,plate_vampire,plate_vampire,False,0.36375,0.2,True,False,False,False,507.03078000515234,289.0424888968607,3103.703125,1.9722668513139148,,,0,1
plate_vampire/frontal/20260823T135229Z/frame_0016.jpg,20260823T135229Z,16,8.0,sift,B,magsac,magsac,False,plate_vampire,plate_vampire,frontal,True,False,True,False,471.15530200244393,True,False,25.457704992732033,81,55,0.6790123456790124,0.5469626188278198,117075.0316525232,True,plate_vampire,,0.9016393442622951,,,plate_vampire,plate_vampire,False,0.37875,0.2,True,False,False,False,506.71115300792735,288.2348827986349,3103.703125,1.9735109323404911,,,0,1
plate_vampire/frontal/20260823T135229Z/frame_0017.jpg,20260823T135229Z,17,8.5,sift,B,magsac,magsac,False,plate_vampire,plate_vampire,frontal,True,False,True,False,472.25283199804835,True,False,25.16948500124272,107,55,0.514018691588785,0.5344489216804504,183108.6616646286,True,plate_vampire,,0.9016393442622951,,,plate_vampire,plate_vampire,False,0.44625,0.2,True,False,False,False,507.7347019978333,289.67096245594513,3103.703125,1.9695325059823612,,,0,1
plate_vampire/frontal/20260823T135229Z/frame_0018.jpg,20260823T135229Z,18,9.0,sift,B,magsac,magsac,False,plate_vampire,plate_vampire,frontal,False,True,True,False,469.88027200859506,True,False,25.006059993756935,68,50,0.7352941176470589,0.5775395631790161,185206.98367254983,True,plate_vampire,,0.8928571428571429,,,plate_vampire,plate_vampire,False,0.405,0.2,True,False,False,False,505.77721299487166,288.3526787148486,3103.703125,1.9771551076385474,,,0,1
plate_vampire/frontal/20260823T135229Z/frame_0019.jpg,20260823T135229Z,19,9.5,sift,B,magsac,magsac,False,plate_vampire,plate_vampire,frontal,False,True,True,False,470.55121199809946,True,False,25.354464989504777,78,54,0.6923076923076923,0.5066186785697937,185361.0390925377,True,plate_vampire,,0.9,,,plate_vampire,plate_vampire,False,0.4525,0.2,True,False,False,False,507.24122300744057,288.93026227453714,3103.703125,1.9714486020497024,,,0,1
plate_vampire/main_sur_bord/20260823T135336Z/frame_0000.jpg,20260823T135336Z,0,0.0,sift,B,magsac,magsac,False,plate_vampire,plate_vampire,main_sur_bord,False,True,True,False,468.1024849996902,True,False,25.10798501316458,42,28,0.6666666666666666,0.5012889504432678,133204.2019655143,True,plate_vampire,,0.8235294117647058,,,plate_vampire,plate_vampire,False,0.25,0.2,True,False,False,False,503.6248179967515,288.0036100622371,3103.703125,1.985605085900374,0.0,,0,0
plate_vampire/main_sur_bord/20260823T135336Z/frame_0001.jpg,20260823T135336Z,1,0.5,sift,B,magsac,magsac,False,plate_vampire,,main_sur_bord,False,True,False,True,472.2497949987883,False,True,0.0007220078259706497,0,0,0.0,,,False,,,,,,,,False,0.0,,False,False,False,True,483.0568809993565,289.34373196558795,3103.703125,2.0701495814140616,,,1,1
plate_vampire/main_sur_bord/20260823T135336Z/frame_0002.jpg,20260823T135336Z,2,1.0,sift,B,magsac,magsac,False,plate_vampire,,main_sur_bord,False,True,True,False,471.59583600296173,False,True,21.479228002135642,57,34,0.5964912280701754,0.5199181437492371,110318.38362016785,True,plate_vampire,,0.85,,,,plate_vampire,False,0.18,0.2,False,False,False,True,503.6892070056638,287.4664417782016,3103.703125,1.9853512564718414,,,2,2
plate_vampire/main_sur_bord/20260823T135336Z/frame_0003.jpg,20260823T135336Z,3,1.5,sift,B,magsac,magsac,False,plate_vampire,,main_sur_bord,False,True,False,True,468.0330419942038,False,True,0.001277992851100862,0,0,0.0,,,False,,,,,,,,False,0.0,,False,False,False,True,478.626276992145,288.6973123756588,3103.703125,2.0893127855084552,,,3,3
plate_vampire/main_sur_bord/20260823T135336Z/frame_0004.jpg,20260823T135336Z,4,2.0,sift,B,magsac,magsac,False,plate_vampire,,main_sur_bord,False,True,False,True,469.6420699910959,False,True,0.0005559995770454407,0,0,0.0,,,False,,,,,,,,False,0.0,,False,False,False,True,479.9328439985402,288.20509812915117,3103.703125,2.0836248498197003,,,4,4
plate_vampire/main_sur_bord/20260823T135336Z/frame_0005.jpg,20260823T135336Z,5,2.5,sift,B,magsac,magsac,False,plate_vampire,plate_vampire,main_sur_bord,False,True,True,False,469.76871699735057,True,False,25.50183399580419,75,44,0.5866666666666667,1.045961856842041,202676.64488056628,True,plate_vampire,,0.88,,,plate_vampire,plate_vampire,False,0.3,0.2,True,False,False,False,505.97300799563527,287.28223008538737,3103.703125,1.9763900132961765,,,0,4
plate_vampire/main_sur_bord/20260823T135336Z/frame_0006.jpg,20260823T135336Z,6,3.0,sift,B,magsac,magsac,False,plate_vampire,,main_sur_bord,False,True,False,True,466.92962299857754,False,True,0.0005740002961829305,0,0,0.0,,,False,,,,,,,,False,0.0,,False,False,False,True,477.9719470097916,289.9935549923952,3103.703125,2.0921729952061687,,,1,4
plate_vampire/main_sur_bord/20260823T135336Z/frame_0007.jpg,20260823T135336Z,7,3.5,sift,B,magsac,magsac,False,plate_vampire,,main_sur_bord,False,True,False,True,463.15019999747165,False,True,0.0012960081221535802,0,0,0.0,,,False,,,,,,,,False,0.0,,False,False,False,True,473.25814099167474,290.3438755687802,3103.703125,2.1130117231677823,,,2,4
plate_vampire/main_sur_bord/20260823T135336Z/frame_0008.jpg,20260823T135336Z,8,4.0,sift,B,magsac,magsac,False,plate_vampire,,main_sur_bord,False,True,True,False,472.50303500914015,False,True,20.820324003580026,54,28,0.5185185185185185,0.6302233934402466,106873.91096962802,True,plate_vampire,,0.8235294117647058,,,,plate_vampire,False,0.16,0.2,False,False,False,True,503.8552790065296,288.61658031396837,3103.703125,1.9846968795717246,,,3,4
plate_vampire/main_sur_bord/20260823T135336Z/frame_0009.jpg,20260823T135336Z,9,4.5,sift,B,magsac,magsac,False,plate_vampire,plate_vampire,main_sur_bord,False,True,True,False,473.1009379902389,True,False,24.34784101205878,59,43,0.7288135593220338,0.4058505892753601,106007.22955271625,True,plate_vampire,,0.8775510204081632,,,plate_vampire,plate_vampire,False,0.24625,0.2,True,False,False,False,508.1678290007403,287.1755083098566,3103.703125,1.9678538131120913,,,0,4
plate_vampire/main_sur_bord/20260823T135336Z/frame_0010.jpg,20260823T135336Z,10,5.0,sift,B,magsac,magsac,False,plate_vampire,plate_vampire,main_sur_bord,False,True,True,False,471.15230199415237,True,False,25.216150999767706,66,38,0.5757575757575758,0.4187782406806946,167484.94741400814,True,plate_vampire,,0.8636363636363636,,,plate_vampire,plate_vampire,False,0.33125,0.2,True,False,False,False,507.1213540068129,287.16982404579153,3103.703125,1.9719145961788183,,,0,4
plate_vampire/main_sur_bord/20260823T135336Z/frame_0011.jpg,20260823T135336Z,11,5.5,sift,B,magsac,magsac,False,plate_vampire,plate_vampire,main_sur_bord,False,True,True,False,474.47218900197186,True,False,26.155959989409894,78,52,0.6666666666666666,0.3919091820716858,166672.14944114332,True,plate_vampire,,0.896551724137931,,,plate_vampire,plate_vampire,False,0.37125,0.2,True,False,False,False,511.70878901029937,286.1359809418142,3103.703125,1.9542365139635556,,,0,4
plate_vampire/main_sur_bord/20260823T135336Z/frame_0012.jpg,20260823T135336Z,12,6.0,sift,B,magsac,magsac,False,plate_vampire,plate_vampire,main_sur_bord,False,True,True,False,477.4485609959811,True,False,25.39894600340631,79,42,0.5316455696202531,0.3830196261405945,168127.81383258663,True,plate_vampire,,0.875,,,plate_vampire,plate_vampire,False,0.355,0.2,True,False,False,False,513.810961987474,286.68592419712843,3103.703125,1.9462410769359542,,,0,4
plate_vampire/main_sur_bord/20260823T135336Z/frame_0013.jpg,20260823T135336Z,13,6.5,sift,B,magsac,magsac,False,plate_vampire,,main_sur_bord,False,True,True,False,470.28391700587235,False,True,20.91130601183977,52,31,0.5961538461538461,0.46528956294059753,105692.31087071146,True,plate_vampire,,0.8378378378378378,,,,plate_vampire,False,0.1975,0.2,False,False,False,True,501.7631250084378,287.7083663682306,3103.703125,1.992972281458873,,,1,4
plate_vampire/main_sur_bord/20260823T135336Z/frame_0014.jpg,20260823T135336Z,14,7.0,sift,B,magsac,magsac,False,plate_vampire,plate_vampire,main_sur_bord,False,True,True,False,473.01586500543635,True,False,25.652907992480323,71,45,0.6338028169014085,0.3757997751235962,162800.85745108037,True,plate_vampire,,0.8823529411764706,,,plate_vampire,plate_vampire,False,0.37875,0.2,True,False,False,False,509.5380419952562,286.9938613952715,3103.703125,1.962562002405524,,,0,4
plate_vampire/main_sur_bord/20260823T135336Z/frame_0015.jpg,20260823T135336Z,15,7.5,sift,B,magsac,magsac,False,plate_vampire,plate_vampire,main_sur_bord,False,True,True,False,469.7469389939215,True,False,24.65069199388381,56,43,0.7678571428571429,0.4379507005214691,102690.35425787466,True,plate_vampire,,0.8775510204081632,,,plate_vampire,plate_vampire,False,0.25125,0.2,True,False,False,False,505.28119699447416,288.3661101317158,3103.703125,1.9790960082192335,,,0,4
plate_vampire/main_sur_bord/20260823T135336Z/frame_0016.jpg,20260823T135336Z,16,8.0,sift,B,magsac,magsac,False,plate_vampire,plate_vampire,main_sur_bord,False,True,True,False,478.5463139996864,True,False,25.76777800277341,72,40,0.5555555555555556,0.4586160480976105,163681.94195435714,True,plate_vampire,plate_bois,0.8695652173913043,0.5714285714285714,0.2981366459627329,plate_vampire,plate_vampire,False,0.35625,0.2,True,False,False,False,515.480304005905,285.6949141519761,3103.703125,1.9399383298038573,,,0,4
plate_vampire/main_sur_bord/20260823T135336Z/frame_0017.jpg,20260823T135336Z,17,8.5,sift,B,magsac,magsac,False,plate_vampire,,main_sur_bord,False,True,True,False,470.6183779926505,False,True,21.43124600115698,47,29,0.6170212765957447,0.49035269021987915,100680.02898605168,True,plate_vampire,,0.8285714285714286,,,,plate_vampire,False,0.17375,0.2,False,False,False,True,502.7610260003712,288.4481644364723,3103.703125,1.9890165471960464,,,1,4
plate_vampire/main_sur_bord/20260823T135336Z/frame_0018.jpg,20260823T135336Z,18,9.0,sift,B,magsac,magsac,False,plate_vampire,plate_vampire,main_sur_bord,False,True,True,False,469.6484580053948,True,False,25.06846700271126,72,46,0.6388888888888888,0.5248639583587646,155103.775680147,True,plate_vampire,,0.8846153846153846,,,plate_vampire,plate_vampire,False,0.33875,0.2,True,False,False,False,505.2736229990842,288.4342416985142,3103.703125,1.9791256746481947,,,0,4
plate_vampire/main_sur_bord/20260823T135336Z/frame_0019.jpg,20260823T135336Z,19,9.5,sift,B,magsac,magsac,False,plate_vampire,plate_vampire,main_sur_bord,False,True,True,False,476.5704360033851,True,False,25.17405898834113,86,54,0.627906976744186,0.5046007037162781,157226.38490040088,True,plate_vampire,,0.9,,,plate_vampire,plate_vampire,False,0.34375,0.2,True,False,False,False,512.508637009887,287.6399608796286,3103.703125,1.9511866294278832,,,0,4
plate_vampire/occlusion_angle/20260823T135419Z/frame_0000.jpg,20260823T135419Z,0,0.0,sift,B,magsac,magsac,False,plate_vampire,plate_vampire,occlusion_angle,False,True,True,False,472.2244610020425,True,False,25.65707400208339,75,46,0.6133333333333333,0.8917967081069946,195983.51984740782,True,plate_vampire,,0.8846153846153846,,,plate_vampire,plate_vampire,False,0.31625,0.2,True,False,False,False,508.9550459961174,288.03851647266583,3103.703125,1.9648100708832124,0.0,,0,0
plate_vampire/occlusion_angle/20260823T135419Z/frame_0001.jpg,20260823T135419Z,1,0.5,sift,B,magsac,magsac,False,plate_vampire,plate_vampire,occlusion_angle,False,True,True,False,476.1678280046908,True,False,25.361261010402814,87,47,0.5402298850574713,1.2199689149856567,197171.40621327795,True,plate_vampire,,0.8867924528301887,,,plate_vampire,plate_vampire,False,0.3575,0.2,True,False,False,False,512.5202110066311,288.0760058418261,3103.703125,1.9511425667212599,,,0,0
plate_vampire/occlusion_angle/20260823T135419Z/frame_0002.jpg,20260823T135419Z,2,1.0,sift,B,magsac,magsac,False,plate_vampire,plate_vampire,occlusion_angle,False,True,True,False,475.1535739924293,True,False,23.778770002536476,95,39,0.4105263157894737,0.8432120680809021,135669.1209504885,True,plate_vampire,,0.8666666666666667,,,plate_vampire,plate_vampire,False,0.31375,0.2,True,False,False,False,509.9623369897017,287.3386183085114,3103.703125,1.960929126458596,,,0,0
plate_vampire/occlusion_angle/20260823T135419Z/frame_0003.jpg,20260823T135419Z,3,1.5,sift,B,magsac,magsac,False,plate_vampire,plate_vampire,occlusion_angle,False,True,True,False,468.1582440098282,True,False,25.773703993763775,72,48,0.6666666666666666,0.8426235914230347,199558.74806923117,True,plate_vampire,,0.8888888888888888,,,plate_vampire,plate_vampire,False,0.36875,0.2,True,False,False,False,504.9798090039985,288.84689328014287,3103.703125,1.980277195582055,,,0,0
plate_vampire/occlusion_angle/20260823T135419Z/frame_0004.jpg,20260823T135419Z,4,2.0,sift,B,magsac,magsac,False,plate_vampire,plate_vampire,occlusion_angle,False,True,True,False,472.8054389997851,True,False,25.14035499189049,78,47,0.6025641025641025,0.47631463408470154,132471.73643757266,True,plate_vampire,,0.8867924528301887,,,plate_vampire,plate_vampire,False,0.36625,0.2,True,False,False,False,508.910916003515,288.18243682355813,3103.703125,1.9649804485488636,,,0,0
plate_vampire/occlusion_angle/20260823T135419Z/frame_0005.jpg,20260823T135419Z,5,2.5,sift,B,magsac,magsac,False,plate_vampire,plate_vampire,occlusion_angle,False,True,True,False,469.6508100023493,True,False,25.315780003438704,84,54,0.6428571428571429,0.9358885288238525,192655.4181842289,True,plate_vampire,,0.9,,,plate_vampire,plate_vampire,False,0.355,0.2,True,False,False,False,505.8031009975821,288.23497090559425,3103.703125,1.9770539129311908,,,0,0
plate_vampire/occlusion_angle/20260823T135419Z/frame_0006.jpg,20260823T135419Z,6,3.0,sift,B,magsac,magsac,False,plate_vampire,plate_vampire,occlusion_angle,False,True,True,False,473.47032401012257,True,False,24.994207997224294,86,51,0.5930232558139535,1.1383163928985596,188677.75726280757,True,plate_vampire,,0.8947368421052632,,,plate_vampire,plate_vampire,False,0.40125,0.2,True,False,False,False,509.49552399106324,288.27202494242334,3103.703125,1.962725780526269,,,0,0
plate_vampire/occlusion_angle/20260823T135419Z/frame_0007.jpg,20260823T135419Z,7,3.5,sift,B,magsac,magsac,False,plate_vampire,plate_vampire,occlusion_angle,False,True,True,False,472.7013649971923,True,False,25.271853999583982,84,49,0.5833333333333334,1.0925549268722534,183677.89874824812,True,plate_vampire,,0.8909090909090909,,,plate_vampire,plate_vampire,False,0.3925,0.2,True,False,False,False,509.0321369934827,287.63350299409075,3103.703125,1.9645125078081334,,,0,0
plate_vampire/occlusion_angle/20260823T135419Z/frame_0008.jpg,20260823T135419Z,8,4.0,sift,B,magsac,magsac,False,plate_vampire,plate_vampire,occlusion_angle,False,True,True,False,472.0010360033484,True,False,25.19585499248933,80,48,0.6,0.8741804957389832,183564.89826959698,True,plate_vampire,,0.8888888888888888,,,plate_vampire,plate_vampire,False,0.405,0.2,True,False,False,False,508.275178988697,287.51640536680725,3103.703125,1.967438193597563,,,0,0
plate_vampire/occlusion_angle/20260823T135419Z/frame_0009.jpg,20260823T135419Z,9,4.5,sift,B,magsac,magsac,False,plate_vampire,,occlusion_angle,False,True,False,True,466.3780319970101,False,True,0.0010929943528026342,0,0,0.0,,,False,,,,,,,,False,0.0,,False,False,False,True,476.99589599506,290.0079721051478,3103.703125,2.0964540961382956,,,1,1
plate_vampire/occlusion_angle/20260823T135419Z/frame_0010.jpg,20260823T135419Z,10,5.0,sift,B,magsac,magsac,False,plate_vampire,plate_vampire,occlusion_angle,False,True,True,False,477.9659280029591,True,False,25.094707001699135,87,52,0.5977011494252874,0.7709742188453674,122847.28769620991,True,plate_vampire,,0.896551724137931,,,plate_vampire,plate_vampire,False,0.38125,0.2,True,False,False,False,514.4980320037575,286.6428575550193,3103.703125,1.9436420312540605,,,0,1
plate_vampire/occlusion_angle/20260823T135419Z/frame_0011.jpg,20260823T135419Z,11,5.5,sift,B,magsac,magsac,False,plate_vampire,plate_vampire,occlusion_angle,False,True,True,False,474.14226400724147,True,False,24.374063010327518,75,43,0.5733333333333334,0.7481381297111511,121641.01718365384,True,plate_vampire,,0.8775510204081632,,,plate_vampire,plate_vampire,False,0.3325,0.2,True,False,False,False,509.48069100559223,287.82010621554554,3103.703125,1.9627829231883955,,,0,1
plate_vampire/occlusion_angle/20260823T135419Z/frame_0012.jpg,20260823T135419Z,12,6.0,sift,B,magsac,magsac,False,plate_vampire,plate_vampire,occlusion_angle,False,True,True,False,469.96089999447577,True,False,25.1797630044166,70,39,0.5571428571428572,0.6072530150413513,120074.92512130225,True,plate_vampire,,0.8666666666666667,,,plate_vampire,plate_vampire,False,0.31125,0.2,True,False,False,False,506.1167100066086,288.2595000629252,3103.703125,1.9758288557335768,,,0,1
plate_vampire/occlusion_angle/20260823T135419Z/frame_0013.jpg,20260823T135419Z,13,6.5,sift,B,magsac,magsac,False,plate_vampire,plate_vampire,occlusion_angle,False,True,True,False,470.00104800099507,True,False,24.740913009736687,70,48,0.6857142857142857,0.5935840606689453,119926.77652254654,True,plate_vampire,,0.8888888888888888,,,plate_vampire,plate_vampire,False,0.38875,0.2,True,False,False,False,505.8894149988191,289.86483973054135,3103.703125,1.9767165913173619,,,0,1
plate_vampire/occlusion_angle/20260823T135419Z/frame_0014.jpg,20260823T135419Z,14,7.0,sift,B,magsac,magsac,False,plate_vampire,plate_vampire,occlusion_angle,False,True,True,False,473.4086579992436,True,False,24.763615991105326,75,44,0.5866666666666667,0.4857003092765808,120998.83509719861,True,plate_vampire,,0.88,,,plate_vampire,plate_vampire,False,0.36125,0.2,True,False,False,False,509.23389599483926,287.9673593084763,3103.703125,1.9637341659011134,,,0,1
plate_vampire/occlusion_angle/20260823T135419Z/frame_0015.jpg,20260823T135419Z,15,7.5,sift,B,magsac,magsac,False,plate_vampire,plate_vampire,occlusion_angle,False,True,True,False,471.05000499868765,True,False,24.983337993035093,80,47,0.5875,1.673635482788086,175876.18683010177,True,plate_vampire,,0.8867924528301887,,,plate_vampire,plate_vampire,False,0.3725,0.2,True,False,False,False,507.1740369894542,289.81360613903036,3103.703125,1.9717097624632416,,,0,1
plate_vampire/occlusion_angle/20260823T135419Z/frame_0016.jpg,20260823T135419Z,16,8.0,sift,B,magsac,magsac,False,plate_vampire,plate_vampire,occlusion_angle,False,True,True,False,473.5661009908654,True,False,23.98023298883345,76,39,0.5131578947368421,0.6443416476249695,117012.68221454718,True,plate_vampire,,0.8666666666666667,,,plate_vampire,plate_vampire,False,0.295,0.2,True,False,False,False,508.3484380011214,286.9967211341575,3103.703125,1.967154662522626,,,0,1
plate_vampire/occlusion_angle/20260823T135419Z/frame_0017.jpg,20260823T135419Z,17,8.5,sift,B,magsac,magsac,False,plate_vampire,plate_vampire,occlusion_angle,False,True,True,False,471.90029599005356,True,False,24.889041000278667,73,31,0.4246575342465753,0.8405354619026184,175082.29256802925,True,plate_vampire,,0.8378378378378378,,,plate_vampire,plate_vampire,False,0.255,0.2,True,False,False,False,507.6516450062627,287.98172376294985,3103.703125,1.9698547416066452,,,0,1
plate_vampire/occlusion_angle/20260823T135419Z/frame_0018.jpg,20260823T135419Z,18,9.0,sift,B,magsac,magsac,False,plate_vampire,plate_vampire,occlusion_angle,False,True,True,False,473.76726601214614,True,False,24.265008003567345,58,38,0.6551724137931034,0.6485512852668762,106326.8942692224,True,plate_vampire,,0.8636363636363636,,,plate_vampire,plate_vampire,False,0.26125,0.2,True,False,False,False,509.2135250015417,288.1945331274426,3103.703125,1.9638127247248045,,,0,1
plate_vampire/occlusion_angle/20260823T135419Z/frame_0019.jpg,20260823T135419Z,19,9.5,sift,B,magsac,magsac,False,plate_vampire,plate_vampire,occlusion_angle,False,True,True,False,468.4442229918204,True,False,25.294391001807526,52,34,0.6538461538461539,1.275451421737671,173909.68870854977,True,plate_vampire,,0.85,,,plate_vampire,plate_vampire,False,0.305,0.2,True,False,False,False,504.46045999706257,288.8185395161681,3103.703125,1.9823159182898555,,,0,1
