sample_id,sequence_id,frame_index,timestamp_s,strategy,recognition_variant,homography_requested,homography_backend,object_expected,object_detected,condition,contour_found,roi_source,fallback_used,l1_quality,l1_regularity,l1_area_ratio,l1_area_score,l1_edge_support,l1_contrast,l1_temporal_stability,tracking_quality,roi_x,roi_y,roi_width,roi_height,l1_latency_ms,l2_latency_ms,l3_latency_ms,total_latency_ms,l2_success,l3_success,matches,inliers,inlier_ratio,reprojection_error,top1,top2,top1_top2_margin,score,threshold_used,true_positive,true_negative,false_positive,false_negative,miss_streak,longest_miss_streak,time_to_first_detection,trigger_id,time_to_trigger
negatives/aucune_plaque/20260823T132011Z/frame_0000.jpg,20260823T132011Z,0,0.0,contour,A,magsac,magsac,,,aucune_plaque,False,none,False,0.0,0.0,0.0,0.0,0.0,0.0,0.0,,,,,,6.85089299804531,0.0007589987944811583,0.0015179975889623165,6.891430006362498,False,False,0,0,0.0,,,,,0.0,,False,True,False,False,0,0,,,
negatives/aucune_plaque/20260823T132011Z/frame_0001.jpg,20260823T132011Z,1,0.5,contour,A,magsac,magsac,,,aucune_plaque,False,none,False,0.0,0.0,0.0,0.0,0.0,0.0,0.0,,,,,,6.923745007952675,0.0010549993021413684,0.0014260003808885813,6.960170998354442,False,False,0,0,0.0,,,,,0.0,,False,True,False,False,0,0,,,
negatives/aucune_plaque/20260823T132011Z/frame_0002.jpg,20260823T132011Z,2,1.0,contour,A,magsac,magsac,,,aucune_plaque,False,none,False,0.0,0.0,0.0,0.0,0.0,0.0,0.0,,,,,,6.89881898870226,0.0007780035957694054,0.0012590026017278433,6.9256900023901835,False,False,0,0,0.0,,,,,0.0,,False,True,False,False,0,0,,,
negatives/aucune_plaque/20260823T132011Z/frame_0003.jpg,20260823T132011Z,3,1.5,contour,A,magsac,magsac,,,aucune_plaque,False,none,False,0.0,0.0,0.0,0.0,0.0,0.0,0.0,,,,,,6.871115998364985,0.0006849877536296844,0.001148000592365861,6.898503997945227,False,False,0,0,0.0,,,,,0.0,,False,True,False,False,0,0,,,
negatives/aucune_plaque/20260823T132011Z/frame_0004.jpg,20260823T132011Z,4,2.0,contour,A,magsac,magsac,,,aucune_plaque,False,none,False,0.0,0.0,0.0,0.0,0.0,0.0,0.0,,,,,,6.884783011628315,0.0007780035957694054,0.0013339886208996177,6.912949000252411,False,False,0,0,0.0,,,,,0.0,,False,True,False,False,0,0,,,
negatives/aucune_plaque/20260823T132011Z/frame_0005.jpg,20260823T132011Z,5,2.5,contour,A,magsac,magsac,,,aucune_plaque,False,none,False,0.0,0.0,0.0,0.0,0.0,0.0,0.0,,,,,,7.026392995612696,0.000776999513618648,0.0015190016711130738,7.053984998492524,False,False,0,0,0.0,,,,,0.0,,False,True,False,False,0,0,,,
negatives/aucune_plaque/20260823T132011Z/frame_0006.jpg,20260823T132011Z,6,3.0,contour,A,magsac,magsac,,,aucune_plaque,False,none,False,0.0,0.0,0.0,0.0,0.0,0.0,0.0,,,,,,6.906189999426715,0.000667001586407423,0.0015559926396235824,6.933097000000998,False,False,0,0,0.0,,,,,0.0,,False,True,False,False,0,0,,,
negatives/aucune_plaque/20260823T132011Z/frame_0007.jpg,20260823T132011Z,7,3.5,contour,A,magsac,magsac,,,aucune_plaque,False,none,False,0.0,0.0,0.0,0.0,0.0,0.0,0.0,,,,,,6.890800999826752,0.0006850023055449128,0.0012219970813021064,6.918875005794689,False,False,0,0,0.0,,,,,0.0,,False,True,False,False,0,0,,,
negatives/aucune_plaque/20260823T132011Z/frame_0008.jpg,20260823T132011Z,8,4.0,contour,A,magsac,magsac,,,aucune_plaque,False,none,False,0.0,0.0,0.0,0.0,0.0,0.0,0.0,,,,,,6.819967005867511,0.000777989043854177,0.0011299998732283711,6.847227006801404,False,False,0,0,0.0,,,,,0.0,,False,True,False,False,0,0,,,
negatives/aucune_plaque/20260823T132011Z/frame_0009.jpg,20260823T132011Z,9,4.5,contour,A,magsac,magsac,,,aucune_plaque,False,none,False,0.0,0.0,0.0,0.0,0.0,0.0,0.0,,,,,,6.8790229997830465,0.0011660013115033507,0.001148000592365861,6.908170995302498,False,False,0,0,0.0,,,,,0.0,,False,True,False,False,0,0,,,
negatives/aucune_plaque/20260823T132011Z/frame_0010.jpg,20260823T132011Z,10,5.0,contour,A,magsac,magsac,,,aucune_plaque,False,none,False,0.0,0.0,0.0,0.0,0.0,0.0,0.0,,,,,,6.860263994894922,0.0008150091161951423,0.0015369878383353353,6.8874860007781535,False,False,0,0,0.0,,,,,0.0,,False,True,False,False,0,0,,,
negatives/aucune_plaque/20260823T132011Z/frame_0011.jpg,20260823T132011Z,11,5.5,contour,A,magsac,magsac,,,aucune_plaque,True,contour,False,0.39325060616785,0.4417845606803894,0.005544704861111111,0.26326566575208565,0.3856041131105398,0.48497793248076865,0.5,,463,991,241,110,26.669889004551806,20.96751298813615,0.0005189940566197038,47.66508699685801,False,False,0,0,0.0,,,,,0.0,,False,True,False,False,0,0,,,
negatives/aucune_plaque/20260823T132011Z/frame_0012.jpg,20260823T132011Z,12,6.0,contour,A,magsac,magsac,,,aucune_plaque,True,contour,False,0.5547999321873796,0.4474520683288574,0.005625,0.2651650429449553,0.8786279683377308,0.38003251278368,0.9661280758968277,,463,989,237,112,12.586529002874158,1.1659610026981682,0.001314998371526599,13.784602007945068,False,False,0,0,0.0,,,,,0.0,,False,True,False,False,0,0,,,
negatives/aucune_plaque/20260823T132011Z/frame_0013.jpg,20260823T132011Z,13,6.5,contour,A,magsac,magsac,,,aucune_plaque,False,none,False,0.0,0.0,0.0,0.0,0.0,0.0,0.0,,,,,,6.811375002143905,0.0008880015229806304,0.001110995071940124,6.838727000285871,False,False,0,0,0.0,,,,,0.0,,False,True,False,False,0,0,,,
negatives/aucune_plaque/20260823T132011Z/frame_0014.jpg,20260823T132011Z,14,7.0,contour,A,magsac,magsac,,,aucune_plaque,False,none,False,0.0,0.0,0.0,0.0,0.0,0.0,0.0,,,,,,6.749744992703199,0.0007040071068331599,0.0010369985830038786,6.77728200389538,False,False,0,0,0.0,,,,,0.0,,False,True,False,False,0,0,,,
negatives/aucune_plaque/20260823T132011Z/frame_0015.jpg,20260823T132011Z,15,7.5,contour,A,magsac,magsac,,,aucune_plaque,False,none,False,0.0,0.0,0.0,0.0,0.0,0.0,0.0,,,,,,6.789504986954853,0.0006479967851191759,0.0010920048225671053,6.81676399835851,False,False,0,0,0.0,,,,,0.0,,False,True,False,False,0,0,,,
negatives/aucune_plaque/20260823T132011Z/frame_0016.jpg,20260823T132011Z,16,8.0,contour,A,magsac,magsac,,,aucune_plaque,False,none,False,0.0,0.0,0.0,0.0,0.0,0.0,0.0,,,,,,6.754764006473124,0.0006850023055449128,0.0010740041034296155,6.781837990274653,False,False,0,0,0.0,,,,,0.0,,False,True,False,False,0,0,,,
negatives/aucune_plaque/20260823T132011Z/frame_0017.jpg,20260823T132011Z,17,8.5,contour,A,magsac,magsac,,,aucune_plaque,False,none,False,0.0,0.0,0.0,0.0,0.0,0.0,0.0,,,,,,6.760356001905166,0.0006659975042566657,0.0010930089047178626,6.787542006350122,False,False,0,0,0.0,,,,,0.0,,False,True,False,False,0,0,,,
negatives/aucune_plaque/20260823T132011Z/frame_0018.jpg,20260823T132011Z,18,9.0,contour,A,magsac,magsac,,,aucune_plaque,False,none,False,0.0,0.0,0.0,0.0,0.0,0.0,0.0,,,,,,6.9089860044186935,0.0006850023055449128,0.0010560033842921257,6.934985998668708,False,False,0,0,0.0,,,,,0.0,,False,True,False,False,0,0,,,
negatives/aucune_plaque/20260823T132011Z/frame_0019.jpg,20260823T132011Z,19,9.5,contour,A,magsac,magsac,,,aucune_plaque,False,none,False,0.0,0.0,0.0,0.0,0.0,0.0,0.0,,,,,,6.962818995816633,0.0007960043149068952,0.0012220116332173347,6.9888189900666475,False,False,0,0,0.0,,,,,0.0,,False,True,False,False,0,0,,,
plate_bougie/frontal/20260823T135503Z/frame_0000.jpg,20260823T135503Z,0,0.0,contour,A,magsac,magsac,plate_bougie,,frontal,False,none,False,0.0,0.0,0.0,0.0,0.0,0.0,0.0,,,,,,7.840076999855228,0.0007030030246824026,0.0009630020940676332,7.867077001719736,False,False,0,0,0.0,,,,,0.0,,False,False,False,True,1,1,,,
plate_bougie/frontal/20260823T135503Z/frame_0001.jpg,20260823T135503Z,1,0.5,contour,A,magsac,magsac,plate_bougie,,frontal,True,contour,False,0.8707366605224656,0.9553513079881668,0.1305517578125,1.0,0.7513711151736746,0.9628848933259679,0.5,,45,379,542,554,14.468006993411109,92.0236429956276,0.0004440080374479294,106.51972400955856,False,False,0,0,0.0,,,,,0.0,,False,False,False,True,2,2,,,
plate_bougie/frontal/20260823T135503Z/frame_0002.jpg,20260823T135503Z,2,1.0,contour,A,magsac,magsac,plate_bougie,plate_bougie,frontal,True,contour,False,0.9219237163744509,0.9526255764067173,0.13032606336805555,1.0,0.7598173515981735,0.9710082319995101,0.9908088235294118,,48,379,541,554,14.592135994462296,89.47018600883894,18.353999010287225,122.51833899063058,True,True,38,26,0.6842105263157895,0.6089239120483398,plate_bougie,,,0.2775,0.2,True,False,False,False,0,2,1.0,,
plate_bougie/frontal/20260823T135503Z/frame_0003.jpg,20260823T135503Z,3,1.5,contour,A,magsac,magsac,plate_bougie,,frontal,True,contour,False,0.974634322080032,0.9598961547017097,0.1279736328125,1.0,0.9677716390423573,0.9709378286547468,0.9762878304345514,,56,380,535,551,14.450450995354913,84.08025199605618,0.00044499756768345833,98.55925900046714,False,False,0,0,0.0,,,,,0.0,,False,False,False,True,1,2,,,
plate_bougie/frontal/20260823T135503Z/frame_0004.jpg,20260823T135503Z,4,2.0,contour,A,magsac,magsac,plate_bougie,,frontal,False,none,False,0.0,0.0,0.0,0.0,0.0,0.0,0.0,,,,,,8.239297996624373,0.000833999365568161,0.0011850061127915978,8.26613100070972,False,False,0,0,0.0,,,,,0.0,,False,False,False,True,2,2,,,
plate_bougie/frontal/20260823T135503Z/frame_0005.jpg,20260823T135503Z,5,2.5,contour,A,magsac,magsac,plate_bougie,,frontal,False,none,False,0.0,0.0,0.0,0.0,0.0,0.0,0.0,,,,,,7.951908992254175,0.0008890056051313877,0.0011669908417388797,7.979205998708494,False,False,0,0,0.0,,,,,0.0,,False,False,False,True,3,3,,,
plate_bougie/frontal/20260823T135503Z/frame_0006.jpg,20260823T135503Z,6,3.0,contour,A,magsac,magsac,plate_bougie,plate_bougie,frontal,True,contour,False,0.9373221293228091,0.9566483162343502,0.13072916666666667,1.0,0.8236889692585895,0.9676532219430358,0.9764006994355315,,53,378,544,551,14.588285004720092,85.8760440023616,18.218666009488516,118.78119899483863,True,True,41,30,0.7317073170731707,0.7029531002044678,plate_bougie,,,0.25125,0.2,True,False,False,False,0,3,,,
plate_bougie/frontal/20260823T135503Z/frame_0007.jpg,20260823T135503Z,7,3.5,contour,A,magsac,magsac,plate_bougie,plate_bougie,frontal,True,contour,False,0.9090943341917792,0.9360760971903801,0.13587076822916666,1.0,0.7444933920704846,0.9638659399302177,0.9576156302402231,,32,379,563,550,14.492247995804064,86.9449129968416,17.359482997562736,118.8850500038825,True,True,37,27,0.7297297297297297,0.8165309429168701,plate_bougie,,,0.25375,0.2,True,False,False,False,0,3,,,
plate_bougie/frontal/20260823T135503Z/frame_0008.jpg,20260823T135503Z,8,4.0,contour,A,magsac,magsac,plate_bougie,plate_bougie,frontal,True,contour,False,0.9503494735444259,0.9556902460753918,0.1275439453125,1.0,0.8996316758747698,0.9654380556726305,0.9219067518585289,,59,373,538,546,14.570580999134108,88.42259499942884,23.508117999881506,126.59047899069265,True,True,46,30,0.6521739130434783,0.8798376321792603,plate_bougie,,,0.3475,0.2,True,False,False,False,0,3,,plate_bougie,4.0
plate_bougie/frontal/20260823T135503Z/frame_0009.jpg,20260823T135503Z,9,4.5,contour,A,magsac,magsac,plate_bougie,plate_bougie,frontal,True,contour,False,0.9539668218664269,0.9529640227556229,0.12693739149305555,1.0,0.8898071625344353,0.9654602706819453,0.9907979733793661,,59,372,535,546,14.328748002299108,89.63372198923025,21.50034399528522,125.5596660048468,True,True,53,41,0.7735849056603774,0.7567138671875,plate_bougie,,,0.34875,0.2,True,False,False,False,0,3,,,
plate_bougie/frontal/20260823T135503Z/frame_0010.jpg,20260823T135503Z,10,5.0,contour,A,magsac,magsac,plate_bougie,,frontal,False,none,False,0.0,0.0,0.0,0.0,0.0,0.0,0.0,,,,,,7.873150010709651,0.0007969938451424241,0.0011299998732283711,7.901113000116311,False,False,0,0,0.0,,,,,0.0,,False,False,False,True,1,3,,,
plate_bougie/frontal/20260823T135503Z/frame_0011.jpg,20260823T135503Z,11,5.5,contour,A,magsac,magsac,plate_bougie,plate_bougie,frontal,True,contour,False,0.9603586037205631,0.955524280667305,0.12758626302083334,1.0,0.9516279069767442,0.9673926702568706,0.890550757504985,,83,377,534,552,14.448044006712735,86.66326499951538,21.150975007913075,122.35267300275154,True,True,36,27,0.75,0.5359869599342346,plate_bougie,,,0.31875,0.2,True,False,False,False,0,3,,,
plate_bougie/frontal/20260823T135503Z/frame_0012.jpg,20260823T135503Z,12,6.0,contour,A,magsac,magsac,plate_bougie,plate_bougie,frontal,True,contour,False,0.9368917460583195,0.9434193708002567,0.12915364583333333,1.0,0.8530499075785583,0.9666562035985224,0.9393783756375068,,93,381,539,553,14.551173997460864,86.97080200363416,21.500899994862266,123.11661599960644,True,True,37,28,0.7567567567567568,0.7865383625030518,plate_bougie,,,0.36375,0.2,True,False,False,False,0,3,,,
plate_bougie/frontal/20260823T135503Z/frame_0013.jpg,20260823T135503Z,13,6.5,contour,A,magsac,magsac,plate_bougie,,frontal,True,contour,False,0.916126590948539,0.9476079978048801,0.12866373697916667,1.0,0.7769652650822669,0.9671981538175707,0.9088305995475113,,72,378,538,550,14.469154994003475,82.37036599894054,0.0007229973562061787,96.86967000016011,False,False,0,0,0.0,,,,,0.0,,False,False,False,True,1,3,,,
plate_bougie/frontal/20260823T135503Z/frame_0014.jpg,20260823T135503Z,14,7.0,contour,A,magsac,magsac,plate_bougie,,frontal,False,none,False,0.0,0.0,0.0,0.0,0.0,0.0,0.0,,,,,,7.966391000081785,0.000667001586407423,0.0011299998732283711,7.993057995918207,False,False,0,0,0.0,,,,,0.0,,False,False,False,True,2,3,,,
plate_bougie/frontal/20260823T135503Z/frame_0015.jpg,20260823T135503Z,15,7.5,contour,A,magsac,magsac,plate_bougie,plate_bougie,frontal,True,contour,False,0.951103203089429,0.9448678717017174,0.1314208984375,1.0,0.9111514052583862,0.9636331825711884,0.9349167200719839,,80,383,543,556,14.61904399911873,86.34911700210068,21.568511001532897,122.63407999125775,True,True,30,26,0.8666666666666667,0.9918394684791565,plate_bougie,,,0.3375,0.2,True,False,False,False,0,3,,,
plate_bougie/frontal/20260823T135503Z/frame_0016.jpg,20260823T135503Z,16,8.0,contour,A,magsac,magsac,plate_bougie,plate_bougie,frontal,True,contour,False,0.9581408311454988,0.9541791491210461,0.12701931423611112,1.0,0.9153633854645814,0.9649431069063154,0.965519293524081,,93,386,531,551,14.63404399692081,85.00115700007882,21.275197010254487,121.00123100390192,True,True,33,26,0.7878787878787878,0.9555752873420715,plate_bougie,,,0.32125,0.2,True,False,False,False,0,3,,,
plate_bougie/frontal/20260823T135503Z/frame_0017.jpg,20260823T135503Z,17,8.5,contour,A,magsac,magsac,plate_bougie,,frontal,True,contour,False,0.9453351205138889,0.9437204115092754,0.12937771267361112,1.0,0.8869955156950673,0.9624389995948202,0.9422621817785743,,77,388,536,552,14.481840989901684,85.44995299598668,0.0005369947757571936,99.9597560003167,False,False,0,0,0.0,,,,,0.0,,False,False,False,True,1,3,,,
plate_bougie/frontal/20260823T135503Z/frame_0018.jpg,20260823T135503Z,18,9.0,contour,A,magsac,magsac,plate_bougie,,frontal,True,contour,False,0.9392978173196423,0.9425462000072002,0.1290505642361111,1.0,0.8878676470588235,0.9623746799858209,0.883295775541943,,107,390,537,554,14.562933007255197,83.4829010127578,0.00044499756768345833,98.07168600673322,False,False,0,0,0.0,,,,,0.0,,False,False,False,True,2,3,,,
plate_bougie/frontal/20260823T135503Z/frame_0019.jpg,20260823T135503Z,19,9.5,contour,A,magsac,magsac,plate_bougie,plate_bougie,frontal,True,contour,False,0.9274390024458445,0.965101096779108,0.12572808159722224,1.0,0.8037558685446009,0.9699211028414878,0.8997759599181318,,96,378,531,548,14.38500700169243,87.87818800192326,21.561380999628454,123.9160209952388,True,True,34,30,0.8823529411764706,0.7674320936203003,plate_bougie,,,0.35125,0.2,True,False,False,False,0,3,,,
plate_bougie/main_sur_bord/20260823T135543Z/frame_0000.jpg,20260823T135543Z,0,0.0,contour,A,magsac,magsac,plate_bougie,,main_sur_bord,False,none,False,0.0,0.0,0.0,0.0,0.0,0.0,0.0,,,,,,8.020168999792077,0.0007960043149068952,0.001314998371526599,8.047298004385084,False,False,0,0,0.0,,,,,0.0,,False,False,False,True,1,1,,,
plate_bougie/main_sur_bord/20260823T135543Z/frame_0001.jpg,20260823T135543Z,1,0.5,contour,A,magsac,magsac,plate_bougie,,main_sur_bord,False,none,False,0.0,0.0,0.0,0.0,0.0,0.0,0.0,,,,,,7.907594001153484,0.0005740002961829305,0.0014069955796003342,7.934723995276727,False,False,0,0,0.0,,,,,0.0,,False,False,False,True,2,2,,,
plate_bougie/main_sur_bord/20260823T135543Z/frame_0002.jpg,20260823T135543Z,2,1.0,contour,A,magsac,magsac,plate_bougie,,main_sur_bord,False,none,False,0.0,0.0,0.0,0.0,0.0,0.0,0.0,,,,,,8.03615000040736,0.0005740002961829305,0.0018709979485720396,8.064927998930216,False,False,0,0,0.0,,,,,0.0,,False,False,False,True,3,3,,,
plate_bougie/main_sur_bord/20260823T135543Z/frame_0003.jpg,20260823T135543Z,3,1.5,contour,A,magsac,magsac,plate_bougie,,main_sur_bord,False,none,False,0.0,0.0,0.0,0.0,0.0,0.0,0.0,,,,,,8.1163159920834,0.0006479967851191759,0.0011850061127915978,8.143150000250898,False,False,0,0,0.0,,,,,0.0,,False,False,False,True,4,4,,,
plate_bougie/main_sur_bord/20260823T135543Z/frame_0004.jpg,20260823T135543Z,4,2.0,contour,A,magsac,magsac,plate_bougie,,main_sur_bord,False,none,False,0.0,0.0,0.0,0.0,0.0,0.0,0.0,,,,,,7.910354004707187,0.0007409980753436685,0.0010189978638663888,7.938112990814261,False,False,0,0,0.0,,,,,0.0,,False,False,False,True,5,5,,,
plate_bougie/main_sur_bord/20260823T135543Z/frame_0005.jpg,20260823T135543Z,5,2.5,contour,A,magsac,magsac,plate_bougie,,main_sur_bord,False,none,False,0.0,0.0,0.0,0.0,0.0,0.0,0.0,,,,,,7.973427011165768,0.0009259965736418962,0.0010369985830038786,7.9999090085038915,False,False,0,0,0.0,,,,,0.0,,False,False,False,True,6,6,,,
plate_bougie/main_sur_bord/20260823T135543Z/frame_0006.jpg,20260823T135543Z,6,3.0,contour,A,magsac,magsac,plate_bougie,,main_sur_bord,False,none,False,0.0,0.0,0.0,0.0,0.0,0.0,0.0,,,,,,8.05144700279925,0.0005550100468099117,0.0011669908417388797,8.078575992840342,False,False,0,0,0.0,,,,,0.0,,False,False,False,True,7,7,,,
plate_bougie/main_sur_bord/20260823T135543Z/frame_0007.jpg,20260823T135543Z,7,3.5,contour,A,magsac,magsac,plate_bougie,,main_sur_bord,False,none,False,0.0,0.0,0.0,0.0,0.0,0.0,0.0,,,,,,7.817558012902737,0.0006659975042566657,0.0013139942893758416,7.844780004234053,False,False,0,0,0.0,,,,,0.0,,False,False,False,True,8,8,,,
plate_bougie/main_sur_bord/20260823T135543Z/frame_0008.jpg,20260823T135543Z,8,4.0,contour,A,magsac,magsac,plate_bougie,,main_sur_bord,False,none,False,0.0,0.0,0.0,0.0,0.0,0.0,0.0,,,,,,7.667742989724502,0.0006300106178969145,0.0011110096238553524,7.693965992075391,False,False,0,0,0.0,,,,,0.0,,False,False,False,True,9,9,,,
plate_bougie/main_sur_bord/20260823T135543Z/frame_0009.jpg,20260823T135543Z,9,4.5,contour,A,magsac,magsac,plate_bougie,,main_sur_bord,False,none,False,0.0,0.0,0.0,0.0,0.0,0.0,0.0,,,,,,7.977020010002889,0.000667001586407423,0.0010549993021413684,8.005020004929975,False,False,0,0,0.0,,,,,0.0,,False,False,False,True,10,10,,,
plate_bougie/main_sur_bord/20260823T135543Z/frame_0010.jpg,20260823T135543Z,10,5.0,contour,A,magsac,magsac,plate_bougie,,main_sur_bord,False,none,False,0.0,0.0,0.0,0.0,0.0,0.0,0.0,,,,,,8.029612989048474,0.0005559995770454407,0.0012969976523891091,8.056984006543644,False,False,0,0,0.0,,,,,0.0,,False,False,False,True,11,11,,,
plate_bougie/main_sur_bord/20260823T135543Z/frame_0011.jpg,20260823T135543Z,11,5.5,contour,A,magsac,magsac,plate_bougie,,main_sur_bord,False,none,False,0.0,0.0,0.0,0.0,0.0,0.0,0.0,,,,,,8.023501999559812,0.000981992343440652,0.0010739895515143871,8.05020600091666,False,False,0,0,0.0,,,,,0.0,,False,False,False,True,12,12,,,
plate_bougie/main_sur_bord/20260823T135543Z/frame_0012.jpg,20260823T135543Z,12,6.0,contour,A,magsac,magsac,plate_bougie,,main_sur_bord,False,none,False,0.0,0.0,0.0,0.0,0.0,0.0,0.0,,,,,,8.097373007331043,0.0006299960659816861,0.0013700046110898256,8.124743006192148,False,False,0,0,0.0,,,,,0.0,,False,False,False,True,13,13,,,
plate_bougie/main_sur_bord/20260823T135543Z/frame_0013.jpg,20260823T135543Z,13,6.5,contour,A,magsac,magsac,plate_bougie,,main_sur_bord,False,none,False,0.0,0.0,0.0,0.0,0.0,0.0,0.0,,,,,,7.756410006550141,0.00048198853619396687,0.000981992343440652,7.7830209920648485,False,False,0,0,0.0,,,,,0.0,,False,False,False,True,14,14,,,
plate_bougie/main_sur_bord/20260823T135543Z/frame_0014.jpg,20260823T135543Z,14,7.0,contour,A,magsac,magsac,plate_bougie,,main_sur_bord,False,none,False,0.0,0.0,0.0,0.0,0.0,0.0,0.0,,,,,,7.976947003044188,0.0005740002961829305,0.0010369985830038786,8.003965005627833,False,False,0,0,0.0,,,,,0.0,,False,False,False,True,15,15,,,
plate_bougie/main_sur_bord/20260823T135543Z/frame_0015.jpg,20260823T135543Z,15,7.5,contour,A,magsac,magsac,plate_bougie,,main_sur_bord,False,none,False,0.0,0.0,0.0,0.0,0.0,0.0,0.0,,,,,,7.900261000031605,0.0006659975042566657,0.001371008693240583,7.9270769929280505,False,False,0,0,0.0,,,,,0.0,,False,False,False,True,16,16,,,
plate_bougie/main_sur_bord/20260823T135543Z/frame_0016.jpg,20260823T135543Z,16,8.0,contour,A,magsac,magsac,plate_bougie,,main_sur_bord,False,none,False,0.0,0.0,0.0,0.0,0.0,0.0,0.0,,,,,,8.003650000318885,0.0003699969965964556,0.0014079996617510915,8.03053900017403,False,False,0,0,0.0,,,,,0.0,,False,False,False,True,17,17,,,
plate_bougie/main_sur_bord/20260823T135543Z/frame_0017.jpg,20260823T135543Z,17,8.5,contour,A,magsac,magsac,plate_bougie,,main_sur_bord,False,none,False,0.0,0.0,0.0,0.0,0.0,0.0,0.0,,,,,,7.607503008330241,0.000777989043854177,0.0012780074030160904,7.636521011590958,False,False,0,0,0.0,,,,,0.0,,False,False,False,True,18,18,,,
plate_bougie/main_sur_bord/20260823T135543Z/frame_0018.jpg,20260823T135543Z,18,9.0,contour,A,magsac,magsac,plate_bougie,,main_sur_bord,False,none,False,0.0,0.0,0.0,0.0,0.0,0.0,0.0,,,,,,8.042465007747523,0.0007409980753436685,0.0015929981600493193,8.070187002886087,False,False,0,0,0.0,,,,,0.0,,False,False,False,True,19,19,,,
plate_bougie/main_sur_bord/20260823T135543Z/frame_0019.jpg,20260823T135543Z,19,9.5,contour,A,magsac,magsac,plate_bougie,,main_sur_bord,False,none,False,0.0,0.0,0.0,0.0,0.0,0.0,0.0,,,,,,7.772039010887966,0.0006490008672699332,0.0011299998732283711,7.800428997143172,False,False,0,0,0.0,,,,,0.0,,False,False,False,True,20,20,,,
plate_bougie/occlusion_angle/20260823T135620Z/frame_0000.jpg,20260823T135620Z,0,0.0,contour,A,magsac,magsac,plate_bougie,,occlusion_angle,False,none,False,0.0,0.0,0.0,0.0,0.0,0.0,0.0,,,,,,7.970204998855479,0.0005559995770454407,0.001204010914079845,7.997854001587257,False,False,0,0,0.0,,,,,0.0,,False,False,False,True,1,1,,,
plate_bougie/occlusion_angle/20260823T135620Z/frame_0001.jpg,20260823T135620Z,1,0.5,contour,A,magsac,magsac,plate_bougie,,occlusion_angle,False,none,False,0.0,0.0,0.0,0.0,0.0,0.0,0.0,,,,,,7.628113991813734,0.0006860063876956701,0.0010739895515143871,7.6547989883692935,False,False,0,0,0.0,,,,,0.0,,False,False,False,True,2,2,,,
plate_bougie/occlusion_angle/20260823T135620Z/frame_0002.jpg,20260823T135620Z,2,1.0,contour,A,magsac,magsac,plate_bougie,,occlusion_angle,False,none,False,0.0,0.0,0.0,0.0,0.0,0.0,0.0,,,,,,7.5578539981506765,0.0007960043149068952,0.001167005393654108,7.58430000860244,False,False,0,0,0.0,,,,,0.0,,False,False,False,True,3,3,,,
plate_bougie/occlusion_angle/20260823T135620Z/frame_0003.jpg,20260823T135620Z,3,1.5,contour,A,magsac,magsac,plate_bougie,,occlusion_angle,False,none,False,0.0,0.0,0.0,0.0,0.0,0.0,0.0,,,,,,7.826928005670197,0.0005740002961829305,0.0013520038919523358,7.854112991481088,False,False,0,0,0.0,,,,,0.0,,False,False,False,True,4,4,,,
plate_bougie/occlusion_angle/20260823T135620Z/frame_0004.jpg,20260823T135620Z,4,2.0,contour,A,magsac,magsac,plate_bougie,,occlusion_angle,False,none,False,0.0,0.0,0.0,0.0,0.0,0.0,0.0,,,,,,7.739965993096121,0.0006479967851191759,0.001148000592365861,7.766465001623146,False,False,0,0,0.0,,,,,0.0,,False,False,False,True,5,5,,,
plate_bougie/occlusion_angle/20260823T135620Z/frame_0005.jpg,20260823T135620Z,5,2.5,contour,A,magsac,magsac,plate_bougie,,occlusion_angle,False,none,False,0.0,0.0,0.0,0.0,0.0,0.0,0.0,,,,,,8.958167003584094,0.0011290103429928422,0.001925989636220038,9.000019010272808,False,False,0,0,0.0,,,,,0.0,,False,False,False,True,6,6,,,
plate_bougie/occlusion_angle/20260823T135620Z/frame_0006.jpg,20260823T135620Z,6,3.0,contour,A,magsac,magsac,plate_bougie,,occlusion_angle,False,none,False,0.0,0.0,0.0,0.0,0.0,0.0,0.0,,,,,,8.02609499078244,0.0007590133463963866,0.03198099147994071,8.085391003987752,False,False,0,0,0.0,,,,,0.0,,False,False,False,True,7,7,,,
plate_bougie/occlusion_angle/20260823T135620Z/frame_0007.jpg,20260823T135620Z,7,3.5,contour,A,magsac,magsac,plate_bougie,,occlusion_angle,False,none,False,0.0,0.0,0.0,0.0,0.0,0.0,0.0,,,,,,8.04955700004939,0.0008520000847056508,0.0012409873306751251,8.07748299848754,False,False,0,0,0.0,,,,,0.0,,False,False,False,True,8,8,,,
plate_bougie/occlusion_angle/20260823T135620Z/frame_0008.jpg,20260823T135620Z,8,4.0,contour,A,magsac,magsac,plate_bougie,,occlusion_angle,False,none,False,0.0,0.0,0.0,0.0,0.0,0.0,0.0,,,,,,7.98035399930086,0.0004450121195986867,0.000981992343440652,8.007779004401527,False,False,0,0,0.0,,,,,0.0,,False,False,False,True,9,9,,,
plate_bougie/occlusion_angle/20260823T135620Z/frame_0009.jpg,20260823T135620Z,9,4.5,contour,A,magsac,magsac,plate_bougie,,occlusion_angle,False,none,False,0.0,0.0,0.0,0.0,0.0,0.0,0.0,,,,,,7.622114004334435,0.0006480113370344043,0.001148000592365861,7.6485210011014715,False,False,0,0,0.0,,,,,0.0,,False,False,False,True,10,10,,,
plate_bougie/occlusion_angle/20260823T135620Z/frame_0010.jpg,20260823T135620Z,10,5.0,contour,A,magsac,magsac,plate_bougie,,occlusion_angle,False,none,False,0.0,0.0,0.0,0.0,0.0,0.0,0.0,,,,,,7.923483004560694,0.0006479967851191759,0.001314998371526599,7.949391001602635,False,False,0,0,0.0,,,,,0.0,,False,False,False,True,11,11,,,
plate_bougie/occlusion_angle/20260823T135620Z/frame_0011.jpg,20260823T135620Z,11,5.5,contour,A,magsac,magsac,plate_bougie,,occlusion_angle,False,none,False,0.0,0.0,0.0,0.0,0.0,0.0,0.0,,,,,,8.000354006071575,0.0010369985830038786,0.001334003172814846,8.02698299230542,False,False,0,0,0.0,,,,,0.0,,False,False,False,True,12,12,,,
plate_bougie/occlusion_angle/20260823T135620Z/frame_0012.jpg,20260823T135620Z,12,6.0,contour,A,magsac,magsac,plate_bougie,,occlusion_angle,False,none,False,0.0,0.0,0.0,0.0,0.0,0.0,0.0,,,,,,8.133556999382563,0.000667001586407423,0.0011110096238553524,8.161057005054317,False,False,0,0,0.0,,,,,0.0,,False,False,False,True,13,13,,,
plate_bougie/occlusion_angle/20260823T135620Z/frame_0013.jpg,20260823T135620Z,13,6.5,contour,A,magsac,magsac,plate_bougie,,occlusion_angle,False,none,False,0.0,0.0,0.0,0.0,0.0,0.0,0.0,,,,,,8.084150002105162,0.0007780035957694054,0.0012960081221535802,8.112223993521184,False,False,0,0,0.0,,,,,0.0,,False,False,False,True,14,14,,,
plate_bougie/occlusion_angle/20260823T135620Z/frame_0014.jpg,20260823T135620Z,14,7.0,contour,A,magsac,magsac,plate_bougie,,occlusion_angle,False,none,False,0.0,0.0,0.0,0.0,0.0,0.0,0.0,,,,,,8.101780011202209,0.0006290065357461572,0.000943997292779386,8.128297995426692,False,False,0,0,0.0,,,,,0.0,,False,False,False,True,15,15,,,
plate_bougie/occlusion_angle/20260823T135620Z/frame_0015.jpg,20260823T135620Z,15,7.5,contour,A,magsac,magsac,plate_bougie,,occlusion_angle,False,none,False,0.0,0.0,0.0,0.0,0.0,0.0,0.0,,,,,,7.9536690027453005,0.0005559995770454407,0.0012590026017278433,7.9809089947957546,False,False,0,0,0.0,,,,,0.0,,False,False,False,True,16,16,,,
plate_bougie/occlusion_angle/20260823T135620Z/frame_0016.jpg,20260823T135620Z,16,8.0,contour,A,magsac,magsac,plate_bougie,,occlusion_angle,False,none,False,0.0,0.0,0.0,0.0,0.0,0.0,0.0,,,,,,7.958076006616466,0.0008520000847056508,0.0010930089047178626,7.984353986103088,False,False,0,0,0.0,,,,,0.0,,False,False,False,True,17,17,,,
plate_bougie/occlusion_angle/20260823T135620Z/frame_0017.jpg,20260823T135620Z,17,8.5,contour,A,magsac,magsac,plate_bougie,,occlusion_angle,False,none,False,0.0,0.0,0.0,0.0,0.0,0.0,0.0,,,,,,7.995946012670174,0.0006660120561718941,0.001148000592365861,8.023575996048748,False,False,0,0,0.0,,,,,0.0,,False,False,False,True,18,18,,,
plate_bougie/occlusion_angle/20260823T135620Z/frame_0018.jpg,20260823T135620Z,18,9.0,contour,A,magsac,magsac,plate_bougie,,occlusion_angle,False,none,False,0.0,0.0,0.0,0.0,0.0,0.0,0.0,,,,,,8.143539002048783,0.0007220078259706497,0.0010740041034296155,8.17024300340563,False,False,0,0,0.0,,,,,0.0,,False,False,False,True,19,19,,,
plate_bougie/occlusion_angle/20260823T135620Z/frame_0019.jpg,20260823T135620Z,19,9.5,contour,A,magsac,magsac,plate_bougie,,occlusion_angle,False,none,False,0.0,0.0,0.0,0.0,0.0,0.0,0.0,,,,,,8.05722399672959,0.0005749898264184594,0.0011850061127915978,8.084150002105162,False,False,0,0,0.0,,,,,0.0,,False,False,False,True,20,20,,,
plate_cellule/frontal/20260823T132156Z/frame_0000.jpg,20260823T132156Z,0,0.0,contour,A,magsac,magsac,plate_cellule,,frontal,True,contour,False,0.9261910592144598,0.988968150690198,0.13946723090277777,1.0,0.9414157851912124,0.9414666770959719,0.5,,107,505,551,555,15.86198499717284,86.50339499581605,0.0004450121195986867,102.39223200187553,False,False,0,0,0.0,,,,,0.0,,False,False,False,True,1,1,,,
plate_cellule/frontal/20260823T132156Z/frame_0001.jpg,20260823T132156Z,1,0.5,contour,A,magsac,magsac,plate_cellule,plate_cellule,frontal,True,contour,False,0.9595011103844906,0.9834831189364195,0.12461154513888889,1.0,0.9991589571068125,0.9618451981287981,0.6848191561398184,,81,458,521,521,15.533263998804614,85.95717400021385,23.675821998040192,125.2589630021248,True,True,33,29,0.8787878787878788,0.8586854934692383,plate_cellule,,,0.2825,0.2,True,False,False,False,0,1,0.5,,
plate_cellule/frontal/20260823T132156Z/frame_0002.jpg,20260823T132156Z,2,1.0,contour,A,magsac,magsac,plate_cellule,,frontal,False,none,False,0.0,0.0,0.0,0.0,0.0,0.0,0.0,,,,,,8.726685991859995,0.0006859918357804418,0.0012029922800138593,8.753833986702375,False,False,0,0,0.0,,,,,0.0,,False,False,False,True,1,1,,,
plate_cellule/frontal/20260823T132156Z/frame_0003.jpg,20260823T132156Z,3,1.5,contour,A,magsac,magsac,plate_cellule,,frontal,True,contour,False,0.9701359701212472,0.9940809095278382,0.13314507378472223,1.0,0.9512195121951219,0.9835420377399978,0.8575261544011544,,66,418,554,551,15.317319994210266,83.61501200124621,0.0005919864634051919,98.95979501015972,False,False,0,0,0.0,,,,,0.0,,False,False,False,True,2,2,,,
plate_cellule/frontal/20260823T132156Z/frame_0004.jpg,20260823T132156Z,4,2.0,contour,A,magsac,magsac,plate_cellule,plate_cellule,frontal,True,contour,False,0.9594904525020984,0.9855848802253604,0.13002766927083334,1.0,0.9598796389167502,0.9718219720022195,0.7666288150508093,,121,394,548,553,15.263838999089785,85.45235999918077,22.736434009857476,123.54446599783842,True,True,39,33,0.8461538461538461,0.8185114860534668,plate_cellule,,,0.32125,0.2,True,False,False,False,0,2,,,
plate_cellule/frontal/20260823T132156Z/frame_0005.jpg,20260823T132156Z,5,2.5,contour,A,magsac,magsac,plate_cellule,plate_cellule,frontal,True,contour,False,0.9666676224754804,0.980673037469387,0.12975477430555554,1.0,0.9140625,0.9646043448427589,0.9748965175038846,,118,391,545,554,15.16396900115069,86.1275250063045,22.900266994838603,124.28318698948715,True,True,37,35,0.9459459459459459,0.7708808779716492,plate_cellule,,,0.25,0.2,True,False,False,False,0,2,,,
plate_cellule/frontal/20260823T132156Z/frame_0006.jpg,20260823T132156Z,6,3.0,contour,A,magsac,magsac,plate_cellule,plate_cellule,frontal,True,contour,False,0.9520698537413892,0.9781805742532015,0.13439290364583334,1.0,0.9244239631336405,0.9849367726481789,0.7901601341720059,,64,404,553,560,15.279487008228898,85.43332299450412,22.833989991340786,123.64139199780766,True,True,56,50,0.8928571428571429,0.7072551846504211,plate_cellule,,,0.40375,0.2,True,False,False,False,0,2,,plate_cellule,3.0
plate_cellule/frontal/20260823T132156Z/frame_0007.jpg,20260823T132156Z,7,3.5,contour,A,magsac,magsac,plate_cellule,,frontal,True,contour,False,0.9708897737766932,0.9802761767059565,0.13522406684027777,1.0,0.9321880650994575,0.9811920172575571,0.9564070276428615,,66,414,553,561,15.380967990495265,85.46986000146717,0.0007410126272588968,100.88140198786277,False,False,0,0,0.0,,,,,0.0,,False,False,False,True,1,2,,,
plate_cellule/frontal/20260823T132156Z/frame_0008.jpg,20260823T132156Z,8,4.0,contour,A,magsac,magsac,plate_cellule,plate_cellule,frontal,True,contour,False,0.957082567903476,0.9803934562951326,0.13420789930555554,1.0,0.8665480427046264,0.9829028214473889,0.9803723819404073,,64,417,550,557,15.395930997328833,88.37174299696926,23.358913997071795,127.21825500193518,True,True,52,45,0.8653846153846154,0.6397199630737305,plate_cellule,,,0.38375,0.2,True,False,False,False,0,2,,,
plate_cellule/frontal/20260823T132156Z/frame_0009.jpg,20260823T132156Z,9,4.5,contour,A,magsac,magsac,plate_cellule,plate_cellule,frontal,True,contour,False,0.9638748877683484,0.9823099710047245,0.12907552083333335,1.0,0.9214801444043321,0.9873794539964678,0.9007391496620127,,57,405,541,546,15.139673007070087,86.29789500264451,23.2557849958539,124.78636999730952,True,True,38,34,0.8947368421052632,0.7429697513580322,plate_cellule,,,0.3675,0.2,True,False,False,False,0,2,,,
plate_cellule/frontal/20260823T132156Z/frame_0010.jpg,20260823T132156Z,10,5.0,contour,A,magsac,magsac,plate_cellule,plate_cellule,frontal,True,contour,False,0.9871754000659811,0.9798402339220047,0.1297433810763889,1.0,0.9819494584837545,0.9901136764749264,0.9872459762094854,,58,406,542,548,15.280802006600425,85.84567300567869,23.140488992794417,124.36014899867587,True,True,45,43,0.9555555555555556,0.7084974646568298,plate_cellule,,,0.3925,0.2,True,False,False,False,0,2,,,
plate_cellule/frontal/20260823T132156Z/frame_0011.jpg,20260823T132156Z,11,5.5,contour,A,magsac,magsac,plate_cellule,,frontal,True,contour,False,0.9748470894510554,0.9834503997117281,0.1278103298611111,1.0,0.9347826086956522,0.9901850595407533,0.9709781140954851,,54,406,539,543,15.245060989400372,82.80060600372963,0.0004259927663952112,98.07235299376771,False,False,0,0,0.0,,,,,0.0,,False,False,False,True,1,2,,,
plate_cellule/frontal/20260823T132156Z/frame_0012.jpg,20260823T132156Z,12,6.0,contour,A,magsac,magsac,plate_cellule,,frontal,True,contour,False,0.9830197885705211,0.9815506190061569,0.12776963975694444,1.0,0.9694793536804309,0.9908894243024862,0.9709582201831768,,59,410,536,544,15.356244999566115,84.44410300580785,0.0005190086085349321,99.82770100759808,False,False,0,0,0.0,,,,,0.0,,False,False,False,True,2,2,,,
plate_cellule/frontal/20260823T132156Z/frame_0013.jpg,20260823T132156Z,13,6.5,contour,A,magsac,magsac,plate_cellule,,frontal,True,contour,False,0.9607502672691793,0.9794183149933815,0.12784288194444443,1.0,0.9013574660633484,0.9907717707047008,0.9250822918485764,,77,407,537,545,15.208005992462859,84.08780700119678,0.000500003807246685,99.32299799402244,False,False,0,0,0.0,,,,,0.0,,False,False,False,True,3,3,,,
plate_cellule/frontal/20260823T132156Z/frame_0014.jpg,20260823T132156Z,14,7.0,contour,A,magsac,magsac,plate_cellule,,frontal,True,contour,False,0.9834463337645029,0.9758457392454147,0.1281032986111111,1.0,0.9848484848484849,0.9882115287959611,0.9565933789916107,,87,410,534,546,15.331560003687628,88.57503799663391,0.0005930050974711776,103.93287699844223,False,False,0,0,0.0,,,,,0.0,,False,False,False,True,4,4,,,
plate_cellule/frontal/20260823T132156Z/frame_0015.jpg,20260823T132156Z,15,7.5,contour,A,magsac,magsac,plate_cellule,,frontal,True,contour,False,0.983467014401101,0.9760562721639872,0.12871202256944445,1.0,0.9806167400881057,0.987693325440447,0.9672661518583366,,81,414,535,545,15.306412999052554,82.25858799414709,0.000500003807246685,97.59146498981863,False,False,0,0,0.0,,,,,0.0,,False,False,False,True,5,5,,,
plate_cellule/frontal/20260823T132156Z/frame_0016.jpg,20260823T132156Z,16,8.0,contour,A,magsac,magsac,plate_cellule,,frontal,True,contour,False,0.9556592369747241,0.9788508340716362,0.1304123263888889,1.0,0.8658536585365854,0.9860985708426298,0.96930715034824,,78,420,538,547,15.436727000633255,83.23292000568472,0.000667001586407423,98.69651800545398,False,False,0,0,0.0,,,,,0.0,,False,False,False,True,6,6,,,
plate_cellule/frontal/20260823T132156Z/frame_0017.jpg,20260823T132156Z,17,8.5,contour,A,magsac,magsac,plate_cellule,plate_cellule,frontal,True,contour,False,0.9696843583434777,0.9769411701709032,0.13200737847222221,1.0,0.9502617801047121,0.9778194555393401,0.9125461671209457,,95,424,541,552,15.498709006351419,86.71770899672993,22.83326699398458,125.14125900634099,True,True,45,40,0.8888888888888888,0.5917717218399048,plate_cellule,,,0.395,0.2,True,False,False,False,0,6,,,
plate_cellule/frontal/20260823T132156Z/frame_0018.jpg,20260823T132156Z,18,9.0,contour,A,magsac,magsac,plate_cellule,,frontal,True,contour,False,0.972988093849445,0.9742103442549706,0.130595703125,1.0,0.9468641114982579,0.9745167632781252,0.9655728637057696,,105,427,536,550,15.56970899400767,83.96610399358906,0.000443993485532701,99.56233100092504,False,False,0,0,0.0,,,,,0.0,,False,False,False,True,1,6,,,
plate_cellule/frontal/20260823T132156Z/frame_0019.jpg,20260823T132156Z,19,9.5,contour,A,magsac,magsac,plate_cellule,plate_cellule,frontal,True,contour,False,0.9598402552754496,0.9776781257241964,0.12962293836805555,1.0,0.8979591836734694,0.9711195326985846,0.9493506836996483,,117,427,538,548,15.298337995773181,85.6489879952278,22.92791499348823,123.96537300082855,True,True,44,40,0.9090909090909091,0.634405255317688,plate_cellule,,,0.38,0.2,True,False,False,False,0,6,,,
plate_cellule/main_sur_bord/20260823T132507Z/frame_0000.jpg,20260823T132507Z,0,0.0,contour,A,magsac,magsac,plate_cellule,,main_sur_bord,False,none,False,0.0,0.0,0.0,0.0,0.0,0.0,0.0,,,,,,8.689870999660343,0.0006850023055449128,0.0011849915608763695,8.716889991774224,False,False,0,0,0.0,,,,,0.0,,False,False,False,True,1,1,,,
plate_cellule/main_sur_bord/20260823T132507Z/frame_0001.jpg,20260823T132507Z,1,0.5,contour,A,magsac,magsac,plate_cellule,,main_sur_bord,False,none,False,0.0,0.0,0.0,0.0,0.0,0.0,0.0,,,,,,8.669574992381968,0.000610991264693439,0.0012969976523891091,8.697889003087766,False,False,0,0,0.0,,,,,0.0,,False,False,False,True,2,2,,,
plate_cellule/main_sur_bord/20260823T132507Z/frame_0002.jpg,20260823T132507Z,2,1.0,contour,A,magsac,magsac,plate_cellule,,main_sur_bord,False,none,False,0.0,0.0,0.0,0.0,0.0,0.0,0.0,,,,,,8.733723007026128,0.0006479967851191759,0.001148000592365861,8.760017997701652,False,False,0,0,0.0,,,,,0.0,,False,False,False,True,3,3,,,
plate_cellule/main_sur_bord/20260823T132507Z/frame_0003.jpg,20260823T132507Z,3,1.5,contour,A,magsac,magsac,plate_cellule,,main_sur_bord,False,none,False,0.0,0.0,0.0,0.0,0.0,0.0,0.0,,,,,,8.638222992885858,0.0007600028766319156,0.0010559888323768973,8.666000998346135,False,False,0,0,0.0,,,,,0.0,,False,False,False,True,4,4,,,
plate_cellule/main_sur_bord/20260823T132507Z/frame_0004.jpg,20260823T132507Z,4,2.0,contour,A,magsac,magsac,plate_cellule,,main_sur_bord,False,none,False,0.0,0.0,0.0,0.0,0.0,0.0,0.0,,,,,,8.5709639970446,0.0006299960659816861,0.001277003320865333,8.598018990596756,False,False,0,0,0.0,,,,,0.0,,False,False,False,True,5,5,,,
plate_cellule/main_sur_bord/20260823T132507Z/frame_0005.jpg,20260823T132507Z,5,2.5,contour,A,magsac,magsac,plate_cellule,,main_sur_bord,False,none,False,0.0,0.0,0.0,0.0,0.0,0.0,0.0,,,,,,8.494352994603105,0.0007600028766319156,0.0012220116332173347,8.521759998984635,False,False,0,0,0.0,,,,,0.0,,False,False,False,True,6,6,,,
plate_cellule/main_sur_bord/20260823T132507Z/frame_0006.jpg,20260823T132507Z,6,3.0,contour,A,magsac,magsac,plate_cellule,,main_sur_bord,False,none,False,0.0,0.0,0.0,0.0,0.0,0.0,0.0,,,,,,8.61088999954518,0.0005740002961829305,0.0013699900591745973,8.640315005322918,False,False,0,0,0.0,,,,,0.0,,False,False,False,True,7,7,,,
plate_cellule/main_sur_bord/20260823T132507Z/frame_0007.jpg,20260823T132507Z,7,3.5,contour,A,magsac,magsac,plate_cellule,,main_sur_bord,False,none,False,0.0,0.0,0.0,0.0,0.0,0.0,0.0,,,,,,8.534409003914334,0.0006669870344921947,0.0010369985830038786,8.561315989936702,False,False,0,0,0.0,,,,,0.0,,False,False,False,True,8,8,,,
plate_cellule/main_sur_bord/20260823T132507Z/frame_0008.jpg,20260823T132507Z,8,4.0,contour,A,magsac,magsac,plate_cellule,,main_sur_bord,False,none,False,0.0,0.0,0.0,0.0,0.0,0.0,0.0,,,,,,8.61250000889413,0.000981992343440652,0.0012409873306751251,8.640444997581653,False,False,0,0,0.0,,,,,0.0,,False,False,False,True,9,9,,,
plate_cellule/main_sur_bord/20260823T132507Z/frame_0009.jpg,20260823T132507Z,9,4.5,contour,A,magsac,magsac,plate_cellule,,main_sur_bord,False,none,False,0.0,0.0,0.0,0.0,0.0,0.0,0.0,,,,,,8.637648992589675,0.0006299960659816861,0.001148000592365861,8.666112000355497,False,False,0,0,0.0,,,,,0.0,,False,False,False,True,10,10,,,
plate_cellule/main_sur_bord/20260823T132507Z/frame_0010.jpg,20260823T132507Z,10,5.0,contour,A,magsac,magsac,plate_cellule,,main_sur_bord,False,none,False,0.0,0.0,0.0,0.0,0.0,0.0,0.0,,,,,,8.485279002343304,0.0005559995770454407,0.0010739895515143871,8.51340799999889,False,False,0,0,0.0,,,,,0.0,,False,False,False,True,11,11,,,
plate_cellule/main_sur_bord/20260823T132507Z/frame_0011.jpg,20260823T132507Z,11,5.5,contour,A,magsac,magsac,plate_cellule,,main_sur_bord,False,none,False,0.0,0.0,0.0,0.0,0.0,0.0,0.0,,,,,,8.395964003284462,0.0005740002961829305,0.0010740041034296155,8.423593011684716,False,False,0,0,0.0,,,,,0.0,,False,False,False,True,12,12,,,
plate_cellule/main_sur_bord/20260823T132507Z/frame_0012.jpg,20260823T132507Z,12,6.0,contour,A,magsac,magsac,plate_cellule,,main_sur_bord,False,none,False,0.0,0.0,0.0,0.0,0.0,0.0,0.0,,,,,,8.62583400157746,0.0006479967851191759,0.0010560033842921257,8.653593002236448,False,False,0,0,0.0,,,,,0.0,,False,False,False,True,13,13,,,
plate_cellule/main_sur_bord/20260823T132507Z/frame_0013.jpg,20260823T132507Z,13,6.5,contour,A,magsac,magsac,plate_cellule,,main_sur_bord,False,none,False,0.0,0.0,0.0,0.0,0.0,0.0,0.0,,,,,,8.436074989731424,0.000776999513618648,0.0012230011634528637,8.46179699874483,False,False,0,0,0.0,,,,,0.0,,False,False,False,True,14,14,,,
plate_cellule/main_sur_bord/20260823T132507Z/frame_0014.jpg,20260823T132507Z,14,7.0,contour,A,magsac,magsac,plate_cellule,,main_sur_bord,False,none,False,0.0,0.0,0.0,0.0,0.0,0.0,0.0,,,,,,8.061668995651416,0.0007780035957694054,0.001204010914079845,8.088446003966965,False,False,0,0,0.0,,,,,0.0,,False,False,False,True,15,15,,,
plate_cellule/main_sur_bord/20260823T132507Z/frame_0015.jpg,20260823T132507Z,15,7.5,contour,A,magsac,magsac,plate_cellule,,main_sur_bord,False,none,False,0.0,0.0,0.0,0.0,0.0,0.0,0.0,,,,,,8.209446008550003,0.0006479967851191759,0.0012219970813021064,8.236556997871958,False,False,0,0,0.0,,,,,0.0,,False,False,False,True,16,16,,,
plate_cellule/main_sur_bord/20260823T132507Z/frame_0016.jpg,20260823T132507Z,16,8.0,contour,A,magsac,magsac,plate_cellule,,main_sur_bord,False,none,False,0.0,0.0,0.0,0.0,0.0,0.0,0.0,,,,,,8.060446009039879,0.000500003807246685,0.0011289957910776138,8.087612994131632,False,False,0,0,0.0,,,,,0.0,,False,False,False,True,17,17,,,
plate_cellule/main_sur_bord/20260823T132507Z/frame_0017.jpg,20260823T132507Z,17,8.5,contour,A,magsac,magsac,plate_cellule,,main_sur_bord,False,none,False,0.0,0.0,0.0,0.0,0.0,0.0,0.0,,,,,,8.070149997365661,0.0007589987944811583,0.0012219970813021064,8.09702099650167,False,False,0,0,0.0,,,,,0.0,,False,False,False,True,18,18,,,
plate_cellule/main_sur_bord/20260823T132507Z/frame_0018.jpg,20260823T132507Z,18,9.0,contour,A,magsac,magsac,plate_cellule,,main_sur_bord,False,none,False,0.0,0.0,0.0,0.0,0.0,0.0,0.0,,,,,,8.487796992994845,0.0005740002961829305,0.001481996150687337,8.515185996657237,False,False,0,0,0.0,,,,,0.0,,False,False,False,True,19,19,,,
plate_cellule/main_sur_bord/20260823T132507Z/frame_0019.jpg,20260823T132507Z,19,9.5,contour,A,magsac,magsac,plate_cellule,,main_sur_bord,False,none,False,0.0,0.0,0.0,0.0,0.0,0.0,0.0,,,,,,8.34740899153985,0.0005559995770454407,0.001148000592365861,8.374853001441807,False,False,0,0,0.0,,,,,0.0,,False,False,False,True,20,20,,,
plate_cellule/occlusion_angle/20260823T132607Z/frame_0000.jpg,20260823T132607Z,0,0.0,contour,A,magsac,magsac,plate_cellule,,occlusion_angle,False,none,False,0.0,0.0,0.0,0.0,0.0,0.0,0.0,,,,,,8.524945005774498,0.0005550100468099117,0.0012590026017278433,8.552371000405401,False,False,0,0,0.0,,,,,0.0,,False,False,False,True,1,1,,,
plate_cellule/occlusion_angle/20260823T132607Z/frame_0001.jpg,20260823T132607Z,1,0.5,contour,A,magsac,magsac,plate_cellule,,occlusion_angle,False,none,False,0.0,0.0,0.0,0.0,0.0,0.0,0.0,,,,,,8.403464991715737,0.0006659975042566657,0.0014629913493990898,8.430740999756381,False,False,0,0,0.0,,,,,0.0,,False,False,False,True,2,2,,,
plate_cellule/occlusion_angle/20260823T132607Z/frame_0002.jpg,20260823T132607Z,2,1.0,contour,A,magsac,magsac,plate_cellule,,occlusion_angle,False,none,False,0.0,0.0,0.0,0.0,0.0,0.0,0.0,,,,,,8.427148990449496,0.0005740002961829305,0.0012219970813021064,8.455056013190188,False,False,0,0,0.0,,,,,0.0,,False,False,False,True,3,3,,,
plate_cellule/occlusion_angle/20260823T132607Z/frame_0003.jpg,20260823T132607Z,3,1.5,contour,A,magsac,magsac,plate_cellule,,occlusion_angle,False,none,False,0.0,0.0,0.0,0.0,0.0,0.0,0.0,,,,,,8.322779001900926,0.0006120098987594247,0.0011299998732283711,8.349833995453082,False,False,0,0,0.0,,,,,0.0,,False,False,False,True,4,4,,,
plate_cellule/occlusion_angle/20260823T132607Z/frame_0004.jpg,20260823T132607Z,4,2.0,contour,A,magsac,magsac,plate_cellule,,occlusion_angle,False,none,False,0.0,0.0,0.0,0.0,0.0,0.0,0.0,,,,,,8.44381601200439,0.0007600028766319156,0.0012219970813021064,8.470463988487609,False,False,0,0,0.0,,,,,0.0,,False,False,False,True,5,5,,,
plate_cellule/occlusion_angle/20260823T132607Z/frame_0005.jpg,20260823T132607Z,5,2.5,contour,A,magsac,magsac,plate_cellule,,occlusion_angle,False,none,False,0.0,0.0,0.0,0.0,0.0,0.0,0.0,,,,,,8.331518998602405,0.0006479967851191759,0.0011479860404506326,8.359057013876736,False,False,0,0,0.0,,,,,0.0,,False,False,False,True,6,6,,,
plate_cellule/occlusion_angle/20260823T132607Z/frame_0006.jpg,20260823T132607Z,6,3.0,contour,A,magsac,magsac,plate_cellule,,occlusion_angle,False,none,False,0.0,0.0,0.0,0.0,0.0,0.0,0.0,,,,,,8.428186003584415,0.0006480113370344043,0.001314998371526599,8.454630995402113,False,False,0,0,0.0,,,,,0.0,,False,False,False,True,7,7,,,
plate_cellule/occlusion_angle/20260823T132607Z/frame_0007.jpg,20260823T132607Z,7,3.5,contour,A,magsac,magsac,plate_cellule,,occlusion_angle,False,none,False,0.0,0.0,0.0,0.0,0.0,0.0,0.0,,,,,,8.433223003521562,0.0007409980753436685,0.001091990270651877,8.459796998067759,False,False,0,0,0.0,,,,,0.0,,False,False,False,True,8,8,,,
plate_cellule/occlusion_angle/20260823T132607Z/frame_0008.jpg,20260823T132607Z,8,4.0,contour,A,magsac,magsac,plate_cellule,,occlusion_angle,False,none,False,0.0,0.0,0.0,0.0,0.0,0.0,0.0,,,,,,8.420168000156991,0.0005739857442677021,0.0014260003808885813,8.446149004157633,False,False,0,0,0.0,,,,,0.0,,False,False,False,True,9,9,,,
plate_cellule/occlusion_angle/20260823T132607Z/frame_0009.jpg,20260823T132607Z,9,4.5,contour,A,magsac,magsac,plate_cellule,,occlusion_angle,False,none,False,0.0,0.0,0.0,0.0,0.0,0.0,0.0,,,,,,8.351946002221666,0.0005559995770454407,0.0010740041034296155,8.3787229959853,False,False,0,0,0.0,,,,,0.0,,False,False,False,True,10,10,,,
plate_cellule/occlusion_angle/20260823T132607Z/frame_0010.jpg,20260823T132607Z,10,5.0,contour,A,magsac,magsac,plate_cellule,,occlusion_angle,False,none,False,0.0,0.0,0.0,0.0,0.0,0.0,0.0,,,,,,8.370594005100429,0.0005740002961829305,0.0012039963621646166,8.397797006182373,False,False,0,0,0.0,,,,,0.0,,False,False,False,True,11,11,,,
plate_cellule/occlusion_angle/20260823T132607Z/frame_0011.jpg,20260823T132607Z,11,5.5,contour,A,magsac,magsac,plate_cellule,,occlusion_angle,False,none,False,0.0,0.0,0.0,0.0,0.0,0.0,0.0,,,,,,8.596685991506092,0.0006659975042566657,0.0012039963621646166,8.62335300189443,False,False,0,0,0.0,,,,,0.0,,False,False,False,True,12,12,,,
plate_cellule/occlusion_angle/20260823T132607Z/frame_0012.jpg,20260823T132607Z,12,6.0,contour,A,magsac,magsac,plate_cellule,,occlusion_angle,False,none,False,0.0,0.0,0.0,0.0,0.0,0.0,0.0,,,,,,8.439575001830235,0.0005740002961829305,0.0012590026017278433,8.467074992950074,False,False,0,0,0.0,,,,,0.0,,False,False,False,True,13,13,,,
plate_cellule/occlusion_angle/20260823T132607Z/frame_0013.jpg,20260823T132607Z,13,6.5,contour,A,magsac,magsac,plate_cellule,,occlusion_angle,False,none,False,0.0,0.0,0.0,0.0,0.0,0.0,0.0,,,,,,8.256076005636714,0.000667001586407423,0.0012960081221535802,8.28270499187056,False,False,0,0,0.0,,,,,0.0,,False,False,False,True,14,14,,,
plate_cellule/occlusion_angle/20260823T132607Z/frame_0014.jpg,20260823T132607Z,14,7.0,contour,A,magsac,magsac,plate_cellule,,occlusion_angle,False,none,False,0.0,0.0,0.0,0.0,0.0,0.0,0.0,,,,,,8.255667999037541,0.0006479967851191759,0.001277992851100862,8.2823529955931,False,False,0,0,0.0,,,,,0.0,,False,False,False,True,15,15,,,
plate_cellule/occlusion_angle/20260823T132607Z/frame_0015.jpg,20260823T132607Z,15,7.5,contour,A,magsac,magsac,plate_cellule,,occlusion_angle,False,none,False,0.0,0.0,0.0,0.0,0.0,0.0,0.0,,,,,,8.237593996454962,0.0005550100468099117,0.0012220116332173347,8.264520001830533,False,False,0,0,0.0,,,,,0.0,,False,False,False,True,16,16,,,
plate_cellule/occlusion_angle/20260823T132607Z/frame_0016.jpg,20260823T132607Z,16,8.0,contour,A,magsac,magsac,plate_cellule,,occlusion_angle,False,none,False,0.0,0.0,0.0,0.0,0.0,0.0,0.0,,,,,,8.335798003827222,0.0009440118446946144,0.0010740041034296155,8.362278997083195,False,False,0,0,0.0,,,,,0.0,,False,False,False,True,17,17,,,
plate_cellule/occlusion_angle/20260823T132607Z/frame_0017.jpg,20260823T132607Z,17,8.5,contour,A,magsac,magsac,plate_cellule,,occlusion_angle,False,none,False,0.0,0.0,0.0,0.0,0.0,0.0,0.0,,,,,,8.463314996333793,0.0007410126272588968,0.0010930089047178626,8.490593012538739,False,False,0,0,0.0,,,,,0.0,,False,False,False,True,18,18,,,
plate_cellule/occlusion_angle/20260823T132607Z/frame_0018.jpg,20260823T132607Z,18,9.0,contour,A,magsac,magsac,plate_cellule,,occlusion_angle,False,none,False,0.0,0.0,0.0,0.0,0.0,0.0,0.0,,,,,,8.601945999544114,0.0005550100468099117,0.0011479860404506326,8.629944990389049,False,False,0,0,0.0,,,,,0.0,,False,False,False,True,19,19,,,
plate_cellule/occlusion_angle/20260823T132607Z/frame_0019.jpg,20260823T132607Z,19,9.5,contour,A,magsac,magsac,plate_cellule,,occlusion_angle,False,none,False,0.0,0.0,0.0,0.0,0.0,0.0,0.0,,,,,,8.472538000205532,0.0009079958545044065,0.0010740041034296155,8.499593997839838,False,False,0,0,0.0,,,,,0.0,,False,False,False,True,20,20,,,
plate_chaudron/frontal/20260823T135713Z/frame_0000.jpg,20260823T135713Z,0,0.0,contour,A,magsac,magsac,plate_chaudron,plate_chaudron,frontal,True,contour,False,0.9152172807698182,0.988277630880475,0.15748155381944445,1.0,0.8921739130434783,0.9569051324480621,0.5,,49,420,604,593,15.80889399338048,89.7562580066733,24.37218998966273,130.0325629999861,True,True,49,40,0.8163265306122449,0.6626402139663696,plate_chaudron,,,0.47125,0.2,True,False,False,False,0,0,0.0,,
plate_chaudron/frontal/20260823T135713Z/frame_0001.jpg,20260823T135713Z,1,0.5,contour,A,magsac,magsac,plate_chaudron,plate_chaudron,frontal,True,contour,False,0.9575494897803136,0.987276746891439,0.15679850260416667,1.0,0.8740157480314961,0.9548013322702732,0.9738239547798054,,42,421,603,592,15.808929994818754,91.06318198610097,24.37976399960462,131.34713399631437,True,True,52,46,0.8846153846153846,0.8374310731887817,plate_chaudron,,,0.42,0.2,True,False,False,False,0,0,,,
plate_chaudron/frontal/20260823T135713Z/frame_0002.jpg,20260823T135713Z,2,1.0,contour,A,magsac,magsac,plate_chaudron,,frontal,True,contour,False,0.9475119792962874,0.9853134276345372,0.15649956597222223,1.0,0.8266199649737302,0.9543187868141271,0.9983108108108109,,42,421,603,591,15.759447996970266,88.85796400136314,0.00048200308810919523,104.64378200413194,False,False,0,0,0.0,,,,,0.0,,False,False,False,True,1,1,,,
plate_chaudron/frontal/20260823T135713Z/frame_0003.jpg,20260823T135713Z,3,1.5,contour,A,magsac,magsac,plate_chaudron,,frontal,True,contour,False,0.9589579932311137,0.9892407236620784,0.1557367621527778,1.0,0.8723776223776224,0.9525007987628052,0.9884129066180398,,40,421,601,590,15.505746006965637,90.06216398847755,0.0005740002961829305,105.5946690030396,False,False,0,0,0.0,,,,,0.0,,False,False,False,True,2,2,,,
plate_chaudron/frontal/20260823T135713Z/frame_0004.jpg,20260823T135713Z,4,2.0,contour,A,magsac,magsac,plate_chaudron,plate_chaudron,frontal,True,contour,False,0.9882273227460545,0.9909813906997442,0.1552463107638889,1.0,0.9895287958115183,0.9522862473221945,0.9832208185103224,,40,417,600,589,15.723003991297446,90.69551499851514,24.3343750044005,130.8453019883018,True,True,55,46,0.8363636363636363,0.8590960502624512,plate_chaudron,,,0.4225,0.2,True,False,False,False,0,2,,plate_chaudron,2.0
plate_chaudron/frontal/20260823T135713Z/frame_0005.jpg,20260823T135713Z,5,2.5,contour,A,magsac,magsac,plate_chaudron,,frontal,False,none,False,0.0,0.0,0.0,0.0,0.0,0.0,0.0,,,,,,8.711833012057468,0.0009820068953558803,0.0012039963621646166,8.739500000956468,False,False,0,0,0.0,,,,,0.0,,False,False,False,True,1,2,,,
plate_chaudron/frontal/20260823T135713Z/frame_0006.jpg,20260823T135713Z,6,3.0,contour,A,magsac,magsac,plate_chaudron,plate_chaudron,frontal,True,contour,False,0.9779089252312052,0.9902458973228931,0.15767740885416667,1.0,0.9680759275237274,0.9557236941445513,0.9324380473895038,,47,427,604,593,15.873319003731012,89.87827600503806,24.374115993850864,130.21787798788864,True,True,48,38,0.7916666666666666,0.679851770401001,plate_chaudron,,,0.40375,0.2,True,False,False,False,0,2,,,
plate_chaudron/frontal/20260823T135713Z/frame_0007.jpg,20260823T135713Z,7,3.5,contour,A,magsac,magsac,plate_chaudron,plate_chaudron,frontal,True,contour,False,0.946532574948848,0.9871896486729383,0.15564019097222223,1.0,0.858647936786655,0.9545204574002246,0.9026165041028023,,26,420,601,590,15.409005005494691,87.8371500002686,24.384115997236222,127.72312300512567,True,True,55,50,0.9090909090909091,0.9000756740570068,plate_chaudron,,,0.40625,0.2,True,False,False,False,0,2,,,
plate_chaudron/frontal/20260823T135713Z/frame_0008.jpg,20260823T135713Z,8,4.0,contour,A,magsac,magsac,plate_chaudron,plate_chaudron,frontal,True,contour,False,0.990297158566334,0.9909797003492713,0.15688313802083334,1.0,0.998256320836966,0.9576327664032553,0.9767589161198558,,27,424,603,592,15.549616000498645,87.97152100305539,24.65474500786513,128.27475200174376,True,True,53,49,0.9245283018867925,0.6888582706451416,plate_chaudron,,,0.4375,0.2,True,False,False,False,0,2,,,
plate_chaudron/frontal/20260823T135713Z/frame_0009.jpg,20260823T135713Z,9,4.5,contour,A,magsac,magsac,plate_chaudron,plate_chaudron,frontal,True,contour,False,0.9902138840827268,0.990606945939362,0.15662977430555555,1.0,0.9939024390243902,0.9538459588548014,0.9917159465934029,,25,424,603,591,16.015374989365228,89.68355398974381,24.224282999057323,130.01497100049164,True,True,52,46,0.8846153846153846,0.8587496876716614,plate_chaudron,,,0.4475,0.2,True,False,False,False,0,2,,,
plate_chaudron/frontal/20260823T135713Z/frame_0010.jpg,20260823T135713Z,10,5.0,contour,A,magsac,magsac,plate_chaudron,plate_chaudron,frontal,True,contour,False,0.9632483351359564,0.989745537750423,0.15613335503472223,1.0,0.8930434782608696,0.9471708153123793,0.9834672271437411,,22,423,602,590,15.622189006535336,90.20346100442111,24.442320005618967,130.36591401032638,True,True,52,47,0.9038461538461539,0.8247308731079102,plate_chaudron,,,0.43625,0.2,True,False,False,False,0,2,,,
plate_chaudron/frontal/20260823T135713Z/frame_0011.jpg,20260823T135713Z,11,5.5,contour,A,magsac,magsac,plate_chaudron,plate_chaudron,frontal,True,contour,False,0.9823167931100367,0.9913238538429141,0.15615614149305557,1.0,0.9721980886185926,0.9546228016598888,0.9640783463652551,,13,425,602,590,15.416301001096144,88.51187099935487,24.40145000582561,128.42167800408788,True,True,52,46,0.8846153846153846,0.8865957260131836,plate_chaudron,,,0.43,0.2,True,False,False,False,0,2,,,
plate_chaudron/frontal/20260823T135713Z/frame_0012.jpg,20260823T135713Z,12,6.0,contour,A,magsac,magsac,plate_chaudron,plate_chaudron,frontal,True,contour,False,0.9483507542381828,0.9870181353762746,0.15674479166666666,1.0,0.8318890814558059,0.9592275655467064,0.983502867066783,,16,426,604,590,15.514449012698606,89.263055997435,24.412744998699054,129.28093499795068,True,True,44,42,0.9545454545454546,0.7418750524520874,plate_chaudron,,,0.41625,0.2,True,False,False,False,0,2,,,
plate_chaudron/frontal/20260823T135713Z/frame_0013.jpg,20260823T135713Z,13,6.5,contour,A,magsac,magsac,plate_chaudron,,frontal,False,none,False,0.0,0.0,0.0,0.0,0.0,0.0,0.0,,,,,,8.334464000654407,0.0007229973562061787,0.0012599921319633722,8.362334992852993,False,False,0,0,0.0,,,,,0.0,,False,False,False,True,1,2,,,
plate_chaudron/frontal/20260823T135713Z/frame_0014.jpg,20260823T135713Z,14,7.0,contour,A,magsac,magsac,plate_chaudron,plate_chaudron,frontal,True,contour,False,0.9374197949288403,0.9850650830194354,0.15328559027777777,1.0,0.8047285464098074,0.96242835411876,0.9447529800868187,,10,421,597,585,15.398226998513564,88.96748200641014,24.449134987662546,128.90741700539365,True,True,53,40,0.7547169811320755,0.6662266850471497,plate_chaudron,,,0.4225,0.2,True,False,False,False,0,2,,,
plate_chaudron/frontal/20260823T135713Z/frame_0015.jpg,20260823T135713Z,15,7.5,contour,A,magsac,magsac,plate_chaudron,plate_chaudron,frontal,True,contour,False,0.989627087360051,0.9910670006647706,0.15487141927083334,1.0,1.0,0.9559787103402791,0.9670911612659185,,0,419,600,588,15.1423389906995,88.63650100829545,24.354634995688684,128.22495600266848,True,True,44,40,0.9090909090909091,0.8473617434501648,plate_chaudron,,,0.40375,0.2,True,False,False,False,0,2,,,
plate_chaudron/frontal/20260823T135713Z/frame_0016.jpg,20260823T135713Z,16,8.0,contour,A,magsac,magsac,plate_chaudron,plate_chaudron,frontal,True,contour,False,0.9596371443554099,0.9885044796392322,0.1532183159722222,1.0,0.8797190517998245,0.9449310614987415,0.9866293136381001,,4,420,597,585,15.213060993119143,88.57305700075813,24.22432000457775,128.1022339971969,True,True,44,37,0.8409090909090909,0.8581027984619141,plate_chaudron,,,0.39625,0.2,True,False,False,False,0,2,,,
plate_chaudron/frontal/20260823T135713Z/frame_0017.jpg,20260823T135713Z,17,8.5,contour,A,magsac,magsac,plate_chaudron,plate_chaudron,frontal,True,contour,False,0.9705476809422411,0.9848280427977443,0.15657009548611112,1.0,0.9378238341968912,0.9569239287089768,0.9495091668279734,,10,424,604,589,15.359263998107053,89.04564900149126,24.140227993484586,128.63676900451537,True,True,35,32,0.9142857142857143,0.8623743653297424,plate_chaudron,,,0.40125,0.2,True,False,False,False,0,2,,,
plate_chaudron/frontal/20260823T135713Z/frame_0018.jpg,20260823T135713Z,18,9.0,contour,A,magsac,magsac,plate_chaudron,,frontal,True,contour,False,0.9839494644770225,0.9850848633795977,0.15828233506944445,1.0,0.9836488812392427,0.9674996877328119,0.9576181638005136,,3,429,606,593,15.627504006261006,87.25142999901436,0.000500003807246685,102.90606399939861,False,False,0,0,0.0,,,,,0.0,,False,False,False,True,1,2,,,
plate_chaudron/frontal/20260823T135713Z/frame_0019.jpg,20260823T135713Z,19,9.5,contour,A,magsac,magsac,plate_chaudron,plate_chaudron,frontal,True,contour,False,0.989699972069804,0.988281849771738,0.15713704427083333,1.0,0.994823123382226,0.9550311036822018,0.9900652592450597,,6,430,604,591,15.337264005211182,92.16662299877498,24.38370799063705,131.9798729964532,True,True,60,44,0.7333333333333333,0.8023229837417603,plate_chaudron,,,0.4175,0.2,True,False,False,False,0,2,,,
plate_chaudron/main_sur_bord/20260823T135744Z/frame_0000.jpg,20260823T135744Z,0,0.0,contour,A,magsac,magsac,plate_chaudron,,main_sur_bord,False,none,False,0.0,0.0,0.0,0.0,0.0,0.0,0.0,,,,,,8.99250000657048,0.0008710048859938979,0.0010560033842921257,9.020222001709044,False,False,0,0,0.0,,,,,0.0,,False,False,False,True,1,1,,,
plate_chaudron/main_sur_bord/20260823T135744Z/frame_0001.jpg,20260823T135744Z,1,0.5,contour,A,magsac,magsac,plate_chaudron,,main_sur_bord,False,none,False,0.0,0.0,0.0,0.0,0.0,0.0,0.0,,,,,,8.944870991399512,0.0007960043149068952,0.0010560033842921257,8.972056006314233,False,False,0,0,0.0,,,,,0.0,,False,False,False,True,2,2,,,
plate_chaudron/main_sur_bord/20260823T135744Z/frame_0002.jpg,20260823T135744Z,2,1.0,contour,A,magsac,magsac,plate_chaudron,,main_sur_bord,False,none,False,0.0,0.0,0.0,0.0,0.0,0.0,0.0,,,,,,8.99392600695137,0.0007229973562061787,0.0014999968698248267,9.021259000292048,False,False,0,0,0.0,,,,,0.0,,False,False,False,True,3,3,,,
plate_chaudron/main_sur_bord/20260823T135744Z/frame_0003.jpg,20260823T135744Z,3,1.5,contour,A,magsac,magsac,plate_chaudron,,main_sur_bord,False,none,False,0.0,0.0,0.0,0.0,0.0,0.0,0.0,,,,,,8.837369998218492,0.0007029884727671742,0.0011850061127915978,8.864870003890246,False,False,0,0,0.0,,,,,0.0,,False,False,False,True,4,4,,,
plate_chaudron/main_sur_bord/20260823T135744Z/frame_0004.jpg,20260823T135744Z,4,2.0,contour,A,magsac,magsac,plate_chaudron,,main_sur_bord,False,none,False,0.0,0.0,0.0,0.0,0.0,0.0,0.0,,,,,,8.99053699686192,0.0007029884727671742,0.0010549993021413684,9.018481010571122,False,False,0,0,0.0,,,,,0.0,,False,False,False,True,5,5,,,
plate_chaudron/main_sur_bord/20260823T135744Z/frame_0005.jpg,20260823T135744Z,5,2.5,contour,A,magsac,magsac,plate_chaudron,,main_sur_bord,False,none,False,0.0,0.0,0.0,0.0,0.0,0.0,0.0,,,,,,9.043408004799858,0.0007229973562061787,0.0013700046110898256,9.071573003893718,False,False,0,0,0.0,,,,,0.0,,False,False,False,True,6,6,,,
plate_chaudron/main_sur_bord/20260823T135744Z/frame_0006.jpg,20260823T135744Z,6,3.0,contour,A,magsac,magsac,plate_chaudron,,main_sur_bord,False,none,False,0.0,0.0,0.0,0.0,0.0,0.0,0.0,,,,,,8.847519013215788,0.0006289919838309288,0.00100000761449337,8.874425999238156,False,False,0,0,0.0,,,,,0.0,,False,False,False,True,7,7,,,
plate_chaudron/main_sur_bord/20260823T135744Z/frame_0007.jpg,20260823T135744Z,7,3.5,contour,A,magsac,magsac,plate_chaudron,,main_sur_bord,False,none,False,0.0,0.0,0.0,0.0,0.0,0.0,0.0,,,,,,8.803185002761893,0.0005739857442677021,0.0014079996617510915,8.831017999909818,False,False,0,0,0.0,,,,,0.0,,False,False,False,True,8,8,,,
plate_chaudron/main_sur_bord/20260823T135744Z/frame_0008.jpg,20260823T135744Z,8,4.0,contour,A,magsac,magsac,plate_chaudron,,main_sur_bord,False,none,False,0.0,0.0,0.0,0.0,0.0,0.0,0.0,,,,,,8.707685992703773,0.0010369985830038786,0.001204010914079845,8.735741008422337,False,False,0,0,0.0,,,,,0.0,,False,False,False,True,9,9,,,
plate_chaudron/main_sur_bord/20260823T135744Z/frame_0009.jpg,20260823T135744Z,9,4.5,contour,A,magsac,magsac,plate_chaudron,,main_sur_bord,False,none,False,0.0,0.0,0.0,0.0,0.0,0.0,0.0,,,,,,8.8471109920647,0.0005740002961829305,0.001167005393654108,8.874926003045402,False,False,0,0,0.0,,,,,0.0,,False,False,False,True,10,10,,,
plate_chaudron/main_sur_bord/20260823T135744Z/frame_0010.jpg,20260823T135744Z,10,5.0,contour,A,magsac,magsac,plate_chaudron,,main_sur_bord,False,none,False,0.0,0.0,0.0,0.0,0.0,0.0,0.0,,,,,,8.897184990928508,0.0006850023055449128,0.0012220116332173347,8.924832989578135,False,False,0,0,0.0,,,,,0.0,,False,False,False,True,11,11,,,
plate_chaudron/main_sur_bord/20260823T135744Z/frame_0011.jpg,20260823T135744Z,11,5.5,contour,A,magsac,magsac,plate_chaudron,,main_sur_bord,False,none,False,0.0,0.0,0.0,0.0,0.0,0.0,0.0,,,,,,8.754073991440237,0.0005370093276724219,0.0013519893400371075,8.782258999417536,False,False,0,0,0.0,,,,,0.0,,False,False,False,True,12,12,,,
plate_chaudron/main_sur_bord/20260823T135744Z/frame_0012.jpg,20260823T135744Z,12,6.0,contour,A,magsac,magsac,plate_chaudron,,main_sur_bord,False,none,False,0.0,0.0,0.0,0.0,0.0,0.0,0.0,,,,,,8.908406991395168,0.000667001586407423,0.0010929943528026342,8.935870006098412,False,False,0,0,0.0,,,,,0.0,,False,False,False,True,13,13,,,
plate_chaudron/main_sur_bord/20260823T135744Z/frame_0013.jpg,20260823T135744Z,13,6.5,contour,A,magsac,magsac,plate_chaudron,,main_sur_bord,False,none,False,0.0,0.0,0.0,0.0,0.0,0.0,0.0,,,,,,7.925521000288427,0.0009079958545044065,0.0014069955796003342,7.953391002956778,False,False,0,0,0.0,,,,,0.0,,False,False,False,True,14,14,,,
plate_chaudron/main_sur_bord/20260823T135744Z/frame_0014.jpg,20260823T135744Z,14,7.0,contour,A,magsac,magsac,plate_chaudron,,main_sur_bord,False,none,False,0.0,0.0,0.0,0.0,0.0,0.0,0.0,,,,,,9.12225799402222,0.0004629982868209481,0.0011110096238553524,9.149722012807615,False,False,0,0,0.0,,,,,0.0,,False,False,False,True,15,15,,,
plate_chaudron/main_sur_bord/20260823T135744Z/frame_0015.jpg,20260823T135744Z,15,7.5,contour,A,magsac,magsac,plate_chaudron,,main_sur_bord,False,none,False,0.0,0.0,0.0,0.0,0.0,0.0,0.0,,,,,,8.719093006220646,0.0006850023055449128,0.0011299998732283711,8.746722000068985,False,False,0,0,0.0,,,,,0.0,,False,False,False,True,16,16,,,
plate_chaudron/main_sur_bord/20260823T135744Z/frame_0016.jpg,20260823T135744Z,16,8.0,contour,A,magsac,magsac,plate_chaudron,,main_sur_bord,False,none,False,0.0,0.0,0.0,0.0,0.0,0.0,0.0,,,,,,6.694374998915009,0.0006479967851191759,0.0011299998732283711,6.722281992551871,False,False,0,0,0.0,,,,,0.0,,False,False,False,True,17,17,,,
plate_chaudron/main_sur_bord/20260823T135744Z/frame_0017.jpg,20260823T135744Z,17,8.5,contour,A,magsac,magsac,plate_chaudron,,main_sur_bord,False,none,False,0.0,0.0,0.0,0.0,0.0,0.0,0.0,,,,,,8.271575003163889,0.0007589987944811583,0.0010920048225671053,8.30018699343782,False,False,0,0,0.0,,,,,0.0,,False,False,False,True,18,18,,,
plate_chaudron/main_sur_bord/20260823T135744Z/frame_0018.jpg,20260823T135744Z,18,9.0,contour,A,magsac,magsac,plate_chaudron,,main_sur_bord,False,none,False,0.0,0.0,0.0,0.0,0.0,0.0,0.0,,,,,,7.62211398978252,0.0007780035957694054,0.0014069955796003342,7.649373001186177,False,False,0,0,0.0,,,,,0.0,,False,False,False,True,19,19,,,
plate_chaudron/main_sur_bord/20260823T135744Z/frame_0019.jpg,20260823T135744Z,19,9.5,contour,A,magsac,magsac,plate_chaudron,,main_sur_bord,False,none,False,0.0,0.0,0.0,0.0,0.0,0.0,0.0,,,,,,7.351355001446791,0.0007409980753436685,0.0010740041034296155,7.37787300022319,False,False,0,0,0.0,,,,,0.0,,False,False,False,True,20,20,,,
plate_chaudron/occlusion_angle/20260823T135821Z/frame_0000.jpg,20260823T135821Z,0,0.0,contour,A,magsac,magsac,plate_chaudron,,occlusion_angle,False,none,False,0.0,0.0,0.0,0.0,0.0,0.0,0.0,,,,,,8.690260001458228,0.0006860063876956701,0.0015190016711130738,8.718334007426165,False,False,0,0,0.0,,,,,0.0,,False,False,False,True,1,1,,,
plate_chaudron/occlusion_angle/20260823T135821Z/frame_0001.jpg,20260823T135821Z,1,0.5,contour,A,magsac,magsac,plate_chaudron,,occlusion_angle,False,none,False,0.0,0.0,0.0,0.0,0.0,0.0,0.0,,,,,,8.982667000964284,0.0007589987944811583,0.0012410018825903535,9.009832996525802,False,False,0,0,0.0,,,,,0.0,,False,False,False,True,2,2,,,
plate_chaudron/occlusion_angle/20260823T135821Z/frame_0002.jpg,20260823T135821Z,2,1.0,contour,A,magsac,magsac,plate_chaudron,,occlusion_angle,False,none,False,0.0,0.0,0.0,0.0,0.0,0.0,0.0,,,,,,8.420853002462536,0.0006110058166086674,0.0012219970813021064,8.447444997727871,False,False,0,0,0.0,,,,,0.0,,False,False,False,True,3,3,,,
plate_chaudron/occlusion_angle/20260823T135821Z/frame_0003.jpg,20260823T135821Z,3,1.5,contour,A,magsac,magsac,plate_chaudron,,occlusion_angle,False,none,False,0.0,0.0,0.0,0.0,0.0,0.0,0.0,,,,,,8.59324100019876,0.0005930050974711776,0.0015370023902505636,8.621018991107121,False,False,0,0,0.0,,,,,0.0,,False,False,False,True,4,4,,,
plate_chaudron/occlusion_angle/20260823T135821Z/frame_0004.jpg,20260823T135821Z,4,2.0,contour,A,magsac,magsac,plate_chaudron,,occlusion_angle,False,none,False,0.0,0.0,0.0,0.0,0.0,0.0,0.0,,,,,,8.724778002942912,0.0007039925549179316,0.0013520038919523358,8.752334004384466,False,False,0,0,0.0,,,,,0.0,,False,False,False,True,5,5,,,
plate_chaudron/occlusion_angle/20260823T135821Z/frame_0005.jpg,20260823T135821Z,5,2.5,contour,A,magsac,magsac,plate_chaudron,,occlusion_angle,False,none,False,0.0,0.0,0.0,0.0,0.0,0.0,0.0,,,,,,8.735648996662349,0.0006659975042566657,0.0013889948604628444,8.762204000959173,False,False,0,0,0.0,,,,,0.0,,False,False,False,True,6,6,,,
plate_chaudron/occlusion_angle/20260823T135821Z/frame_0006.jpg,20260823T135821Z,6,3.0,contour,A,magsac,magsac,plate_chaudron,,occlusion_angle,False,none,False,0.0,0.0,0.0,0.0,0.0,0.0,0.0,,,,,,8.82975899730809,0.0006859918357804418,0.0009999930625781417,8.856222004396841,False,False,0,0,0.0,,,,,0.0,,False,False,False,True,7,7,,,
plate_chaudron/occlusion_angle/20260823T135821Z/frame_0007.jpg,20260823T135821Z,7,3.5,contour,A,magsac,magsac,plate_chaudron,,occlusion_angle,False,none,False,0.0,0.0,0.0,0.0,0.0,0.0,0.0,,,,,,8.575242012739182,0.0005920010153204203,0.0015920086298137903,8.603333990322426,False,False,0,0,0.0,,,,,0.0,,False,False,False,True,8,8,,,
plate_chaudron/occlusion_angle/20260823T135821Z/frame_0008.jpg,20260823T135821Z,8,4.0,contour,A,magsac,magsac,plate_chaudron,,occlusion_angle,False,none,False,0.0,0.0,0.0,0.0,0.0,0.0,0.0,,,,,,8.472093002637848,0.0006110058166086674,0.001500011421740055,8.500277996063232,False,False,0,0,0.0,,,,,0.0,,False,False,False,True,9,9,,,
plate_chaudron/occlusion_angle/20260823T135821Z/frame_0009.jpg,20260823T135821Z,9,4.5,contour,A,magsac,magsac,plate_chaudron,,occlusion_angle,False,none,False,0.0,0.0,0.0,0.0,0.0,0.0,0.0,,,,,,8.666388996061869,0.0006289919838309288,0.0011660013115033507,8.692611998412758,False,False,0,0,0.0,,,,,0.0,,False,False,False,True,10,10,,,
plate_chaudron/occlusion_angle/20260823T135821Z/frame_0010.jpg,20260823T135821Z,10,5.0,contour,A,magsac,magsac,plate_chaudron,,occlusion_angle,False,none,False,0.0,0.0,0.0,0.0,0.0,0.0,0.0,,,,,,8.717296994291246,0.000610991264693439,0.0012960081221535802,8.745277998968959,False,False,0,0,0.0,,,,,0.0,,False,False,False,True,11,11,,,
plate_chaudron/occlusion_angle/20260823T135821Z/frame_0011.jpg,20260823T135821Z,11,5.5,contour,A,magsac,magsac,plate_chaudron,,occlusion_angle,False,none,False,0.0,0.0,0.0,0.0,0.0,0.0,0.0,,,,,,8.852778002619743,0.0006479967851191759,0.0012590026017278433,8.879649001755752,False,False,0,0,0.0,,,,,0.0,,False,False,False,True,12,12,,,
plate_chaudron/occlusion_angle/20260823T135821Z/frame_0012.jpg,20260823T135821Z,12,6.0,contour,A,magsac,magsac,plate_chaudron,,occlusion_angle,False,none,False,0.0,0.0,0.0,0.0,0.0,0.0,0.0,,,,,,8.816389003186487,0.0005740002961829305,0.0012220116332173347,8.843574003549293,False,False,0,0,0.0,,,,,0.0,,False,False,False,True,13,13,,,
plate_chaudron/occlusion_angle/20260823T135821Z/frame_0013.jpg,20260823T135821Z,13,6.5,contour,A,magsac,magsac,plate_chaudron,,occlusion_angle,False,none,False,0.0,0.0,0.0,0.0,0.0,0.0,0.0,,,,,,8.881943998858333,0.0005189940566197038,0.0010740041034296155,8.90962999255862,False,False,0,0,0.0,,,,,0.0,,False,False,False,True,14,14,,,
plate_chaudron/occlusion_angle/20260823T135821Z/frame_0014.jpg,20260823T135821Z,14,7.0,contour,A,magsac,magsac,plate_chaudron,,occlusion_angle,False,none,False,0.0,0.0,0.0,0.0,0.0,0.0,0.0,,,,,,8.857741006067954,0.0007220078259706497,0.0010929943528026342,8.8860370015027,False,False,0,0,0.0,,,,,0.0,,False,False,False,True,15,15,,,
plate_chaudron/occlusion_angle/20260823T135821Z/frame_0015.jpg,20260823T135821Z,15,7.5,contour,A,magsac,magsac,plate_chaudron,,occlusion_angle,False,none,False,0.0,0.0,0.0,0.0,0.0,0.0,0.0,,,,,,8.53863000520505,0.000667001586407423,0.001444001100026071,8.566907999920659,False,False,0,0,0.0,,,,,0.0,,False,False,False,True,16,16,,,
plate_chaudron/occlusion_angle/20260823T135821Z/frame_0016.jpg,20260823T135821Z,16,8.0,contour,A,magsac,magsac,plate_chaudron,,occlusion_angle,False,none,False,0.0,0.0,0.0,0.0,0.0,0.0,0.0,,,,,,8.296333995531313,0.0006299960659816861,0.001610998879186809,8.323613001266494,False,False,0,0,0.0,,,,,0.0,,False,False,False,True,17,17,,,
plate_chaudron/occlusion_angle/20260823T135821Z/frame_0017.jpg,20260823T135821Z,17,8.5,contour,A,magsac,magsac,plate_chaudron,,occlusion_angle,False,none,False,0.0,0.0,0.0,0.0,0.0,0.0,0.0,,,,,,8.72838900249917,0.0008139904821291566,0.0013329990906640887,8.755518996622413,False,False,0,0,0.0,,,,,0.0,,False,False,False,True,18,18,,,
plate_chaudron/occlusion_angle/20260823T135821Z/frame_0018.jpg,20260823T135821Z,18,9.0,contour,A,magsac,magsac,plate_chaudron,,occlusion_angle,False,none,False,0.0,0.0,0.0,0.0,0.0,0.0,0.0,,,,,,8.63014900824055,0.000776999513618648,0.001167005393654108,8.657925995066762,False,False,0,0,0.0,,,,,0.0,,False,False,False,True,19,19,,,
plate_chaudron/occlusion_angle/20260823T135821Z/frame_0019.jpg,20260823T135821Z,19,9.5,contour,A,magsac,magsac,plate_chaudron,,occlusion_angle,False,none,False,0.0,0.0,0.0,0.0,0.0,0.0,0.0,,,,,,8.737074007513002,0.0007399939931929111,0.0014260003808885813,8.764295998844318,False,False,0,0,0.0,,,,,0.0,,False,False,False,True,20,20,,,
plate_dague/frontal/20260823T135916Z/frame_0000.jpg,20260823T135916Z,0,0.0,contour,A,magsac,magsac,plate_dague,plate_dague,frontal,True,contour,False,0.912493340360046,0.9814100470393896,0.18376302083333335,1.0,0.8724662162162162,0.9995377219417501,0.5,,0,466,643,643,14.886135002598166,94.20974800013937,23.36419199127704,132.55120599933434,True,True,69,39,0.5652173913043478,1.0015407800674438,plate_dague,,,0.4225,0.2,True,False,False,False,0,0,0.0,,
plate_dague/frontal/20260823T135916Z/frame_0001.jpg,20260823T135916Z,1,0.5,contour,A,magsac,magsac,plate_dague,plate_dague,frontal,True,contour,False,0.962493340360046,0.9814100470393896,0.18376302083333335,1.0,0.8724662162162162,0.9995377219417501,1.0,,0,466,643,643,14.892895007506013,94.31341500021517,23.255710999364965,132.55181700515095,True,True,69,39,0.5652173913043478,1.0015407800674438,plate_dague,,,0.4225,0.2,True,False,False,False,0,0,,,
plate_dague/frontal/20260823T135916Z/frame_0002.jpg,20260823T135916Z,2,1.0,contour,A,magsac,magsac,plate_dague,plate_dague,frontal,True,contour,False,0.9677480933090189,0.9861422358080745,0.1847873263888889,1.0,0.8992443324937027,1.0,0.970943394431709,,0,474,645,644,15.013950993306935,90.65364400157705,23.314877005759627,129.09037999634165,True,True,41,33,0.8048780487804879,0.8120951652526855,plate_dague,,,0.45125,0.2,True,False,False,False,0,0,,,
plate_dague/frontal/20260823T135916Z/frame_0003.jpg,20260823T135916Z,3,1.5,contour,A,magsac,magsac,plate_dague,,frontal,False,none,False,0.0,0.0,0.0,0.0,0.0,0.0,0.0,,,,,,7.788132003042847,0.0008330098353326321,0.0012220116332173347,7.815780001692474,False,False,0,0,0.0,,,,,0.0,,False,False,False,True,1,1,,,
plate_dague/frontal/20260823T135916Z/frame_0004.jpg,20260823T135916Z,4,2.0,contour,A,magsac,magsac,plate_dague,plate_dague,frontal,True,contour,False,0.984157197659113,0.9879621407017112,0.1864306640625,1.0,0.9542809642560266,0.9996944154890897,0.9922887283568398,,0,474,648,646,15.02811700629536,93.15006500401068,22.68247200117912,130.9567089920165,True,True,55,46,0.8363636363636363,0.9254026412963867,plate_dague,,,0.3675,0.2,True,False,False,False,0,1,,plate_dague,2.0
plate_dague/frontal/20260823T135916Z/frame_0005.jpg,20260823T135916Z,5,2.5,contour,A,magsac,magsac,plate_dague,,frontal,True,contour,False,0.9557949030677205,0.985402381978929,0.18342339409722222,1.0,0.8468543046357616,1.0,0.9846061231510148,,0,474,642,642,14.862394993542694,91.7460869968636,0.0005559995770454407,106.63455599569716,False,False,0,0,0.0,,,,,0.0,,False,False,False,True,1,1,,,
plate_dague/frontal/20260823T135916Z/frame_0006.jpg,20260823T135916Z,6,3.0,contour,A,magsac,magsac,plate_dague,plate_dague,frontal,True,contour,False,0.9647547962492076,0.984948106110096,0.184638671875,1.0,0.8807947019867549,1.0,0.990716889194902,,0,475,644,644,14.993432007031515,90.82201500132214,22.8461939987028,128.75465799879748,True,True,55,42,0.7636363636363637,0.9871499538421631,plate_dague,,,0.3825,0.2,True,False,False,False,0,1,,,
plate_dague/frontal/20260823T135916Z/frame_0007.jpg,20260823T135916Z,7,3.5,contour,A,magsac,magsac,plate_dague,,frontal,True,contour,False,0.9645785953515672,0.9854807453230023,0.1852370876736111,1.0,0.8782104391052196,1.0,0.9938176197836167,,0,476,646,644,14.989339004387148,91.54377300001215,0.0005369947757571936,106.55959299765527,False,False,0,0,0.0,,,,,0.0,,False,False,False,True,1,1,,,
plate_dague/frontal/20260823T135916Z/frame_0008.jpg,20260823T135916Z,8,4.0,contour,A,magsac,magsac,plate_dague,,frontal,False,none,False,0.0,0.0,0.0,0.0,0.0,0.0,0.0,,,,,,7.138447996112518,0.0006479967851191759,0.0012590026017278433,7.1661340043647215,False,False,0,0,0.0,,,,,0.0,,False,False,False,True,2,2,,,
plate_dague/frontal/20260823T135916Z/frame_0009.jpg,20260823T135916Z,9,4.5,contour,A,magsac,magsac,plate_dague,,frontal,False,none,False,0.0,0.0,0.0,0.0,0.0,0.0,0.0,,,,,,7.006560001173057,0.0005550100468099117,0.0011489901226013899,7.033540998236276,False,False,0,0,0.0,,,,,0.0,,False,False,False,True,3,3,,,
plate_dague/frontal/20260823T135916Z/frame_0010.jpg,20260823T135916Z,10,5.0,contour,A,magsac,magsac,plate_dague,plate_dague,frontal,True,contour,False,0.9688329512839065,0.9850959228351712,0.18084201388888888,1.0,0.9078726968174204,1.0,0.9633600022899999,,0,471,638,638,14.936931998818181,91.09038399765268,22.643637988949195,128.76391698955558,True,True,60,49,0.8166666666666667,0.9696900248527527,plate_dague,,,0.3425,0.2,True,False,False,False,0,3,,,
plate_dague/frontal/20260823T135916Z/frame_0011.jpg,20260823T135916Z,11,5.5,contour,A,magsac,magsac,plate_dague,plate_dague,frontal,True,contour,False,0.9953879555103382,0.9886212255805731,0.18174099392361112,1.0,0.9983235540653814,1.0,0.9922069931982089,,0,472,640,639,14.798635995248333,91.25738400325645,22.65454499865882,128.80612099252176,True,True,59,48,0.8135593220338984,0.9538905620574951,plate_dague,,,0.385,0.2,True,False,False,False,0,3,,,
plate_dague/frontal/20260823T135916Z/frame_0012.jpg,20260823T135916Z,12,6.0,contour,A,magsac,magsac,plate_dague,plate_dague,frontal,True,contour,False,0.9592781369771817,0.9848461877554655,0.1811962890625,1.0,0.8565471226021685,1.0,0.996875,,0,473,639,638,14.81072801107075,92.16130799904931,22.795101001975127,129.85841500631068,True,True,53,46,0.8679245283018868,0.8966640830039978,plate_dague,,,0.36,0.2,True,False,False,False,0,3,,,
plate_dague/frontal/20260823T135916Z/frame_0013.jpg,20260823T135916Z,13,6.5,contour,A,magsac,magsac,plate_dague,plate_dague,frontal,True,contour,False,0.9924786525581624,0.9891886105760932,0.1805859375,1.0,0.9841402337228714,1.0,0.9968701095461658,,0,473,638,637,14.81724699260667,89.66894198965747,22.70780499384273,127.28756800061092,True,True,52,44,0.8461538461538461,1.1432617902755737,plate_dague,,,0.38875,0.2,True,False,False,False,0,3,,,
plate_dague/frontal/20260823T135916Z/frame_0014.jpg,20260823T135916Z,14,7.0,contour,A,magsac,magsac,plate_dague,plate_dague,frontal,True,contour,False,0.9497730736525263,0.9864137005060911,0.17976236979166665,1.0,0.8172757475083057,1.0,0.9953002662362268,,0,473,636,636,14.951690987800248,89.83496099244803,22.70674900501035,127.58660501276609,True,True,48,44,0.9166666666666666,1.0938584804534912,plate_dague,,,0.38,0.2,True,False,False,False,0,3,,,
plate_dague/frontal/20260823T135916Z/frame_0015.jpg,20260823T135916Z,15,7.5,contour,A,magsac,magsac,plate_dague,plate_dague,frontal,True,contour,False,0.9844608549853738,0.9871938088908792,0.1746484375,1.0,0.9732441471571907,0.9976514484169993,0.9522653068711251,,6,466,627,628,14.764284991542809,89.5313509972766,22.399970999686047,126.79036500048824,True,True,41,32,0.7804878048780488,1.1527931690216064,plate_dague,,,0.295,0.2,True,False,False,False,0,3,,,
plate_dague/frontal/20260823T135916Z/frame_0016.jpg,20260823T135916Z,16,8.0,contour,A,magsac,magsac,plate_dague,,frontal,False,none,False,0.0,0.0,0.0,0.0,0.0,0.0,0.0,,,,,,7.037540999590419,0.000667001586407423,0.0009999930625781417,7.063818993628956,False,False,0,0,0.0,,,,,0.0,,False,False,False,True,1,3,,,
plate_dague/frontal/20260823T135916Z/frame_0017.jpg,20260823T135916Z,17,8.5,contour,A,magsac,magsac,plate_dague,,frontal,True,contour,False,0.983796037751028,0.9918621266260743,0.1762603081597222,1.0,0.9543568464730291,1.0,0.976481881449484,,2,470,630,630,14.848766004433855,86.05978300329298,0.0006849877536296844,100.9360860043671,False,False,0,0,0.0,,,,,0.0,,False,False,False,True,2,3,,,
plate_dague/frontal/20260823T135916Z/frame_0018.jpg,20260823T135916Z,18,9.0,contour,A,magsac,magsac,plate_dague,,frontal,False,none,False,0.0,0.0,0.0,0.0,0.0,0.0,0.0,,,,,,7.079912000335753,0.001167005393654108,0.0012039963621646166,7.106744000338949,False,False,0,0,0.0,,,,,0.0,,False,False,False,True,3,3,,,
plate_dague/frontal/20260823T135916Z/frame_0019.jpg,20260823T135916Z,19,9.5,contour,A,magsac,magsac,plate_dague,plate_dague,frontal,True,contour,False,0.9748725177057613,0.9874117895960808,0.1740700954861111,1.0,0.9289297658862876,1.0,0.9641653935536524,,0,464,627,626,14.74015400162898,89.19737000542227,22.765638001146726,126.79667999327648,True,True,49,45,0.9183673469387755,0.9187823534011841,plate_dague,,,0.35875,0.2,True,False,False,False,0,3,,,
plate_dague/main_sur_bord/20260823T135957Z/frame_0000.jpg,20260823T135957Z,0,0.0,contour,A,magsac,magsac,plate_dague,,main_sur_bord,False,none,False,0.0,0.0,0.0,0.0,0.0,0.0,0.0,,,,,,8.183742000255734,0.0007600028766319156,0.001037013134919107,8.210650004912168,False,False,0,0,0.0,,,,,0.0,,False,False,False,True,1,1,,,
plate_dague/main_sur_bord/20260823T135957Z/frame_0001.jpg,20260823T135957Z,1,0.5,contour,A,magsac,magsac,plate_dague,,main_sur_bord,False,none,False,0.0,0.0,0.0,0.0,0.0,0.0,0.0,,,,,,7.988539000507444,0.0004809990059584379,0.001110995071940124,8.0159100034507,False,False,0,0,0.0,,,,,0.0,,False,False,False,True,2,2,,,
plate_dague/main_sur_bord/20260823T135957Z/frame_0002.jpg,20260823T135957Z,2,1.0,contour,A,magsac,magsac,plate_dague,,main_sur_bord,False,none,False,0.0,0.0,0.0,0.0,0.0,0.0,0.0,,,,,,7.610225002281368,0.0005180045263841748,0.0009999930625781417,7.637891001650132,False,False,0,0,0.0,,,,,0.0,,False,False,False,True,3,3,,,
plate_dague/main_sur_bord/20260823T135957Z/frame_0003.jpg,20260823T135957Z,3,1.5,contour,A,magsac,magsac,plate_dague,,main_sur_bord,False,none,False,0.0,0.0,0.0,0.0,0.0,0.0,0.0,,,,,,7.476187995052896,0.0007780035957694054,0.0011850061127915978,7.5029099971288815,False,False,0,0,0.0,,,,,0.0,,False,False,False,True,4,4,,,
plate_dague/main_sur_bord/20260823T135957Z/frame_0004.jpg,20260823T135957Z,4,2.0,contour,A,magsac,magsac,plate_dague,,main_sur_bord,False,none,False,0.0,0.0,0.0,0.0,0.0,0.0,0.0,,,,,,7.757575993309729,0.0005740002961829305,0.0010739895515143871,7.784613000694662,False,False,0,0,0.0,,,,,0.0,,False,False,False,True,5,5,,,
plate_dague/main_sur_bord/20260823T135957Z/frame_0005.jpg,20260823T135957Z,5,2.5,contour,A,magsac,magsac,plate_dague,,main_sur_bord,False,none,False,0.0,0.0,0.0,0.0,0.0,0.0,0.0,,,,,,7.9395759967155755,0.0007219932740554214,0.0009999930625781417,7.967908997670747,False,False,0,0,0.0,,,,,0.0,,False,False,False,True,6,6,,,
plate_dague/main_sur_bord/20260823T135957Z/frame_0006.jpg,20260823T135957Z,6,3.0,contour,A,magsac,magsac,plate_dague,,main_sur_bord,False,none,False,0.0,0.0,0.0,0.0,0.0,0.0,0.0,,,,,,7.241670013172552,0.0007780035957694054,0.0010369985830038786,7.268614994245581,False,False,0,0,0.0,,,,,0.0,,False,False,False,True,7,7,,,
plate_dague/main_sur_bord/20260823T135957Z/frame_0007.jpg,20260823T135957Z,7,3.5,contour,A,magsac,magsac,plate_dague,,main_sur_bord,False,none,False,0.0,0.0,0.0,0.0,0.0,0.0,0.0,,,,,,6.51369099796284,0.0008700008038431406,0.0010369985830038786,6.540467991726473,False,False,0,0,0.0,,,,,0.0,,False,False,False,True,8,8,,,
plate_dague/main_sur_bord/20260823T135957Z/frame_0008.jpg,20260823T135957Z,8,4.0,contour,A,magsac,magsac,plate_dague,,main_sur_bord,False,none,False,0.0,0.0,0.0,0.0,0.0,0.0,0.0,,,,,,7.02100399939809,0.000667001586407423,0.0011849915608763695,7.04841100377962,False,False,0,0,0.0,,,,,0.0,,False,False,False,True,9,9,,,
plate_dague/main_sur_bord/20260823T135957Z/frame_0009.jpg,20260823T135957Z,9,4.5,contour,A,magsac,magsac,plate_dague,,main_sur_bord,False,none,False,0.0,0.0,0.0,0.0,0.0,0.0,0.0,,,,,,6.814060005126521,0.0008149945642799139,0.0014070101315155625,6.8415229907259345,False,False,0,0,0.0,,,,,0.0,,False,False,False,True,10,10,,,
plate_dague/main_sur_bord/20260823T135957Z/frame_0010.jpg,20260823T135957Z,10,5.0,contour,A,magsac,magsac,plate_dague,,main_sur_bord,False,none,False,0.0,0.0,0.0,0.0,0.0,0.0,0.0,,,,,,6.708337998134084,0.0006479967851191759,0.0014079996617510915,6.735393006238155,False,False,0,0,0.0,,,,,0.0,,False,False,False,True,11,11,,,
plate_dague/main_sur_bord/20260823T135957Z/frame_0011.jpg,20260823T135957Z,11,5.5,contour,A,magsac,magsac,plate_dague,,main_sur_bord,False,none,False,0.0,0.0,0.0,0.0,0.0,0.0,0.0,,,,,,6.739319011103362,0.0007780035957694054,0.0012400123523548245,6.767357001081109,False,False,0,0,0.0,,,,,0.0,,False,False,False,True,12,12,,,
plate_dague/main_sur_bord/20260823T135957Z/frame_0012.jpg,20260823T135957Z,12,6.0,contour,A,magsac,magsac,plate_dague,,main_sur_bord,False,none,False,0.0,0.0,0.0,0.0,0.0,0.0,0.0,,,,,,6.799021997721866,0.0006479967851191759,0.0009999930625781417,6.825744989328086,False,False,0,0,0.0,,,,,0.0,,False,False,False,True,13,13,,,
plate_dague/main_sur_bord/20260823T135957Z/frame_0013.jpg,20260823T135957Z,13,6.5,contour,A,magsac,magsac,plate_dague,,main_sur_bord,False,none,False,0.0,0.0,0.0,0.0,0.0,0.0,0.0,,,,,,6.856560008600354,0.0006480113370344043,0.0014070101315155625,6.883133988594636,False,False,0,0,0.0,,,,,0.0,,False,False,False,True,14,14,,,
plate_dague/main_sur_bord/20260823T135957Z/frame_0014.jpg,20260823T135957Z,14,7.0,contour,A,magsac,magsac,plate_dague,,main_sur_bord,False,none,False,0.0,0.0,0.0,0.0,0.0,0.0,0.0,,,,,,6.777781993150711,0.0006860063876956701,0.0014450051821768284,6.80442999873776,False,False,0,0,0.0,,,,,0.0,,False,False,False,True,15,15,,,
plate_dague/main_sur_bord/20260823T135957Z/frame_0015.jpg,20260823T135957Z,15,7.5,contour,A,magsac,magsac,plate_dague,,main_sur_bord,False,none,False,0.0,0.0,0.0,0.0,0.0,0.0,0.0,,,,,,6.796838002628647,0.0005740002961829305,0.001314998371526599,6.825096003012732,False,False,0,0,0.0,,,,,0.0,,False,False,False,True,16,16,,,
plate_dague/main_sur_bord/20260823T135957Z/frame_0016.jpg,20260823T135957Z,16,8.0,contour,A,magsac,magsac,plate_dague,,main_sur_bord,False,none,False,0.0,0.0,0.0,0.0,0.0,0.0,0.0,,,,,,6.9002820091554895,0.0005559995770454407,0.001148000592365861,6.927132999408059,False,False,0,0,0.0,,,,,0.0,,False,False,False,True,17,17,,,
plate_dague/main_sur_bord/20260823T135957Z/frame_0017.jpg,20260823T135957Z,17,8.5,contour,A,magsac,magsac,plate_dague,,main_sur_bord,False,none,False,0.0,0.0,0.0,0.0,0.0,0.0,0.0,,,,,,6.856059990241192,0.0006479967851191759,0.0010929943528026342,6.882485002279282,False,False,0,0,0.0,,,,,0.0,,False,False,False,True,18,18,,,
plate_dague/main_sur_bord/20260823T135957Z/frame_0018.jpg,20260823T135957Z,18,9.0,contour,A,magsac,magsac,plate_dague,,main_sur_bord,False,none,False,0.0,0.0,0.0,0.0,0.0,0.0,0.0,,,,,,6.698041994241066,0.0009999930625781417,0.001167005393654108,6.7251709988340735,False,False,0,0,0.0,,,,,0.0,,False,False,False,True,19,19,,,
plate_dague/main_sur_bord/20260823T135957Z/frame_0019.jpg,20260823T135957Z,19,9.5,contour,A,magsac,magsac,plate_dague,,main_sur_bord,False,none,False,0.0,0.0,0.0,0.0,0.0,0.0,0.0,,,,,,6.642930995440111,0.0006850023055449128,0.0012219970813021064,6.669561000308022,False,False,0,0,0.0,,,,,0.0,,False,False,False,True,20,20,,,
plate_dague/occlusion_angle/20260823T140102Z/frame_0000.jpg,20260823T140102Z,0,0.0,contour,A,magsac,magsac,plate_dague,,occlusion_angle,False,none,False,0.0,0.0,0.0,0.0,0.0,0.0,0.0,,,,,,7.891853994806297,0.000776999513618648,0.0012039963621646166,7.918780000181869,False,False,0,0,0.0,,,,,0.0,,False,False,False,True,1,1,,,
plate_dague/occlusion_angle/20260823T140102Z/frame_0001.jpg,20260823T140102Z,1,0.5,contour,A,magsac,magsac,plate_dague,,occlusion_angle,False,none,False,0.0,0.0,0.0,0.0,0.0,0.0,0.0,,,,,,7.976891007274389,0.000500003807246685,0.0011859956430271268,8.003576003829949,False,False,0,0,0.0,,,,,0.0,,False,False,False,True,2,2,,,
plate_dague/occlusion_angle/20260823T140102Z/frame_0002.jpg,20260823T140102Z,2,1.0,contour,A,magsac,magsac,plate_dague,,occlusion_angle,False,none,False,0.0,0.0,0.0,0.0,0.0,0.0,0.0,,,,,,8.02116800332442,0.0004809990059584379,0.0012590026017278433,8.04785400396213,False,False,0,0,0.0,,,,,0.0,,False,False,False,True,3,3,,,
plate_dague/occlusion_angle/20260823T140102Z/frame_0003.jpg,20260823T140102Z,3,1.5,contour,A,magsac,magsac,plate_dague,,occlusion_angle,False,none,False,0.0,0.0,0.0,0.0,0.0,0.0,0.0,,,,,,8.09281699184794,0.0006110058166086674,0.001148000592365861,8.121556995320134,False,False,0,0,0.0,,,,,0.0,,False,False,False,True,4,4,,,
plate_dague/occlusion_angle/20260823T140102Z/frame_0004.jpg,20260823T140102Z,4,2.0,contour,A,magsac,magsac,plate_dague,,occlusion_angle,False,none,False,0.0,0.0,0.0,0.0,0.0,0.0,0.0,,,,,,7.960649993037805,0.0006479967851191759,0.0010740041034296155,7.987446995684877,False,False,0,0,0.0,,,,,0.0,,False,False,False,True,5,5,,,
plate_dague/occlusion_angle/20260823T140102Z/frame_0005.jpg,20260823T140102Z,5,2.5,contour,A,magsac,magsac,plate_dague,,occlusion_angle,False,none,False,0.0,0.0,0.0,0.0,0.0,0.0,0.0,,,,,,8.04257599520497,0.0008710048859938979,0.0010189978638663888,8.06857499992475,False,False,0,0,0.0,,,,,0.0,,False,False,False,True,6,6,,,
plate_dague/occlusion_angle/20260823T140102Z/frame_0006.jpg,20260823T140102Z,6,3.0,contour,A,magsac,magsac,plate_dague,,occlusion_angle,False,none,False,0.0,0.0,0.0,0.0,0.0,0.0,0.0,,,,,,7.498336010030471,0.000667001586407423,0.0011850061127915978,7.525558001361787,False,False,0,0,0.0,,,,,0.0,,False,False,False,True,7,7,,,
plate_dague/occlusion_angle/20260823T140102Z/frame_0007.jpg,20260823T140102Z,7,3.5,contour,A,magsac,magsac,plate_dague,,occlusion_angle,False,none,False,0.0,0.0,0.0,0.0,0.0,0.0,0.0,,,,,,7.742168992990628,0.0009450013749301434,0.0013889948604628444,7.770964992232621,False,False,0,0,0.0,,,,,0.0,,False,False,False,True,8,8,,,
plate_dague/occlusion_angle/20260823T140102Z/frame_0008.jpg,20260823T140102Z,8,4.0,contour,A,magsac,magsac,plate_dague,,occlusion_angle,False,none,False,0.0,0.0,0.0,0.0,0.0,0.0,0.0,,,,,,7.978927998919971,0.0006850023055449128,0.0013890094123780727,8.009668003069237,False,False,0,0,0.0,,,,,0.0,,False,False,False,True,9,9,,,
plate_dague/occlusion_angle/20260823T140102Z/frame_0009.jpg,20260823T140102Z,9,4.5,contour,A,magsac,magsac,plate_dague,,occlusion_angle,False,none,False,0.0,0.0,0.0,0.0,0.0,0.0,0.0,,,,,,7.982538008945994,0.0007039925549179316,0.001258988049812615,8.009352997760288,False,False,0,0,0.0,,,,,0.0,,False,False,False,True,10,10,,,
plate_dague/occlusion_angle/20260823T140102Z/frame_0010.jpg,20260823T140102Z,10,5.0,contour,A,magsac,magsac,plate_dague,,occlusion_angle,False,none,False,0.0,0.0,0.0,0.0,0.0,0.0,0.0,,,,,,7.748225005343556,0.0005930050974711776,0.001167005393654108,7.776353988447227,False,False,0,0,0.0,,,,,0.0,,False,False,False,True,11,11,,,
plate_dague/occlusion_angle/20260823T140102Z/frame_0011.jpg,20260823T140102Z,11,5.5,contour,A,magsac,magsac,plate_dague,,occlusion_angle,False,none,False,0.0,0.0,0.0,0.0,0.0,0.0,0.0,,,,,,7.834484000341035,0.0007589987944811583,0.0014260003808885813,7.860723999328911,False,False,0,0,0.0,,,,,0.0,,False,False,False,True,12,12,,,
plate_dague/occlusion_angle/20260823T140102Z/frame_0012.jpg,20260823T140102Z,12,6.0,contour,A,magsac,magsac,plate_dague,,occlusion_angle,False,none,False,0.0,0.0,0.0,0.0,0.0,0.0,0.0,,,,,,7.683743999223225,0.0005740002961829305,0.0010369985830038786,7.710613004746847,False,False,0,0,0.0,,,,,0.0,,False,False,False,True,13,13,,,
plate_dague/occlusion_angle/20260823T140102Z/frame_0013.jpg,20260823T140102Z,13,6.5,contour,A,magsac,magsac,plate_dague,,occlusion_angle,False,none,False,0.0,0.0,0.0,0.0,0.0,0.0,0.0,,,,,,7.799058003001846,0.0004809990059584379,0.0014079996617510915,7.825983004295267,False,False,0,0,0.0,,,,,0.0,,False,False,False,True,14,14,,,
plate_dague/occlusion_angle/20260823T140102Z/frame_0014.jpg,20260823T140102Z,14,7.0,contour,A,magsac,magsac,plate_dague,,occlusion_angle,False,none,False,0.0,0.0,0.0,0.0,0.0,0.0,0.0,,,,,,7.733891005045734,0.0005920010153204203,0.0012399978004395962,7.762002001982182,False,False,0,0,0.0,,,,,0.0,,False,False,False,True,15,15,,,
plate_dague/occlusion_angle/20260823T140102Z/frame_0015.jpg,20260823T140102Z,15,7.5,contour,A,magsac,magsac,plate_dague,,occlusion_angle,False,none,False,0.0,0.0,0.0,0.0,0.0,0.0,0.0,,,,,,8.09070499963127,0.000667001586407423,0.001091990270651877,8.117169010802172,False,False,0,0,0.0,,,,,0.0,,False,False,False,True,16,16,,,
plate_dague/occlusion_angle/20260823T140102Z/frame_0016.jpg,20260823T140102Z,16,8.0,contour,A,magsac,magsac,plate_dague,,occlusion_angle,False,none,False,0.0,0.0,0.0,0.0,0.0,0.0,0.0,,,,,,7.971113009261899,0.000777989043854177,0.001148000592365861,7.998668006621301,False,False,0,0,0.0,,,,,0.0,,False,False,False,True,17,17,,,
plate_dague/occlusion_angle/20260823T140102Z/frame_0017.jpg,20260823T140102Z,17,8.5,contour,A,magsac,magsac,plate_dague,,occlusion_angle,False,none,False,0.0,0.0,0.0,0.0,0.0,0.0,0.0,,,,,,7.7070020051905885,0.0006479967851191759,0.0012030068319290876,7.733410006039776,False,False,0,0,0.0,,,,,0.0,,False,False,False,True,18,18,,,
plate_dague/occlusion_angle/20260823T140102Z/frame_0018.jpg,20260823T140102Z,18,9.0,contour,A,magsac,magsac,plate_dague,,occlusion_angle,False,none,False,0.0,0.0,0.0,0.0,0.0,0.0,0.0,,,,,,7.91252100316342,0.0009259965736418962,0.00100000761449337,7.941243005916476,False,False,0,0,0.0,,,,,0.0,,False,False,False,True,19,19,,,
plate_dague/occlusion_angle/20260823T140102Z/frame_0019.jpg,20260823T140102Z,19,9.5,contour,A,magsac,magsac,plate_dague,,occlusion_angle,False,none,False,0.0,0.0,0.0,0.0,0.0,0.0,0.0,,,,,,8.036945990170352,0.0007410126272588968,0.0017410056898370385,8.064223991823383,False,False,0,0,0.0,,,,,0.0,,False,False,False,True,20,20,,,
plate_vampire/frontal/20260823T135229Z/frame_0000.jpg,20260823T135229Z,0,0.0,contour,A,magsac,magsac,plate_vampire,plate_vampire,frontal,True,contour,False,0.9224601509267131,0.9838145095854998,0.197421875,1.0,0.9281200631911533,0.9528578225327473,0.5,,0,414,666,661,15.995984998880886,91.17871700436808,24.016430994379334,131.28428200434428,True,True,51,49,0.9607843137254902,0.860414445400238,plate_vampire,,,0.44,0.2,True,False,False,False,0,0,0.0,,
plate_vampire/frontal/20260823T135229Z/frame_0001.jpg,20260823T135229Z,1,0.5,contour,A,magsac,magsac,plate_vampire,plate_vampire,frontal,True,contour,False,0.9731213321006793,0.9831852912902832,0.19495985243055555,1.0,0.9406575781876504,0.9524553479540562,0.9775581537127607,,0,410,663,657,15.8112820063252,91.19932900648564,23.209136998048052,130.3189879981801,True,True,51,46,0.9019607843137255,0.9341043829917908,plate_vampire,,,0.37375,0.2,True,False,False,False,0,0,,,
plate_vampire/frontal/20260823T135229Z/frame_0002.jpg,20260823T135229Z,2,1.0,contour,A,magsac,magsac,plate_vampire,plate_vampire,frontal,True,contour,False,0.9704504974847593,0.9818078726530075,0.19173014322916668,1.0,0.9268098647573588,0.9586479468805436,0.9834087481146304,,0,412,657,652,15.830318996449932,92.10199299559463,23.28308200230822,131.31039300060365,True,True,52,49,0.9423076923076923,0.784425675868988,plate_vampire,,,0.35,0.2,True,False,False,False,0,0,,,
plate_vampire/frontal/20260823T135229Z/frame_0003.jpg,20260823T135229Z,3,1.5,contour,A,magsac,magsac,plate_vampire,plate_vampire,frontal,True,contour,False,0.9610676881238125,0.9847475914284587,0.19393229166666667,1.0,0.8972549019607843,0.9551242050100313,0.9581726470407558,,0,423,661,654,15.897930003120564,91.96832700399682,23.92928401241079,131.8880399921909,True,True,57,54,0.9473684210526315,0.8593344688415527,plate_vampire,,,0.4075,0.2,True,False,False,False,0,0,,plate_vampire,1.5
plate_vampire/frontal/20260823T135229Z/frame_0004.jpg,20260823T135229Z,4,2.0,contour,A,magsac,magsac,plate_vampire,plate_vampire,frontal,True,contour,False,0.9670051451612173,0.9835987910628319,0.19695203993055554,1.0,0.9223674096848578,0.9519936573189367,0.9613428968925949,,0,432,668,655,15.906651999102905,92.14173399959691,23.975709002115764,132.1152059972519,True,True,58,54,0.9310344827586207,0.9530467987060547,plate_vampire,,,0.4425,0.2,True,False,False,False,0,0,,,
plate_vampire/frontal/20260823T135229Z/frame_0005.jpg,20260823T135229Z,5,2.5,contour,A,magsac,magsac,plate_vampire,plate_vampire,frontal,True,contour,False,0.964138431314268,0.9838223662227392,0.19647026909722223,1.0,0.9039812646370023,0.9480642562601185,0.9818997966218389,,0,426,667,656,15.97128099820111,91.59304900094867,23.99539400357753,131.65507699886803,True,True,58,53,0.9137931034482759,1.0436105728149414,plate_vampire,,,0.41875,0.2,True,False,False,False,0,0,,,
plate_vampire/frontal/20260823T135229Z/frame_0006.jpg,20260823T135229Z,6,3.0,contour,A,magsac,magsac,plate_vampire,,frontal,True,contour,False,0.9740025329751653,0.9861678732559085,0.19648111979166666,1.0,0.9406713505074161,0.9479702219329096,0.9818731117824774,,0,420,667,656,15.970670996466652,89.87251599319279,0.0005559995770454407,105.8694090024801,False,False,0,0,0.0,,,,,0.0,,False,False,False,True,1,1,,,
plate_vampire/frontal/20260823T135229Z/frame_0007.jpg,20260823T135229Z,7,3.5,contour,A,magsac,magsac,plate_vampire,,frontal,False,none,False,0.0,0.0,0.0,0.0,0.0,0.0,0.0,,,,,,8.820222006761469,0.0007400085451081395,0.0012969976523891091,8.84848200075794,False,False,0,0,0.0,,,,,0.0,,False,False,False,True,2,2,,,
plate_vampire/frontal/20260823T135229Z/frame_0008.jpg,20260823T135229Z,8,4.0,contour,A,magsac,magsac,plate_vampire,plate_vampire,frontal,True,contour,False,0.9360913245062856,0.9838092476129532,0.1992068142361111,1.0,0.7990726429675425,0.9474321189273762,0.9643717758777645,,0,428,672,659,15.993949011317454,90.53618198959157,23.831450002035126,130.45524699555244,True,True,42,37,0.8809523809523809,0.9785777926445007,plate_vampire,,,0.4175,0.2,True,False,False,False,0,2,,,
plate_vampire/frontal/20260823T135229Z/frame_0009.jpg,20260823T135229Z,9,4.5,contour,A,magsac,magsac,plate_vampire,,frontal,False,none,False,0.0,0.0,0.0,0.0,0.0,0.0,0.0,,,,,,8.869351993780583,0.0007589987944811583,0.0012219970813021064,8.897519001038745,False,False,0,0,0.0,,,,,0.0,,False,False,False,True,1,2,,,
plate_vampire/frontal/20260823T135229Z/frame_0010.jpg,20260823T135229Z,10,5.0,contour,A,magsac,magsac,plate_vampire,,frontal,False,none,False,0.0,0.0,0.0,0.0,0.0,0.0,0.0,,,,,,8.896943996660411,0.0005549954948946834,0.0014820107026025653,8.925444999476895,False,False,0,0,0.0,,,,,0.0,,False,False,False,True,2,2,,,
plate_vampire/frontal/20260823T135229Z/frame_0011.jpg,20260823T135229Z,11,5.5,contour,A,magsac,magsac,plate_vampire,,frontal,False,none,False,0.0,0.0,0.0,0.0,0.0,0.0,0.0,,,,,,8.798258990282193,0.000667001586407423,0.0012039963621646166,8.827186000416987,False,False,0,0,0.0,,,,,0.0,,False,False,False,True,3,3,,,
plate_vampire/frontal/20260823T135229Z/frame_0012.jpg,20260823T135229Z,12,6.0,contour,A,magsac,magsac,plate_vampire,,frontal,False,none,False,0.0,0.0,0.0,0.0,0.0,0.0,0.0,,,,,,8.850573998643085,0.0006299960659816861,0.0010739895515143871,8.877944012056105,False,False,0,0,0.0,,,,,0.0,,False,False,False,True,4,4,,,
plate_vampire/frontal/20260823T135229Z/frame_0013.jpg,20260823T135229Z,13,6.5,contour,A,magsac,magsac,plate_vampire,,frontal,False,none,False,0.0,0.0,0.0,0.0,0.0,0.0,0.0,,,,,,8.84825900720898,0.0007409980753436685,0.001481996150687337,8.876888998202048,False,False,0,0,0.0,,,,,0.0,,False,False,False,True,5,5,,,
plate_vampire/frontal/20260823T135229Z/frame_0014.jpg,20260823T135229Z,14,7.0,contour,A,magsac,magsac,plate_vampire,,frontal,False,none,False,0.0,0.0,0.0,0.0,0.0,0.0,0.0,,,,,,8.766760001890361,0.0006479967851191759,0.0012219970813021064,8.795574001851492,False,False,0,0,0.0,,,,,0.0,,False,False,False,True,6,6,,,
plate_vampire/frontal/20260823T135229Z/frame_0015.jpg,20260823T135229Z,15,7.5,contour,A,magsac,magsac,plate_vampire,plate_vampire,frontal,True,contour,False,0.9632134658426765,0.9794573783874512,0.19818522135416666,1.0,0.9279628195197521,0.9457029817964108,0.9281524926686217,,0,454,672,656,15.938707991153933,92.56730700144544,23.853617007262073,132.4517050088616,True,True,51,48,0.9411764705882353,0.7327024936676025,plate_vampire,,,0.405,0.2,True,False,False,False,0,6,,,
plate_vampire/frontal/20260823T135229Z/frame_0016.jpg,20260823T135229Z,16,8.0,contour,A,magsac,magsac,plate_vampire,plate_vampire,frontal,True,contour,False,0.9724385334645045,0.9830013234168291,0.19789388020833334,1.0,0.9372579395817195,0.9518739776759081,0.9803625377643505,,0,448,672,655,16.172465999261476,97.12596400640905,23.93615299661178,137.33156499802135,True,True,51,50,0.9803921568627451,0.7527592182159424,plate_vampire,plate_bougie,0.3928571428571429,0.4325,0.2,True,False,False,False,0,6,,,
plate_vampire/frontal/20260823T135229Z/frame_0017.jpg,20260823T135229Z,17,8.5,contour,A,magsac,magsac,plate_vampire,,frontal,True,contour,False,0.9681122079160647,0.9832903351634741,0.2000732421875,1.0,0.9218870843000774,0.9459593561522665,0.9805740067677654,,0,451,676,658,16.12309500342235,91.6098269954091,0.0004629982868209481,107.75986699445639,False,False,0,0,0.0,,,,,0.0,,False,False,False,True,1,6,,,
plate_vampire/frontal/20260823T135229Z/frame_0018.jpg,20260823T135229Z,18,9.0,contour,A,magsac,magsac,plate_vampire,,frontal,False,none,False,0.0,0.0,0.0,0.0,0.0,0.0,0.0,,,,,,8.817574009299278,0.0007220078259706497,0.0014079996617510915,8.845926000503823,False,False,0,0,0.0,,,,,0.0,,False,False,False,True,2,6,,,
plate_vampire/frontal/20260823T135229Z/frame_0019.jpg,20260823T135229Z,19,9.5,contour,A,magsac,magsac,plate_vampire,,frontal,False,none,False,0.0,0.0,0.0,0.0,0.0,0.0,0.0,,,,,,9.080351010197774,0.000443993485532701,0.0012220116332173347,9.107944002607837,False,False,0,0,0.0,,,,,0.0,,False,False,False,True,3,6,,,
plate_vampire/main_sur_bord/20260823T135336Z/frame_0000.jpg,20260823T135336Z,0,0.0,contour,A,magsac,magsac,plate_vampire,,main_sur_bord,False,none,False,0.0,0.0,0.0,0.0,0.0,0.0,0.0,,,,,,8.137558004818857,0.00100000761449337,0.001148000592365861,8.166000989149325,False,False,0,0,0.0,,,,,0.0,,False,False,False,True,1,1,,,
plate_vampire/main_sur_bord/20260823T135336Z/frame_0001.jpg,20260823T135336Z,1,0.5,contour,A,magsac,magsac,plate_vampire,,main_sur_bord,False,none,False,0.0,0.0,0.0,0.0,0.0,0.0,0.0,,,,,,8.458629992674105,0.0006479967851191759,0.0012410018825903535,8.487629995215684,False,False,0,0,0.0,,,,,0.0,,False,False,False,True,2,2,,,
plate_vampire/main_sur_bord/20260823T135336Z/frame_0002.jpg,20260823T135336Z,2,1.0,contour,A,magsac,magsac,plate_vampire,,main_sur_bord,False,none,False,0.0,0.0,0.0,0.0,0.0,0.0,0.0,,,,,,8.354538003914058,0.0007039925549179316,0.0011660013115033507,8.382982996408828,False,False,0,0,0.0,,,,,0.0,,False,False,False,True,3,3,,,
plate_vampire/main_sur_bord/20260823T135336Z/frame_0003.jpg,20260823T135336Z,3,1.5,contour,A,magsac,magsac,plate_vampire,,main_sur_bord,False,none,False,0.0,0.0,0.0,0.0,0.0,0.0,0.0,,,,,,8.246445999247953,0.0007229973562061787,0.001204010914079845,8.274742009234615,False,False,0,0,0.0,,,,,0.0,,False,False,False,True,4,4,,,
plate_vampire/main_sur_bord/20260823T135336Z/frame_0004.jpg,20260823T135336Z,4,2.0,contour,A,magsac,magsac,plate_vampire,,main_sur_bord,False,none,False,0.0,0.0,0.0,0.0,0.0,0.0,0.0,,,,,,7.8038170031504706,0.0006479967851191759,0.0014630059013143182,7.832742994651198,False,False,0,0,0.0,,,,,0.0,,False,False,False,True,5,5,,,
plate_vampire/main_sur_bord/20260823T135336Z/frame_0005.jpg,20260823T135336Z,5,2.5,contour,A,magsac,magsac,plate_vampire,,main_sur_bord,False,none,False,0.0,0.0,0.0,0.0,0.0,0.0,0.0,,,,,,8.515962996170856,0.0006479967851191759,0.001148000592365861,8.543240997823887,False,False,0,0,0.0,,,,,0.0,,False,False,False,True,6,6,,,
plate_vampire/main_sur_bord/20260823T135336Z/frame_0006.jpg,20260823T135336Z,6,3.0,contour,A,magsac,magsac,plate_vampire,,main_sur_bord,False,none,False,0.0,0.0,0.0,0.0,0.0,0.0,0.0,,,,,,8.816907997243106,0.0006479967851191759,0.0011850061127915978,8.844684998621233,False,False,0,0,0.0,,,,,0.0,,False,False,False,True,7,7,,,
plate_vampire/main_sur_bord/20260823T135336Z/frame_0007.jpg,20260823T135336Z,7,3.5,contour,A,magsac,magsac,plate_vampire,,main_sur_bord,False,none,False,0.0,0.0,0.0,0.0,0.0,0.0,0.0,,,,,,7.9600390017731115,0.0005740002961829305,0.0014999968698248267,7.988187004229985,False,False,0,0,0.0,,,,,0.0,,False,False,False,True,8,8,,,
plate_vampire/main_sur_bord/20260823T135336Z/frame_0008.jpg,20260823T135336Z,8,4.0,contour,A,magsac,magsac,plate_vampire,,main_sur_bord,False,none,False,0.0,0.0,0.0,0.0,0.0,0.0,0.0,,,,,,8.386222994886339,0.000610991264693439,0.001424996298737824,8.414668001933023,False,False,0,0,0.0,,,,,0.0,,False,False,False,True,9,9,,,
plate_vampire/main_sur_bord/20260823T135336Z/frame_0009.jpg,20260823T135336Z,9,4.5,contour,A,magsac,magsac,plate_vampire,,main_sur_bord,False,none,False,0.0,0.0,0.0,0.0,0.0,0.0,0.0,,,,,,8.58185300603509,0.0007409980753436685,0.0012969976523891091,8.610721997683868,False,False,0,0,0.0,,,,,0.0,,False,False,False,True,10,10,,,
plate_vampire/main_sur_bord/20260823T135336Z/frame_0010.jpg,20260823T135336Z,10,5.0,contour,A,magsac,magsac,plate_vampire,,main_sur_bord,False,none,False,0.0,0.0,0.0,0.0,0.0,0.0,0.0,,,,,,8.64222299424,0.0007039925549179316,0.0012409873306751251,8.670871000504121,False,False,0,0,0.0,,,,,0.0,,False,False,False,True,11,11,,,
plate_vampire/main_sur_bord/20260823T135336Z/frame_0011.jpg,20260823T135336Z,11,5.5,contour,A,magsac,magsac,plate_vampire,,main_sur_bord,False,none,False,0.0,0.0,0.0,0.0,0.0,0.0,0.0,,,,,,8.807055986835621,0.0009069917723536491,0.001481996150687337,8.835833999910392,False,False,0,0,0.0,,,,,0.0,,False,False,False,True,12,12,,,
plate_vampire/main_sur_bord/20260823T135336Z/frame_0012.jpg,20260823T135336Z,12,6.0,contour,A,magsac,magsac,plate_vampire,,main_sur_bord,False,none,False,0.0,0.0,0.0,0.0,0.0,0.0,0.0,,,,,,8.685592998517677,0.0006860063876956701,0.0012409873306751251,8.714463998330757,False,False,0,0,0.0,,,,,0.0,,False,False,False,True,13,13,,,
plate_vampire/main_sur_bord/20260823T135336Z/frame_0013.jpg,20260823T135336Z,13,6.5,contour,A,magsac,magsac,plate_vampire,,main_sur_bord,False,none,False,0.0,0.0,0.0,0.0,0.0,0.0,0.0,,,,,,8.419983001658693,0.0006480113370344043,0.0012590026017278433,8.448168009635992,False,False,0,0,0.0,,,,,0.0,,False,False,False,True,14,14,,,
plate_vampire/main_sur_bord/20260823T135336Z/frame_0014.jpg,20260823T135336Z,14,7.0,contour,A,magsac,magsac,plate_vampire,,main_sur_bord,False,none,False,0.0,0.0,0.0,0.0,0.0,0.0,0.0,,,,,,8.799389004707336,0.0007220078259706497,0.0012590026017278433,8.829389000311494,False,False,0,0,0.0,,,,,0.0,,False,False,False,True,15,15,,,
plate_vampire/main_sur_bord/20260823T135336Z/frame_0015.jpg,20260823T135336Z,15,7.5,contour,A,magsac,magsac,plate_vampire,,main_sur_bord,False,none,False,0.0,0.0,0.0,0.0,0.0,0.0,0.0,,,,,,8.700480990228243,0.0007409980753436685,0.0014630059013143182,8.7294630066026,False,False,0,0,0.0,,,,,0.0,,False,False,False,True,16,16,,,
plate_vampire/main_sur_bord/20260823T135336Z/frame_0016.jpg,20260823T135336Z,16,8.0,contour,A,magsac,magsac,plate_vampire,,main_sur_bord,False,none,False,0.0,0.0,0.0,0.0,0.0,0.0,0.0,,,,,,8.873629994923249,0.0007589987944811583,0.0010369985830038786,8.901556007913314,False,False,0,0,0.0,,,,,0.0,,False,False,False,True,17,17,,,
plate_vampire/main_sur_bord/20260823T135336Z/frame_0017.jpg,20260823T135336Z,17,8.5,contour,A,magsac,magsac,plate_vampire,,main_sur_bord,False,none,False,0.0,0.0,0.0,0.0,0.0,0.0,0.0,,,,,,8.44616800895892,0.0006479967851191759,0.0011299998732283711,8.47438900382258,False,False,0,0,0.0,,,,,0.0,,False,False,False,True,18,18,,,
plate_vampire/main_sur_bord/20260823T135336Z/frame_0018.jpg,20260823T135336Z,18,9.0,contour,A,magsac,magsac,plate_vampire,,main_sur_bord,False,none,False,0.0,0.0,0.0,0.0,0.0,0.0,0.0,,,,,,8.503685996402055,0.000833999365568161,0.0009999930625781417,8.530870996764861,False,False,0,0,0.0,,,,,0.0,,False,False,False,True,19,19,,,
plate_vampire/main_sur_bord/20260823T135336Z/frame_0019.jpg,20260823T135336Z,19,9.5,contour,A,magsac,magsac,plate_vampire,,main_sur_bord,False,none,False,0.0,0.0,0.0,0.0,0.0,0.0,0.0,,,,,,8.555314998375252,0.0006110058166086674,0.0012410018825903535,8.582870999816805,False,False,0,0,0.0,,,,,0.0,,False,False,False,True,20,20,,,
plate_vampire/occlusion_angle/20260823T135419Z/frame_0000.jpg,20260823T135419Z,0,0.0,contour,A,magsac,magsac,plate_vampire,,occlusion_angle,False,none,False,0.0,0.0,0.0,0.0,0.0,0.0,0.0,,,,,,8.657111990032718,0.0006850023055449128,0.0011850061127915978,8.685111999511719,False,False,0,0,0.0,,,,,0.0,,False,False,False,True,1,1,,,
plate_vampire/occlusion_angle/20260823T135419Z/frame_0001.jpg,20260823T135419Z,1,0.5,contour,A,magsac,magsac,plate_vampire,,occlusion_angle,False,none,False,0.0,0.0,0.0,0.0,0.0,0.0,0.0,,,,,,8.528370992280543,0.0007220078259706497,0.0013329990906640887,8.556870991014875,False,False,0,0,0.0,,,,,0.0,,False,False,False,True,2,2,,,
plate_vampire/occlusion_angle/20260823T135419Z/frame_0002.jpg,20260823T135419Z,2,1.0,contour,A,magsac,magsac,plate_vampire,,occlusion_angle,False,none,False,0.0,0.0,0.0,0.0,0.0,0.0,0.0,,,,,,8.867333002854139,0.0007219932740554214,0.0011850061127915978,8.895259990822524,False,False,0,0,0.0,,,,,0.0,,False,False,False,True,3,3,,,
plate_vampire/occlusion_angle/20260823T135419Z/frame_0003.jpg,20260823T135419Z,3,1.5,contour,A,magsac,magsac,plate_vampire,,occlusion_angle,False,none,False,0.0,0.0,0.0,0.0,0.0,0.0,0.0,,,,,,8.765556005528197,0.0006479967851191759,0.0014260003808885813,8.794018998742104,False,False,0,0,0.0,,,,,0.0,,False,False,False,True,4,4,,,
plate_vampire/occlusion_angle/20260823T135419Z/frame_0004.jpg,20260823T135419Z,4,2.0,contour,A,magsac,magsac,plate_vampire,,occlusion_angle,False,none,False,0.0,0.0,0.0,0.0,0.0,0.0,0.0,,,,,,8.547685996745713,0.0007780035957694054,0.0017029960872605443,8.574981999117881,False,False,0,0,0.0,,,,,0.0,,False,False,False,True,5,5,,,
plate_vampire/occlusion_angle/20260823T135419Z/frame_0005.jpg,20260823T135419Z,5,2.5,contour,A,magsac,magsac,plate_vampire,,occlusion_angle,False,none,False,0.0,0.0,0.0,0.0,0.0,0.0,0.0,,,,,,8.509481995133683,0.0004440080374479294,0.0012399978004395962,8.537426998373121,False,False,0,0,0.0,,,,,0.0,,False,False,False,True,6,6,,,
plate_vampire/occlusion_angle/20260823T135419Z/frame_0006.jpg,20260823T135419Z,6,3.0,contour,A,magsac,magsac,plate_vampire,,occlusion_angle,False,none,False,0.0,0.0,0.0,0.0,0.0,0.0,0.0,,,,,,8.77024099463597,0.0006480113370344043,0.001334003172814846,8.798537994152866,False,False,0,0,0.0,,,,,0.0,,False,False,False,True,7,7,,,
plate_vampire/occlusion_angle/20260823T135419Z/frame_0007.jpg,20260823T135419Z,7,3.5,contour,A,magsac,magsac,plate_vampire,,occlusion_angle,False,none,False,0.0,0.0,0.0,0.0,0.0,0.0,0.0,,,,,,8.662574997288175,0.0007589987944811583,0.0012410018825903535,8.688852001796477,False,False,0,0,0.0,,,,,0.0,,False,False,False,True,8,8,,,
plate_vampire/occlusion_angle/20260823T135419Z/frame_0008.jpg,20260823T135419Z,8,4.0,contour,A,magsac,magsac,plate_vampire,,occlusion_angle,False,none,False,0.0,0.0,0.0,0.0,0.0,0.0,0.0,,,,,,8.816389003186487,0.0007030030246824026,0.0012039963621646166,8.84381499781739,False,False,0,0,0.0,,,,,0.0,,False,False,False,True,9,9,,,
plate_vampire/occlusion_angle/20260823T135419Z/frame_0009.jpg,20260823T135419Z,9,4.5,contour,A,magsac,magsac,plate_vampire,,occlusion_angle,False,none,False,0.0,0.0,0.0,0.0,0.0,0.0,0.0,,,,,,8.37970498832874,0.0007219932740554214,0.0013709941413253546,8.407982997596264,False,False,0,0,0.0,,,,,0.0,,False,False,False,True,10,10,,,
plate_vampire/occlusion_angle/20260823T135419Z/frame_0010.jpg,20260823T135419Z,10,5.0,contour,A,magsac,magsac,plate_vampire,,occlusion_angle,False,none,False,0.0,0.0,0.0,0.0,0.0,0.0,0.0,,,,,,8.761370001593605,0.0007030030246824026,0.001148000592365861,8.788759005255997,False,False,0,0,0.0,,,,,0.0,,False,False,False,True,11,11,,,
plate_vampire/occlusion_angle/20260823T135419Z/frame_0011.jpg,20260823T135419Z,11,5.5,contour,A,magsac,magsac,plate_vampire,,occlusion_angle,False,none,False,0.0,0.0,0.0,0.0,0.0,0.0,0.0,,,,,,8.510222993209027,0.0004629982868209481,0.0013509998098015785,8.537408997653984,False,False,0,0,0.0,,,,,0.0,,False,False,False,True,12,12,,,
plate_vampire/occlusion_angle/20260823T135419Z/frame_0012.jpg,20260823T135419Z,12,6.0,contour,A,magsac,magsac,plate_vampire,,occlusion_angle,False,none,False,0.0,0.0,0.0,0.0,0.0,0.0,0.0,,,,,,8.546334007405676,0.0006849877536296844,0.0011849915608763695,8.57357399945613,False,False,0,0,0.0,,,,,0.0,,False,False,False,True,13,13,,,
plate_vampire/occlusion_angle/20260823T135419Z/frame_0013.jpg,20260823T135419Z,13,6.5,contour,A,magsac,magsac,plate_vampire,,occlusion_angle,False,none,False,0.0,0.0,0.0,0.0,0.0,0.0,0.0,,,,,,8.69957399845589,0.0007409980753436685,0.0011850061127915978,8.727573993382975,False,False,0,0,0.0,,,,,0.0,,False,False,False,True,14,14,,,
plate_vampire/occlusion_angle/20260823T135419Z/frame_0014.jpg,20260823T135419Z,14,7.0,contour,A,magsac,magsac,plate_vampire,,occlusion_angle,False,none,False,0.0,0.0,0.0,0.0,0.0,0.0,0.0,,,,,,8.718815006432123,0.000667001586407423,0.0012039963621646166,8.746999999857508,False,False,0,0,0.0,,,,,0.0,,False,False,False,True,15,15,,,
plate_vampire/occlusion_angle/20260823T135419Z/frame_0015.jpg,20260823T135419Z,15,7.5,contour,A,magsac,magsac,plate_vampire,,occlusion_angle,False,none,False,0.0,0.0,0.0,0.0,0.0,0.0,0.0,,,,,,8.758315001614392,0.0007040071068331599,0.0012969976523891091,8.785796002484858,False,False,0,0,0.0,,,,,0.0,,False,False,False,True,16,16,,,
plate_vampire/occlusion_angle/20260823T135419Z/frame_0016.jpg,20260823T135419Z,16,8.0,contour,A,magsac,magsac,plate_vampire,,occlusion_angle,False,none,False,0.0,0.0,0.0,0.0,0.0,0.0,0.0,,,,,,8.40257499658037,0.000667001586407423,0.0010930089047178626,8.42985199415125,False,False,0,0,0.0,,,,,0.0,,False,False,False,True,17,17,,,
plate_vampire/occlusion_angle/20260823T135419Z/frame_0017.jpg,20260823T135419Z,17,8.5,contour,A,magsac,magsac,plate_vampire,,occlusion_angle,False,none,False,0.0,0.0,0.0,0.0,0.0,0.0,0.0,,,,,,8.424241008469835,0.0006850023055449128,0.0012029922800138593,8.451500994851813,False,False,0,0,0.0,,,,,0.0,,False,False,False,True,18,18,,,
plate_vampire/occlusion_angle/20260823T135419Z/frame_0018.jpg,20260823T135419Z,18,9.0,contour,A,magsac,magsac,plate_vampire,,occlusion_angle,False,none,False,0.0,0.0,0.0,0.0,0.0,0.0,0.0,,,,,,8.775906986556947,0.0007780035957694054,0.001110995071940124,8.803240998531692,False,False,0,0,0.0,,,,,0.0,,False,False,False,True,19,19,,,
plate_vampire/occlusion_angle/20260823T135419Z/frame_0019.jpg,20260823T135419Z,19,9.5,contour,A,magsac,magsac,plate_vampire,,occlusion_angle,False,none,False,0.0,0.0,0.0,0.0,0.0,0.0,0.0,,,,,,8.380574989132583,0.0006479967851191759,0.001167005393654108,8.408574998611584,False,False,0,0,0.0,,,,,0.0,,False,False,False,True,20,20,,,
negatives/aucune_plaque/20260823T132011Z/frame_0000.jpg,20260823T132011Z,0,0.0,full_fallback,A,magsac,magsac,,,aucune_plaque,False,full_frame,True,0.0,0.0,0.0,0.0,0.0,0.0,0.0,,0,0,720,1280,6.936614998267032,92.11743700143415,0.000776999513618648,99.0855889976956,False,False,0,0,0.0,,,,,0.0,,False,True,False,False,0,0,,,
negatives/aucune_plaque/20260823T132011Z/frame_0001.jpg,20260823T132011Z,1,0.5,full_fallback,A,magsac,magsac,,,aucune_plaque,False,full_frame,True,0.0,0.0,0.0,0.0,0.0,0.0,0.0,,0,0,720,1280,6.971763999899849,93.51776698895264,0.0008890056051313877,100.51912300696131,False,False,0,0,0.0,,,,,0.0,,False,True,False,False,0,0,,,
negatives/aucune_plaque/20260823T132011Z/frame_0002.jpg,20260823T132011Z,2,1.0,full_fallback,A,magsac,magsac,,,aucune_plaque,False,full_frame,True,0.0,0.0,0.0,0.0,0.0,0.0,0.0,,0,0,720,1280,6.945984991034493,92.678954009898,0.0007409980753436685,99.65653099061456,False,False,0,0,0.0,,,,,0.0,,False,True,False,False,0,0,,,
negatives/aucune_plaque/20260823T132011Z/frame_0003.jpg,20260823T132011Z,3,1.5,full_fallback,A,magsac,magsac,,,aucune_plaque,False,full_frame,True,0.0,0.0,0.0,0.0,0.0,0.0,0.0,,0,0,720,1280,6.861114990897477,92.36332500586286,0.0004069879651069641,99.25342100905254,False,False,0,0,0.0,,,,,0.0,,False,True,False,False,0,0,,,
negatives/aucune_plaque/20260823T132011Z/frame_0004.jpg,20260823T132011Z,4,2.0,full_fallback,A,magsac,magsac,,,aucune_plaque,False,full_frame,True,0.0,0.0,0.0,0.0,0.0,0.0,0.0,,0,0,720,1280,6.863875009003095,94.50595000816975,0.0005550100468099117,101.39895399333909,False,False,0,0,0.0,,,,,0.0,,False,True,False,False,0,0,,,
negatives/aucune_plaque/20260823T132011Z/frame_0005.jpg,20260823T132011Z,5,2.5,full_fallback,A,magsac,magsac,,,aucune_plaque,False,full_frame,True,0.0,0.0,0.0,0.0,0.0,0.0,0.0,,0,0,720,1280,7.09783700585831,92.35565800918266,0.0007029884727671742,99.48466099740472,False,False,0,0,0.0,,,,,0.0,,False,True,False,False,0,0,,,
negatives/aucune_plaque/20260823T132011Z/frame_0006.jpg,20260823T132011Z,6,3.0,full_fallback,A,magsac,magsac,,,aucune_plaque,False,full_frame,True,0.0,0.0,0.0,0.0,0.0,0.0,0.0,,0,0,720,1280,6.8818559957435355,92.89678699860815,0.00044499756768345833,99.80788399116136,False,False,0,0,0.0,,,,,0.0,,False,True,False,False,0,0,,,
negatives/aucune_plaque/20260823T132011Z/frame_0007.jpg,20260823T132011Z,7,3.5,full_fallback,A,magsac,magsac,,,aucune_plaque,False,full_frame,True,0.0,0.0,0.0,0.0,0.0,0.0,0.0,,0,0,720,1280,6.89487399358768,99.10427300201263,19.2072190111503,125.23410801077262,True,False,8,6,0.75,0.093094103038311,plate_bougie,,,0.02375,0.2,False,True,False,False,0,0,,,
negatives/aucune_plaque/20260823T132011Z/frame_0008.jpg,20260823T132011Z,8,4.0,full_fallback,A,magsac,magsac,,,aucune_plaque,False,full_frame,True,0.0,0.0,0.0,0.0,0.0,0.0,0.0,,0,0,720,1280,6.834633997641504,93.61922901007347,0.0006850023055449128,100.48288200050592,False,False,0,0,0.0,,,,,0.0,,False,True,False,False,0,0,,,
negatives/aucune_plaque/20260823T132011Z/frame_0009.jpg,20260823T132011Z,9,4.5,full_fallback,A,magsac,magsac,,,aucune_plaque,False,full_frame,True,0.0,0.0,0.0,0.0,0.0,0.0,0.0,,0,0,720,1280,6.9427259877556935,96.77916800137609,0.0006110058166086674,103.75128300802317,False,False,0,0,0.0,,,,,0.0,,False,True,False,False,0,0,,,
negatives/aucune_plaque/20260823T132011Z/frame_0010.jpg,20260823T132011Z,10,5.0,full_fallback,A,magsac,magsac,,,aucune_plaque,False,full_frame,True,0.0,0.0,0.0,0.0,0.0,0.0,0.0,,0,0,720,1280,7.522744010202587,93.68656300648581,0.0006850023055449128,101.23971400025766,False,False,0,0,0.0,,,,,0.0,,False,True,False,False,0,0,,,
negatives/aucune_plaque/20260823T132011Z/frame_0011.jpg,20260823T132011Z,11,5.5,full_fallback,A,magsac,magsac,,,aucune_plaque,True,contour,False,0.39325060616785,0.4417845606803894,0.005544704861111111,0.26326566575208565,0.3856041131105398,0.48497793248076865,0.5,,463,991,241,110,12.335993000306189,21.39378800347913,0.000443993485532701,33.754318006685935,False,False,0,0,0.0,,,,,0.0,,False,True,False,False,0,0,,,
negatives/aucune_plaque/20260823T132011Z/frame_0012.jpg,20260823T132011Z,12,6.0,full_fallback,A,magsac,magsac,,,aucune_plaque,True,contour,False,0.5547999321873796,0.4474520683288574,0.005625,0.2651650429449553,0.8786279683377308,0.38003251278368,0.9661280758968277,,463,989,237,112,12.5316030025715,1.097608997952193,0.0012410018825903535,13.658101001055911,False,False,0,0,0.0,,,,,0.0,,False,True,False,False,0,0,,,
negatives/aucune_plaque/20260823T132011Z/frame_0013.jpg,20260823T132011Z,13,6.5,full_fallback,A,magsac,magsac,,,aucune_plaque,False,full_frame,True,0.0,0.0,0.0,0.0,0.0,0.0,0.0,,0,0,720,1280,6.829449004726484,91.59591900242958,0.0008509960025548935,98.45857099571731,False,False,0,0,0.0,,,,,0.0,,False,True,False,False,0,0,,,
negatives/aucune_plaque/20260823T132011Z/frame_0014.jpg,20260823T132011Z,14,7.0,full_fallback,A,magsac,magsac,,,aucune_plaque,False,full_frame,True,0.0,0.0,0.0,0.0,0.0,0.0,0.0,,0,0,720,1280,6.800357004976831,94.07645100145601,0.0005189940566197038,100.90654800296761,False,False,0,0,0.0,,,,,0.0,,False,True,False,False,0,0,,,
negatives/aucune_plaque/20260823T132011Z/frame_0015.jpg,20260823T132011Z,15,7.5,full_fallback,A,magsac,magsac,,,aucune_plaque,False,full_frame,True,0.0,0.0,0.0,0.0,0.0,0.0,0.0,,0,0,720,1280,6.816856999648735,93.45795199624263,0.0005550100468099117,100.30604898929596,False,False,0,0,0.0,,,,,0.0,,False,True,False,False,0,0,,,
negatives/aucune_plaque/20260823T132011Z/frame_0016.jpg,20260823T132011Z,16,8.0,full_fallback,A,magsac,magsac,,,aucune_plaque,False,full_frame,True,0.0,0.0,0.0,0.0,0.0,0.0,0.0,,0,0,720,1280,6.776856011128984,92.86017599515617,0.0006299960659816861,99.66553199046757,False,False,0,0,0.0,,,,,0.0,,False,True,False,False,0,0,,,
negatives/aucune_plaque/20260823T132011Z/frame_0017.jpg,20260823T132011Z,17,8.5,full_fallback,A,magsac,magsac,,,aucune_plaque,False,full_frame,True,0.0,0.0,0.0,0.0,0.0,0.0,0.0,,0,0,720,1280,6.844727002317086,94.56570900510997,0.0004259927663952112,101.43823100952432,False,False,0,0,0.0,,,,,0.0,,False,True,False,False,0,0,,,
negatives/aucune_plaque/20260823T132011Z/frame_0018.jpg,20260823T132011Z,18,9.0,full_fallback,A,magsac,magsac,,,aucune_plaque,False,full_frame,True,0.0,0.0,0.0,0.0,0.0,0.0,0.0,,0,0,720,1280,6.946207999135368,92.96597099455539,0.0009630020940676332,99.94647599523887,False,False,0,0,0.0,,,,,0.0,,False,True,False,False,0,0,,,
negatives/aucune_plaque/20260823T132011Z/frame_0019.jpg,20260823T132011Z,19,9.5,full_fallback,A,magsac,magsac,,,aucune_plaque,False,full_frame,True,0.0,0.0,0.0,0.0,0.0,0.0,0.0,,0,0,720,1280,7.016523013589904,94.9027640017448,0.0005370093276724219,101.94915600004606,False,False,0,0,0.0,,,,,0.0,,False,True,False,False,0,0,,,
plate_bougie/frontal/20260823T135503Z/frame_0000.jpg,20260823T135503Z,0,0.0,full_fallback,A,magsac,magsac,plate_bougie,,frontal,False,full_frame,True,0.0,0.0,0.0,0.0,0.0,0.0,0.0,,0,0,720,1280,7.900445998529904,95.12267100217286,0.0005920010153204203,103.05441399395932,False,False,0,0,0.0,,,,,0.0,,False,False,False,True,1,1,,,
plate_bougie/frontal/20260823T135503Z/frame_0001.jpg,20260823T135503Z,1,0.5,full_fallback,A,magsac,magsac,plate_bougie,,frontal,True,contour,False,0.8707366605224656,0.9553513079881668,0.1305517578125,1.0,0.7513711151736746,0.9628848933259679,0.5,,45,379,542,554,14.545283993356861,92.5717869977234,0.0005369947757571936,107.14414500398561,False,False,0,0,0.0,,,,,0.0,,False,False,False,True,2,2,,,
plate_bougie/frontal/20260823T135503Z/frame_0002.jpg,20260823T135503Z,2,1.0,full_fallback,A,magsac,magsac,plate_bougie,plate_bougie,frontal,True,contour,False,0.9219237163744509,0.9526255764067173,0.13032606336805555,1.0,0.7598173515981735,0.9710082319995101,0.9908088235294118,,48,379,541,554,14.663062000181526,89.52042300370522,18.452923992299475,122.72724301146809,True,True,38,26,0.6842105263157895,0.6089239120483398,plate_bougie,,,0.2775,0.2,True,False,False,False,0,2,1.0,,
plate_bougie/frontal/20260823T135503Z/frame_0003.jpg,20260823T135503Z,3,1.5,full_fallback,A,magsac,magsac,plate_bougie,,frontal,True,contour,False,0.974634322080032,0.9598961547017097,0.1279736328125,1.0,0.9677716390423573,0.9709378286547468,0.9762878304345514,,56,380,535,551,14.756820004549809,84.32941600040067,0.0005180045263841748,99.11444000317715,False,False,0,0,0.0,,,,,0.0,,False,False,False,True,1,2,,,
plate_bougie/frontal/20260823T135503Z/frame_0004.jpg,20260823T135503Z,4,2.0,full_fallback,A,magsac,magsac,plate_bougie,plate_bougie,frontal,False,full_frame,True,0.0,0.0,0.0,0.0,0.0,0.0,0.0,,0,0,720,1280,7.403576993965544,100.73030699277297,22.825155989266932,131.05313200503588,True,True,29,16,0.5517241379310345,0.4886218309402466,plate_bougie,,,0.32125,0.2,True,False,False,False,0,2,,,
plate_bougie/frontal/20260823T135503Z/frame_0005.jpg,20260823T135503Z,5,2.5,full_fallback,A,magsac,magsac,plate_bougie,plate_bougie,frontal,False,full_frame,True,0.0,0.0,0.0,0.0,0.0,0.0,0.0,,0,0,720,1280,8.076982994680293,102.60169199318625,22.779747989261523,133.55431200761814,True,True,35,16,0.45714285714285713,0.5775129795074463,plate_bougie,,,0.3125,0.2,True,False,False,False,0,2,,,
plate_bougie/frontal/20260823T135503Z/frame_0006.jpg,20260823T135503Z,6,3.0,full_fallback,A,magsac,magsac,plate_bougie,plate_bougie,frontal,True,contour,False,0.9373221293228091,0.9566483162343502,0.13072916666666667,1.0,0.8236889692585895,0.9676532219430358,0.9764006994355315,,53,378,544,551,14.708692004205659,86.6236700094305,18.333016996621154,119.75698899186682,True,True,41,30,0.7317073170731707,0.7029531002044678,plate_bougie,,,0.25125,0.2,True,False,False,False,0,2,,plate_bougie,3.0
plate_bougie/frontal/20260823T135503Z/frame_0007.jpg,20260823T135503Z,7,3.5,full_fallback,A,magsac,magsac,plate_bougie,plate_bougie,frontal,True,contour,False,0.9090943341917792,0.9360760971903801,0.13587076822916666,1.0,0.7444933920704846,0.9638659399302177,0.9576156302402231,,32,379,563,550,14.70289500139188,87.547426999663,17.49396399827674,119.83359999430832,True,True,37,27,0.7297297297297297,0.8165309429168701,plate_bougie,,,0.25375,0.2,True,False,False,False,0,2,,,
plate_bougie/frontal/20260823T135503Z/frame_0008.jpg,20260823T135503Z,8,4.0,full_fallback,A,magsac,magsac,plate_bougie,plate_bougie,frontal,True,contour,False,0.9503494735444259,0.9556902460753918,0.1275439453125,1.0,0.8996316758747698,0.9654380556726305,0.9219067518585289,,59,373,538,546,14.692729004309513,89.07338700373657,21.700324999983422,125.5582549929386,True,True,46,30,0.6521739130434783,0.8798376321792603,plate_bougie,,,0.3475,0.2,True,False,False,False,0,2,,,
plate_bougie/frontal/20260823T135503Z/frame_0009.jpg,20260823T135503Z,9,4.5,full_fallback,A,magsac,magsac,plate_bougie,plate_bougie,frontal,True,contour,False,0.9539668218664269,0.9529640227556229,0.12693739149305555,1.0,0.8898071625344353,0.9654602706819453,0.9907979733793661,,59,372,535,546,14.611616992624477,89.68018200539518,21.551251003984362,125.93503200332634,True,True,53,41,0.7735849056603774,0.7567138671875,plate_bougie,,,0.34875,0.2,True,False,False,False,0,2,,,
plate_bougie/frontal/20260823T135503Z/frame_0010.jpg,20260823T135503Z,10,5.0,full_fallback,A,magsac,magsac,plate_bougie,,frontal,False,full_frame,True,0.0,0.0,0.0,0.0,0.0,0.0,0.0,,0,0,720,1280,8.049557989579625,98.5331080009928,0.0005369947757571936,106.61159100709483,False,False,0,0,0.0,,,,,0.0,,False,False,False,True,1,2,,,
plate_bougie/frontal/20260823T135503Z/frame_0011.jpg,20260823T135503Z,11,5.5,full_fallback,A,magsac,magsac,plate_bougie,plate_bougie,frontal,True,contour,False,0.9603586037205631,0.955524280667305,0.12758626302083334,1.0,0.9516279069767442,0.9673926702568706,0.890550757504985,,83,377,534,552,14.534821995766833,86.88574300322216,21.318900006008334,122.83244599530008,True,True,36,27,0.75,0.5359869599342346,plate_bougie,,,0.31875,0.2,True,False,False,False,0,2,,,
plate_bougie/frontal/20260823T135503Z/frame_0012.jpg,20260823T135503Z,12,6.0,full_fallback,A,magsac,magsac,plate_bougie,plate_bougie,frontal,True,contour,False,0.9368917460583195,0.9434193708002567,0.12915364583333333,1.0,0.8530499075785583,0.9666562035985224,0.9393783756375068,,93,381,539,553,14.827356993919238,87.61663100449368,21.630214003380388,124.16544200095814,True,True,37,28,0.7567567567567568,0.7865383625030518,plate_bougie,,,0.36375,0.2,True,False,False,False,0,2,,,
plate_bougie/frontal/20260823T135503Z/frame_0013.jpg,20260823T135503Z,13,6.5,full_fallback,A,magsac,magsac,plate_bougie,,frontal,True,contour,False,0.916126590948539,0.9476079978048801,0.12866373697916667,1.0,0.7769652650822669,0.9671981538175707,0.9088305995475113,,72,378,538,550,14.51056198857259,82.17471701209433,0.0004440080374479294,96.71268600504845,False,False,0,0,0.0,,,,,0.0,,False,False,False,True,1,2,,,
plate_bougie/frontal/20260823T135503Z/frame_0014.jpg,20260823T135503Z,14,7.0,full_fallback,A,magsac,magsac,plate_bougie,plate_bougie,frontal,False,full_frame,True,0.0,0.0,0.0,0.0,0.0,0.0,0.0,,0,0,720,1280,8.080316008999944,99.99514199444093,22.902080992935225,131.0782799992012,True,True,19,10,0.5263157894736842,0.35981327295303345,plate_bougie,,,0.32,0.2,True,False,False,False,0,2,,,
plate_bougie/frontal/20260823T135503Z/frame_0015.jpg,20260823T135503Z,15,7.5,full_fallback,A,magsac,magsac,plate_bougie,plate_bougie,frontal,True,contour,False,0.951103203089429,0.9448678717017174,0.1314208984375,1.0,0.9111514052583862,0.9636331825711884,0.9349167200719839,,80,383,543,556,14.673208992462605,86.74374400288798,21.648658002959564,123.15888900775462,True,True,30,26,0.8666666666666667,0.9918394684791565,plate_bougie,,,0.3375,0.2,True,False,False,False,0,2,,,
plate_bougie/frontal/20260823T135503Z/frame_0016.jpg,20260823T135503Z,16,8.0,full_fallback,A,magsac,magsac,plate_bougie,plate_bougie,frontal,True,contour,False,0.9581408311454988,0.9541791491210461,0.12701931423611112,1.0,0.9153633854645814,0.9649431069063154,0.965519293524081,,93,386,531,551,14.770413006772287,85.37063599214889,21.398789001978002,121.63691000023391,True,True,33,26,0.7878787878787878,0.9555752873420715,plate_bougie,,,0.32125,0.2,True,False,False,False,0,2,,,
plate_bougie/frontal/20260823T135503Z/frame_0017.jpg,20260823T135503Z,17,8.5,full_fallback,A,magsac,magsac,plate_bougie,,frontal,True,contour,False,0.9453351205138889,0.9437204115092754,0.12937771267361112,1.0,0.8869955156950673,0.9624389995948202,0.9422621817785743,,77,388,536,552,14.62602500396315,85.78252300503664,0.0005920010153204203,100.43547401437536,False,False,0,0,0.0,,,,,0.0,,False,False,False,True,1,2,,,
plate_bougie/frontal/20260823T135503Z/frame_0018.jpg,20260823T135503Z,18,9.0,full_fallback,A,magsac,magsac,plate_bougie,,frontal,True,contour,False,0.9392978173196423,0.9425462000072002,0.1290505642361111,1.0,0.8878676470588235,0.9623746799858209,0.883295775541943,,107,390,537,554,14.76309799181763,83.71249100309797,0.0004260073183104396,98.50310800538864,False,False,0,0,0.0,,,,,0.0,,False,False,False,True,2,2,,,
plate_bougie/frontal/20260823T135503Z/frame_0019.jpg,20260823T135503Z,19,9.5,full_fallback,A,magsac,magsac,plate_bougie,plate_bougie,frontal,True,contour,False,0.9274390024458445,0.965101096779108,0.12572808159722224,1.0,0.8037558685446009,0.9699211028414878,0.8997759599181318,,96,378,531,548,14.526672995998524,88.38259200274479,21.67199199902825,124.67190399183892,True,True,34,30,0.8823529411764706,0.7674320936203003,plate_bougie,,,0.35125,0.2,True,False,False,False,0,2,,,
plate_bougie/main_sur_bord/20260823T135543Z/frame_0000.jpg,20260823T135543Z,0,0.0,full_fallback,A,magsac,magsac,plate_bougie,,main_sur_bord,False,full_frame,True,0.0,0.0,0.0,0.0,0.0,0.0,0.0,,0,0,720,1280,8.094667995464988,103.88483700808138,22.97059999546036,134.97914199251682,True,False,22,14,0.6363636363636364,0.5574474334716797,plate_bougie,,,0.1625,0.2,False,False,False,True,1,1,,,
plate_bougie/main_sur_bord/20260823T135543Z/frame_0001.jpg,20260823T135543Z,1,0.5,full_fallback,A,magsac,magsac,plate_bougie,,main_sur_bord,False,full_frame,True,0.0,0.0,0.0,0.0,0.0,0.0,0.0,,0,0,720,1280,7.8761500044493005,103.36141200968996,15.76515199849382,127.02997399901506,True,False,14,6,0.42857142857142855,9.1552734375e-05,plate_bougie,,,0.0125,0.2,False,False,False,True,2,2,,,
plate_bougie/main_sur_bord/20260823T135543Z/frame_0002.jpg,20260823T135543Z,2,1.0,full_fallback,A,magsac,magsac,plate_bougie,,main_sur_bord,False,full_frame,True,0.0,0.0,0.0,0.0,0.0,0.0,0.0,,0,0,720,1280,7.991427002707496,104.28109500207938,0.000500003807246685,112.3022459942149,False,False,0,0,0.0,,,,,0.0,,False,False,False,True,3,3,,,
plate_bougie/main_sur_bord/20260823T135543Z/frame_0003.jpg,20260823T135543Z,3,1.5,full_fallback,A,magsac,magsac,plate_bougie,plate_bougie,main_sur_bord,False,full_frame,True,0.0,0.0,0.0,0.0,0.0,0.0,0.0,,0,0,720,1280,8.10377900779713,104.7211690020049,20.411382996826433,133.33101599710062,True,True,14,10,0.7142857142857143,0.5173337459564209,plate_bougie,,,0.2425,0.2,True,False,False,False,0,3,1.5,,
plate_bougie/main_sur_bord/20260823T135543Z/frame_0004.jpg,20260823T135543Z,4,2.0,full_fallback,A,magsac,magsac,plate_bougie,,main_sur_bord,False,full_frame,True,0.0,0.0,0.0,0.0,0.0,0.0,0.0,,0,0,720,1280,7.894056994700804,101.13513900432736,8.972555006039329,118.02910300320946,True,False,14,6,0.42857142857142855,0.0001168343223980628,plate_cellule,,,0.0075,0.2,False,False,False,True,1,3,,,
plate_bougie/main_sur_bord/20260823T135543Z/frame_0005.jpg,20260823T135543Z,5,2.5,full_fallback,A,magsac,magsac,plate_bougie,,main_sur_bord,False,full_frame,True,0.0,0.0,0.0,0.0,0.0,0.0,0.0,,0,0,720,1280,8.03876000281889,102.32282200013287,0.0004259927663952112,110.39011999673676,False,False,0,0,0.0,,,,,0.0,,False,False,False,True,2,3,,,
plate_bougie/main_sur_bord/20260823T135543Z/frame_0006.jpg,20260823T135543Z,6,3.0,full_fallback,A,magsac,magsac,plate_bougie,plate_bougie,main_sur_bord,False,full_frame,True,0.0,0.0,0.0,0.0,0.0,0.0,0.0,,0,0,720,1280,8.005723997484893,104.76407599344384,21.578103012870997,134.44179198995698,True,True,21,14,0.6666666666666666,0.6314603686332703,plate_bougie,,,0.2525,0.2,True,False,False,False,0,3,,,
plate_bougie/main_sur_bord/20260823T135543Z/frame_0007.jpg,20260823T135543Z,7,3.5,full_fallback,A,magsac,magsac,plate_bougie,,main_sur_bord,False,full_frame,True,0.0,0.0,0.0,0.0,0.0,0.0,0.0,,0,0,720,1280,7.856334996176884,99.1383840009803,0.000500003807246685,107.02379400026985,False,False,0,0,0.0,,,,,0.0,,False,False,False,True,1,3,,,
plate_bougie/main_sur_bord/20260823T135543Z/frame_0008.jpg,20260823T135543Z,8,4.0,full_fallback,A,magsac,magsac,plate_bougie,,main_sur_bord,False,full_frame,True,0.0,0.0,0.0,0.0,0.0,0.0,0.0,,0,0,720,1280,7.620503005455248,103.41600500396453,0.0005189940566197038,111.06667399872094,False,False,0,0,0.0,,,,,0.0,,False,False,False,True,2,3,,,
plate_bougie/main_sur_bord/20260823T135543Z/frame_0009.jpg,20260823T135543Z,9,4.5,full_fallback,A,magsac,magsac,plate_bougie,,main_sur_bord,False,full_frame,True,0.0,0.0,0.0,0.0,0.0,0.0,0.0,,0,0,720,1280,7.983631003298797,99.38553100801073,0.0004619942046701908,107.39838499284815,False,False,0,0,0.0,,,,,0.0,,False,False,False,True,3,3,,,
plate_bougie/main_sur_bord/20260823T135543Z/frame_0010.jpg,20260823T135543Z,10,5.0,full_fallback,A,magsac,magsac,plate_bougie,,main_sur_bord,False,full_frame,True,0.0,0.0,0.0,0.0,0.0,0.0,0.0,,0,0,720,1280,7.985649994225241,96.24724199238699,0.0005559995770454407,104.26263300178107,False,False,0,0,0.0,,,,,0.0,,False,False,False,True,4,4,,,
plate_bougie/main_sur_bord/20260823T135543Z/frame_0011.jpg,20260823T135543Z,11,5.5,full_fallback,A,magsac,magsac,plate_bougie,,main_sur_bord,False,full_frame,True,0.0,0.0,0.0,0.0,0.0,0.0,0.0,,0,0,720,1280,7.927280006697401,104.9388910032576,0.000443993485532701,112.89470699557569,False,False,0,0,0.0,,,,,0.0,,False,False,False,True,5,5,,,
plate_bougie/main_sur_bord/20260823T135543Z/frame_0012.jpg,20260823T135543Z,12,6.0,full_fallback,A,magsac,magsac,plate_bougie,,main_sur_bord,False,full_frame,True,0.0,0.0,0.0,0.0,0.0,0.0,0.0,,0,0,720,1280,7.977483997819945,106.20351700345054,22.81995200610254,137.0289330079686,True,False,19,14,0.7368421052631579,0.5961141586303711,plate_bougie,,,0.16,0.2,False,False,False,True,6,6,,,
plate_bougie/main_sur_bord/20260823T135543Z/frame_0013.jpg,20260823T135543Z,13,6.5,full_fallback,A,magsac,magsac,plate_bougie,,main_sur_bord,False,full_frame,True,0.0,0.0,0.0,0.0,0.0,0.0,0.0,,0,0,720,1280,7.7686320000793785,101.15728700475302,0.0004440080374479294,108.95445599453524,False,False,0,0,0.0,,,,,0.0,,False,False,False,True,7,7,,,
plate_bougie/main_sur_bord/20260823T135543Z/frame_0014.jpg,20260823T135543Z,14,7.0,full_fallback,A,magsac,magsac,plate_bougie,,main_sur_bord,False,full_frame,True,0.0,0.0,0.0,0.0,0.0,0.0,0.0,,0,0,720,1280,7.888354011811316,103.16639399388805,0.0004629982868209481,111.08258098829538,False,False,0,0,0.0,,,,,0.0,,False,False,False,True,8,8,,,
plate_bougie/main_sur_bord/20260823T135543Z/frame_0015.jpg,20260823T135543Z,15,7.5,full_fallback,A,magsac,magsac,plate_bougie,,main_sur_bord,False,full_frame,True,0.0,0.0,0.0,0.0,0.0,0.0,0.0,,0,0,720,1280,7.870057001127861,99.97960399778094,0.0006110058166086674,107.87868000625167,False,False,0,0,0.0,,,,,0.0,,False,False,False,True,9,9,,,
plate_bougie/main_sur_bord/20260823T135543Z/frame_0016.jpg,20260823T135543Z,16,8.0,full_fallback,A,magsac,magsac,plate_bougie,,main_sur_bord,False,full_frame,True,0.0,0.0,0.0,0.0,0.0,0.0,0.0,,0,0,720,1280,8.067760994890705,97.77973900781944,0.0005549954948946834,105.87679599120747,False,False,0,0,0.0,,,,,0.0,,False,False,False,True,10,10,,,
plate_bougie/main_sur_bord/20260823T135543Z/frame_0017.jpg,20260823T135543Z,17,8.5,full_fallback,A,magsac,magsac,plate_bougie,,main_sur_bord,False,full_frame,True,0.0,0.0,0.0,0.0,0.0,0.0,0.0,,0,0,720,1280,7.612503002746962,99.00101298990194,0.0007589987944811583,106.64421999535989,False,False,0,0,0.0,,,,,0.0,,False,False,False,True,11,11,,,
plate_bougie/main_sur_bord/20260823T135543Z/frame_0018.jpg,20260823T135543Z,18,9.0,full_fallback,A,magsac,magsac,plate_bougie,,main_sur_bord,False,full_frame,True,0.0,0.0,0.0,0.0,0.0,0.0,0.0,,0,0,720,1280,8.157408999977633,102.47759899357334,0.0004260073183104396,110.66297099750955,False,False,0,0,0.0,,,,,0.0,,False,False,False,True,12,12,,,
plate_bougie/main_sur_bord/20260823T135543Z/frame_0019.jpg,20260823T135543Z,19,9.5,full_fallback,A,magsac,magsac,plate_bougie,,main_sur_bord,False,full_frame,True,0.0,0.0,0.0,0.0,0.0,0.0,0.0,,0,0,720,1280,7.796910009346902,95.70602099120151,0.0004629982868209481,103.53185600251891,False,False,0,0,0.0,,,,,0.0,,False,False,False,True,13,13,,,
plate_bougie/occlusion_angle/20260823T135620Z/frame_0000.jpg,20260823T135620Z,0,0.0,full_fallback,A,magsac,magsac,plate_bougie,plate_bougie,occlusion_angle,False,full_frame,True,0.0,0.0,0.0,0.0,0.0,0.0,0.0,,0,0,720,1280,8.011131998500787,104.06800299824681,22.463526998762973,134.6364939963678,True,True,41,23,0.5609756097560976,0.826884925365448,plate_bougie,,,0.35625,0.2,True,False,False,False,0,0,0.0,,
plate_bougie/occlusion_angle/20260823T135620Z/frame_0001.jpg,20260823T135620Z,1,0.5,full_fallback,A,magsac,magsac,plate_bougie,plate_bougie,occlusion_angle,False,full_frame,True,0.0,0.0,0.0,0.0,0.0,0.0,0.0,,0,0,720,1280,7.718335997196846,102.51924699696247,21.48549200501293,131.82081500417553,True,True,26,14,0.5384615384615384,0.8109503984451294,plate_bougie,,,0.32875,0.2,True,False,False,False,0,0,,,
plate_bougie/occlusion_angle/20260823T135620Z/frame_0002.jpg,20260823T135620Z,2,1.0,full_fallback,A,magsac,magsac,plate_bougie,,occlusion_angle,False,full_frame,True,0.0,0.0,0.0,0.0,0.0,0.0,0.0,,0,0,720,1280,7.63092799752485,103.26094900665339,16.61357701232191,127.53341600182466,True,False,18,10,0.5555555555555556,0.8896321058273315,plate_bougie,,,0.1575,0.2,False,False,False,True,1,1,,,
plate_bougie/occlusion_angle/20260823T135620Z/frame_0003.jpg,20260823T135620Z,3,1.5,full_fallback,A,magsac,magsac,plate_bougie,,occlusion_angle,False,full_frame,True,0.0,0.0,0.0,0.0,0.0,0.0,0.0,,0,0,720,1280,7.943854012410156,101.98802599916235,0.0005179899744689465,109.96076799347065,False,False,0,0,0.0,,,,,0.0,,False,False,False,True,2,2,,,
plate_bougie/occlusion_angle/20260823T135620Z/frame_0004.jpg,20260823T135620Z,4,2.0,full_fallback,A,magsac,magsac,plate_bougie,plate_bougie,occlusion_angle,False,full_frame,True,0.0,0.0,0.0,0.0,0.0,0.0,0.0,,0,0,720,1280,7.803241998772137,104.59942699526437,18.658664004760794,131.15244600339793,True,True,23,16,0.6956521739130435,0.6576871871948242,plate_bougie,,,0.23875,0.2,True,False,False,False,0,2,,plate_bougie,2.0
plate_bougie/occlusion_angle/20260823T135620Z/frame_0005.jpg,20260823T135620Z,5,2.5,full_fallback,A,magsac,magsac,plate_bougie,,occlusion_angle,False,full_frame,True,0.0,0.0,0.0,0.0,0.0,0.0,0.0,,0,0,720,1280,8.05940899590496,103.85287400276866,0.0004999892553314567,111.93950500455685,False,False,0,0,0.0,,,,,0.0,,False,False,False,True,1,2,,,
plate_bougie/occlusion_angle/20260823T135620Z/frame_0006.jpg,20260823T135620Z,6,3.0,full_fallback,A,magsac,magsac,plate_bougie,,occlusion_angle,False,full_frame,True,0.0,0.0,0.0,0.0,0.0,0.0,0.0,,0,0,720,1280,8.081945008598268,103.62559699569829,0.0005740002961829305,111.73645000963006,False,False,0,0,0.0,,,,,0.0,,False,False,False,True,2,2,,,
plate_bougie/occlusion_angle/20260823T135620Z/frame_0007.jpg,20260823T135620Z,7,3.5,full_fallback,A,magsac,magsac,plate_bougie,,occlusion_angle,False,full_frame,True,0.0,0.0,0.0,0.0,0.0,0.0,0.0,,0,0,720,1280,8.093854004982859,100.32893699826673,0.0005179899744689465,108.45301300287247,False,False,0,0,0.0,,,,,0.0,,False,False,False,True,3,3,,,
plate_bougie/occlusion_angle/20260823T135620Z/frame_0008.jpg,20260823T135620Z,8,4.0,full_fallback,A,magsac,magsac,plate_bougie,plate_bougie,occlusion_angle,False,full_frame,True,0.0,0.0,0.0,0.0,0.0,0.0,0.0,,0,0,720,1280,8.04202001017984,105.88755398930516,21.735435002483428,135.75893599772826,True,True,37,30,0.8108108108108109,0.8588782548904419,plate_bougie,,,0.35125,0.2,True,False,False,False,0,3,,,
plate_bougie/occlusion_angle/20260823T135620Z/frame_0009.jpg,20260823T135620Z,9,4.5,full_fallback,A,magsac,magsac,plate_bougie,,occlusion_angle,False,full_frame,True,0.0,0.0,0.0,0.0,0.0,0.0,0.0,,0,0,720,1280,7.700428002863191,104.20852100651246,0.0005740002961829305,111.93737501162104,False,False,0,0,0.0,,,,,0.0,,False,False,False,True,1,3,,,
plate_bougie/occlusion_angle/20260823T135620Z/frame_0010.jpg,20260823T135620Z,10,5.0,full_fallback,A,magsac,magsac,plate_bougie,plate_bougie,occlusion_angle,False,full_frame,True,0.0,0.0,0.0,0.0,0.0,0.0,0.0,,0,0,720,1280,7.897649993537925,104.72314899379853,23.15798800555058,135.87406600709073,True,True,50,32,0.64,0.708875298500061,plate_bougie,,,0.27375,0.2,True,False,False,False,0,3,,,
plate_bougie/occlusion_angle/20260823T135620Z/frame_0011.jpg,20260823T135620Z,11,5.5,full_fallback,A,magsac,magsac,plate_bougie,plate_bougie,occlusion_angle,False,full_frame,True,0.0,0.0,0.0,0.0,0.0,0.0,0.0,,0,0,720,1280,7.979742003954016,105.62144400319085,23.32156199554447,137.0171919988934,True,True,60,40,0.6666666666666666,0.8155570030212402,plate_bougie,,,0.2975,0.2,True,False,False,False,0,3,,,
plate_bougie/occlusion_angle/20260823T135620Z/frame_0012.jpg,20260823T135620Z,12,6.0,full_fallback,A,magsac,magsac,plate_bougie,plate_bougie,occlusion_angle,False,full_frame,True,0.0,0.0,0.0,0.0,0.0,0.0,0.0,,0,0,720,1280,8.125983003992587,104.25022400158923,22.288674997980706,134.76041999820154,True,True,40,36,0.9,0.7619142532348633,plate_bougie,,,0.3775,0.2,True,False,False,False,0,3,,,
plate_bougie/occlusion_angle/20260823T135620Z/frame_0013.jpg,20260823T135620Z,13,6.5,full_fallback,A,magsac,magsac,plate_bougie,plate_bougie,occlusion_angle,False,full_frame,True,0.0,0.0,0.0,0.0,0.0,0.0,0.0,,0,0,720,1280,8.112259994959459,107.15618199901655,23.334673009230755,138.70148500427604,True,True,39,26,0.6666666666666666,0.642694354057312,plate_bougie,plate_bois,0.3125,0.27375,0.2,True,False,False,False,0,3,,,
plate_bougie/occlusion_angle/20260823T135620Z/frame_0014.jpg,20260823T135620Z,14,7.0,full_fallback,A,magsac,magsac,plate_bougie,plate_bougie,occlusion_angle,False,full_frame,True,0.0,0.0,0.0,0.0,0.0,0.0,0.0,,0,0,720,1280,8.09070499963127,103.56281799613498,22.245397994993255,133.99234700773377,True,True,31,29,0.9354838709677419,0.7964581251144409,plate_bougie,,,0.38875,0.2,True,False,False,False,0,3,,,
plate_bougie/occlusion_angle/20260823T135620Z/frame_0015.jpg,20260823T135620Z,15,7.5,full_fallback,A,magsac,magsac,plate_bougie,plate_bougie,occlusion_angle,False,full_frame,True,0.0,0.0,0.0,0.0,0.0,0.0,0.0,,0,0,720,1280,8.290612007840537,104.32079900056124,22.081287010223605,134.78730800852645,True,True,47,38,0.8085106382978723,0.9650724530220032,plate_bougie,,,0.3875,0.2,True,False,False,False,0,3,,,
plate_bougie/occlusion_angle/20260823T135620Z/frame_0016.jpg,20260823T135620Z,16,8.0,full_fallback,A,magsac,magsac,plate_bougie,plate_bougie,occlusion_angle,False,full_frame,True,0.0,0.0,0.0,0.0,0.0,0.0,0.0,,0,0,720,1280,8.029834003536962,103.91344700474292,22.28632298647426,134.32342000305653,True,True,47,34,0.723404255319149,0.8884351253509521,plate_bougie,,,0.39,0.2,True,False,False,False,0,3,,,
plate_bougie/occlusion_angle/20260823T135620Z/frame_0017.jpg,20260823T135620Z,17,8.5,full_fallback,A,magsac,magsac,plate_bougie,plate_bougie,occlusion_angle,False,full_frame,True,0.0,0.0,0.0,0.0,0.0,0.0,0.0,,0,0,720,1280,8.029667995288037,104.6594639919931,21.88634300546255,134.66856699960772,True,True,46,36,0.782608695652174,0.7603172063827515,plate_bougie,,,0.3175,0.2,True,False,False,False,0,3,,,
plate_bougie/occlusion_angle/20260823T135620Z/frame_0018.jpg,20260823T135620Z,18,9.0,full_fallback,A,magsac,magsac,plate_bougie,plate_bougie,occlusion_angle,False,full_frame,True,0.0,0.0,0.0,0.0,0.0,0.0,0.0,,0,0,720,1280,8.189667991246097,102.46030300913844,22.228804999031126,132.97266399604268,True,True,33,23,0.696969696969697,0.6189078092575073,plate_bougie,,,0.3875,0.2,True,False,False,False,0,3,,,
plate_bougie/occlusion_angle/20260823T135620Z/frame_0019.jpg,20260823T135620Z,19,9.5,full_fallback,A,magsac,magsac,plate_bougie,plate_bougie,occlusion_angle,False,full_frame,True,0.0,0.0,0.0,0.0,0.0,0.0,0.0,,0,0,720,1280,8.163648992194794,105.49548199924175,21.406047002528794,135.16019599046558,True,True,35,24,0.6857142857142857,0.9053934216499329,plate_bougie,,,0.28,0.2,True,False,False,False,0,3,,,
plate_cellule/frontal/20260823T132156Z/frame_0000.jpg,20260823T132156Z,0,0.0,full_fallback,A,magsac,magsac,plate_cellule,,frontal,True,contour,False,0.9261910592144598,0.988968150690198,0.13946723090277777,1.0,0.9414157851912124,0.9414666770959719,0.5,,107,505,551,555,15.930485009448603,87.47816699906252,0.0004260073183104396,103.43704099068418,False,False,0,0,0.0,,,,,0.0,,False,False,False,True,1,1,,,
plate_cellule/frontal/20260823T132156Z/frame_0001.jpg,20260823T132156Z,1,0.5,full_fallback,A,magsac,magsac,plate_cellule,plate_cellule,frontal,True,contour,False,0.9595011103844906,0.9834831189364195,0.12461154513888889,1.0,0.9991589571068125,0.9618451981287981,0.6848191561398184,,81,458,521,521,15.610910995746963,86.7160390043864,23.788876002072357,126.2093819968868,True,True,33,29,0.8787878787878788,0.8586854934692383,plate_cellule,,,0.2825,0.2,True,False,False,False,0,1,0.5,,
plate_cellule/frontal/20260823T132156Z/frame_0002.jpg,20260823T132156Z,2,1.0,full_fallback,A,magsac,magsac,plate_cellule,plate_cellule,frontal,False,full_frame,True,0.0,0.0,0.0,0.0,0.0,0.0,0.0,,0,0,720,1280,8.747832995140925,100.12425101012923,23.67517199309077,132.64264600002207,True,True,28,25,0.8928571428571429,0.8594781160354614,plate_cellule,,,0.34,0.2,True,False,False,False,0,1,,,
plate_cellule/frontal/20260823T132156Z/frame_0003.jpg,20260823T132156Z,3,1.5,full_fallback,A,magsac,magsac,plate_cellule,,frontal,True,contour,False,0.9701359701212472,0.9940809095278382,0.13314507378472223,1.0,0.9512195121951219,0.9835420377399978,0.8575261544011544,,66,418,554,551,15.377616000478156,83.96978599193972,0.0005920010153204203,99.37625299789943,False,False,0,0,0.0,,,,,0.0,,False,False,False,True,1,1,,,
plate_cellule/frontal/20260823T132156Z/frame_0004.jpg,20260823T132156Z,4,2.0,full_fallback,A,magsac,magsac,plate_cellule,plate_cellule,frontal,True,contour,False,0.9594904525020984,0.9855848802253604,0.13002766927083334,1.0,0.9598796389167502,0.9718219720022195,0.7666288150508093,,121,394,548,553,15.32533799763769,86.0949109919602,22.823803999926895,124.33982999937143,True,True,39,33,0.8461538461538461,0.8185114860534668,plate_cellule,,,0.32125,0.2,True,False,False,False,0,1,,plate_cellule,2.0
plate_cellule/frontal/20260823T132156Z/frame_0005.jpg,20260823T132156Z,5,2.5,full_fallback,A,magsac,magsac,plate_cellule,plate_cellule,frontal,True,contour,False,0.9666676224754804,0.980673037469387,0.12975477430555554,1.0,0.9140625,0.9646043448427589,0.9748965175038846,,118,391,545,554,15.252579003572464,86.18835499510169,22.960025002248585,124.49281100998633,True,True,37,35,0.9459459459459459,0.7708808779716492,plate_cellule,,,0.25,0.2,True,False,False,False,0,1,,,
plate_cellule/frontal/20260823T132156Z/frame_0006.jpg,20260823T132156Z,6,3.0,full_fallback,A,magsac,magsac,plate_cellule,plate_cellule,frontal,True,contour,False,0.9520698537413892,0.9781805742532015,0.13439290364583334,1.0,0.9244239631336405,0.9849367726481789,0.7901601341720059,,64,404,553,560,15.436226996826008,85.87146700301673,23.062858992489055,124.46447800903115,True,True,56,50,0.8928571428571429,0.7072551846504211,plate_cellule,,,0.40375,0.2,True,False,False,False,0,1,,,
plate_cellule/frontal/20260823T132156Z/frame_0007.jpg,20260823T132156Z,7,3.5,full_fallback,A,magsac,magsac,plate_cellule,,frontal,True,contour,False,0.9708897737766932,0.9802761767059565,0.13522406684027777,1.0,0.9321880650994575,0.9811920172575571,0.9564070276428615,,66,414,553,561,15.503079004702158,85.44115300173871,0.0006859918357804418,100.97256500739604,False,False,0,0,0.0,,,,,0.0,,False,False,False,True,1,1,,,
plate_cellule/frontal/20260823T132156Z/frame_0008.jpg,20260823T132156Z,8,4.0,full_fallback,A,magsac,magsac,plate_cellule,plate_cellule,frontal,True,contour,False,0.957082567903476,0.9803934562951326,0.13420789930555554,1.0,0.8665480427046264,0.9829028214473889,0.9803723819404073,,64,417,550,557,15.555541001958773,88.79471999534871,23.3413579990156,127.78465599694755,True,True,52,45,0.8653846153846154,0.6397199630737305,plate_cellule,,,0.38375,0.2,True,False,False,False,0,1,,,
plate_cellule/frontal/20260823T132156Z/frame_0009.jpg,20260823T132156Z,9,4.5,full_fallback,A,magsac,magsac,plate_cellule,plate_cellule,frontal,True,contour,False,0.9638748877683484,0.9823099710047245,0.12907552083333335,1.0,0.9214801444043321,0.9873794539964678,0.9007391496620127,,57,405,541,546,15.3552270057844,86.90387199749239,23.4625250013778,125.81339999451302,True,True,38,34,0.8947368421052632,0.7429697513580322,plate_cellule,,,0.3675,0.2,True,False,False,False,0,1,,,
plate_cellule/frontal/20260823T132156Z/frame_0010.jpg,20260823T132156Z,10,5.0,full_fallback,A,magsac,magsac,plate_cellule,plate_cellule,frontal,True,contour,False,0.9871754000659811,0.9798402339220047,0.1297433810763889,1.0,0.9819494584837545,0.9901136764749264,0.9872459762094854,,58,406,542,548,15.345987005275674,86.91961300792173,23.230044011143036,125.58647499827202,True,True,45,43,0.9555555555555556,0.7084974646568298,plate_cellule,,,0.3925,0.2,True,False,False,False,0,1,,,
plate_cellule/frontal/20260823T132156Z/frame_0011.jpg,20260823T132156Z,11,5.5,full_fallback,A,magsac,magsac,plate_cellule,,frontal,True,contour,False,0.9748470894510554,0.9834503997117281,0.1278103298611111,1.0,0.9347826086956522,0.9901850595407533,0.9709781140954851,,54,406,539,543,15.24198600964155,83.29817600315437,0.0006659975042566657,98.56856999977026,False,False,0,0,0.0,,,,,0.0,,False,False,False,True,1,1,,,
plate_cellule/frontal/20260823T132156Z/frame_0012.jpg,20260823T132156Z,12,6.0,full_fallback,A,magsac,magsac,plate_cellule,,frontal,True,contour,False,0.9830197885705211,0.9815506190061569,0.12776963975694444,1.0,0.9694793536804309,0.9908894243024862,0.9709582201831768,,59,410,536,544,15.341411999543197,85.11328299937304,0.0005369947757571936,100.48278799513355,False,False,0,0,0.0,,,,,0.0,,False,False,False,True,2,2,,,
plate_cellule/frontal/20260823T132156Z/frame_0013.jpg,20260823T132156Z,13,6.5,full_fallback,A,magsac,magsac,plate_cellule,,frontal,True,contour,False,0.9607502672691793,0.9794183149933815,0.12784288194444443,1.0,0.9013574660633484,0.9907717707047008,0.9250822918485764,,77,407,537,545,15.226375006022863,84.68184000230394,0.0005369947757571936,99.93532499356661,False,False,0,0,0.0,,,,,0.0,,False,False,False,True,3,3,,,
plate_cellule/frontal/20260823T132156Z/frame_0014.jpg,20260823T132156Z,14,7.0,full_fallback,A,magsac,magsac,plate_cellule,,frontal,True,contour,False,0.9834463337645029,0.9758457392454147,0.1281032986111111,1.0,0.9848484848484849,0.9882115287959611,0.9565933789916107,,87,410,534,546,15.453578002052382,89.07953400921542,0.0005190086085349321,104.56003798753954,False,False,0,0,0.0,,,,,0.0,,False,False,False,True,4,4,,,
plate_cellule/frontal/20260823T132156Z/frame_0015.jpg,20260823T132156Z,15,7.5,full_fallback,A,magsac,magsac,plate_cellule,,frontal,True,contour,False,0.983467014401101,0.9760562721639872,0.12871202256944445,1.0,0.9806167400881057,0.987693325440447,0.9672661518583366,,81,414,535,545,15.382633995614015,82.54636300262064,0.0007039925549179316,97.95627401035745,False,False,0,0,0.0,,,,,0.0,,False,False,False,True,5,5,,,
plate_cellule/frontal/20260823T132156Z/frame_0016.jpg,20260823T132156Z,16,8.0,full_fallback,A,magsac,magsac,plate_cellule,,frontal,True,contour,False,0.9556592369747241,0.9788508340716362,0.1304123263888889,1.0,0.8658536585365854,0.9860985708426298,0.96930715034824,,78,420,538,547,15.639170000213198,82.80052899499424,0.0005189940566197038,98.4668290038826,False,False,0,0,0.0,,,,,0.0,,False,False,False,True,6,6,,,
plate_cellule/frontal/20260823T132156Z/frame_0017.jpg,20260823T132156Z,17,8.5,full_fallback,A,magsac,magsac,plate_cellule,plate_cellule,frontal,True,contour,False,0.9696843583434777,0.9769411701709032,0.13200737847222221,1.0,0.9502617801047121,0.9778194555393401,0.9125461671209457,,95,424,541,552,15.551911012153141,87.43164800398517,22.987543998169713,126.06469599995762,True,True,45,40,0.8888888888888888,0.5917717218399048,plate_cellule,,,0.395,0.2,True,False,False,False,0,6,,,
plate_cellule/frontal/20260823T132156Z/frame_0018.jpg,20260823T132156Z,18,9.0,full_fallback,A,magsac,magsac,plate_cellule,,frontal,True,contour,False,0.972988093849445,0.9742103442549706,0.130595703125,1.0,0.9468641114982579,0.9745167632781252,0.9655728637057696,,105,427,536,550,15.533800993580371,84.3903219938511,0.0004629982868209481,99.95010399143212,False,False,0,0,0.0,,,,,0.0,,False,False,False,True,1,6,,,
plate_cellule/frontal/20260823T132156Z/frame_0019.jpg,20260823T132156Z,19,9.5,full_fallback,A,magsac,magsac,plate_cellule,plate_cellule,frontal,True,contour,False,0.9598402552754496,0.9776781257241964,0.12962293836805555,1.0,0.8979591836734694,0.9711195326985846,0.9493506836996483,,117,427,538,548,15.389189997222275,85.97694800118916,23.023803005344234,124.48468100046739,True,True,44,40,0.9090909090909091,0.634405255317688,plate_cellule,,,0.38,0.2,True,False,False,False,0,6,,,
plate_cellule/main_sur_bord/20260823T132507Z/frame_0000.jpg,20260823T132507Z,0,0.0,full_fallback,A,magsac,magsac,plate_cellule,,main_sur_bord,False,full_frame,True,0.0,0.0,0.0,0.0,0.0,0.0,0.0,,0,0,720,1280,8.80355600384064,102.91072700056247,23.542727998574264,135.28506500006188,True,False,31,24,0.7741935483870968,0.9152071475982666,plate_cellule,,,0.1875,0.2,False,False,False,True,1,1,,,
plate_cellule/main_sur_bord/20260823T132507Z/frame_0001.jpg,20260823T132507Z,1,0.5,full_fallback,A,magsac,magsac,plate_cellule,plate_cellule,main_sur_bord,False,full_frame,True,0.0,0.0,0.0,0.0,0.0,0.0,0.0,,0,0,720,1280,8.645684996736236,100.4087140026968,23.518912988947704,132.66942300833762,True,True,33,27,0.8181818181818182,1.0958499908447266,plate_cellule,,,0.2025,0.2,True,False,False,False,0,1,0.5,,
plate_cellule/main_sur_bord/20260823T132507Z/frame_0002.jpg,20260823T132507Z,2,1.0,full_fallback,A,magsac,magsac,plate_cellule,,main_sur_bord,False,full_frame,True,0.0,0.0,0.0,0.0,0.0,0.0,0.0,,0,0,720,1280,8.80779699946288,98.64427300635725,0.000500003807246685,107.48201400565449,False,False,0,0,0.0,,,,,0.0,,False,False,False,True,1,1,,,
plate_cellule/main_sur_bord/20260823T132507Z/frame_0003.jpg,20260823T132507Z,3,1.5,full_fallback,A,magsac,magsac,plate_cellule,,main_sur_bord,False,full_frame,True,0.0,0.0,0.0,0.0,0.0,0.0,0.0,,0,0,720,1280,8.850610989611596,97.88721900258679,0.0004259927663952112,106.76699600298889,False,False,0,0,0.0,,,,,0.0,,False,False,False,True,2,2,,,
plate_cellule/main_sur_bord/20260823T132507Z/frame_0004.jpg,20260823T132507Z,4,2.0,full_fallback,A,magsac,magsac,plate_cellule,plate_cellule,main_sur_bord,False,full_frame,True,0.0,0.0,0.0,0.0,0.0,0.0,0.0,,0,0,720,1280,8.719297009520233,103.23017100745346,23.636783997062594,135.67906500247773,True,True,27,23,0.8518518518518519,1.064159870147705,plate_cellule,,,0.33375,0.2,True,False,False,False,0,2,,,
plate_cellule/main_sur_bord/20260823T132507Z/frame_0005.jpg,20260823T132507Z,5,2.5,full_fallback,A,magsac,magsac,plate_cellule,plate_cellule,main_sur_bord,False,full_frame,True,0.0,0.0,0.0,0.0,0.0,0.0,0.0,,0,0,720,1280,8.577296990551986,102.1078390040202,23.47154199378565,134.25153099524323,True,True,23,19,0.8260869565217391,0.9894492030143738,plate_cellule,,,0.2025,0.2,True,False,False,False,0,2,,,
plate_cellule/main_sur_bord/20260823T132507Z/frame_0006.jpg,20260823T132507Z,6,3.0,full_fallback,A,magsac,magsac,plate_cellule,plate_cellule,main_sur_bord,False,full_frame,True,0.0,0.0,0.0,0.0,0.0,0.0,0.0,,0,0,720,1280,8.72903699928429,101.5950629953295,23.370839000563137,133.78892099717632,True,True,41,32,0.7804878048780488,0.9278228282928467,plate_cellule,,,0.20875,0.2,True,False,False,False,0,2,,plate_cellule,3.0
plate_cellule/main_sur_bord/20260823T132507Z/frame_0007.jpg,20260823T132507Z,7,3.5,full_fallback,A,magsac,magsac,plate_cellule,plate_cellule,main_sur_bord,False,full_frame,True,0.0,0.0,0.0,0.0,0.0,0.0,0.0,,0,0,720,1280,8.636389000457712,104.72709400346503,23.326468988670968,136.78422798693646,True,True,25,21,0.84,0.7794893980026245,plate_cellule,,,0.225,0.2,True,False,False,False,0,2,,,
plate_cellule/main_sur_bord/20260823T132507Z/frame_0008.jpg,20260823T132507Z,8,4.0,full_fallback,A,magsac,magsac,plate_cellule,plate_cellule,main_sur_bord,False,full_frame,True,0.0,0.0,0.0,0.0,0.0,0.0,0.0,,0,0,720,1280,8.691092996741645,101.63202599505894,23.643449996598065,134.06616100110114,True,True,37,31,0.8378378378378378,1.0970402956008911,plate_cellule,,,0.21125,0.2,True,False,False,False,0,2,,,
plate_cellule/main_sur_bord/20260823T132507Z/frame_0009.jpg,20260823T132507Z,9,4.5,full_fallback,A,magsac,magsac,plate_cellule,plate_cellule,main_sur_bord,False,full_frame,True,0.0,0.0,0.0,0.0,0.0,0.0,0.0,,0,0,720,1280,8.751685003517196,102.35346900299191,23.434746006387286,134.63482599763665,True,True,26,25,0.9615384615384616,0.7092419266700745,plate_cellule,,,0.21375,0.2,True,False,False,False,0,2,,,
plate_cellule/main_sur_bord/20260823T132507Z/frame_0010.jpg,20260823T132507Z,10,5.0,full_fallback,A,magsac,magsac,plate_cellule,plate_cellule,main_sur_bord,False,full_frame,True,0.0,0.0,0.0,0.0,0.0,0.0,0.0,,0,0,720,1280,8.539648988517001,98.30275499552954,23.46626498911064,130.40403800550848,True,True,11,9,0.8181818181818182,0.5372235774993896,plate_cellule,,,0.32375,0.2,True,False,False,False,0,2,,,
plate_cellule/main_sur_bord/20260823T132507Z/frame_0011.jpg,20260823T132507Z,11,5.5,full_fallback,A,magsac,magsac,plate_cellule,,main_sur_bord,False,full_frame,True,0.0,0.0,0.0,0.0,0.0,0.0,0.0,,0,0,720,1280,8.46616699709557,96.00601899728645,0.0007600028766319156,104.50174099241849,False,False,0,0,0.0,,,,,0.0,,False,False,False,True,1,2,,,
plate_cellule/main_sur_bord/20260823T132507Z/frame_0012.jpg,20260823T132507Z,12,6.0,full_fallback,A,magsac,magsac,plate_cellule,,main_sur_bord,False,full_frame,True,0.0,0.0,0.0,0.0,0.0,0.0,0.0,,0,0,720,1280,8.67266600835137,100.45912000350654,15.941354999085888,125.10192098852713,True,False,11,6,0.5454545454545454,0.22812819480895996,plate_ready_check,,,0.005,0.2,False,False,False,True,2,2,,,
plate_cellule/main_sur_bord/20260823T132507Z/frame_0013.jpg,20260823T132507Z,13,6.5,full_fallback,A,magsac,magsac,plate_cellule,plate_cellule,main_sur_bord,False,full_frame,True,0.0,0.0,0.0,0.0,0.0,0.0,0.0,,0,0,720,1280,8.50090800668113,100.34191700106021,22.539710989804007,131.47535199823324,True,True,11,8,0.7272727272727273,0.3379496932029724,plate_cellule,,,0.21125,0.2,True,False,False,False,0,2,,,
plate_cellule/main_sur_bord/20260823T132507Z/frame_0014.jpg,20260823T132507Z,14,7.0,full_fallback,A,magsac,magsac,plate_cellule,plate_cellule,main_sur_bord,False,full_frame,True,0.0,0.0,0.0,0.0,0.0,0.0,0.0,,0,0,720,1280,8.182778998161666,100.76286099501885,23.165617007180117,132.20590600394644,True,True,16,14,0.875,0.9258910417556763,plate_cellule,,,0.31125,0.2,True,False,False,False,0,2,,,
plate_cellule/main_sur_bord/20260823T132507Z/frame_0015.jpg,20260823T132507Z,15,7.5,full_fallback,A,magsac,magsac,plate_cellule,plate_cellule,main_sur_bord,False,full_frame,True,0.0,0.0,0.0,0.0,0.0,0.0,0.0,,0,0,720,1280,8.474574002320878,100.56010200059973,23.251580001669936,132.382868003333,True,True,38,36,0.9473684210526315,0.7761598825454712,plate_cellule,,,0.21625,0.2,True,False,False,False,0,2,,,
plate_cellule/main_sur_bord/20260823T132507Z/frame_0016.jpg,20260823T132507Z,16,8.0,full_fallback,A,magsac,magsac,plate_cellule,plate_cellule,main_sur_bord,False,full_frame,True,0.0,0.0,0.0,0.0,0.0,0.0,0.0,,0,0,720,1280,8.157500997185707,101.38267399452161,23.782485994161107,133.41862401284743,True,True,28,26,0.9285714285714286,0.8206827640533447,plate_cellule,,,0.3675,0.2,True,False,False,False,0,2,,,
plate_cellule/main_sur_bord/20260823T132507Z/frame_0017.jpg,20260823T132507Z,17,8.5,full_fallback,A,magsac,magsac,plate_cellule,plate_cellule,main_sur_bord,False,full_frame,True,0.0,0.0,0.0,0.0,0.0,0.0,0.0,,0,0,720,1280,8.19392700213939,105.92072000144981,23.529190992121585,137.7397629985353,True,True,28,23,0.8214285714285714,0.8899668455123901,plate_cellule,plate_bois,0.2931034482758621,0.34625,0.2,True,False,False,False,0,2,,,
plate_cellule/main_sur_bord/20260823T132507Z/frame_0018.jpg,20260823T132507Z,18,9.0,full_fallback,A,magsac,magsac,plate_cellule,plate_cellule,main_sur_bord,False,full_frame,True,0.0,0.0,0.0,0.0,0.0,0.0,0.0,,0,0,720,1280,8.59370399848558,99.01314199669287,23.278505992493592,130.98113000160083,True,True,26,25,0.9615384615384616,0.6913926601409912,plate_cellule,,,0.23875,0.2,True,False,False,False,0,2,,,
plate_cellule/main_sur_bord/20260823T132507Z/frame_0019.jpg,20260823T132507Z,19,9.5,full_fallback,A,magsac,magsac,plate_cellule,plate_cellule,main_sur_bord,False,full_frame,True,0.0,0.0,0.0,0.0,0.0,0.0,0.0,,0,0,720,1280,8.45331500750035,102.94291100581177,23.411172995110974,134.90438100416213,True,True,43,41,0.9534883720930233,0.6918386220932007,plate_cellule,,,0.24375,0.2,True,False,False,False,0,2,,,
plate_cellule/occlusion_angle/20260823T132607Z/frame_0000.jpg,20260823T132607Z,0,0.0,full_fallback,A,magsac,magsac,plate_cellule,plate_cellule,occlusion_angle,False,full_frame,True,0.0,0.0,0.0,0.0,0.0,0.0,0.0,,0,0,720,1280,8.691369992448017,102.8639860014664,23.807671997928992,135.456953998073,True,True,29,27,0.9310344827586207,0.7954261302947998,plate_cellule,,,0.2125,0.2,True,False,False,False,0,0,0.0,,
plate_cellule/occlusion_angle/20260823T132607Z/frame_0001.jpg,20260823T132607Z,1,0.5,full_fallback,A,magsac,magsac,plate_cellule,plate_cellule,occlusion_angle,False,full_frame,True,0.0,0.0,0.0,0.0,0.0,0.0,0.0,,0,0,720,1280,8.490481995977461,101.41548899991903,23.97761600150261,133.9788830082398,True,True,35,30,0.8571428571428571,0.7137080430984497,plate_cellule,,,0.34625,0.2,True,False,False,False,0,0,,,
plate_cellule/occlusion_angle/20260823T132607Z/frame_0002.jpg,20260823T132607Z,2,1.0,full_fallback,A,magsac,magsac,plate_cellule,plate_cellule,occlusion_angle,False,full_frame,True,0.0,0.0,0.0,0.0,0.0,0.0,0.0,,0,0,720,1280,8.493426998029463,104.20051999972202,23.69817200815305,136.48561800073367,True,True,20,15,0.75,0.7229117155075073,plate_cellule,,,0.31625,0.2,True,False,False,False,0,0,,,
plate_cellule/occlusion_angle/20260823T132607Z/frame_0003.jpg,20260823T132607Z,3,1.5,full_fallback,A,magsac,magsac,plate_cellule,plate_cellule,occlusion_angle,False,full_frame,True,0.0,0.0,0.0,0.0,0.0,0.0,0.0,,0,0,720,1280,8.446296997135505,102.60524500336032,23.677894001593813,134.8237140045967,True,True,27,20,0.7407407407407407,0.9167933464050293,plate_cellule,,,0.3575,0.2,True,False,False,False,0,0,,plate_cellule,1.5
plate_cellule/occlusion_angle/20260823T132607Z/frame_0004.jpg,20260823T132607Z,4,2.0,full_fallback,A,magsac,magsac,plate_cellule,plate_cellule,occlusion_angle,False,full_frame,True,0.0,0.0,0.0,0.0,0.0,0.0,0.0,,0,0,720,1280,8.549019010388292,100.74063800857402,23.436228002537973,132.81838499824516,True,True,26,23,0.8846153846153846,0.7893311977386475,plate_cellule,,,0.37875,0.2,True,False,False,False,0,0,,,
plate_cellule/occlusion_angle/20260823T132607Z/frame_0005.jpg,20260823T132607Z,5,2.5,full_fallback,A,magsac,magsac,plate_cellule,plate_cellule,occlusion_angle,False,full_frame,True,0.0,0.0,0.0,0.0,0.0,0.0,0.0,,0,0,720,1280,8.48046300234273,102.34737599967048,23.66194999194704,134.58319600613322,True,True,33,28,0.8484848484848485,0.6665729284286499,plate_cellule,,,0.375,0.2,True,False,False,False,0,0,,,
plate_cellule/occlusion_angle/20260823T132607Z/frame_0006.jpg,20260823T132607Z,6,3.0,full_fallback,A,magsac,magsac,plate_cellule,plate_cellule,occlusion_angle,False,full_frame,True,0.0,0.0,0.0,0.0,0.0,0.0,0.0,,0,0,720,1280,8.478407995426096,103.36663300404325,23.775042995112017,135.72226799442433,True,True,26,22,0.8461538461538461,0.9484269618988037,plate_cellule,,,0.355,0.2,True,False,False,False,0,0,,,
plate_cellule/occlusion_angle/20260823T132607Z/frame_0007.jpg,20260823T132607Z,7,3.5,full_fallback,A,magsac,magsac,plate_cellule,plate_cellule,occlusion_angle,False,full_frame,True,0.0,0.0,0.0,0.0,0.0,0.0,0.0,,0,0,720,1280,8.551630002330057,102.28033899329603,23.83337500214111,134.75904799997807,True,True,31,24,0.7741935483870968,0.7380466461181641,plate_cellule,,,0.35375,0.2,True,False,False,False,0,0,,,
plate_cellule/occlusion_angle/20260823T132607Z/frame_0008.jpg,20260823T132607Z,8,4.0,full_fallback,A,magsac,magsac,plate_cellule,plate_cellule,occlusion_angle,False,full_frame,True,0.0,0.0,0.0,0.0,0.0,0.0,0.0,,0,0,720,1280,8.666777997859754,101.06015599740203,23.721245990600437,133.54851299664006,True,True,34,31,0.9117647058823529,0.9037541747093201,plate_cellule,,,0.23625,0.2,True,False,False,False,0,0,,,
plate_cellule/occlusion_angle/20260823T132607Z/frame_0009.jpg,20260823T132607Z,9,4.5,full_fallback,A,magsac,magsac,plate_cellule,plate_cellule,occlusion_angle,False,full_frame,True,0.0,0.0,0.0,0.0,0.0,0.0,0.0,,0,0,720,1280,8.443019003607333,102.63770799792837,23.849338991567492,135.02526900265366,True,True,33,31,0.9393939393939394,0.4236915409564972,plate_cellule,,,0.3775,0.2,True,False,False,False,0,0,,,
plate_cellule/occlusion_angle/20260823T132607Z/frame_0010.jpg,20260823T132607Z,10,5.0,full_fallback,A,magsac,magsac,plate_cellule,plate_cellule,occlusion_angle,False,full_frame,True,0.0,0.0,0.0,0.0,0.0,0.0,0.0,,0,0,720,1280,8.507407997967675,100.49541600164957,23.74704199610278,132.84758800000418,True,True,27,22,0.8148148148148148,0.7852665185928345,plate_cellule,,,0.36625,0.2,True,False,False,False,0,0,,,
plate_cellule/occlusion_angle/20260823T132607Z/frame_0011.jpg,20260823T132607Z,11,5.5,full_fallback,A,magsac,magsac,plate_cellule,plate_cellule,occlusion_angle,False,full_frame,True,0.0,0.0,0.0,0.0,0.0,0.0,0.0,,0,0,720,1280,8.68685198656749,100.25752799992915,23.593190999235958,132.63271799951326,True,True,27,24,0.8888888888888888,1.2069463729858398,plate_cellule,,,0.225,0.2,True,False,False,False,0,0,,,
plate_cellule/occlusion_angle/20260823T132607Z/frame_0012.jpg,20260823T132607Z,12,6.0,full_fallback,A,magsac,magsac,plate_cellule,plate_cellule,occlusion_angle,False,full_frame,True,0.0,0.0,0.0,0.0,0.0,0.0,0.0,,0,0,720,1280,8.451871006400324,102.94794899527915,23.42439501080662,134.9178810050944,True,True,19,18,0.9473684210526315,0.7984136343002319,plate_cellule,,,0.22625,0.2,True,False,False,False,0,0,,,
plate_cellule/occlusion_angle/20260823T132607Z/frame_0013.jpg,20260823T132607Z,13,6.5,full_fallback,A,magsac,magsac,plate_cellule,plate_cellule,occlusion_angle,False,full_frame,True,0.0,0.0,0.0,0.0,0.0,0.0,0.0,,0,0,720,1280,8.316093008033931,102.16128399770241,23.825005002436228,134.39634400128853,True,True,34,25,0.7352941176470589,0.5906984210014343,plate_cellule,,,0.3475,0.2,True,False,False,False,0,0,,,
plate_cellule/occlusion_angle/20260823T132607Z/frame_0014.jpg,20260823T132607Z,14,7.0,full_fallback,A,magsac,magsac,plate_cellule,plate_cellule,occlusion_angle,False,full_frame,True,0.0,0.0,0.0,0.0,0.0,0.0,0.0,,0,0,720,1280,8.296797997900285,100.45071299828123,23.811523991753347,132.6532930106623,True,True,34,34,1.0,0.7046305537223816,plate_cellule,,,0.32875,0.2,True,False,False,False,0,0,,,
plate_cellule/occlusion_angle/20260823T132607Z/frame_0015.jpg,20260823T132607Z,15,7.5,full_fallback,A,magsac,magsac,plate_cellule,plate_cellule,occlusion_angle,False,full_frame,True,0.0,0.0,0.0,0.0,0.0,0.0,0.0,,0,0,720,1280,8.345038004335947,99.69180700136349,23.422710000886582,131.55670200649183,True,True,22,21,0.9545454545454546,0.9271789193153381,plate_cellule,,,0.22125,0.2,True,False,False,False,0,0,,,
plate_cellule/occlusion_angle/20260823T132607Z/frame_0016.jpg,20260823T132607Z,16,8.0,full_fallback,A,magsac,magsac,plate_cellule,plate_cellule,occlusion_angle,False,full_frame,True,0.0,0.0,0.0,0.0,0.0,0.0,0.0,,0,0,720,1280,8.377981997909956,102.30504200444557,23.406562002492137,134.18299300246872,True,True,17,14,0.8235294117647058,0.714853048324585,plate_cellule,,,0.2075,0.2,True,False,False,False,0,0,,,
plate_cellule/occlusion_angle/20260823T132607Z/frame_0017.jpg,20260823T132607Z,17,8.5,full_fallback,A,magsac,magsac,plate_cellule,plate_cellule,occlusion_angle,False,full_frame,True,0.0,0.0,0.0,0.0,0.0,0.0,0.0,,0,0,720,1280,8.44509300077334,101.94774699630216,23.815430991817266,134.30291900294833,True,True,31,27,0.8709677419354839,0.6230137944221497,plate_cellule,,,0.37125,0.2,True,False,False,False,0,0,,,
plate_cellule/occlusion_angle/20260823T132607Z/frame_0018.jpg,20260823T132607Z,18,9.0,full_fallback,A,magsac,magsac,plate_cellule,plate_cellule,occlusion_angle,False,full_frame,True,0.0,0.0,0.0,0.0,0.0,0.0,0.0,,0,0,720,1280,8.757054994930513,109.86665599921253,23.755671994877048,142.47528999112546,True,True,27,21,0.7777777777777778,0.5941300988197327,plate_cellule,,,0.36375,0.2,True,False,False,False,0,0,,,
plate_cellule/occlusion_angle/20260823T132607Z/frame_0019.jpg,20260823T132607Z,19,9.5,full_fallback,A,magsac,magsac,plate_cellule,plate_cellule,occlusion_angle,False,full_frame,True,0.0,0.0,0.0,0.0,0.0,0.0,0.0,,0,0,720,1280,8.494241003063507,101.38411799562164,23.24059901002329,133.22044000960886,True,True,19,14,0.7368421052631579,0.825225830078125,plate_cellule,,,0.3225,0.2,True,False,False,False,0,0,,,
plate_chaudron/frontal/20260823T135713Z/frame_0000.jpg,20260823T135713Z,0,0.0,full_fallback,A,magsac,magsac,plate_chaudron,plate_chaudron,frontal,True,contour,False,0.9152172807698182,0.988277630880475,0.15748155381944445,1.0,0.8921739130434783,0.9569051324480621,0.5,,49,420,604,593,15.92263299971819,89.3621620052727,24.480819003656507,129.86174300021958,True,True,49,40,0.8163265306122449,0.6626402139663696,plate_chaudron,,,0.47125,0.2,True,False,False,False,0,0,0.0,,
plate_chaudron/frontal/20260823T135713Z/frame_0001.jpg,20260823T135713Z,1,0.5,full_fallback,A,magsac,magsac,plate_chaudron,plate_chaudron,frontal,True,contour,False,0.9575494897803136,0.987276746891439,0.15679850260416667,1.0,0.8740157480314961,0.9548013322702732,0.9738239547798054,,42,421,603,592,15.625521991751157,91.50047200091649,24.307430008775555,131.52584999625105,True,True,52,46,0.8846153846153846,0.8374310731887817,plate_chaudron,,,0.42,0.2,True,False,False,False,0,0,,,
plate_chaudron/frontal/20260823T135713Z/frame_0002.jpg,20260823T135713Z,2,1.0,full_fallback,A,magsac,magsac,plate_chaudron,,frontal,True,contour,False,0.9475119792962874,0.9853134276345372,0.15649956597222223,1.0,0.8266199649737302,0.9543187868141271,0.9983108108108109,,42,421,603,591,15.732965999632142,89.23077301005833,0.0006290065357461572,104.9911290028831,False,False,0,0,0.0,,,,,0.0,,False,False,False,True,1,1,,,
plate_chaudron/frontal/20260823T135713Z/frame_0003.jpg,20260823T135713Z,3,1.5,full_fallback,A,magsac,magsac,plate_chaudron,,frontal,True,contour,False,0.9589579932311137,0.9892407236620784,0.1557367621527778,1.0,0.8723776223776224,0.9525007987628052,0.9884129066180398,,40,421,601,590,15.499133005505428,90.74478900583927,0.0007030030246824026,106.27127400948666,False,False,0,0,0.0,,,,,0.0,,False,False,False,True,2,2,,,
plate_chaudron/frontal/20260823T135713Z/frame_0004.jpg,20260823T135713Z,4,2.0,full_fallback,A,magsac,magsac,plate_chaudron,plate_chaudron,frontal,True,contour,False,0.9882273227460545,0.9909813906997442,0.1552463107638889,1.0,0.9895287958115183,0.9522862473221945,0.9832208185103224,,40,417,600,589,15.687614999478683,91.12247299344745,24.486669994075783,131.39114699151833,True,True,55,46,0.8363636363636363,0.8590960502624512,plate_chaudron,,,0.4225,0.2,True,False,False,False,0,2,,plate_chaudron,2.0
plate_chaudron/frontal/20260823T135713Z/frame_0005.jpg,20260823T135713Z,5,2.5,full_fallback,A,magsac,magsac,plate_chaudron,plate_chaudron,frontal,False,full_frame,True,0.0,0.0,0.0,0.0,0.0,0.0,0.0,,0,0,720,1280,8.759981996263377,100.41165701113641,23.541746006230824,132.80605198815465,True,True,33,26,0.7878787878787878,0.5835028886795044,plate_chaudron,,,0.39,0.2,True,False,False,False,0,2,,,
plate_chaudron/frontal/20260823T135713Z/frame_0006.jpg,20260823T135713Z,6,3.0,full_fallback,A,magsac,magsac,plate_chaudron,plate_chaudron,frontal,True,contour,False,0.9779089252312052,0.9902458973228931,0.15767740885416667,1.0,0.9680759275237274,0.9557236941445513,0.9324380473895038,,47,427,604,593,15.706484991824254,90.30991898907814,24.4660960015608,130.5721669923514,True,True,48,38,0.7916666666666666,0.679851770401001,plate_chaudron,,,0.40375,0.2,True,False,False,False,0,2,,,
plate_chaudron/frontal/20260823T135713Z/frame_0007.jpg,20260823T135713Z,7,3.5,full_fallback,A,magsac,magsac,plate_chaudron,plate_chaudron,frontal,True,contour,False,0.946532574948848,0.9871896486729383,0.15564019097222223,1.0,0.858647936786655,0.9545204574002246,0.9026165041028023,,26,420,601,590,15.429114995640703,88.20070199726615,24.389726007939316,128.1140789942583,True,True,55,50,0.9090909090909091,0.9000756740570068,plate_chaudron,,,0.40625,0.2,True,False,False,False,0,2,,,
plate_chaudron/frontal/20260823T135713Z/frame_0008.jpg,20260823T135713Z,8,4.0,full_fallback,A,magsac,magsac,plate_chaudron,plate_chaudron,frontal,True,contour,False,0.990297158566334,0.9909797003492713,0.15688313802083334,1.0,0.998256320836966,0.9576327664032553,0.9767589161198558,,27,424,603,592,15.52365199313499,88.36379399872385,24.471671000355855,128.45128199842293,True,True,53,49,0.9245283018867925,0.6888582706451416,plate_chaudron,,,0.4375,0.2,True,False,False,False,0,2,,,
plate_chaudron/frontal/20260823T135713Z/frame_0009.jpg,20260823T135713Z,9,4.5,full_fallback,A,magsac,magsac,plate_chaudron,plate_chaudron,frontal,True,contour,False,0.9902138840827268,0.990606945939362,0.15662977430555555,1.0,0.9939024390243902,0.9538459588548014,0.9917159465934029,,25,424,603,591,15.54606000718195,89.82795699557755,24.33817098790314,129.8027789889602,True,True,52,46,0.8846153846153846,0.8587496876716614,plate_chaudron,,,0.4475,0.2,True,False,False,False,0,2,,,
plate_chaudron/frontal/20260823T135713Z/frame_0010.jpg,20260823T135713Z,10,5.0,full_fallback,A,magsac,magsac,plate_chaudron,plate_chaudron,frontal,True,contour,False,0.9632483351359564,0.989745537750423,0.15613335503472223,1.0,0.8930434782608696,0.9471708153123793,0.9834672271437411,,22,423,602,590,15.55154100060463,90.36416000162717,24.49246699688956,130.49920499906875,True,True,52,47,0.9038461538461539,0.8247308731079102,plate_chaudron,,,0.43625,0.2,True,False,False,False,0,2,,,
plate_chaudron/frontal/20260823T135713Z/frame_0011.jpg,20260823T135713Z,11,5.5,full_fallback,A,magsac,magsac,plate_chaudron,plate_chaudron,frontal,True,contour,False,0.9823167931100367,0.9913238538429141,0.15615614149305557,1.0,0.9721980886185926,0.9546228016598888,0.9640783463652551,,13,425,602,590,15.463189003639854,88.78384799754713,24.461170003633015,128.8040780054871,True,True,52,46,0.8846153846153846,0.8865957260131836,plate_chaudron,,,0.43,0.2,True,False,False,False,0,2,,,
plate_chaudron/frontal/20260823T135713Z/frame_0012.jpg,20260823T135713Z,12,6.0,full_fallback,A,magsac,magsac,plate_chaudron,plate_chaudron,frontal,True,contour,False,0.9483507542381828,0.9870181353762746,0.15674479166666666,1.0,0.8318890814558059,0.9592275655467064,0.983502867066783,,16,426,604,590,15.691911001340486,89.47512500162702,24.41850300238002,129.6772060013609,True,True,44,42,0.9545454545454546,0.7418750524520874,plate_chaudron,,,0.41625,0.2,True,False,False,False,0,2,,,
plate_chaudron/frontal/20260823T135713Z/frame_0013.jpg,20260823T135713Z,13,6.5,full_fallback,A,magsac,magsac,plate_chaudron,plate_chaudron,frontal,False,full_frame,True,0.0,0.0,0.0,0.0,0.0,0.0,0.0,,0,0,720,1280,8.387908004806377,103.72951999306679,23.958745994605124,136.17106300080195,True,True,22,20,0.9090909090909091,0.8581381440162659,plate_chaudron,,,0.2875,0.2,True,False,False,False,0,2,,,
plate_chaudron/frontal/20260823T135713Z/frame_0014.jpg,20260823T135713Z,14,7.0,full_fallback,A,magsac,magsac,plate_chaudron,plate_chaudron,frontal,True,contour,False,0.9374197949288403,0.9850650830194354,0.15328559027777777,1.0,0.8047285464098074,0.96242835411876,0.9447529800868187,,10,421,597,585,15.51555999321863,89.122588004102,24.4135590037331,129.1448730044067,True,True,53,40,0.7547169811320755,0.6662266850471497,plate_chaudron,,,0.4225,0.2,True,False,False,False,0,2,,,
plate_chaudron/frontal/20260823T135713Z/frame_0015.jpg,20260823T135713Z,15,7.5,full_fallback,A,magsac,magsac,plate_chaudron,plate_chaudron,frontal,True,contour,False,0.989627087360051,0.9910670006647706,0.15487141927083334,1.0,1.0,0.9559787103402791,0.9670911612659185,,0,419,600,588,15.353818991570733,88.72021900606342,24.27604100375902,128.44143000256736,True,True,44,40,0.9090909090909091,0.8473617434501648,plate_chaudron,,,0.40375,0.2,True,False,False,False,0,2,,,
plate_chaudron/frontal/20260823T135713Z/frame_0016.jpg,20260823T135713Z,16,8.0,full_fallback,A,magsac,magsac,plate_chaudron,plate_chaudron,frontal,True,contour,False,0.9596371443554099,0.9885044796392322,0.1532183159722222,1.0,0.8797190517998245,0.9449310614987415,0.9866293136381001,,4,420,597,585,15.334764000726864,88.69001500715967,24.292503992910497,128.41191299958155,True,True,44,37,0.8409090909090909,0.8581027984619141,plate_chaudron,,,0.39625,0.2,True,False,False,False,0,2,,,
plate_chaudron/frontal/20260823T135713Z/frame_0017.jpg,20260823T135713Z,17,8.5,full_fallback,A,magsac,magsac,plate_chaudron,plate_chaudron,frontal,True,contour,False,0.9705476809422411,0.9848280427977443,0.15657009548611112,1.0,0.9378238341968912,0.9569239287089768,0.9495091668279734,,10,424,604,589,15.43535600649193,89.03307000582572,24.152264013537206,128.71113400615286,True,True,35,32,0.9142857142857143,0.8623743653297424,plate_chaudron,,,0.40125,0.2,True,False,False,False,0,2,,,
plate_chaudron/frontal/20260823T135713Z/frame_0018.jpg,20260823T135713Z,18,9.0,full_fallback,A,magsac,magsac,plate_chaudron,,frontal,True,contour,False,0.9839494644770225,0.9850848633795977,0.15828233506944445,1.0,0.9836488812392427,0.9674996877328119,0.9576181638005136,,3,429,606,593,15.55205999466125,88.04572001099586,0.0005559995770454407,103.62422400794458,False,False,0,0,0.0,,,,,0.0,,False,False,False,True,1,2,,,
plate_chaudron/frontal/20260823T135713Z/frame_0019.jpg,20260823T135713Z,19,9.5,full_fallback,A,magsac,magsac,plate_chaudron,plate_chaudron,frontal,True,contour,False,0.989699972069804,0.988281849771738,0.15713704427083333,1.0,0.994823123382226,0.9550311036822018,0.9900652592450597,,6,430,604,591,15.406245001940988,92.45491400361061,24.388782010646537,132.3419219988864,True,True,60,44,0.7333333333333333,0.8023229837417603,plate_chaudron,,,0.4175,0.2,True,False,False,False,0,2,,,
plate_chaudron/main_sur_bord/20260823T135744Z/frame_0000.jpg,20260823T135744Z,0,0.0,full_fallback,A,magsac,magsac,plate_chaudron,,main_sur_bord,False,full_frame,True,0.0,0.0,0.0,0.0,0.0,0.0,0.0,,0,0,720,1280,8.98877700092271,101.39174701180309,0.0005190086085349321,110.40961698745377,False,False,0,0,0.0,,,,,0.0,,False,False,False,True,1,1,,,
plate_chaudron/main_sur_bord/20260823T135744Z/frame_0001.jpg,20260823T135744Z,1,0.5,full_fallback,A,magsac,magsac,plate_chaudron,plate_chaudron,main_sur_bord,False,full_frame,True,0.0,0.0,0.0,0.0,0.0,0.0,0.0,,0,0,720,1280,8.992924995254725,102.56387401022948,24.24785499169957,135.89743299235124,True,True,27,26,0.9629629629629629,0.6924896836280823,plate_chaudron,,,0.4625,0.2,True,False,False,False,0,1,0.5,,
plate_chaudron/main_sur_bord/20260823T135744Z/frame_0002.jpg,20260823T135744Z,2,1.0,full_fallback,A,magsac,magsac,plate_chaudron,,main_sur_bord,False,full_frame,True,0.0,0.0,0.0,0.0,0.0,0.0,0.0,,0,0,720,1280,9.015424991957843,104.15155600639991,0.0004440080374479294,113.19481399550568,False,False,0,0,0.0,,,,,0.0,,False,False,False,True,1,1,,,
plate_chaudron/main_sur_bord/20260823T135744Z/frame_0003.jpg,20260823T135744Z,3,1.5,full_fallback,A,magsac,magsac,plate_chaudron,plate_chaudron,main_sur_bord,False,full_frame,True,0.0,0.0,0.0,0.0,0.0,0.0,0.0,,0,0,720,1280,8.899350999854505,104.18442699301522,23.962523002410308,137.14068999979645,True,True,31,27,0.8709677419354839,1.0388048887252808,plate_chaudron,,,0.3475,0.2,True,False,False,False,0,1,,,
plate_chaudron/main_sur_bord/20260823T135744Z/frame_0004.jpg,20260823T135744Z,4,2.0,full_fallback,A,magsac,magsac,plate_chaudron,plate_chaudron,main_sur_bord,False,full_frame,True,0.0,0.0,0.0,0.0,0.0,0.0,0.0,,0,0,720,1280,9.196981001878157,101.90833799424581,24.056708003627136,135.25517500238493,True,True,37,32,0.8648648648648649,0.8685482144355774,plate_chaudron,,,0.415,0.2,True,False,False,False,0,1,,,
plate_chaudron/main_sur_bord/20260823T135744Z/frame_0005.jpg,20260823T135744Z,5,2.5,full_fallback,A,magsac,magsac,plate_chaudron,plate_chaudron,main_sur_bord,False,full_frame,True,0.0,0.0,0.0,0.0,0.0,0.0,0.0,,0,0,720,1280,9.061981007107534,102.07828300190158,24.02687500580214,135.26239799102768,True,True,37,31,0.8378378378378378,1.2148308753967285,plate_chaudron,,,0.35625,0.2,True,False,False,False,0,1,,plate_chaudron,2.5
plate_chaudron/main_sur_bord/20260823T135744Z/frame_0006.jpg,20260823T135744Z,6,3.0,full_fallback,A,magsac,magsac,plate_chaudron,,main_sur_bord,False,full_frame,True,0.0,0.0,0.0,0.0,0.0,0.0,0.0,,0,0,720,1280,8.823185009532608,104.43188798672054,0.0005180045263841748,113.28331400000025,False,False,0,0,0.0,,,,,0.0,,False,False,False,True,1,1,,,
plate_chaudron/main_sur_bord/20260823T135744Z/frame_0007.jpg,20260823T135744Z,7,3.5,full_fallback,A,magsac,magsac,plate_chaudron,plate_chaudron,main_sur_bord,False,full_frame,True,0.0,0.0,0.0,0.0,0.0,0.0,0.0,,0,0,720,1280,8.850925005390309,100.88437800004613,23.909374998765998,133.74303000455257,True,True,13,12,0.9230769230769231,0.6341471672058105,plate_chaudron,,,0.37125,0.2,True,False,False,False,0,1,,,
plate_chaudron/main_sur_bord/20260823T135744Z/frame_0008.jpg,20260823T135744Z,8,4.0,full_fallback,A,magsac,magsac,plate_chaudron,plate_chaudron,main_sur_bord,False,full_frame,True,0.0,0.0,0.0,0.0,0.0,0.0,0.0,,0,0,720,1280,8.76473999232985,102.4681520066224,24.135763000231236,135.46028500422835,True,True,30,24,0.8,0.7762436866760254,plate_chaudron,,,0.44,0.2,True,False,False,False,0,1,,,
plate_chaudron/main_sur_bord/20260823T135744Z/frame_0009.jpg,20260823T135744Z,9,4.5,full_fallback,A,magsac,magsac,plate_chaudron,plate_chaudron,main_sur_bord,False,full_frame,True,0.0,0.0,0.0,0.0,0.0,0.0,0.0,,0,0,720,1280,8.905739989131689,103.27329899882898,23.7462270015385,136.01985799323302,True,True,31,27,0.8709677419354839,0.9838680624961853,plate_chaudron,,,0.33875,0.2,True,False,False,False,0,1,,,
plate_chaudron/main_sur_bord/20260823T135744Z/frame_0010.jpg,20260823T135744Z,10,5.0,full_fallback,A,magsac,magsac,plate_chaudron,plate_chaudron,main_sur_bord,False,full_frame,True,0.0,0.0,0.0,0.0,0.0,0.0,0.0,,0,0,720,1280,8.980961996712722,103.4992799977772,24.202132990467362,136.7743009905098,True,True,28,26,0.9285714285714286,0.5851848721504211,plate_chaudron,,,0.42125,0.2,True,False,False,False,0,1,,,
plate_chaudron/main_sur_bord/20260823T135744Z/frame_0011.jpg,20260823T135744Z,11,5.5,full_fallback,A,magsac,magsac,plate_chaudron,plate_chaudron,main_sur_bord,False,full_frame,True,0.0,0.0,0.0,0.0,0.0,0.0,0.0,,0,0,720,1280,8.78548200125806,103.18296500190627,24.22315200965386,136.28732098732144,True,True,33,28,0.8484848484848485,0.8072390556335449,plate_chaudron,,,0.27625,0.2,True,False,False,False,0,1,,,
plate_chaudron/main_sur_bord/20260823T135744Z/frame_0012.jpg,20260823T135744Z,12,6.0,full_fallback,A,magsac,magsac,plate_chaudron,plate_chaudron,main_sur_bord,False,full_frame,True,0.0,0.0,0.0,0.0,0.0,0.0,0.0,,0,0,720,1280,9.00753699534107,104.11151900188997,23.953153009642847,137.16417099931277,True,True,39,31,0.7948717948717948,0.8688328862190247,plate_chaudron,,,0.3775,0.2,True,False,False,False,0,1,,,
plate_chaudron/main_sur_bord/20260823T135744Z/frame_0013.jpg,20260823T135744Z,13,6.5,full_fallback,A,magsac,magsac,plate_chaudron,,main_sur_bord,False,full_frame,True,0.0,0.0,0.0,0.0,0.0,0.0,0.0,,0,0,720,1280,8.00215000344906,95.87738898699172,0.0007600028766319156,103.91040799731854,False,False,0,0,0.0,,,,,0.0,,False,False,False,True,1,1,,,
plate_chaudron/main_sur_bord/20260823T135744Z/frame_0014.jpg,20260823T135744Z,14,7.0,full_fallback,A,magsac,magsac,plate_chaudron,plate_chaudron,main_sur_bord,False,full_frame,True,0.0,0.0,0.0,0.0,0.0,0.0,0.0,,0,0,720,1280,9.191943987389095,108.00438099249732,24.280466997879557,141.57567999791354,True,True,35,28,0.8,0.7479658126831055,plate_chaudron,plate_dague,0.32352941176470584,0.42125,0.2,True,False,False,False,0,1,,,
plate_chaudron/main_sur_bord/20260823T135744Z/frame_0015.jpg,20260823T135744Z,15,7.5,full_fallback,A,magsac,magsac,plate_chaudron,plate_chaudron,main_sur_bord,False,full_frame,True,0.0,0.0,0.0,0.0,0.0,0.0,0.0,,0,0,720,1280,8.871480997186154,105.17481299757492,23.65993098646868,137.80028000473976,True,True,20,17,0.85,0.5901313424110413,plate_chaudron,,,0.33625,0.2,True,False,False,False,0,1,,,
plate_chaudron/main_sur_bord/20260823T135744Z/frame_0016.jpg,20260823T135744Z,16,8.0,full_fallback,A,magsac,magsac,plate_chaudron,,main_sur_bord,False,full_frame,True,0.0,0.0,0.0,0.0,0.0,0.0,0.0,,0,0,720,1280,6.715597002767026,91.9683780084597,0.0007780035957694054,98.71519698936027,False,False,0,0,0.0,,,,,0.0,,False,False,False,True,1,1,,,
plate_chaudron/main_sur_bord/20260823T135744Z/frame_0017.jpg,20260823T135744Z,17,8.5,full_fallback,A,magsac,magsac,plate_chaudron,,main_sur_bord,False,full_frame,True,0.0,0.0,0.0,0.0,0.0,0.0,0.0,,0,0,720,1280,8.354296995094046,100.65476699674036,17.257462997804396,126.29354499222245,True,False,12,6,0.5,0.0014760547783225775,plate_bougie,,,0.04,0.2,False,False,False,True,2,2,,,
plate_chaudron/main_sur_bord/20260823T135744Z/frame_0018.jpg,20260823T135744Z,18,9.0,full_fallback,A,magsac,magsac,plate_chaudron,,main_sur_bord,False,full_frame,True,0.0,0.0,0.0,0.0,0.0,0.0,0.0,,0,0,720,1280,7.653278997167945,98.59090100508183,0.0006289919838309288,106.271939992439,False,False,0,0,0.0,,,,,0.0,,False,False,False,True,3,3,,,
plate_chaudron/main_sur_bord/20260823T135744Z/frame_0019.jpg,20260823T135744Z,19,9.5,full_fallback,A,magsac,magsac,plate_chaudron,,main_sur_bord,False,full_frame,True,0.0,0.0,0.0,0.0,0.0,0.0,0.0,,0,0,720,1280,7.329170010052621,95.37063000607304,0.0005369947757571936,102.72846599400509,False,False,0,0,0.0,,,,,0.0,,False,False,False,True,4,4,,,
plate_chaudron/occlusion_angle/20260823T135821Z/frame_0000.jpg,20260823T135821Z,0,0.0,full_fallback,A,magsac,magsac,plate_chaudron,plate_chaudron,occlusion_angle,False,full_frame,True,0.0,0.0,0.0,0.0,0.0,0.0,0.0,,0,0,720,1280,8.715128991752863,103.06357599620242,24.077726004179567,135.95117299701087,True,True,23,15,0.6521739130434783,0.5981594324111938,plate_chaudron,,,0.25625,0.2,True,False,False,False,0,0,0.0,,
plate_chaudron/occlusion_angle/20260823T135821Z/frame_0001.jpg,20260823T135821Z,1,0.5,full_fallback,A,magsac,magsac,plate_chaudron,plate_chaudron,occlusion_angle,False,full_frame,True,0.0,0.0,0.0,0.0,0.0,0.0,0.0,,0,0,720,1280,8.958480000728741,103.53898300672881,24.274392999359407,136.86526400852017,True,True,33,26,0.7878787878787878,0.9218378663063049,plate_chaudron,,,0.2825,0.2,True,False,False,False,0,0,,,
plate_chaudron/occlusion_angle/20260823T135821Z/frame_0002.jpg,20260823T135821Z,2,1.0,full_fallback,A,magsac,magsac,plate_chaudron,plate_chaudron,occlusion_angle,False,full_frame,True,0.0,0.0,0.0,0.0,0.0,0.0,0.0,,0,0,720,1280,8.484981997753493,100.13174900086597,24.02739299577661,132.73858699540142,True,True,16,15,0.9375,1.2697384357452393,plate_chaudron,,,0.26375,0.2,True,False,False,False,0,0,,,
plate_chaudron/occlusion_angle/20260823T135821Z/frame_0003.jpg,20260823T135821Z,3,1.5,full_fallback,A,magsac,magsac,plate_chaudron,plate_chaudron,occlusion_angle,False,full_frame,True,0.0,0.0,0.0,0.0,0.0,0.0,0.0,,0,0,720,1280,8.532906998880208,99.81560199230444,24.034318994381465,132.47962399327662,True,True,15,12,0.8,0.5285784006118774,plate_chaudron,,,0.2575,0.2,True,False,False,False,0,0,,plate_chaudron,1.5
plate_chaudron/occlusion_angle/20260823T135821Z/frame_0004.jpg,20260823T135821Z,4,2.0,full_fallback,A,magsac,magsac,plate_chaudron,plate_chaudron,occlusion_angle,False,full_frame,True,0.0,0.0,0.0,0.0,0.0,0.0,0.0,,0,0,720,1280,8.814407003228553,101.04763599520084,24.174170001060702,134.1299180057831,True,True,31,24,0.7741935483870968,0.8273268938064575,plate_chaudron,,,0.3,0.2,True,False,False,False,0,0,,,
plate_chaudron/occlusion_angle/20260823T135821Z/frame_0005.jpg,20260823T135821Z,5,2.5,full_fallback,A,magsac,magsac,plate_chaudron,plate_chaudron,occlusion_angle,False,full_frame,True,0.0,0.0,0.0,0.0,0.0,0.0,0.0,,0,0,720,1280,8.696629010955803,104.05211099714506,24.14872699591797,136.98996699531563,True,True,21,13,0.6190476190476191,0.6292206048965454,plate_chaudron,,,0.27125,0.2,True,False,False,False,0,0,,,
plate_chaudron/occlusion_angle/20260823T135821Z/frame_0006.jpg,20260823T135821Z,6,3.0,full_fallback,A,magsac,magsac,plate_chaudron,plate_chaudron,occlusion_angle,False,full_frame,True,0.0,0.0,0.0,0.0,0.0,0.0,0.0,,0,0,720,1280,8.79772201005835,103.81970500748139,24.224615001003258,136.9357080111513,True,True,54,29,0.5370370370370371,0.734107494354248,plate_chaudron,,,0.3075,0.2,True,False,False,False,0,0,,,
plate_chaudron/occlusion_angle/20260823T135821Z/frame_0007.jpg,20260823T135821Z,7,3.5,full_fallback,A,magsac,magsac,plate_chaudron,plate_chaudron,occlusion_angle,False,full_frame,True,0.0,0.0,0.0,0.0,0.0,0.0,0.0,,0,0,720,1280,8.584741008235142,101.68611600238364,24.083726995741017,134.45491700258572,True,True,25,19,0.76,0.5785121917724609,plate_chaudron,,,0.265,0.2,True,False,False,False,0,0,,,
plate_chaudron/occlusion_angle/20260823T135821Z/frame_0008.jpg,20260823T135821Z,8,4.0,full_fallback,A,magsac,magsac,plate_chaudron,plate_chaudron,occlusion_angle,False,full_frame,True,0.0,0.0,0.0,0.0,0.0,0.0,0.0,,0,0,720,1280,8.420055994065478,108.60087900073268,23.874892998719588,140.9935330011649,True,True,18,13,0.7222222222222222,0.5415464639663696,plate_chaudron,plate_bois,0.14574898785425106,0.23375,0.2,True,False,False,False,0,0,,,
plate_chaudron/occlusion_angle/20260823T135821Z/frame_0009.jpg,20260823T135821Z,9,4.5,full_fallback,A,magsac,magsac,plate_chaudron,plate_chaudron,occlusion_angle,False,full_frame,True,0.0,0.0,0.0,0.0,0.0,0.0,0.0,,0,0,720,1280,8.840611000778154,100.5932859989116,24.223041007644497,133.7502329988638,True,True,28,17,0.6071428571428571,0.8934736847877502,plate_chaudron,,,0.2575,0.2,True,False,False,False,0,0,,,
plate_chaudron/occlusion_angle/20260823T135821Z/frame_0010.jpg,20260823T135821Z,10,5.0,full_fallback,A,magsac,magsac,plate_chaudron,,occlusion_angle,False,full_frame,True,0.0,0.0,0.0,0.0,0.0,0.0,0.0,,0,0,720,1280,8.574685009079985,100.1473610085668,0.0003890017978847027,108.75076800584793,False,False,0,0,0.0,,,,,0.0,,False,False,False,True,1,1,,,
plate_chaudron/occlusion_angle/20260823T135821Z/frame_0011.jpg,20260823T135821Z,11,5.5,full_fallback,A,magsac,magsac,plate_chaudron,plate_chaudron,occlusion_angle,False,full_frame,True,0.0,0.0,0.0,0.0,0.0,0.0,0.0,,0,0,720,1280,8.779277006397024,103.41963100654539,24.241060003987513,136.53383900236804,True,True,30,21,0.7,0.7674626708030701,plate_chaudron,,,0.2725,0.2,True,False,False,False,0,1,,,
plate_chaudron/occlusion_angle/20260823T135821Z/frame_0012.jpg,20260823T135821Z,12,6.0,full_fallback,A,magsac,magsac,plate_chaudron,,occlusion_angle,False,full_frame,True,0.0,0.0,0.0,0.0,0.0,0.0,0.0,,0,0,720,1280,8.823444994050078,100.70600800099783,0.0005740002961829305,109.55817300418857,False,False,0,0,0.0,,,,,0.0,,False,False,False,True,1,1,,,
plate_chaudron/occlusion_angle/20260823T135821Z/frame_0013.jpg,20260823T135821Z,13,6.5,full_fallback,A,magsac,magsac,plate_chaudron,plate_chaudron,occlusion_angle,False,full_frame,True,0.0,0.0,0.0,0.0,0.0,0.0,0.0,,0,0,720,1280,8.875240993802436,101.02843199274503,24.312948997248895,134.3123060069047,True,True,30,26,0.8666666666666667,0.762004017829895,plate_chaudron,,,0.2575,0.2,True,False,False,False,0,1,,,
plate_chaudron/occlusion_angle/20260823T135821Z/frame_0014.jpg,20260823T135821Z,14,7.0,full_fallback,A,magsac,magsac,plate_chaudron,plate_chaudron,occlusion_angle,False,full_frame,True,0.0,0.0,0.0,0.0,0.0,0.0,0.0,,0,0,720,1280,8.79605500085745,100.68617500655819,24.251319002360106,133.82530699891504,True,True,23,20,0.8695652173913043,1.1283282041549683,plate_chaudron,,,0.2675,0.2,True,False,False,False,0,1,,,
plate_chaudron/occlusion_angle/20260823T135821Z/frame_0015.jpg,20260823T135821Z,15,7.5,full_fallback,A,magsac,magsac,plate_chaudron,plate_chaudron,occlusion_angle,False,full_frame,True,0.0,0.0,0.0,0.0,0.0,0.0,0.0,,0,0,720,1280,8.549407997634262,100.56304500903934,24.197281993110664,133.40417799190618,True,True,19,17,0.8947368421052632,0.8349547386169434,plate_chaudron,,,0.26,0.2,True,False,False,False,0,1,,,
plate_chaudron/occlusion_angle/20260823T135821Z/frame_0016.jpg,20260823T135821Z,16,8.0,full_fallback,A,magsac,magsac,plate_chaudron,,occlusion_angle,False,full_frame,True,0.0,0.0,0.0,0.0,0.0,0.0,0.0,,0,0,720,1280,8.281130998511799,101.61922800762113,14.601413990021683,124.5292520034127,True,False,10,6,0.6,0.044095102697610855,plate_vampire,,,0.0075,0.2,False,False,False,True,1,1,,,
plate_chaudron/occlusion_angle/20260823T135821Z/frame_0017.jpg,20260823T135821Z,17,8.5,full_fallback,A,magsac,magsac,plate_chaudron,plate_chaudron,occlusion_angle,False,full_frame,True,0.0,0.0,0.0,0.0,0.0,0.0,0.0,,0,0,720,1280,8.672702999319881,102.94752100890037,24.14257799682673,135.85813499230426,True,True,19,12,0.631578947368421,0.43886491656303406,plate_chaudron,,,0.44375,0.2,True,False,False,False,0,1,,,
plate_chaudron/occlusion_angle/20260823T135821Z/frame_0018.jpg,20260823T135821Z,18,9.0,full_fallback,A,magsac,magsac,plate_chaudron,,occlusion_angle,False,full_frame,True,0.0,0.0,0.0,0.0,0.0,0.0,0.0,,0,0,720,1280,8.677017991431057,97.87104999122676,0.0004260073183104396,106.57647698826622,False,False,0,0,0.0,,,,,0.0,,False,False,False,True,1,1,,,
plate_chaudron/occlusion_angle/20260823T135821Z/frame_0019.jpg,20260823T135821Z,19,9.5,full_fallback,A,magsac,magsac,plate_chaudron,plate_chaudron,occlusion_angle,False,full_frame,True,0.0,0.0,0.0,0.0,0.0,0.0,0.0,,0,0,720,1280,8.90988900209777,102.91257700009737,24.062523007160053,135.98117300716694,True,True,29,20,0.6896551724137931,1.076075553894043,plate_chaudron,,,0.42375,0.2,True,False,False,False,0,1,,,
plate_dague/frontal/20260823T135916Z/frame_0000.jpg,20260823T135916Z,0,0.0,full_fallback,A,magsac,magsac,plate_dague,plate_dague,frontal,True,contour,False,0.912493340360046,0.9814100470393896,0.18376302083333335,1.0,0.8724662162162162,0.9995377219417501,0.5,,0,466,643,643,14.89385700551793,94.51942799205426,23.249931007740088,132.75282799440902,True,True,69,39,0.5652173913043478,1.0015407800674438,plate_dague,,,0.4225,0.2,True,False,False,False,0,0,0.0,,
plate_dague/frontal/20260823T135916Z/frame_0001.jpg,20260823T135916Z,1,0.5,full_fallback,A,magsac,magsac,plate_dague,plate_dague,frontal,True,contour,False,0.962493340360046,0.9814100470393896,0.18376302083333335,1.0,0.8724662162162162,0.9995377219417501,1.0,,0,466,643,643,14.955671998905018,94.63664999930188,23.257395005202852,132.939864997752,True,True,69,39,0.5652173913043478,1.0015407800674438,plate_dague,,,0.4225,0.2,True,False,False,False,0,0,,,
plate_dague/frontal/20260823T135916Z/frame_0002.jpg,20260823T135916Z,2,1.0,full_fallback,A,magsac,magsac,plate_dague,plate_dague,frontal,True,contour,False,0.9677480933090189,0.9861422358080745,0.1847873263888889,1.0,0.8992443324937027,1.0,0.970943394431709,,0,474,645,644,15.072300986503251,90.72704600112047,23.299709006096236,129.1930949955713,True,True,41,33,0.8048780487804879,0.8120951652526855,plate_dague,,,0.45125,0.2,True,False,False,False,0,0,,,
plate_dague/frontal/20260823T135916Z/frame_0003.jpg,20260823T135916Z,3,1.5,full_fallback,A,magsac,magsac,plate_dague,plate_dague,frontal,False,full_frame,True,0.0,0.0,0.0,0.0,0.0,0.0,0.0,,0,0,720,1280,7.795206009177491,101.19624700746499,22.62478499324061,131.7110899981344,True,True,45,39,0.8666666666666667,0.8098958730697632,plate_dague,,,0.39125,0.2,True,False,False,False,0,0,,plate_dague,1.5
plate_dague/frontal/20260823T135916Z/frame_0004.jpg,20260823T135916Z,4,2.0,full_fallback,A,magsac,magsac,plate_dague,plate_dague,frontal,True,contour,False,0.984157197659113,0.9879621407017112,0.1864306640625,1.0,0.9542809642560266,0.9996944154890897,0.9922887283568398,,0,474,648,646,15.01920800365042,93.66900399618316,22.59469300042838,131.37566301156767,True,True,55,46,0.8363636363636363,0.9254026412963867,plate_dague,,,0.3675,0.2,True,False,False,False,0,0,,,
plate_dague/frontal/20260823T135916Z/frame_0005.jpg,20260823T135916Z,5,2.5,full_fallback,A,magsac,magsac,plate_dague,,frontal,True,contour,False,0.9557949030677205,0.985402381978929,0.18342339409722222,1.0,0.8468543046357616,1.0,0.9846061231510148,,0,474,642,642,14.96074600436259,92.21606201026589,0.0004259927663952112,107.20430800574832,False,False,0,0,0.0,,,,,0.0,,False,False,False,True,1,1,,,
plate_dague/frontal/20260823T135916Z/frame_0006.jpg,20260823T135916Z,6,3.0,full_fallback,A,magsac,magsac,plate_dague,plate_dague,frontal,True,contour,False,0.9647547962492076,0.984948106110096,0.184638671875,1.0,0.8807947019867549,1.0,0.990716889194902,,0,475,644,644,14.980541993281804,91.17308299755678,22.905174002517015,129.1505760018481,True,True,55,42,0.7636363636363637,0.9871499538421631,plate_dague,,,0.3825,0.2,True,False,False,False,0,1,,,
plate_dague/frontal/20260823T135916Z/frame_0007.jpg,20260823T135916Z,7,3.5,full_fallback,A,magsac,magsac,plate_dague,,frontal,True,contour,False,0.9645785953515672,0.9854807453230023,0.1852370876736111,1.0,0.8782104391052196,1.0,0.9938176197836167,,0,476,646,644,14.929801996913739,91.56867500860244,0.0005549954948946834,106.52690200367942,False,False,0,0,0.0,,,,,0.0,,False,False,False,True,1,1,,,
plate_dague/frontal/20260823T135916Z/frame_0008.jpg,20260823T135916Z,8,4.0,full_fallback,A,magsac,magsac,plate_dague,plate_dague,frontal,False,full_frame,True,0.0,0.0,0.0,0.0,0.0,0.0,0.0,,0,0,720,1280,7.123706993297674,102.09917000611313,22.683172996039502,132.00097699882463,True,True,44,35,0.7954545454545454,0.7990461587905884,plate_dague,,,0.38875,0.2,True,False,False,False,0,1,,,
plate_dague/frontal/20260823T135916Z/frame_0009.jpg,20260823T135916Z,9,4.5,full_fallback,A,magsac,magsac,plate_dague,plate_dague,frontal,False,full_frame,True,0.0,0.0,0.0,0.0,0.0,0.0,0.0,,0,0,720,1280,7.062688993755728,105.3935889940476,23.178599003585987,135.72904400643893,True,True,40,26,0.65,0.9647305011749268,plate_dague,,,0.4275,0.2,True,False,False,False,0,1,,,
plate_dague/frontal/20260823T135916Z/frame_0010.jpg,20260823T135916Z,10,5.0,full_fallback,A,magsac,magsac,plate_dague,plate_dague,frontal,True,contour,False,0.9688329512839065,0.9850959228351712,0.18084201388888888,1.0,0.9078726968174204,1.0,0.9633600022899999,,0,471,638,638,14.94687600643374,91.25332300027367,22.676876993500628,128.97120600973722,True,True,60,49,0.8166666666666667,0.9696900248527527,plate_dague,,,0.3425,0.2,True,False,False,False,0,1,,,
plate_dague/frontal/20260823T135916Z/frame_0011.jpg,20260823T135916Z,11,5.5,full_fallback,A,magsac,magsac,plate_dague,plate_dague,frontal,True,contour,False,0.9953879555103382,0.9886212255805731,0.18174099392361112,1.0,0.9983235540653814,1.0,0.9922069931982089,,0,472,640,639,14.862857002299279,91.79384099843446,22.682395006995648,129.43514899234287,True,True,59,48,0.8135593220338984,0.9538905620574951,plate_dague,,,0.385,0.2,True,False,False,False,0,1,,,
plate_dague/frontal/20260823T135916Z/frame_0012.jpg,20260823T135916Z,12,6.0,full_fallback,A,magsac,magsac,plate_dague,plate_dague,frontal,True,contour,False,0.9592781369771817,0.9848461877554655,0.1811962890625,1.0,0.8565471226021685,1.0,0.996875,,0,473,639,638,14.976282996940427,92.68928298843093,22.96184000442736,130.72168400685769,True,True,53,46,0.8679245283018868,0.8966640830039978,plate_dague,,,0.36,0.2,True,False,False,False,0,1,,,
plate_dague/frontal/20260823T135916Z/frame_0013.jpg,20260823T135916Z,13,6.5,full_fallback,A,magsac,magsac,plate_dague,plate_dague,frontal,True,contour,False,0.9924786525581624,0.9891886105760932,0.1805859375,1.0,0.9841402337228714,1.0,0.9968701095461658,,0,473,638,637,14.860263996524736,89.88175199192483,22.691951002343558,127.52696800453123,True,True,52,44,0.8461538461538461,1.1432617902755737,plate_dague,,,0.38875,0.2,True,False,False,False,0,1,,,
plate_dague/frontal/20260823T135916Z/frame_0014.jpg,20260823T135916Z,14,7.0,full_fallback,A,magsac,magsac,plate_dague,plate_dague,frontal,True,contour,False,0.9497730736525263,0.9864137005060911,0.17976236979166665,1.0,0.8172757475083057,1.0,0.9953002662362268,,0,473,636,636,15.006707995780744,90.09449199947994,22.719896005582996,127.91265199484769,True,True,48,44,0.9166666666666666,1.0938584804534912,plate_dague,,,0.38,0.2,True,False,False,False,0,1,,,
plate_dague/frontal/20260823T135916Z/frame_0015.jpg,20260823T135916Z,15,7.5,full_fallback,A,magsac,magsac,plate_dague,plate_dague,frontal,True,contour,False,0.9844608549853738,0.9871938088908792,0.1746484375,1.0,0.9732441471571907,0.9976514484169993,0.9522653068711251,,6,466,627,628,14.81702399905771,90.0942890002625,22.494285003631376,127.49615299981087,True,True,41,32,0.7804878048780488,1.1527931690216064,plate_dague,,,0.295,0.2,True,False,False,False,0,1,,,
plate_dague/frontal/20260823T135916Z/frame_0016.jpg,20260823T135916Z,16,8.0,full_fallback,A,magsac,magsac,plate_dague,plate_dague,frontal,False,full_frame,True,0.0,0.0,0.0,0.0,0.0,0.0,0.0,,0,0,720,1280,7.05976301105693,102.86672500660643,23.232765001012012,133.25265901221428,True,True,44,37,0.8409090909090909,0.923679769039154,plate_dague,,,0.4575,0.2,True,False,False,False,0,1,,,
plate_dague/frontal/20260823T135916Z/frame_0017.jpg,20260823T135916Z,17,8.5,full_fallback,A,magsac,magsac,plate_dague,,frontal,True,contour,False,0.983796037751028,0.9918621266260743,0.1762603081597222,1.0,0.9543568464730291,1.0,0.976481881449484,,2,470,630,630,14.86567199754063,86.2661300052423,0.0005369947757571936,101.15885699633509,False,False,0,0,0.0,,,,,0.0,,False,False,False,True,1,1,,,
plate_dague/frontal/20260823T135916Z/frame_0018.jpg,20260823T135916Z,18,9.0,full_fallback,A,magsac,magsac,plate_dague,plate_dague,frontal,False,full_frame,True,0.0,0.0,0.0,0.0,0.0,0.0,0.0,,0,0,720,1280,7.117948000086471,102.67529900011141,23.267579992534593,133.15510499523953,True,True,40,37,0.925,1.047526478767395,plate_dague,,,0.44,0.2,True,False,False,False,0,1,,,
plate_dague/frontal/20260823T135916Z/frame_0019.jpg,20260823T135916Z,19,9.5,full_fallback,A,magsac,magsac,plate_dague,plate_dague,frontal,True,contour,False,0.9748725177057613,0.9874117895960808,0.1740700954861111,1.0,0.9289297658862876,1.0,0.9641653935536524,,0,464,627,626,15.105875005247071,89.58554900891613,22.793691998231225,127.57769000018016,True,True,49,45,0.9183673469387755,0.9187823534011841,plate_dague,,,0.35875,0.2,True,False,False,False,0,1,,,
plate_dague/main_sur_bord/20260823T135957Z/frame_0000.jpg,20260823T135957Z,0,0.0,full_fallback,A,magsac,magsac,plate_dague,plate_dague,main_sur_bord,False,full_frame,True,0.0,0.0,0.0,0.0,0.0,0.0,0.0,,0,0,720,1280,8.228427002904937,103.19187199638691,23.278005013708025,134.7918959945673,True,True,37,28,0.7567567567567568,0.9766215085983276,plate_dague,,,0.41625,0.2,True,False,False,False,0,0,0.0,,
plate_dague/main_sur_bord/20260823T135957Z/frame_0001.jpg,20260823T135957Z,1,0.5,full_fallback,A,magsac,magsac,plate_dague,,main_sur_bord,False,full_frame,True,0.0,0.0,0.0,0.0,0.0,0.0,0.0,,0,0,720,1280,8.187333995010704,100.26041499804705,0.0005740002961829305,108.47715700219851,False,False,0,0,0.0,,,,,0.0,,False,False,False,True,1,1,,,
plate_dague/main_sur_bord/20260823T135957Z/frame_0002.jpg,20260823T135957Z,2,1.0,full_fallback,A,magsac,magsac,plate_dague,,main_sur_bord,False,full_frame,True,0.0,0.0,0.0,0.0,0.0,0.0,0.0,,0,0,720,1280,7.655909997993149,92.79826500278432,0.0007780035957694054,100.48552500666119,False,False,0,0,0.0,,,,,0.0,,False,False,False,True,2,2,,,
plate_dague/main_sur_bord/20260823T135957Z/frame_0003.jpg,20260823T135957Z,3,1.5,full_fallback,A,magsac,magsac,plate_dague,,main_sur_bord,False,full_frame,True,0.0,0.0,0.0,0.0,0.0,0.0,0.0,,0,0,720,1280,7.497390994103625,95.48562900454272,0.0007970083970576525,103.01188999437727,False,False,0,0,0.0,,,,,0.0,,False,False,False,True,3,3,,,
plate_dague/main_sur_bord/20260823T135957Z/frame_0004.jpg,20260823T135957Z,4,2.0,full_fallback,A,magsac,magsac,plate_dague,,main_sur_bord,False,full_frame,True,0.0,0.0,0.0,0.0,0.0,0.0,0.0,,0,0,720,1280,7.800428007612936,97.99930900044274,0.0005549954948946834,105.82881099253427,False,False,0,0,0.0,,,,,0.0,,False,False,False,True,4,4,,,
plate_dague/main_sur_bord/20260823T135957Z/frame_0005.jpg,20260823T135957Z,5,2.5,full_fallback,A,magsac,magsac,plate_dague,,main_sur_bord,False,full_frame,True,0.0,0.0,0.0,0.0,0.0,0.0,0.0,,0,0,720,1280,8.019945991691202,100.10556400811765,0.0004440080374479294,108.15502800687682,False,False,0,0,0.0,,,,,0.0,,False,False,False,True,5,5,,,
plate_dague/main_sur_bord/20260823T135957Z/frame_0006.jpg,20260823T135957Z,6,3.0,full_fallback,A,magsac,magsac,plate_dague,,main_sur_bord,False,full_frame,True,0.0,0.0,0.0,0.0,0.0,0.0,0.0,,0,0,720,1280,7.2230960067827255,97.0551259961212,0.0006290065357461572,104.30673899827525,False,False,0,0,0.0,,,,,0.0,,False,False,False,True,6,6,,,
plate_dague/main_sur_bord/20260823T135957Z/frame_0007.jpg,20260823T135957Z,7,3.5,full_fallback,A,magsac,magsac,plate_dague,,main_sur_bord,False,full_frame,True,0.0,0.0,0.0,0.0,0.0,0.0,0.0,,0,0,720,1280,6.510874998639338,94.27913199760951,0.0004440080374479294,100.8186730032321,False,False,0,0,0.0,,,,,0.0,,False,False,False,True,7,7,,,
plate_dague/main_sur_bord/20260823T135957Z/frame_0008.jpg,20260823T135957Z,8,4.0,full_fallback,A,magsac,magsac,plate_dague,,main_sur_bord,False,full_frame,True,0.0,0.0,0.0,0.0,0.0,0.0,0.0,,0,0,720,1280,7.009188993833959,94.0698550111847,0.0003890017978847027,101.10709800210316,False,False,0,0,0.0,,,,,0.0,,False,False,False,True,8,8,,,
plate_dague/main_sur_bord/20260823T135957Z/frame_0009.jpg,20260823T135957Z,9,4.5,full_fallback,A,magsac,magsac,plate_dague,,main_sur_bord,False,full_frame,True,0.0,0.0,0.0,0.0,0.0,0.0,0.0,,0,0,720,1280,6.694577998132445,93.35276299680118,0.0004999892553314567,100.07713800587226,False,False,0,0,0.0,,,,,0.0,,False,False,False,True,9,9,,,
plate_dague/main_sur_bord/20260823T135957Z/frame_0010.jpg,20260823T135957Z,10,5.0,full_fallback,A,magsac,magsac,plate_dague,,main_sur_bord,False,full_frame,True,0.0,0.0,0.0,0.0,0.0,0.0,0.0,,0,0,720,1280,6.716725998558104,93.13339300570078,0.000443993485532701,99.87939700658899,False,False,0,0,0.0,,,,,0.0,,False,False,False,True,10,10,,,
plate_dague/main_sur_bord/20260823T135957Z/frame_0011.jpg,20260823T135957Z,11,5.5,full_fallback,A,magsac,magsac,plate_dague,,main_sur_bord,False,full_frame,True,0.0,0.0,0.0,0.0,0.0,0.0,0.0,,0,0,720,1280,6.74704099947121,94.93422199739143,0.0004999892553314567,101.70907799329143,False,False,0,0,0.0,,,,,0.0,,False,False,False,True,11,11,,,
plate_dague/main_sur_bord/20260823T135957Z/frame_0012.jpg,20260823T135957Z,12,6.0,full_fallback,A,magsac,magsac,plate_dague,,main_sur_bord,False,full_frame,True,0.0,0.0,0.0,0.0,0.0,0.0,0.0,,0,0,720,1280,6.681671002297662,94.58879799058195,0.0004630128387361765,101.29789399798028,False,False,0,0,0.0,,,,,0.0,,False,False,False,True,12,12,,,
plate_dague/main_sur_bord/20260823T135957Z/frame_0013.jpg,20260823T135957Z,13,6.5,full_fallback,A,magsac,magsac,plate_dague,,main_sur_bord,False,full_frame,True,0.0,0.0,0.0,0.0,0.0,0.0,0.0,,0,0,720,1280,6.797985013690777,94.29831699526403,0.0008889910532161593,101.12643201136962,False,False,0,0,0.0,,,,,0.0,,False,False,False,True,13,13,,,
plate_dague/main_sur_bord/20260823T135957Z/frame_0014.jpg,20260823T135957Z,14,7.0,full_fallback,A,magsac,magsac,plate_dague,,main_sur_bord,False,full_frame,True,0.0,0.0,0.0,0.0,0.0,0.0,0.0,,0,0,720,1280,6.747503997758031,92.58194900758099,0.0007219932740554214,99.35925000172574,False,False,0,0,0.0,,,,,0.0,,False,False,False,True,14,14,,,
plate_dague/main_sur_bord/20260823T135957Z/frame_0015.jpg,20260823T135957Z,15,7.5,full_fallback,A,magsac,magsac,plate_dague,,main_sur_bord,False,full_frame,True,0.0,0.0,0.0,0.0,0.0,0.0,0.0,,0,0,720,1280,6.808504011132754,92.90622700063977,0.0006479967851191759,99.7447679983452,False,False,0,0,0.0,,,,,0.0,,False,False,False,True,15,15,,,
plate_dague/main_sur_bord/20260823T135957Z/frame_0016.jpg,20260823T135957Z,16,8.0,full_fallback,A,magsac,magsac,plate_dague,,main_sur_bord,False,full_frame,True,0.0,0.0,0.0,0.0,0.0,0.0,0.0,,0,0,720,1280,6.8958740012021735,91.98285901220515,0.0008889910532161593,98.9133069961099,False,False,0,0,0.0,,,,,0.0,,False,False,False,True,16,16,,,
plate_dague/main_sur_bord/20260823T135957Z/frame_0017.jpg,20260823T135957Z,17,8.5,full_fallback,A,magsac,magsac,plate_dague,,main_sur_bord,False,full_frame,True,0.0,0.0,0.0,0.0,0.0,0.0,0.0,,0,0,720,1280,6.870670011267066,94.07479800574947,0.0005930050974711776,100.97245100769214,False,False,0,0,0.0,,,,,0.0,,False,False,False,True,17,17,,,
plate_dague/main_sur_bord/20260823T135957Z/frame_0018.jpg,20260823T135957Z,18,9.0,full_fallback,A,magsac,magsac,plate_dague,,main_sur_bord,False,full_frame,True,0.0,0.0,0.0,0.0,0.0,0.0,0.0,,0,0,720,1280,6.798151996918023,91.93950600456446,0.0006479967851191759,98.76823199738283,False,False,0,0,0.0,,,,,0.0,,False,False,False,True,18,18,,,
plate_dague/main_sur_bord/20260823T135957Z/frame_0019.jpg,20260823T135957Z,19,9.5,full_fallback,A,magsac,magsac,plate_dague,,main_sur_bord,False,full_frame,True,0.0,0.0,0.0,0.0,0.0,0.0,0.0,,0,0,720,1280,6.7429119953885674,92.58261699869763,0.0007409980753436685,99.35621300246567,False,False,0,0,0.0,,,,,0.0,,False,False,False,True,19,19,,,
plate_dague/occlusion_angle/20260823T140102Z/frame_0000.jpg,20260823T140102Z,0,0.0,full_fallback,A,magsac,magsac,plate_dague,plate_dague,occlusion_angle,False,full_frame,True,0.0,0.0,0.0,0.0,0.0,0.0,0.0,,0,0,720,1280,7.948650003527291,101.8749489885522,22.539951009093784,132.45788299536798,True,True,40,29,0.725,0.6574101448059082,plate_dague,,,0.33625,0.2,True,False,False,False,0,0,0.0,,
plate_dague/occlusion_angle/20260823T140102Z/frame_0001.jpg,20260823T140102Z,1,0.5,full_fallback,A,magsac,magsac,plate_dague,plate_dague,occlusion_angle,False,full_frame,True,0.0,0.0,0.0,0.0,0.0,0.0,0.0,,0,0,720,1280,8.065556001383811,100.94717300671618,22.713210011716,131.8214769999031,True,True,37,33,0.8918918918918919,0.7581813931465149,plate_dague,,,0.355,0.2,True,False,False,False,0,0,,,
plate_dague/occlusion_angle/20260823T140102Z/frame_0002.jpg,20260823T140102Z,2,1.0,full_fallback,A,magsac,magsac,plate_dague,plate_dague,occlusion_angle,False,full_frame,True,0.0,0.0,0.0,0.0,0.0,0.0,0.0,,0,0,720,1280,8.058538995101117,102.23279999627266,23.254710002220236,133.6413990065921,True,True,43,30,0.6976744186046512,0.7120722532272339,plate_dague,,,0.43,0.2,True,False,False,False,0,0,,,
plate_dague/occlusion_angle/20260823T140102Z/frame_0003.jpg,20260823T140102Z,3,1.5,full_fallback,A,magsac,magsac,plate_dague,plate_dague,occlusion_angle,False,full_frame,True,0.0,0.0,0.0,0.0,0.0,0.0,0.0,,0,0,720,1280,8.145094005158171,103.95438900741283,22.65884001099039,134.85243300965521,True,True,40,37,0.925,0.8042590022087097,plate_dague,,,0.375,0.2,True,False,False,False,0,0,,plate_dague,1.5
plate_dague/occlusion_angle/20260823T140102Z/frame_0004.jpg,20260823T140102Z,4,2.0,full_fallback,A,magsac,magsac,plate_dague,plate_dague,occlusion_angle,False,full_frame,True,0.0,0.0,0.0,0.0,0.0,0.0,0.0,,0,0,720,1280,8.026316005270928,101.4355610095663,23.775801004376262,133.33450999925844,True,True,29,27,0.9310344827586207,0.8625836372375488,plate_dague,,,0.38875,0.2,True,False,False,False,0,0,,,
plate_dague/occlusion_angle/20260823T140102Z/frame_0005.jpg,20260823T140102Z,5,2.5,full_fallback,A,magsac,magsac,plate_dague,plate_dague,occlusion_angle,False,full_frame,True,0.0,0.0,0.0,0.0,0.0,0.0,0.0,,0,0,720,1280,8.120186001178809,102.99600100552198,22.979766014032066,134.19121300103143,True,True,38,33,0.868421052631579,0.6319141387939453,plate_dague,,,0.37,0.2,True,False,False,False,0,0,,,
plate_dague/occlusion_angle/20260823T140102Z/frame_0006.jpg,20260823T140102Z,6,3.0,full_fallback,A,magsac,magsac,plate_dague,,occlusion_angle,False,full_frame,True,0.0,0.0,0.0,0.0,0.0,0.0,0.0,,0,0,720,1280,7.569834997411817,101.50015298859216,0.0003519962774589658,109.09713599539828,False,False,0,0,0.0,,,,,0.0,,False,False,False,True,1,1,,,
plate_dague/occlusion_angle/20260823T140102Z/frame_0007.jpg,20260823T140102Z,7,3.5,full_fallback,A,magsac,magsac,plate_dague,plate_dague,occlusion_angle,False,full_frame,True,0.0,0.0,0.0,0.0,0.0,0.0,0.0,,0,0,720,1280,7.841611994081177,105.63227400416508,22.058564005419612,135.62809801078402,True,True,17,14,0.8235294117647058,0.7992691993713379,plate_dague,plate_bois,0.16153846153846152,0.2925,0.2,True,False,False,False,0,1,,,
plate_dague/occlusion_angle/20260823T140102Z/frame_0008.jpg,20260823T140102Z,8,4.0,full_fallback,A,magsac,magsac,plate_dague,,occlusion_angle,False,full_frame,True,0.0,0.0,0.0,0.0,0.0,0.0,0.0,,0,0,720,1280,8.066741997026838,101.8743549939245,0.0005930050974711776,109.97074499027804,False,False,0,0,0.0,,,,,0.0,,False,False,False,True,1,1,,,
plate_dague/occlusion_angle/20260823T140102Z/frame_0009.jpg,20260823T140102Z,9,4.5,full_fallback,A,magsac,magsac,plate_dague,plate_dague,occlusion_angle,False,full_frame,True,0.0,0.0,0.0,0.0,0.0,0.0,0.0,,0,0,720,1280,8.108278998406604,102.58933500153944,22.671950995572843,133.46526899840683,True,True,18,15,0.8333333333333334,0.5788552165031433,plate_dague,,,0.31125,0.2,True,False,False,False,0,1,,,
plate_dague/occlusion_angle/20260823T140102Z/frame_0010.jpg,20260823T140102Z,10,5.0,full_fallback,A,magsac,magsac,plate_dague,,occlusion_angle,False,full_frame,True,0.0,0.0,0.0,0.0,0.0,0.0,0.0,,0,0,720,1280,7.791372001520358,95.81164699920919,0.0008150091161951423,103.63298100128304,False,False,0,0,0.0,,,,,0.0,,False,False,False,True,1,1,,,
plate_dague/occlusion_angle/20260823T140102Z/frame_0011.jpg,20260823T140102Z,11,5.5,full_fallback,A,magsac,magsac,plate_dague,plate_dague,occlusion_angle,False,full_frame,True,0.0,0.0,0.0,0.0,0.0,0.0,0.0,,0,0,720,1280,7.869724009651691,103.62488900136668,23.667874993407167,135.25858000502922,True,True,27,21,0.7777777777777778,0.9246987700462341,plate_dague,,,0.38875,0.2,True,False,False,False,0,1,,,
plate_dague/occlusion_angle/20260823T140102Z/frame_0012.jpg,20260823T140102Z,12,6.0,full_fallback,A,magsac,magsac,plate_dague,,occlusion_angle,False,full_frame,True,0.0,0.0,0.0,0.0,0.0,0.0,0.0,,0,0,720,1280,7.76515000325162,99.58669399202336,0.0004809990059584379,107.37999199773185,False,False,0,0,0.0,,,,,0.0,,False,False,False,True,1,1,,,
plate_dague/occlusion_angle/20260823T140102Z/frame_0013.jpg,20260823T140102Z,13,6.5,full_fallback,A,magsac,magsac,plate_dague,plate_dague,occlusion_angle,False,full_frame,True,0.0,0.0,0.0,0.0,0.0,0.0,0.0,,0,0,720,1280,7.937168003991246,104.90794200450182,23.169931999291293,136.10830099787563,True,True,36,23,0.6388888888888888,0.822380781173706,plate_dague,,,0.405,0.2,True,False,False,False,0,1,,,
plate_dague/occlusion_angle/20260823T140102Z/frame_0014.jpg,20260823T140102Z,14,7.0,full_fallback,A,magsac,magsac,plate_dague,,occlusion_angle,False,full_frame,True,0.0,0.0,0.0,0.0,0.0,0.0,0.0,,0,0,720,1280,7.789779992890544,96.28725600487087,0.0007969938451424241,104.10696199687663,False,False,0,0,0.0,,,,,0.0,,False,False,False,True,1,1,,,
plate_dague/occlusion_angle/20260823T140102Z/frame_0015.jpg,20260823T140102Z,15,7.5,full_fallback,A,magsac,magsac,plate_dague,plate_dague,occlusion_angle,False,full_frame,True,0.0,0.0,0.0,0.0,0.0,0.0,0.0,,0,0,720,1280,8.303573995362967,101.77992899843957,23.162098994362168,133.34236200898886,True,True,30,27,0.9,0.7507421374320984,plate_dague,,,0.405,0.2,True,False,False,False,0,1,,,
plate_dague/occlusion_angle/20260823T140102Z/frame_0016.jpg,20260823T140102Z,16,8.0,full_fallback,A,magsac,magsac,plate_dague,,occlusion_angle,False,full_frame,True,0.0,0.0,0.0,0.0,0.0,0.0,0.0,,0,0,720,1280,7.967390003614128,94.9733150046086,0.0004259927663952112,102.97131599509157,False,False,0,0,0.0,,,,,0.0,,False,False,False,True,1,1,,,
plate_dague/occlusion_angle/20260823T140102Z/frame_0017.jpg,20260823T140102Z,17,8.5,full_fallback,A,magsac,magsac,plate_dague,,occlusion_angle,False,full_frame,True,0.0,0.0,0.0,0.0,0.0,0.0,0.0,,0,0,720,1280,7.789668001350947,97.02097700210288,0.000500003807246685,104.84229399298783,False,False,0,0,0.0,,,,,0.0,,False,False,False,True,2,2,,,
plate_dague/occlusion_angle/20260823T140102Z/frame_0018.jpg,20260823T140102Z,18,9.0,full_fallback,A,magsac,magsac,plate_dague,,occlusion_angle,False,full_frame,True,0.0,0.0,0.0,0.0,0.0,0.0,0.0,,0,0,720,1280,8.010465011466295,94.62633400107734,0.0004999892553314567,102.66661300556734,False,False,0,0,0.0,,,,,0.0,,False,False,False,True,3,3,,,
plate_dague/occlusion_angle/20260823T140102Z/frame_0019.jpg,20260823T140102Z,19,9.5,full_fallback,A,magsac,magsac,plate_dague,plate_dague,occlusion_angle,False,full_frame,True,0.0,0.0,0.0,0.0,0.0,0.0,0.0,,0,0,720,1280,8.130649992381223,102.93179700965993,23.088098998414353,134.2448789946502,True,True,25,18,0.72,0.6399440765380859,plate_dague,,,0.375,0.2,True,False,False,False,0,3,,,
plate_vampire/frontal/20260823T135229Z/frame_0000.jpg,20260823T135229Z,0,0.0,full_fallback,A,magsac,magsac,plate_vampire,plate_vampire,frontal,True,contour,False,0.9224601509267131,0.9838145095854998,0.197421875,1.0,0.9281200631911533,0.9528578225327473,0.5,,0,414,666,661,16.181872997549362,91.22245199978352,24.000597011763602,131.49967999197543,True,True,51,49,0.9607843137254902,0.860414445400238,plate_vampire,,,0.44,0.2,True,False,False,False,0,0,0.0,,
plate_vampire/frontal/20260823T135229Z/frame_0001.jpg,20260823T135229Z,1,0.5,full_fallback,A,magsac,magsac,plate_vampire,plate_vampire,frontal,True,contour,False,0.9731213321006793,0.9831852912902832,0.19495985243055555,1.0,0.9406575781876504,0.9524553479540562,0.9775581537127607,,0,410,663,657,15.993558001355268,91.16585999436211,23.213579013827257,130.4686459916411,True,True,51,46,0.9019607843137255,0.9341043829917908,plate_vampire,,,0.37375,0.2,True,False,False,False,0,0,,,
plate_vampire/frontal/20260823T135229Z/frame_0002.jpg,20260823T135229Z,2,1.0,full_fallback,A,magsac,magsac,plate_vampire,plate_vampire,frontal,True,contour,False,0.9704504974847593,0.9818078726530075,0.19173014322916668,1.0,0.9268098647573588,0.9586479468805436,0.9834087481146304,,0,412,657,652,15.932113994495012,91.82745100406464,23.367913003312424,131.22140399354976,True,True,52,49,0.9423076923076923,0.784425675868988,plate_vampire,,,0.35,0.2,True,False,False,False,0,0,,,
plate_vampire/frontal/20260823T135229Z/frame_0003.jpg,20260823T135229Z,3,1.5,full_fallback,A,magsac,magsac,plate_vampire,plate_vampire,frontal,True,contour,False,0.9610676881238125,0.9847475914284587,0.19393229166666667,1.0,0.8972549019607843,0.9551242050100313,0.9581726470407558,,0,423,661,654,15.926836000289768,92.36078298999928,23.986373998923227,132.3644750082167,True,True,57,54,0.9473684210526315,0.8593344688415527,plate_vampire,,,0.4075,0.2,True,False,False,False,0,0,,plate_vampire,1.5
plate_vampire/frontal/20260823T135229Z/frame_0004.jpg,20260823T135229Z,4,2.0,full_fallback,A,magsac,magsac,plate_vampire,plate_vampire,frontal,True,contour,False,0.9670051451612173,0.9835987910628319,0.19695203993055554,1.0,0.9223674096848578,0.9519936573189367,0.9613428968925949,,0,432,668,655,15.954464994138107,91.28228599729482,23.97991099860519,131.30542100407183,True,True,58,54,0.9310344827586207,0.9530467987060547,plate_vampire,,,0.4425,0.2,True,False,False,False,0,0,,,
plate_vampire/frontal/20260823T135229Z/frame_0005.jpg,20260823T135229Z,5,2.5,full_fallback,A,magsac,magsac,plate_vampire,plate_vampire,frontal,True,contour,False,0.964138431314268,0.9838223662227392,0.19647026909722223,1.0,0.9039812646370023,0.9480642562601185,0.9818997966218389,,0,426,667,656,15.964892008923925,91.53184000751935,23.948652000399306,131.53914299618918,True,True,58,53,0.9137931034482759,1.0436105728149414,plate_vampire,,,0.41875,0.2,True,False,False,False,0,0,,,
plate_vampire/frontal/20260823T135229Z/frame_0006.jpg,20260823T135229Z,6,3.0,full_fallback,A,magsac,magsac,plate_vampire,,frontal,True,contour,False,0.9740025329751653,0.9861678732559085,0.19648111979166666,1.0,0.9406713505074161,0.9479702219329096,0.9818731117824774,,0,420,667,656,16.018095004255883,89.73991799575742,0.0004450121195986867,105.78493999491911,False,False,0,0,0.0,,,,,0.0,,False,False,False,True,1,1,,,
plate_vampire/frontal/20260823T135229Z/frame_0007.jpg,20260823T135229Z,7,3.5,full_fallback,A,magsac,magsac,plate_vampire,plate_vampire,frontal,False,full_frame,True,0.0,0.0,0.0,0.0,0.0,0.0,0.0,,0,0,720,1280,8.934073004638776,104.77957100374624,23.409005007124506,137.21635400725063,True,True,24,22,0.9166666666666666,1.0221197605133057,plate_vampire,,,0.33875,0.2,True,False,False,False,0,1,,,
plate_vampire/frontal/20260823T135229Z/frame_0008.jpg,20260823T135229Z,8,4.0,full_fallback,A,magsac,magsac,plate_vampire,plate_vampire,frontal,True,contour,False,0.9360913245062856,0.9838092476129532,0.1992068142361111,1.0,0.7990726429675425,0.9474321189273762,0.9643717758777645,,0,428,672,659,16.093094993266277,90.94495201134123,23.863392998464406,130.9941439976683,True,True,42,37,0.8809523809523809,0.9785777926445007,plate_vampire,,,0.4175,0.2,True,False,False,False,0,1,,,
plate_vampire/frontal/20260823T135229Z/frame_0009.jpg,20260823T135229Z,9,4.5,full_fallback,A,magsac,magsac,plate_vampire,plate_vampire,frontal,False,full_frame,True,0.0,0.0,0.0,0.0,0.0,0.0,0.0,,0,0,720,1280,8.895924998796545,104.79040400241502,23.866244999226183,137.64631500816904,True,True,37,31,0.8378378378378378,0.8341144919395447,plate_vampire,,,0.42125,0.2,True,False,False,False,0,1,,,
plate_vampire/frontal/20260823T135229Z/frame_0010.jpg,20260823T135229Z,10,5.0,full_fallback,A,magsac,magsac,plate_vampire,plate_vampire,frontal,False,full_frame,True,0.0,0.0,0.0,0.0,0.0,0.0,0.0,,0,0,720,1280,8.911017997888848,105.13286700006574,23.999411991098896,138.13461000972893,True,True,34,27,0.7941176470588235,0.8266172409057617,plate_vampire,,,0.4125,0.2,True,False,False,False,0,1,,,
plate_vampire/frontal/20260823T135229Z/frame_0011.jpg,20260823T135229Z,11,5.5,full_fallback,A,magsac,magsac,plate_vampire,plate_vampire,frontal,False,full_frame,True,0.0,0.0,0.0,0.0,0.0,0.0,0.0,,0,0,720,1280,8.766536993789487,101.71937399718445,23.811171005945653,134.40058099513408,True,True,31,27,0.8709677419354839,0.8675909638404846,plate_vampire,,,0.39125,0.2,True,False,False,False,0,1,,,
plate_vampire/frontal/20260823T135229Z/frame_0012.jpg,20260823T135229Z,12,6.0,full_fallback,A,magsac,magsac,plate_vampire,plate_vampire,frontal,False,full_frame,True,0.0,0.0,0.0,0.0,0.0,0.0,0.0,,0,0,720,1280,8.782610995694995,103.68481399200391,23.298801999771968,135.85865301138256,True,True,34,28,0.8235294117647058,0.6943598985671997,plate_vampire,,,0.34375,0.2,True,False,False,False,0,1,,,
plate_vampire/frontal/20260823T135229Z/frame_0013.jpg,20260823T135229Z,13,6.5,full_fallback,A,magsac,magsac,plate_vampire,,frontal,False,full_frame,True,0.0,0.0,0.0,0.0,0.0,0.0,0.0,,0,0,720,1280,8.919961997889914,99.65000800730195,0.0007030030246824026,108.59893300221302,False,False,0,0,0.0,,,,,0.0,,False,False,False,True,1,1,,,
plate_vampire/frontal/20260823T135229Z/frame_0014.jpg,20260823T135229Z,14,7.0,full_fallback,A,magsac,magsac,plate_vampire,,frontal,False,full_frame,True,0.0,0.0,0.0,0.0,0.0,0.0,0.0,,0,0,720,1280,8.840926006087102,99.49587899609469,0.0006850023055449128,108.36521099554375,False,False,0,0,0.0,,,,,0.0,,False,False,False,True,2,2,,,
plate_vampire/frontal/20260823T135229Z/frame_0015.jpg,20260823T135229Z,15,7.5,full_fallback,A,magsac,magsac,plate_vampire,plate_vampire,frontal,True,contour,False,0.9632134658426765,0.9794573783874512,0.19818522135416666,1.0,0.9279628195197521,0.9457029817964108,0.9281524926686217,,0,454,672,656,15.959910000674427,92.34204200038221,23.899003994301893,132.29130899708252,True,True,51,48,0.9411764705882353,0.7327024936676025,plate_vampire,,,0.405,0.2,True,False,False,False,0,2,,,
plate_vampire/frontal/20260823T135229Z/frame_0016.jpg,20260823T135229Z,16,8.0,full_fallback,A,magsac,magsac,plate_vampire,plate_vampire,frontal,True,contour,False,0.9724385334645045,0.9830013234168291,0.19789388020833334,1.0,0.9372579395817195,0.9518739776759081,0.9803625377643505,,0,448,672,655,16.013539003324695,97.08192100515589,23.921077998238616,137.10963100311346,True,True,51,50,0.9803921568627451,0.7527592182159424,plate_vampire,plate_bougie,0.3928571428571429,0.4325,0.2,True,False,False,False,0,2,,,
plate_vampire/frontal/20260823T135229Z/frame_0017.jpg,20260823T135229Z,17,8.5,full_fallback,A,magsac,magsac,plate_vampire,,frontal,True,contour,False,0.9681122079160647,0.9832903351634741,0.2000732421875,1.0,0.9218870843000774,0.9459593561522665,0.9805740067677654,,0,451,676,658,16.065557996626012,91.34565600834321,0.0004259927663952112,107.43797299801372,False,False,0,0,0.0,,,,,0.0,,False,False,False,True,1,2,,,
plate_vampire/frontal/20260823T135229Z/frame_0018.jpg,20260823T135229Z,18,9.0,full_fallback,A,magsac,magsac,plate_vampire,plate_vampire,frontal,False,full_frame,True,0.0,0.0,0.0,0.0,0.0,0.0,0.0,,0,0,720,1280,8.71018499310594,105.05914500390645,23.552837999886833,137.4157790123718,True,True,25,18,0.72,0.7134974002838135,plate_vampire,,,0.39125,0.2,True,False,False,False,0,2,,,
plate_vampire/frontal/20260823T135229Z/frame_0019.jpg,20260823T135229Z,19,9.5,full_fallback,A,magsac,magsac,plate_vampire,plate_vampire,frontal,False,full_frame,True,0.0,0.0,0.0,0.0,0.0,0.0,0.0,,0,0,720,1280,9.092962005524896,107.27451001002919,23.485487006837502,139.94680999894626,True,True,43,39,0.9069767441860465,0.9947683215141296,plate_vampire,,,0.35,0.2,True,False,False,False,0,2,,,
plate_vampire/main_sur_bord/20260823T135336Z/frame_0000.jpg,20260823T135336Z,0,0.0,full_fallback,A,magsac,magsac,plate_vampire,,main_sur_bord,False,full_frame,True,0.0,0.0,0.0,0.0,0.0,0.0,0.0,,0,0,720,1280,8.27901900629513,96.07892300118692,0.0007039925549179316,104.3866639956832,False,False,0,0,0.0,,,,,0.0,,False,False,False,True,1,1,,,
plate_vampire/main_sur_bord/20260823T135336Z/frame_0001.jpg,20260823T135336Z,1,0.5,full_fallback,A,magsac,magsac,plate_vampire,plate_vampire,main_sur_bord,False,full_frame,True,0.0,0.0,0.0,0.0,0.0,0.0,0.0,,0,0,720,1280,8.597555992309935,106.21329098648857,23.899892999907024,138.80475699261297,True,True,37,32,0.8648648648648649,0.6240308284759521,plate_vampire,,,0.3725,0.2,True,False,False,False,0,1,0.5,,
plate_vampire/main_sur_bord/20260823T135336Z/frame_0002.jpg,20260823T135336Z,2,1.0,full_fallback,A,magsac,magsac,plate_vampire,,main_sur_bord,False,full_frame,True,0.0,0.0,0.0,0.0,0.0,0.0,0.0,,0,0,720,1280,8.440242003416643,95.98379400267731,0.0005369947757571936,104.45233099744655,False,False,0,0,0.0,,,,,0.0,,False,False,False,True,1,1,,,
plate_vampire/main_sur_bord/20260823T135336Z/frame_0003.jpg,20260823T135336Z,3,1.5,full_fallback,A,magsac,magsac,plate_vampire,,main_sur_bord,False,full_frame,True,0.0,0.0,0.0,0.0,0.0,0.0,0.0,,0,0,720,1280,8.021093992283568,96.44023700093385,0.0006110058166086674,104.48957100743428,False,False,0,0,0.0,,,,,0.0,,False,False,False,True,2,2,,,
plate_vampire/main_sur_bord/20260823T135336Z/frame_0004.jpg,20260823T135336Z,4,2.0,full_fallback,A,magsac,magsac,plate_vampire,,main_sur_bord,False,full_frame,True,0.0,0.0,0.0,0.0,0.0,0.0,0.0,,0,0,720,1280,7.731983001576737,94.66159300063737,0.0005549954948946834,102.42235400073696,False,False,0,0,0.0,,,,,0.0,,False,False,False,True,3,3,,,
plate_vampire/main_sur_bord/20260823T135336Z/frame_0005.jpg,20260823T135336Z,5,2.5,full_fallback,A,magsac,magsac,plate_vampire,plate_vampire,main_sur_bord,False,full_frame,True,0.0,0.0,0.0,0.0,0.0,0.0,0.0,,0,0,720,1280,8.378130005439743,103.78673998638988,22.955173000809737,135.21259800472762,True,True,17,17,1.0,1.164373755455017,plate_vampire,,,0.2225,0.2,True,False,False,False,0,3,,,
plate_vampire/main_sur_bord/20260823T135336Z/frame_0006.jpg,20260823T135336Z,6,3.0,full_fallback,A,magsac,magsac,plate_vampire,,main_sur_bord,False,full_frame,True,0.0,0.0,0.0,0.0,0.0,0.0,0.0,,0,0,720,1280,8.701314000063576,98.70184300234541,0.0005930050974711776,107.43099100363906,False,False,0,0,0.0,,,,,0.0,,False,False,False,True,1,3,,,
plate_vampire/main_sur_bord/20260823T135336Z/frame_0007.jpg,20260823T135336Z,7,3.5,full_fallback,A,magsac,magsac,plate_vampire,,main_sur_bord,False,full_frame,True,0.0,0.0,0.0,0.0,0.0,0.0,0.0,,0,0,720,1280,7.884316990384832,96.5183660009643,0.0005740002961829305,104.43199799919967,False,False,0,0,0.0,,,,,0.0,,False,False,False,True,2,3,,,
plate_vampire/main_sur_bord/20260823T135336Z/frame_0008.jpg,20260823T135336Z,8,4.0,full_fallback,A,magsac,magsac,plate_vampire,,main_sur_bord,False,full_frame,True,0.0,0.0,0.0,0.0,0.0,0.0,0.0,,0,0,720,1280,8.309611992444843,96.68134700041264,0.0005370093276724219,105.02014499797951,False,False,0,0,0.0,,,,,0.0,,False,False,False,True,3,3,,,
plate_vampire/main_sur_bord/20260823T135336Z/frame_0009.jpg,20260823T135336Z,9,4.5,full_fallback,A,magsac,magsac,plate_vampire,plate_vampire,main_sur_bord,False,full_frame,True,0.0,0.0,0.0,0.0,0.0,0.0,0.0,,0,0,720,1280,8.531906991265714,105.05801500403322,23.855541003285907,137.53798199468292,True,True,24,19,0.7916666666666666,0.9841979146003723,plate_vampire,,,0.3175,0.2,True,False,False,False,0,3,,plate_vampire,4.5
plate_vampire/main_sur_bord/20260823T135336Z/frame_0010.jpg,20260823T135336Z,10,5.0,full_fallback,A,magsac,magsac,plate_vampire,,main_sur_bord,False,full_frame,True,0.0,0.0,0.0,0.0,0.0,0.0,0.0,,0,0,720,1280,8.608703996287659,100.2087480010232,0.0005190086085349321,108.84609899949282,False,False,0,0,0.0,,,,,0.0,,False,False,False,True,1,3,,,
plate_vampire/main_sur_bord/20260823T135336Z/frame_0011.jpg,20260823T135336Z,11,5.5,full_fallback,A,magsac,magsac,plate_vampire,,main_sur_bord,False,full_frame,True,0.0,0.0,0.0,0.0,0.0,0.0,0.0,,0,0,720,1280,8.762369994656183,101.88403999200091,0.0004999892553314567,110.67315100808628,False,False,0,0,0.0,,,,,0.0,,False,False,False,True,2,3,,,
plate_vampire/main_sur_bord/20260823T135336Z/frame_0012.jpg,20260823T135336Z,12,6.0,full_fallback,A,magsac,magsac,plate_vampire,plate_vampire,main_sur_bord,False,full_frame,True,0.0,0.0,0.0,0.0,0.0,0.0,0.0,,0,0,720,1280,8.819629001663998,103.36966700560879,23.94317099242471,136.22616999782622,True,True,25,24,0.96,0.6324535608291626,plate_vampire,,,0.3525,0.2,True,False,False,False,0,3,,,
plate_vampire/main_sur_bord/20260823T135336Z/frame_0013.jpg,20260823T135336Z,13,6.5,full_fallback,A,magsac,magsac,plate_vampire,plate_vampire,main_sur_bord,False,full_frame,True,0.0,0.0,0.0,0.0,0.0,0.0,0.0,,0,0,720,1280,8.458889002213255,100.54515300726052,19.227755008614622,128.32203799916897,True,True,20,11,0.55,0.9429178237915039,plate_vampire,,,0.22625,0.2,True,False,False,False,0,3,,,
plate_vampire/main_sur_bord/20260823T135336Z/frame_0014.jpg,20260823T135336Z,14,7.0,full_fallback,A,magsac,magsac,plate_vampire,,main_sur_bord,False,full_frame,True,0.0,0.0,0.0,0.0,0.0,0.0,0.0,,0,0,720,1280,8.871461992384866,100.75635700195562,0.000777989043854177,109.65626299730502,False,False,0,0,0.0,,,,,0.0,,False,False,False,True,1,3,,,
plate_vampire/main_sur_bord/20260823T135336Z/frame_0015.jpg,20260823T135336Z,15,7.5,full_fallback,A,magsac,magsac,plate_vampire,,main_sur_bord,False,full_frame,True,0.0,0.0,0.0,0.0,0.0,0.0,0.0,,0,0,720,1280,8.789870000327937,97.97691900166683,0.0006110058166086674,106.7958249914227,False,False,0,0,0.0,,,,,0.0,,False,False,False,True,2,3,,,
plate_vampire/main_sur_bord/20260823T135336Z/frame_0016.jpg,20260823T135336Z,16,8.0,full_fallback,A,magsac,magsac,plate_vampire,,main_sur_bord,False,full_frame,True,0.0,0.0,0.0,0.0,0.0,0.0,0.0,,0,0,720,1280,9.795552992727607,100.85613399860449,0.0004629982868209481,110.67881700000726,False,False,0,0,0.0,,,,,0.0,,False,False,False,True,3,3,,,
plate_vampire/main_sur_bord/20260823T135336Z/frame_0017.jpg,20260823T135336Z,17,8.5,full_fallback,A,magsac,magsac,plate_vampire,,main_sur_bord,False,full_frame,True,0.0,0.0,0.0,0.0,0.0,0.0,0.0,,0,0,720,1280,8.591481993789785,95.02211099606939,0.0007780035957694054,103.64425799343735,False,False,0,0,0.0,,,,,0.0,,False,False,False,True,4,4,,,
plate_vampire/main_sur_bord/20260823T135336Z/frame_0018.jpg,20260823T135336Z,18,9.0,full_fallback,A,magsac,magsac,plate_vampire,plate_vampire,main_sur_bord,False,full_frame,True,0.0,0.0,0.0,0.0,0.0,0.0,0.0,,0,0,720,1280,8.472611996694468,107.86367500259075,24.128613993525505,140.55962300335523,True,True,29,23,0.7931034482758621,0.9491708278656006,plate_vampire,plate_bois,0.2931034482758621,0.355,0.2,True,False,False,False,0,4,,,
plate_vampire/main_sur_bord/20260823T135336Z/frame_0019.jpg,20260823T135336Z,19,9.5,full_fallback,A,magsac,magsac,plate_vampire,plate_vampire,main_sur_bord,False,full_frame,True,0.0,0.0,0.0,0.0,0.0,0.0,0.0,,0,0,720,1280,8.585796997067519,108.35978499380872,24.31616999092512,141.3546959956875,True,True,52,44,0.8461538461538461,0.7410823106765747,plate_vampire,,,0.3825,0.2,True,False,False,False,0,4,,,
plate_vampire/occlusion_angle/20260823T135419Z/frame_0000.jpg,20260823T135419Z,0,0.0,full_fallback,A,magsac,magsac,plate_vampire,plate_vampire,occlusion_angle,False,full_frame,True,0.0,0.0,0.0,0.0,0.0,0.0,0.0,,0,0,720,1280,8.62098200013861,103.85368300194386,24.142688998836093,136.7115950124571,True,True,18,15,0.8333333333333334,1.1055924892425537,plate_vampire,,,0.2975,0.2,True,False,False,False,0,0,0.0,,
plate_vampire/occlusion_angle/20260823T135419Z/frame_0001.jpg,20260823T135419Z,1,0.5,full_fallback,A,magsac,magsac,plate_vampire,plate_vampire,occlusion_angle,False,full_frame,True,0.0,0.0,0.0,0.0,0.0,0.0,0.0,,0,0,720,1280,8.523370997863822,105.69358700013254,23.25085700431373,137.56479599396698,True,True,31,25,0.8064516129032258,0.7185779213905334,plate_vampire,plate_bois,0.30645161290322576,0.3675,0.2,True,False,False,False,0,0,,,
plate_vampire/occlusion_angle/20260823T135419Z/frame_0002.jpg,20260823T135419Z,2,1.0,full_fallback,A,magsac,magsac,plate_vampire,plate_vampire,occlusion_angle,False,full_frame,True,0.0,0.0,0.0,0.0,0.0,0.0,0.0,,0,0,720,1280,8.573665996664204,101.15974499785807,23.307782990741543,133.13811999978498,True,True,24,19,0.7916666666666666,0.9783068299293518,plate_vampire,,,0.33625,0.2,True,False,False,False,0,0,,,
plate_vampire/occlusion_angle/20260823T135419Z/frame_0003.jpg,20260823T135419Z,3,1.5,full_fallback,A,magsac,magsac,plate_vampire,plate_vampire,occlusion_angle,False,full_frame,True,0.0,0.0,0.0,0.0,0.0,0.0,0.0,,0,0,720,1280,8.947944006649777,105.38762500800658,24.345262005226687,138.77658901037648,True,True,26,25,0.9615384615384616,1.2526990175247192,plate_vampire,,,0.32375,0.2,True,False,False,False,0,0,,plate_vampire,1.5
plate_vampire/occlusion_angle/20260823T135419Z/frame_0004.jpg,20260823T135419Z,4,2.0,full_fallback,A,magsac,magsac,plate_vampire,plate_vampire,occlusion_angle,False,full_frame,True,0.0,0.0,0.0,0.0,0.0,0.0,0.0,,0,0,720,1280,8.607629002653994,105.40877300081775,24.46792900445871,138.5790719941724,True,True,37,24,0.6486486486486487,1.4441883563995361,plate_vampire,,,0.3175,0.2,True,False,False,False,0,0,,,
plate_vampire/occlusion_angle/20260823T135419Z/frame_0005.jpg,20260823T135419Z,5,2.5,full_fallback,A,magsac,magsac,plate_vampire,plate_vampire,occlusion_angle,False,full_frame,True,0.0,0.0,0.0,0.0,0.0,0.0,0.0,,0,0,720,1280,8.623407004051842,102.75411199836526,24.284799001179636,135.75813399802428,True,True,30,28,0.9333333333333333,1.2367384433746338,plate_vampire,,,0.3275,0.2,True,False,False,False,0,0,,,
plate_vampire/occlusion_angle/20260823T135419Z/frame_0006.jpg,20260823T135419Z,6,3.0,full_fallback,A,magsac,magsac,plate_vampire,plate_vampire,occlusion_angle,False,full_frame,True,0.0,0.0,0.0,0.0,0.0,0.0,0.0,,0,0,720,1280,8.70655500330031,105.63697600446176,23.53628200944513,137.97210999473464,True,True,40,33,0.825,0.7398695945739746,plate_vampire,,,0.38125,0.2,True,False,False,False,0,0,,,
plate_vampire/occlusion_angle/20260823T135419Z/frame_0007.jpg,20260823T135419Z,7,3.5,full_fallback,A,magsac,magsac,plate_vampire,plate_vampire,occlusion_angle,False,full_frame,True,0.0,0.0,0.0,0.0,0.0,0.0,0.0,,0,0,720,1280,8.86072200955823,106.88026899879333,23.798484995495528,139.63232899550349,True,True,35,27,0.7714285714285715,0.9883595705032349,plate_vampire,,,0.37125,0.2,True,False,False,False,0,0,,,
plate_vampire/occlusion_angle/20260823T135419Z/frame_0008.jpg,20260823T135419Z,8,4.0,full_fallback,A,magsac,magsac,plate_vampire,plate_vampire,occlusion_angle,False,full_frame,True,0.0,0.0,0.0,0.0,0.0,0.0,0.0,,0,0,720,1280,8.773110006586649,104.47514499537647,23.5617819998879,136.90135300566908,True,True,36,35,0.9722222222222222,0.8010009527206421,plate_vampire,,,0.37125,0.2,True,False,False,False,0,0,,,
plate_vampire/occlusion_angle/20260823T135419Z/frame_0009.jpg,20260823T135419Z,9,4.5,full_fallback,A,magsac,magsac,plate_vampire,,occlusion_angle,False,full_frame,True,0.0,0.0,0.0,0.0,0.0,0.0,0.0,,0,0,720,1280,8.351648997631855,97.20253098930698,0.0005930050974711776,105.58243900595699,False,False,0,0,0.0,,,,,0.0,,False,False,False,True,1,1,,,
plate_vampire/occlusion_angle/20260823T135419Z/frame_0010.jpg,20260823T135419Z,10,5.0,full_fallback,A,magsac,magsac,plate_vampire,plate_vampire,occlusion_angle,False,full_frame,True,0.0,0.0,0.0,0.0,0.0,0.0,0.0,,0,0,720,1280,8.833777988911606,105.65658699488267,23.92244899237994,138.50816499325447,True,True,35,25,0.7142857142857143,1.024325966835022,plate_vampire,,,0.36875,0.2,True,False,False,False,0,1,,,
plate_vampire/occlusion_angle/20260823T135419Z/frame_0011.jpg,20260823T135419Z,11,5.5,full_fallback,A,magsac,magsac,plate_vampire,plate_vampire,occlusion_angle,False,full_frame,True,0.0,0.0,0.0,0.0,0.0,0.0,0.0,,0,0,720,1280,8.497444010572508,102.69513100502081,23.599578998982906,134.88963501004037,True,True,18,12,0.6666666666666666,0.6723082065582275,plate_vampire,,,0.32625,0.2,True,False,False,False,0,1,,,
plate_vampire/occlusion_angle/20260823T135419Z/frame_0012.jpg,20260823T135419Z,12,6.0,full_fallback,A,magsac,magsac,plate_vampire,,occlusion_angle,False,full_frame,True,0.0,0.0,0.0,0.0,0.0,0.0,0.0,,0,0,720,1280,8.660444000270218,103.9514240110293,22.758617997169495,135.39822600432672,True,False,12,6,0.5,0.16668371856212616,plate_vampire,,,0.01375,0.2,False,False,False,True,1,1,,,
plate_vampire/occlusion_angle/20260823T135419Z/frame_0013.jpg,20260823T135419Z,13,6.5,full_fallback,A,magsac,magsac,plate_vampire,plate_vampire,occlusion_angle,False,full_frame,True,0.0,0.0,0.0,0.0,0.0,0.0,0.0,,0,0,720,1280,8.786906997556798,104.92503299610689,23.96293000492733,137.76838799822144,True,True,37,29,0.7837837837837838,0.9021593928337097,plate_vampire,,,0.3575,0.2,True,False,False,False,0,1,,,
plate_vampire/occlusion_angle/20260823T135419Z/frame_0014.jpg,20260823T135419Z,14,7.0,full_fallback,A,magsac,magsac,plate_vampire,plate_vampire,occlusion_angle,False,full_frame,True,0.0,0.0,0.0,0.0,0.0,0.0,0.0,,0,0,720,1280,8.709778005140834,103.87555399211124,24.347632002900355,137.02835301228333,True,True,20,20,1.0,1.8470209836959839,plate_vampire,,,0.33125,0.2,True,False,False,False,0,1,,,
plate_vampire/occlusion_angle/20260823T135419Z/frame_0015.jpg,20260823T135419Z,15,7.5,full_fallback,A,magsac,magsac,plate_vampire,plate_vampire,occlusion_angle,False,full_frame,True,0.0,0.0,0.0,0.0,0.0,0.0,0.0,,0,0,720,1280,8.844184994813986,106.13288199238013,24.35302200319711,139.42364300601184,True,True,24,18,0.75,1.1996099948883057,plate_vampire,,,0.33125,0.2,True,False,False,False,0,1,,,
plate_vampire/occlusion_angle/20260823T135419Z/frame_0016.jpg,20260823T135419Z,16,8.0,full_fallback,A,magsac,magsac,plate_vampire,,occlusion_angle,False,full_frame,True,0.0,0.0,0.0,0.0,0.0,0.0,0.0,,0,0,720,1280,8.33481500740163,100.07600601238664,0.00048200308810919523,108.43937699974049,False,False,0,0,0.0,,,,,0.0,,False,False,False,True,1,1,,,
plate_vampire/occlusion_angle/20260823T135419Z/frame_0017.jpg,20260823T135419Z,17,8.5,full_fallback,A,magsac,magsac,plate_vampire,,occlusion_angle,False,full_frame,True,0.0,0.0,0.0,0.0,0.0,0.0,0.0,,0,0,720,1280,8.480314994812943,95.34562801127322,0.0006289919838309288,103.8579239975661,False,False,0,0,0.0,,,,,0.0,,False,False,False,True,2,2,,,
plate_vampire/occlusion_angle/20260823T135419Z/frame_0018.jpg,20260823T135419Z,18,9.0,full_fallback,A,magsac,magsac,plate_vampire,plate_vampire,occlusion_angle,False,full_frame,True,0.0,0.0,0.0,0.0,0.0,0.0,0.0,,0,0,720,1280,8.825961995171383,102.90044501016382,22.953357998630963,134.77354199858382,True,True,14,10,0.7142857142857143,0.8061505556106567,plate_vampire,,,0.2375,0.2,True,False,False,False,0,2,,,
plate_vampire/occlusion_angle/20260823T135419Z/frame_0019.jpg,20260823T135419Z,19,9.5,full_fallback,A,magsac,magsac,plate_vampire,,occlusion_angle,False,full_frame,True,0.0,0.0,0.0,0.0,0.0,0.0,0.0,,0,0,720,1280,8.39520400040783,97.28406800422817,0.0006110058166086674,105.70860499865375,False,False,0,0,0.0,,,,,0.0,,False,False,False,True,1,2,,,
negatives/aucune_plaque/20260823T132011Z/frame_0000.jpg,20260823T132011Z,0,0.0,calibrated_fallback,A,magsac,magsac,,,aucune_plaque,False,calibrated_roi,True,0.0,0.0,0.0,0.0,0.0,0.0,0.0,,0,327,698,841,6.951522009330802,87.37236598972231,0.000500003807246685,94.35468498850241,False,False,0,0,0.0,,,,,0.0,,False,True,False,False,0,0,,,
negatives/aucune_plaque/20260823T132011Z/frame_0001.jpg,20260823T132011Z,1,0.5,calibrated_fallback,A,magsac,magsac,,,aucune_plaque,False,calibrated_roi,True,0.0,0.0,0.0,0.0,0.0,0.0,0.0,,0,327,698,841,6.967096007429063,87.75462399353273,0.0005189940566197038,94.75079500407446,False,False,0,0,0.0,,,,,0.0,,False,True,False,False,0,0,,,
negatives/aucune_plaque/20260823T132011Z/frame_0002.jpg,20260823T132011Z,2,1.0,calibrated_fallback,A,magsac,magsac,,,aucune_plaque,False,calibrated_roi,True,0.0,0.0,0.0,0.0,0.0,0.0,0.0,,0,327,698,841,6.923559005372226,86.68994200706948,0.0005379988579079509,93.64453800662886,False,False,0,0,0.0,,,,,0.0,,False,True,False,False,0,0,,,
negatives/aucune_plaque/20260823T132011Z/frame_0003.jpg,20260823T132011Z,3,1.5,calibrated_fallback,A,magsac,magsac,,,aucune_plaque,False,calibrated_roi,True,0.0,0.0,0.0,0.0,0.0,0.0,0.0,,0,327,698,841,6.877632986288518,88.40969800075982,0.0006299960659816861,95.31536798749585,False,False,0,0,0.0,,,,,0.0,,False,True,False,False,0,0,,,
negatives/aucune_plaque/20260823T132011Z/frame_0004.jpg,20260823T132011Z,4,2.0,calibrated_fallback,A,magsac,magsac,,,aucune_plaque,False,calibrated_roi,True,0.0,0.0,0.0,0.0,0.0,0.0,0.0,,0,327,698,841,6.90104000386782,86.68781199958175,0.0008329952834174037,93.61737199651543,False,False,0,0,0.0,,,,,0.0,,False,True,False,False,0,0,,,
negatives/aucune_plaque/20260823T132011Z/frame_0005.jpg,20260823T132011Z,5,2.5,calibrated_fallback,A,magsac,magsac,,,aucune_plaque,False,calibrated_roi,True,0.0,0.0,0.0,0.0,0.0,0.0,0.0,,0,327,698,841,7.110392005415633,89.54093599459156,13.109360996168107,109.78770699875895,True,False,8,6,0.75,0.2951042056083679,plate_cellule,,,0.025,0.2,False,True,False,False,0,0,,,
negatives/aucune_plaque/20260823T132011Z/frame_0006.jpg,20260823T132011Z,6,3.0,calibrated_fallback,A,magsac,magsac,,,aucune_plaque,False,calibrated_roi,True,0.0,0.0,0.0,0.0,0.0,0.0,0.0,,0,327,698,841,7.863891005399637,86.43866499187425,0.0004440080374479294,94.33575900038704,False,False,0,0,0.0,,,,,0.0,,False,True,False,False,0,0,,,
negatives/aucune_plaque/20260823T132011Z/frame_0007.jpg,20260823T132011Z,7,3.5,calibrated_fallback,A,magsac,magsac,,,aucune_plaque,False,calibrated_roi,True,0.0,0.0,0.0,0.0,0.0,0.0,0.0,,0,327,698,841,6.938058999367058,88.59154900710564,0.0007589987944811583,95.55929299676791,False,False,0,0,0.0,,,,,0.0,,False,True,False,False,0,0,,,
negatives/aucune_plaque/20260823T132011Z/frame_0008.jpg,20260823T132011Z,8,4.0,calibrated_fallback,A,magsac,magsac,,,aucune_plaque,False,calibrated_roi,True,0.0,0.0,0.0,0.0,0.0,0.0,0.0,,0,327,698,841,6.919670006027445,88.5270119906636,0.0005740002961829305,95.47655200003646,False,False,0,0,0.0,,,,,0.0,,False,True,False,False,0,0,,,
negatives/aucune_plaque/20260823T132011Z/frame_0009.jpg,20260823T132011Z,9,4.5,calibrated_fallback,A,magsac,magsac,,,aucune_plaque,False,calibrated_roi,True,0.0,0.0,0.0,0.0,0.0,0.0,0.0,,0,327,698,841,6.895651007653214,87.9860870045377,0.0004260073183104396,94.9117389973253,False,False,0,0,0.0,,,,,0.0,,False,True,False,False,0,0,,,
negatives/aucune_plaque/20260823T132011Z/frame_0010.jpg,20260823T132011Z,10,5.0,calibrated_fallback,A,magsac,magsac,,,aucune_plaque,False,calibrated_roi,True,0.0,0.0,0.0,0.0,0.0,0.0,0.0,,0,327,698,841,6.892724995850585,86.50418299657758,0.000500003807246685,93.42642700357828,False,False,0,0,0.0,,,,,0.0,,False,True,False,False,0,0,,,
negatives/aucune_plaque/20260823T132011Z/frame_0011.jpg,20260823T132011Z,11,5.5,calibrated_fallback,A,magsac,magsac,,,aucune_plaque,True,contour,False,0.39325060616785,0.4417845606803894,0.005544704861111111,0.26326566575208565,0.3856041131105398,0.48497793248076865,0.5,,463,991,241,110,12.522566001280211,21.44849101023283,0.0004250032361596823,33.996444995864294,False,False,0,0,0.0,,,,,0.0,,False,True,False,False,0,0,,,
negatives/aucune_plaque/20260823T132011Z/frame_0012.jpg,20260823T132011Z,12,6.0,calibrated_fallback,A,magsac,magsac,,,aucune_plaque,True,contour,False,0.5547999321873796,0.4474520683288574,0.005625,0.2651650429449553,0.8786279683377308,0.38003251278368,0.9661280758968277,,463,989,237,112,12.368120995233767,1.1047759908251464,0.0010549993021413684,13.501563007594086,False,False,0,0,0.0,,,,,0.0,,False,True,False,False,0,0,,,
negatives/aucune_plaque/20260823T132011Z/frame_0013.jpg,20260823T132011Z,13,6.5,calibrated_fallback,A,magsac,magsac,,,aucune_plaque,False,calibrated_roi,True,0.0,0.0,0.0,0.0,0.0,0.0,0.0,,0,327,698,841,6.857262997073121,85.8521290065255,0.00048200308810919523,92.740280990256,False,False,0,0,0.0,,,,,0.0,,False,True,False,False,0,0,,,
negatives/aucune_plaque/20260823T132011Z/frame_0014.jpg,20260823T132011Z,14,7.0,calibrated_fallback,A,magsac,magsac,,,aucune_plaque,False,calibrated_roi,True,0.0,0.0,0.0,0.0,0.0,0.0,0.0,,0,327,698,841,6.75004099321086,88.64525199169293,0.0004259927663952112,95.42342300119344,False,False,0,0,0.0,,,,,0.0,,False,True,False,False,0,0,,,
negatives/aucune_plaque/20260823T132011Z/frame_0015.jpg,20260823T132011Z,15,7.5,calibrated_fallback,A,magsac,magsac,,,aucune_plaque,False,calibrated_roi,True,0.0,0.0,0.0,0.0,0.0,0.0,0.0,,0,327,698,841,6.848189004813321,87.45379200263415,0.0005189940566197038,94.33123999042436,False,False,0,0,0.0,,,,,0.0,,False,True,False,False,0,0,,,
negatives/aucune_plaque/20260823T132011Z/frame_0016.jpg,20260823T132011Z,16,8.0,calibrated_fallback,A,magsac,magsac,,,aucune_plaque,False,calibrated_roi,True,0.0,0.0,0.0,0.0,0.0,0.0,0.0,,0,327,698,841,6.803670999943279,85.03775999997742,0.0006110058166086674,91.87133799423464,False,False,0,0,0.0,,,,,0.0,,False,True,False,False,0,0,,,
negatives/aucune_plaque/20260823T132011Z/frame_0017.jpg,20260823T132011Z,17,8.5,calibrated_fallback,A,magsac,magsac,,,aucune_plaque,False,calibrated_roi,True,0.0,0.0,0.0,0.0,0.0,0.0,0.0,,0,327,698,841,6.80048500362318,87.40573599061463,0.0004629982868209481,94.23590698861517,False,False,0,0,0.0,,,,,0.0,,False,True,False,False,0,0,,,
negatives/aucune_plaque/20260823T132011Z/frame_0018.jpg,20260823T132011Z,18,9.0,calibrated_fallback,A,magsac,magsac,,,aucune_plaque,False,calibrated_roi,True,0.0,0.0,0.0,0.0,0.0,0.0,0.0,,0,327,698,841,6.929578012204729,85.88548099214677,0.0006119953468441963,92.84357700380497,False,False,0,0,0.0,,,,,0.0,,False,True,False,False,0,0,,,
negatives/aucune_plaque/20260823T132011Z/frame_0019.jpg,20260823T132011Z,19,9.5,calibrated_fallback,A,magsac,magsac,,,aucune_plaque,False,calibrated_roi,True,0.0,0.0,0.0,0.0,0.0,0.0,0.0,,0,327,698,841,6.99324399465695,86.70466400508303,0.0004629982868209481,93.72664800321218,False,False,0,0,0.0,,,,,0.0,,False,True,False,False,0,0,,,
plate_bougie/frontal/20260823T135503Z/frame_0000.jpg,20260823T135503Z,0,0.0,calibrated_fallback,A,magsac,magsac,plate_bougie,,frontal,False,calibrated_roi,True,0.0,0.0,0.0,0.0,0.0,0.0,0.0,,0,327,698,841,7.893631001934409,97.22225199220702,0.0005180045263841748,105.142808999517,False,False,0,0,0.0,,,,,0.0,,False,False,False,True,1,1,,,
plate_bougie/frontal/20260823T135503Z/frame_0001.jpg,20260823T135503Z,1,0.5,calibrated_fallback,A,magsac,magsac,plate_bougie,,frontal,True,contour,False,0.8707366605224656,0.9553513079881668,0.1305517578125,1.0,0.7513711151736746,0.9628848933259679,0.5,,45,379,542,554,14.60070900793653,92.49242900114041,0.000500003807246685,107.12080499797594,False,False,0,0,0.0,,,,,0.0,,False,False,False,True,2,2,,,
plate_bougie/frontal/20260823T135503Z/frame_0002.jpg,20260823T135503Z,2,1.0,calibrated_fallback,A,magsac,magsac,plate_bougie,plate_bougie,frontal,True,contour,False,0.9219237163744509,0.9526255764067173,0.13032606336805555,1.0,0.7598173515981735,0.9710082319995101,0.9908088235294118,,48,379,541,554,14.613598003052175,89.73191599943675,18.4328299947083,122.87080800160766,True,True,38,26,0.6842105263157895,0.6089239120483398,plate_bougie,,,0.2775,0.2,True,False,False,False,0,2,1.0,,
plate_bougie/frontal/20260823T135503Z/frame_0003.jpg,20260823T135503Z,3,1.5,calibrated_fallback,A,magsac,magsac,plate_bougie,,frontal,True,contour,False,0.974634322080032,0.9598961547017097,0.1279736328125,1.0,0.9677716390423573,0.9709378286547468,0.9762878304345514,,56,380,535,551,14.872430998366326,84.34200299961958,0.0005370093276724219,99.24237801169511,False,False,0,0,0.0,,,,,0.0,,False,False,False,True,1,2,,,
plate_bougie/frontal/20260823T135503Z/frame_0004.jpg,20260823T135503Z,4,2.0,calibrated_fallback,A,magsac,magsac,plate_bougie,,frontal,False,calibrated_roi,True,0.0,0.0,0.0,0.0,0.0,0.0,0.0,,0,327,698,841,7.409001991618425,97.63171500526369,13.904506995459087,118.97203800617717,True,False,31,21,0.6774193548387096,0.5271530747413635,plate_bougie,,,0.155,0.2,False,False,False,True,2,2,,,
plate_bougie/frontal/20260823T135503Z/frame_0005.jpg,20260823T135503Z,5,2.5,calibrated_fallback,A,magsac,magsac,plate_bougie,plate_bougie,frontal,False,calibrated_roi,True,0.0,0.0,0.0,0.0,0.0,0.0,0.0,,0,327,698,841,8.086075002211146,94.25683300651144,19.486680001136847,121.92068000149447,True,True,31,16,0.5161290322580645,0.7953914403915405,plate_bougie,,,0.24375,0.2,True,False,False,False,0,2,,,
plate_bougie/frontal/20260823T135503Z/frame_0006.jpg,20260823T135503Z,6,3.0,calibrated_fallback,A,magsac,magsac,plate_bougie,plate_bougie,frontal,True,contour,False,0.9373221293228091,0.9566483162343502,0.13072916666666667,1.0,0.8236889692585895,0.9676532219430358,0.9764006994355315,,53,378,544,551,14.603004994569346,86.70781200635247,18.307181991986,119.70970399852376,True,True,41,30,0.7317073170731707,0.7029531002044678,plate_bougie,,,0.25125,0.2,True,False,False,False,0,2,,,
plate_bougie/frontal/20260823T135503Z/frame_0007.jpg,20260823T135503Z,7,3.5,calibrated_fallback,A,magsac,magsac,plate_bougie,plate_bougie,frontal,True,contour,False,0.9090943341917792,0.9360760971903801,0.13587076822916666,1.0,0.7444933920704846,0.9638659399302177,0.9576156302402231,,32,379,563,550,14.709635011968203,87.66397599538323,17.58868400065694,120.05275799310766,True,True,37,27,0.7297297297297297,0.8165309429168701,plate_bougie,,,0.25375,0.2,True,False,False,False,0,2,,plate_bougie,3.5
plate_bougie/frontal/20260823T135503Z/frame_0008.jpg,20260823T135503Z,8,4.0,calibrated_fallback,A,magsac,magsac,plate_bougie,plate_bougie,frontal,True,contour,False,0.9503494735444259,0.9556902460753918,0.1275439453125,1.0,0.8996316758747698,0.9654380556726305,0.9219067518585289,,59,373,538,546,14.63911599421408,89.12688099371735,21.68941599666141,125.54704300418962,True,True,46,30,0.6521739130434783,0.8798376321792603,plate_bougie,,,0.3475,0.2,True,False,False,False,0,2,,,
plate_bougie/frontal/20260823T135503Z/frame_0009.jpg,20260823T135503Z,9,4.5,calibrated_fallback,A,magsac,magsac,plate_bougie,plate_bougie,frontal,True,contour,False,0.9539668218664269,0.9529640227556229,0.12693739149305555,1.0,0.8898071625344353,0.9654602706819453,0.9907979733793661,,59,372,535,546,14.579802009393461,89.90830498805735,21.5790090005612,126.16067100316286,True,True,53,41,0.7735849056603774,0.7567138671875,plate_bougie,,,0.34875,0.2,True,False,False,False,0,2,,,
plate_bougie/frontal/20260823T135503Z/frame_0010.jpg,20260823T135503Z,10,5.0,calibrated_fallback,A,magsac,magsac,plate_bougie,plate_bougie,frontal,False,calibrated_roi,True,0.0,0.0,0.0,0.0,0.0,0.0,0.0,,0,327,698,841,7.997890003025532,98.81248899910133,22.7315989905037,129.63977400795557,True,True,28,20,0.7142857142857143,0.5519533157348633,plate_bougie,plate_cellule,0.23076923076923084,0.3625,0.2,True,False,False,False,0,2,,,
plate_bougie/frontal/20260823T135503Z/frame_0011.jpg,20260823T135503Z,11,5.5,calibrated_fallback,A,magsac,magsac,plate_bougie,plate_bougie,frontal,True,contour,False,0.9603586037205631,0.955524280667305,0.12758626302083334,1.0,0.9516279069767442,0.9673926702568706,0.890550757504985,,83,377,534,552,14.598763998947106,87.05257000110578,21.34184300666675,123.0869370047003,True,True,36,27,0.75,0.5359869599342346,plate_bougie,,,0.31875,0.2,True,False,False,False,0,2,,,
plate_bougie/frontal/20260823T135503Z/frame_0012.jpg,20260823T135503Z,12,6.0,calibrated_fallback,A,magsac,magsac,plate_bougie,plate_bougie,frontal,True,contour,False,0.9368917460583195,0.9434193708002567,0.12915364583333333,1.0,0.8530499075785583,0.9666562035985224,0.9393783756375068,,93,381,539,553,14.614190993597731,87.58660599414725,21.671582988346927,123.9653419906972,True,True,37,28,0.7567567567567568,0.7865383625030518,plate_bougie,,,0.36375,0.2,True,False,False,False,0,2,,,
plate_bougie/frontal/20260823T135503Z/frame_0013.jpg,20260823T135503Z,13,6.5,calibrated_fallback,A,magsac,magsac,plate_bougie,,frontal,True,contour,False,0.916126590948539,0.9476079978048801,0.12866373697916667,1.0,0.7769652650822669,0.9671981538175707,0.9088305995475113,,72,378,538,550,14.621191003243439,82.4125439976342,0.0004070025170221925,97.0608630013885,False,False,0,0,0.0,,,,,0.0,,False,False,False,True,1,2,,,
plate_bougie/frontal/20260823T135503Z/frame_0014.jpg,20260823T135503Z,14,7.0,calibrated_fallback,A,magsac,magsac,plate_bougie,plate_bougie,frontal,False,calibrated_roi,True,0.0,0.0,0.0,0.0,0.0,0.0,0.0,,0,327,698,841,8.024574999581091,95.37414500664454,18.37018299556803,121.85969900747295,True,True,27,17,0.6296296296296297,0.8062331676483154,plate_bougie,,,0.20875,0.2,True,False,False,False,0,2,,,
plate_bougie/frontal/20260823T135503Z/frame_0015.jpg,20260823T135503Z,15,7.5,calibrated_fallback,A,magsac,magsac,plate_bougie,plate_bougie,frontal,True,contour,False,0.951103203089429,0.9448678717017174,0.1314208984375,1.0,0.9111514052583862,0.9636331825711884,0.9349167200719839,,80,383,543,556,14.507542990031652,86.71634900383651,21.62771299481392,122.94382599066012,True,True,30,26,0.8666666666666667,0.9918394684791565,plate_bougie,,,0.3375,0.2,True,False,False,False,0,2,,,
plate_bougie/frontal/20260823T135503Z/frame_0016.jpg,20260823T135503Z,16,8.0,calibrated_fallback,A,magsac,magsac,plate_bougie,plate_bougie,frontal,True,contour,False,0.9581408311454988,0.9541791491210461,0.12701931423611112,1.0,0.9153633854645814,0.9649431069063154,0.965519293524081,,93,386,531,551,14.537524009938352,85.46996299992315,21.456693997606635,121.55632900248747,True,True,33,26,0.7878787878787878,0.9555752873420715,plate_bougie,,,0.32125,0.2,True,False,False,False,0,2,,,
plate_bougie/frontal/20260823T135503Z/frame_0017.jpg,20260823T135503Z,17,8.5,calibrated_fallback,A,magsac,magsac,plate_bougie,,frontal,True,contour,False,0.9453351205138889,0.9437204115092754,0.12937771267361112,1.0,0.8869955156950673,0.9624389995948202,0.9422621817785743,,77,388,536,552,14.588320002076216,85.7443879940547,0.0005369947757571936,100.36017101083416,False,False,0,0,0.0,,,,,0.0,,False,False,False,True,1,2,,,
plate_bougie/frontal/20260823T135503Z/frame_0018.jpg,20260823T135503Z,18,9.0,calibrated_fallback,A,magsac,magsac,plate_bougie,,frontal,True,contour,False,0.9392978173196423,0.9425462000072002,0.1290505642361111,1.0,0.8878676470588235,0.9623746799858209,0.883295775541943,,107,390,537,554,14.518821000820026,84.3957429897273,0.000500003807246685,98.94185999291949,False,False,0,0,0.0,,,,,0.0,,False,False,False,True,2,2,,,
plate_bougie/frontal/20260823T135503Z/frame_0019.jpg,20260823T135503Z,19,9.5,calibrated_fallback,A,magsac,magsac,plate_bougie,plate_bougie,frontal,True,contour,False,0.9274390024458445,0.965101096779108,0.12572808159722224,1.0,0.8037558685446009,0.9699211028414878,0.8997759599181318,,96,378,531,548,14.433950011152774,88.9510289998725,21.892211996600963,125.36804200499319,True,True,34,30,0.8823529411764706,0.7674320936203003,plate_bougie,,,0.35125,0.2,True,False,False,False,0,2,,,
plate_bougie/main_sur_bord/20260823T135543Z/frame_0000.jpg,20260823T135543Z,0,0.0,calibrated_fallback,A,magsac,magsac,plate_bougie,plate_bougie,main_sur_bord,False,calibrated_roi,True,0.0,0.0,0.0,0.0,0.0,0.0,0.0,,0,327,698,841,8.096278994344175,97.01386399683543,21.713674999773502,126.91892799921334,True,True,15,12,0.8,0.30115431547164917,plate_bougie,,,0.24,0.2,True,False,False,False,0,0,0.0,,
plate_bougie/main_sur_bord/20260823T135543Z/frame_0001.jpg,20260823T135543Z,1,0.5,calibrated_fallback,A,magsac,magsac,plate_bougie,,main_sur_bord,False,calibrated_roi,True,0.0,0.0,0.0,0.0,0.0,0.0,0.0,,0,327,698,841,7.943983000586741,90.97454400034621,0.0004260073183104396,98.94721100863535,False,False,0,0,0.0,,,,,0.0,,False,False,False,True,1,1,,,
plate_bougie/main_sur_bord/20260823T135543Z/frame_0002.jpg,20260823T135543Z,2,1.0,calibrated_fallback,A,magsac,magsac,plate_bougie,,main_sur_bord,False,calibrated_roi,True,0.0,0.0,0.0,0.0,0.0,0.0,0.0,,0,327,698,841,8.012093006982468,99.4083959958516,0.0006300106178969145,107.44817399245221,False,False,0,0,0.0,,,,,0.0,,False,False,False,True,2,2,,,
plate_bougie/main_sur_bord/20260823T135543Z/frame_0003.jpg,20260823T135543Z,3,1.5,calibrated_fallback,A,magsac,magsac,plate_bougie,,main_sur_bord,False,calibrated_roi,True,0.0,0.0,0.0,0.0,0.0,0.0,0.0,,0,327,698,841,8.265927011962049,90.39634000509977,0.0005179899744689465,98.6919150018366,False,False,0,0,0.0,,,,,0.0,,False,False,False,True,3,3,,,
plate_bougie/main_sur_bord/20260823T135543Z/frame_0004.jpg,20260823T135543Z,4,2.0,calibrated_fallback,A,magsac,magsac,plate_bougie,,main_sur_bord,False,calibrated_roi,True,0.0,0.0,0.0,0.0,0.0,0.0,0.0,,0,327,698,841,7.9138349974527955,91.51957900030538,0.0005920010153204203,99.46393199788872,False,False,0,0,0.0,,,,,0.0,,False,False,False,True,4,4,,,
plate_bougie/main_sur_bord/20260823T135543Z/frame_0005.jpg,20260823T135543Z,5,2.5,calibrated_fallback,A,magsac,magsac,plate_bougie,,main_sur_bord,False,calibrated_roi,True,0.0,0.0,0.0,0.0,0.0,0.0,0.0,,0,327,698,841,8.06952000129968,98.42310100793839,15.599559003021568,122.11906800803263,True,False,17,7,0.4117647058823529,0.8021025657653809,plate_dague,,,0.06875,0.2,False,False,False,True,5,5,,,
plate_bougie/main_sur_bord/20260823T135543Z/frame_0006.jpg,20260823T135543Z,6,3.0,calibrated_fallback,A,magsac,magsac,plate_bougie,,main_sur_bord,False,calibrated_roi,True,0.0,0.0,0.0,0.0,0.0,0.0,0.0,,0,327,698,841,7.9831490002106875,95.7586069998797,0.0005740002961829305,103.77086699008942,False,False,0,0,0.0,,,,,0.0,,False,False,False,True,6,6,,,
plate_bougie/main_sur_bord/20260823T135543Z/frame_0007.jpg,20260823T135543Z,7,3.5,calibrated_fallback,A,magsac,magsac,plate_bougie,,main_sur_bord,False,calibrated_roi,True,0.0,0.0,0.0,0.0,0.0,0.0,0.0,,0,327,698,841,7.890890003181994,90.81985800003167,0.0005929905455559492,98.73860100924503,False,False,0,0,0.0,,,,,0.0,,False,False,False,True,7,7,,,
plate_bougie/main_sur_bord/20260823T135543Z/frame_0008.jpg,20260823T135543Z,8,4.0,calibrated_fallback,A,magsac,magsac,plate_bougie,,main_sur_bord,False,calibrated_roi,True,0.0,0.0,0.0,0.0,0.0,0.0,0.0,,0,327,698,841,7.666168996365741,88.96036200167146,0.0007040071068331599,96.65540099376813,False,False,0,0,0.0,,,,,0.0,,False,False,False,True,8,8,,,
plate_bougie/main_sur_bord/20260823T135543Z/frame_0009.jpg,20260823T135543Z,9,4.5,calibrated_fallback,A,magsac,magsac,plate_bougie,,main_sur_bord,False,calibrated_roi,True,0.0,0.0,0.0,0.0,0.0,0.0,0.0,,0,327,698,841,8.046835006098263,94.22548100701533,14.94793000165373,117.24637499719393,True,False,18,11,0.6111111111111112,0.4644823968410492,plate_bougie,,,0.11875,0.2,False,False,False,True,9,9,,,
plate_bougie/main_sur_bord/20260823T135543Z/frame_0010.jpg,20260823T135543Z,10,5.0,calibrated_fallback,A,magsac,magsac,plate_bougie,,main_sur_bord,False,calibrated_roi,True,0.0,0.0,0.0,0.0,0.0,0.0,0.0,,0,327,698,841,8.008037999388762,93.30414900614414,13.679155003046617,115.01782400591765,True,False,16,9,0.5625,0.6766549944877625,plate_bougie,,,0.12125,0.2,False,False,False,True,10,10,,,
plate_bougie/main_sur_bord/20260823T135543Z/frame_0011.jpg,20260823T135543Z,11,5.5,calibrated_fallback,A,magsac,magsac,plate_bougie,,main_sur_bord,False,calibrated_roi,True,0.0,0.0,0.0,0.0,0.0,0.0,0.0,,0,327,698,841,8.037518986384384,91.94305900018662,0.0007030030246824026,100.01230100169778,False,False,0,0,0.0,,,,,0.0,,False,False,False,True,11,11,,,
plate_bougie/main_sur_bord/20260823T135543Z/frame_0012.jpg,20260823T135543Z,12,6.0,calibrated_fallback,A,magsac,magsac,plate_bougie,plate_bougie,main_sur_bord,False,calibrated_roi,True,0.0,0.0,0.0,0.0,0.0,0.0,0.0,,0,327,698,841,8.103537998977117,100.58080000453629,21.497859997907653,130.27892100217286,True,True,20,14,0.7,0.7459957599639893,plate_bougie,plate_cellule,0.19999999999999996,0.25875,0.2,True,False,False,False,0,11,,,
plate_bougie/main_sur_bord/20260823T135543Z/frame_0013.jpg,20260823T135543Z,13,6.5,calibrated_fallback,A,magsac,magsac,plate_bougie,,main_sur_bord,False,calibrated_roi,True,0.0,0.0,0.0,0.0,0.0,0.0,0.0,,0,327,698,841,7.7955010056030005,91.60594899731223,0.0005370093276724219,99.42893100378569,False,False,0,0,0.0,,,,,0.0,,False,False,False,True,1,11,,,
plate_bougie/main_sur_bord/20260823T135543Z/frame_0014.jpg,20260823T135543Z,14,7.0,calibrated_fallback,A,magsac,magsac,plate_bougie,,main_sur_bord,False,calibrated_roi,True,0.0,0.0,0.0,0.0,0.0,0.0,0.0,,0,327,698,841,8.0033900012495,91.54983799089678,0.00044499756768345833,99.58035800082143,False,False,0,0,0.0,,,,,0.0,,False,False,False,True,2,11,,,
plate_bougie/main_sur_bord/20260823T135543Z/frame_0015.jpg,20260823T135543Z,15,7.5,calibrated_fallback,A,magsac,magsac,plate_bougie,,main_sur_bord,False,calibrated_roi,True,0.0,0.0,0.0,0.0,0.0,0.0,0.0,,0,327,698,841,7.969112004502676,95.73588499915786,0.0005740002961829305,103.73238500324078,False,False,0,0,0.0,,,,,0.0,,False,False,False,True,3,11,,,
plate_bougie/main_sur_bord/20260823T135543Z/frame_0016.jpg,20260823T135543Z,16,8.0,calibrated_fallback,A,magsac,magsac,plate_bougie,,main_sur_bord,False,calibrated_roi,True,0.0,0.0,0.0,0.0,0.0,0.0,0.0,,0,327,698,841,8.100612001726404,91.17732000595424,0.0004259927663952112,99.30696999072097,False,False,0,0,0.0,,,,,0.0,,False,False,False,True,4,11,,,
plate_bougie/main_sur_bord/20260823T135543Z/frame_0017.jpg,20260823T135543Z,17,8.5,calibrated_fallback,A,magsac,magsac,plate_bougie,,main_sur_bord,False,calibrated_roi,True,0.0,0.0,0.0,0.0,0.0,0.0,0.0,,0,327,698,841,7.625465004821308,94.16881398647092,0.0004809990059584379,101.82290799275506,False,False,0,0,0.0,,,,,0.0,,False,False,False,True,5,11,,,
plate_bougie/main_sur_bord/20260823T135543Z/frame_0018.jpg,20260823T135543Z,18,9.0,calibrated_fallback,A,magsac,magsac,plate_bougie,,main_sur_bord,False,calibrated_roi,True,0.0,0.0,0.0,0.0,0.0,0.0,0.0,,0,327,698,841,8.118111989460886,96.40040100202896,0.0005190086085349321,104.54619899974205,False,False,0,0,0.0,,,,,0.0,,False,False,False,True,6,11,,,
plate_bougie/main_sur_bord/20260823T135543Z/frame_0019.jpg,20260823T135543Z,19,9.5,calibrated_fallback,A,magsac,magsac,plate_bougie,,main_sur_bord,False,calibrated_roi,True,0.0,0.0,0.0,0.0,0.0,0.0,0.0,,0,327,698,841,7.79481598874554,95.85251400130801,0.0005559995770454407,103.67432999191806,False,False,0,0,0.0,,,,,0.0,,False,False,False,True,7,11,,,
plate_bougie/occlusion_angle/20260823T135620Z/frame_0000.jpg,20260823T135620Z,0,0.0,calibrated_fallback,A,magsac,magsac,plate_bougie,,occlusion_angle,False,calibrated_roi,True,0.0,0.0,0.0,0.0,0.0,0.0,0.0,,0,327,698,841,8.080223997239955,96.09710599761456,27.974846991128288,132.18019499618094,True,False,13,7,0.5384615384615384,0.00030669785337522626,plate_ready_check,,,0.00375,0.2,False,False,False,True,1,1,,,
plate_bougie/occlusion_angle/20260823T135620Z/frame_0001.jpg,20260823T135620Z,1,0.5,calibrated_fallback,A,magsac,magsac,plate_bougie,,occlusion_angle,False,calibrated_roi,True,0.0,0.0,0.0,0.0,0.0,0.0,0.0,,0,327,698,841,7.724798007984646,98.17506400577258,14.67167200462427,120.59794100059662,True,False,33,23,0.696969696969697,1.2162142992019653,plate_bougie,,,0.1725,0.2,False,False,False,True,2,2,,,
plate_bougie/occlusion_angle/20260823T135620Z/frame_0002.jpg,20260823T135620Z,2,1.0,calibrated_fallback,A,magsac,magsac,plate_bougie,,occlusion_angle,False,calibrated_roi,True,0.0,0.0,0.0,0.0,0.0,0.0,0.0,,0,327,698,841,7.588557011331432,90.14165599364787,0.0005550100468099117,97.75860200170428,False,False,0,0,0.0,,,,,0.0,,False,False,False,True,3,3,,,
plate_bougie/occlusion_angle/20260823T135620Z/frame_0003.jpg,20260823T135620Z,3,1.5,calibrated_fallback,A,magsac,magsac,plate_bougie,,occlusion_angle,False,calibrated_roi,True,0.0,0.0,0.0,0.0,0.0,0.0,0.0,,0,327,698,841,7.938574999570847,94.02175799186807,0.0004629982868209481,101.989537011832,False,False,0,0,0.0,,,,,0.0,,False,False,False,True,4,4,,,
plate_bougie/occlusion_angle/20260823T135620Z/frame_0004.jpg,20260823T135620Z,4,2.0,calibrated_fallback,A,magsac,magsac,plate_bougie,,occlusion_angle,False,calibrated_roi,True,0.0,0.0,0.0,0.0,0.0,0.0,0.0,,0,327,698,841,7.803909000358544,91.8664669879945,0.0005559995770454407,99.69895001268014,False,False,0,0,0.0,,,,,0.0,,False,False,False,True,5,5,,,
plate_bougie/occlusion_angle/20260823T135620Z/frame_0005.jpg,20260823T135620Z,5,2.5,calibrated_fallback,A,magsac,magsac,plate_bougie,,occlusion_angle,False,calibrated_roi,True,0.0,0.0,0.0,0.0,0.0,0.0,0.0,,0,327,698,841,8.05846399453003,96.82521500508301,0.0004260073183104396,104.91179100063164,False,False,0,0,0.0,,,,,0.0,,False,False,False,True,6,6,,,
plate_bougie/occlusion_angle/20260823T135620Z/frame_0006.jpg,20260823T135620Z,6,3.0,calibrated_fallback,A,magsac,magsac,plate_bougie,,occlusion_angle,False,calibrated_roi,True,0.0,0.0,0.0,0.0,0.0,0.0,0.0,,0,327,698,841,8.087648995569907,92.70822400867473,0.0004629982868209481,100.82476199022494,False,False,0,0,0.0,,,,,0.0,,False,False,False,True,7,7,,,
plate_bougie/occlusion_angle/20260823T135620Z/frame_0007.jpg,20260823T135620Z,7,3.5,calibrated_fallback,A,magsac,magsac,plate_bougie,,occlusion_angle,False,calibrated_roi,True,0.0,0.0,0.0,0.0,0.0,0.0,0.0,,0,327,698,841,8.138538003549911,96.31371700379532,0.0004629982868209481,104.48131000157446,False,False,0,0,0.0,,,,,0.0,,False,False,False,True,8,8,,,
plate_bougie/occlusion_angle/20260823T135620Z/frame_0008.jpg,20260823T135620Z,8,4.0,calibrated_fallback,A,magsac,magsac,plate_bougie,,occlusion_angle,False,calibrated_roi,True,0.0,0.0,0.0,0.0,0.0,0.0,0.0,,0,327,698,841,8.06407499476336,95.16720099782106,0.0007589987944811583,103.25921900221147,False,False,0,0,0.0,,,,,0.0,,False,False,False,True,9,9,,,
plate_bougie/occlusion_angle/20260823T135620Z/frame_0009.jpg,20260823T135620Z,9,4.5,calibrated_fallback,A,magsac,magsac,plate_bougie,,occlusion_angle,False,calibrated_roi,True,0.0,0.0,0.0,0.0,0.0,0.0,0.0,,0,327,698,841,7.681483999476768,97.1520659950329,0.0006479967851191759,104.86179099825677,False,False,0,0,0.0,,,,,0.0,,False,False,False,True,10,10,,,
plate_bougie/occlusion_angle/20260823T135620Z/frame_0010.jpg,20260823T135620Z,10,5.0,calibrated_fallback,A,magsac,magsac,plate_bougie,,occlusion_angle,False,calibrated_roi,True,0.0,0.0,0.0,0.0,0.0,0.0,0.0,,0,327,698,841,8.048038012930192,94.8629600025015,0.000443993485532701,102.93984999589156,False,False,0,0,0.0,,,,,0.0,,False,False,False,True,11,11,,,
plate_bougie/occlusion_angle/20260823T135620Z/frame_0011.jpg,20260823T135620Z,11,5.5,calibrated_fallback,A,magsac,magsac,plate_bougie,,occlusion_angle,False,calibrated_roi,True,0.0,0.0,0.0,0.0,0.0,0.0,0.0,,0,327,698,841,8.047223003813997,95.56034799607005,0.0004079920472577214,103.63632999360561,False,False,0,0,0.0,,,,,0.0,,False,False,False,True,12,12,,,
plate_bougie/occlusion_angle/20260823T135620Z/frame_0012.jpg,20260823T135620Z,12,6.0,calibrated_fallback,A,magsac,magsac,plate_bougie,,occlusion_angle,False,calibrated_roi,True,0.0,0.0,0.0,0.0,0.0,0.0,0.0,,0,327,698,841,8.104963999358006,95.06242300267331,0.0004260073183104396,103.19518299365882,False,False,0,0,0.0,,,,,0.0,,False,False,False,True,13,13,,,
plate_bougie/occlusion_angle/20260823T135620Z/frame_0013.jpg,20260823T135620Z,13,6.5,calibrated_fallback,A,magsac,magsac,plate_bougie,,occlusion_angle,False,calibrated_roi,True,0.0,0.0,0.0,0.0,0.0,0.0,0.0,,0,327,698,841,8.168722997652367,92.38598399679177,0.0006290065357461572,100.58326300350018,False,False,0,0,0.0,,,,,0.0,,False,False,False,True,14,14,,,
plate_bougie/occlusion_angle/20260823T135620Z/frame_0014.jpg,20260823T135620Z,14,7.0,calibrated_fallback,A,magsac,magsac,plate_bougie,,occlusion_angle,False,calibrated_roi,True,0.0,0.0,0.0,0.0,0.0,0.0,0.0,,0,327,698,841,8.095204990240745,91.33687500434462,0.0004629982868209481,99.46045000106096,False,False,0,0,0.0,,,,,0.0,,False,False,False,True,15,15,,,
plate_bougie/occlusion_angle/20260823T135620Z/frame_0015.jpg,20260823T135620Z,15,7.5,calibrated_fallback,A,magsac,magsac,plate_bougie,,occlusion_angle,False,calibrated_roi,True,0.0,0.0,0.0,0.0,0.0,0.0,0.0,,0,327,698,841,7.987131000845693,94.23585000331514,0.0005370093276724219,102.25125899887644,False,False,0,0,0.0,,,,,0.0,,False,False,False,True,16,16,,,
plate_bougie/occlusion_angle/20260823T135620Z/frame_0016.jpg,20260823T135620Z,16,8.0,calibrated_fallback,A,magsac,magsac,plate_bougie,,occlusion_angle,False,calibrated_roi,True,0.0,0.0,0.0,0.0,0.0,0.0,0.0,,0,327,698,841,8.097389989416115,95.23540400550701,0.000500003807246685,103.36055299558211,False,False,0,0,0.0,,,,,0.0,,False,False,False,True,17,17,,,
plate_bougie/occlusion_angle/20260823T135620Z/frame_0017.jpg,20260823T135620Z,17,8.5,calibrated_fallback,A,magsac,magsac,plate_bougie,,occlusion_angle,False,calibrated_roi,True,0.0,0.0,0.0,0.0,0.0,0.0,0.0,,0,327,698,841,8.090130999335088,92.38794699194841,0.0004259927663952112,100.50513299938757,False,False,0,0,0.0,,,,,0.0,,False,False,False,True,18,18,,,
plate_bougie/occlusion_angle/20260823T135620Z/frame_0018.jpg,20260823T135620Z,18,9.0,calibrated_fallback,A,magsac,magsac,plate_bougie,,occlusion_angle,False,calibrated_roi,True,0.0,0.0,0.0,0.0,0.0,0.0,0.0,,0,327,698,841,8.206352998968214,91.55348599597346,0.0004260073183104396,99.78961599699687,False,False,0,0,0.0,,,,,0.0,,False,False,False,True,19,19,,,
plate_bougie/occlusion_angle/20260823T135620Z/frame_0019.jpg,20260823T135620Z,19,9.5,calibrated_fallback,A,magsac,magsac,plate_bougie,,occlusion_angle,False,calibrated_roi,True,0.0,0.0,0.0,0.0,0.0,0.0,0.0,,0,327,698,841,8.084315995802172,92.25283599516843,0.0004260073183104396,100.36578099243343,False,False,0,0,0.0,,,,,0.0,,False,False,False,True,20,20,,,
plate_cellule/frontal/20260823T132156Z/frame_0000.jpg,20260823T132156Z,0,0.0,calibrated_fallback,A,magsac,magsac,plate_cellule,,frontal,True,contour,False,0.9261910592144598,0.988968150690198,0.13946723090277777,1.0,0.9414157851912124,0.9414666770959719,0.5,,107,505,551,555,15.747021010611206,87.15760600171052,0.0005190086085349321,102.93301599449478,False,False,0,0,0.0,,,,,0.0,,False,False,False,True,1,1,,,
plate_cellule/frontal/20260823T132156Z/frame_0001.jpg,20260823T132156Z,1,0.5,calibrated_fallback,A,magsac,magsac,plate_cellule,plate_cellule,frontal,True,contour,False,0.9595011103844906,0.9834831189364195,0.12461154513888889,1.0,0.9991589571068125,0.9618451981287981,0.6848191561398184,,81,458,521,521,15.553170000202954,86.55197800544556,23.833318991819397,126.03196600684896,True,True,33,29,0.8787878787878788,0.8586854934692383,plate_cellule,,,0.2825,0.2,True,False,False,False,0,1,0.5,,
plate_cellule/frontal/20260823T132156Z/frame_0002.jpg,20260823T132156Z,2,1.0,calibrated_fallback,A,magsac,magsac,plate_cellule,plate_cellule,frontal,False,calibrated_roi,True,0.0,0.0,0.0,0.0,0.0,0.0,0.0,,0,327,698,841,8.801759002381004,96.35556799184997,23.74180000333581,128.99216399819124,True,True,37,30,0.8108108108108109,0.8169495463371277,plate_cellule,,,0.34,0.2,True,False,False,False,0,1,,,
plate_cellule/frontal/20260823T132156Z/frame_0003.jpg,20260823T132156Z,3,1.5,calibrated_fallback,A,magsac,magsac,plate_cellule,,frontal,True,contour,False,0.9701359701212472,0.9940809095278382,0.13314507378472223,1.0,0.9512195121951219,0.9835420377399978,0.8575261544011544,,66,418,554,551,15.360596007667482,84.12164999754168,0.000500003807246685,99.5112280070316,False,False,0,0,0.0,,,,,0.0,,False,False,False,True,1,1,,,
plate_cellule/frontal/20260823T132156Z/frame_0004.jpg,20260823T132156Z,4,2.0,calibrated_fallback,A,magsac,magsac,plate_cellule,plate_cellule,frontal,True,contour,False,0.9594904525020984,0.9855848802253604,0.13002766927083334,1.0,0.9598796389167502,0.9718219720022195,0.7666288150508093,,121,394,548,553,15.231226003379561,86.1094420106383,22.839801997179165,124.28280399763025,True,True,39,33,0.8461538461538461,0.8185114860534668,plate_cellule,,,0.32125,0.2,True,False,False,False,0,1,,plate_cellule,2.0
plate_cellule/frontal/20260823T132156Z/frame_0005.jpg,20260823T132156Z,5,2.5,calibrated_fallback,A,magsac,magsac,plate_cellule,plate_cellule,frontal,True,contour,False,0.9666676224754804,0.980673037469387,0.12975477430555554,1.0,0.9140625,0.9646043448427589,0.9748965175038846,,118,391,545,554,15.231188997859135,86.39975600817706,23.002654008450918,124.72715400508605,True,True,37,35,0.9459459459459459,0.7708808779716492,plate_cellule,,,0.25,0.2,True,False,False,False,0,1,,,
plate_cellule/frontal/20260823T132156Z/frame_0006.jpg,20260823T132156Z,6,3.0,calibrated_fallback,A,magsac,magsac,plate_cellule,plate_cellule,frontal,True,contour,False,0.9520698537413892,0.9781805742532015,0.13439290364583334,1.0,0.9244239631336405,0.9849367726481789,0.7901601341720059,,64,404,553,560,15.259040999808349,86.0007199953543,23.003023001365364,124.35758099309169,True,True,56,50,0.8928571428571429,0.7072551846504211,plate_cellule,,,0.40375,0.2,True,False,False,False,0,1,,,
plate_cellule/frontal/20260823T132156Z/frame_0007.jpg,20260823T132156Z,7,3.5,calibrated_fallback,A,magsac,magsac,plate_cellule,,frontal,True,contour,False,0.9708897737766932,0.9802761767059565,0.13522406684027777,1.0,0.9321880650994575,0.9811920172575571,0.9564070276428615,,66,414,553,561,15.379910997580737,85.54399899730925,0.0006110058166086674,100.95174300658982,False,False,0,0,0.0,,,,,0.0,,False,False,False,True,1,1,,,
plate_cellule/frontal/20260823T132156Z/frame_0008.jpg,20260823T132156Z,8,4.0,calibrated_fallback,A,magsac,magsac,plate_cellule,plate_cellule,frontal,True,contour,False,0.957082567903476,0.9803934562951326,0.13420789930555554,1.0,0.8665480427046264,0.9829028214473889,0.9803723819404073,,64,417,550,557,15.390578002552502,88.63664101227187,23.394208008539863,127.51429600757547,True,True,52,45,0.8653846153846154,0.6397199630737305,plate_cellule,,,0.38375,0.2,True,False,False,False,0,1,,,
plate_cellule/frontal/20260823T132156Z/frame_0009.jpg,20260823T132156Z,9,4.5,calibrated_fallback,A,magsac,magsac,plate_cellule,plate_cellule,frontal,True,contour,False,0.9638748877683484,0.9823099710047245,0.12907552083333335,1.0,0.9214801444043321,0.9873794539964678,0.9007391496620127,,57,405,541,546,15.274375007720664,86.82268099801149,23.422281999955885,125.61578099848703,True,True,38,34,0.8947368421052632,0.7429697513580322,plate_cellule,,,0.3675,0.2,True,False,False,False,0,1,,,
plate_cellule/frontal/20260823T132156Z/frame_0010.jpg,20260823T132156Z,10,5.0,calibrated_fallback,A,magsac,magsac,plate_cellule,plate_cellule,frontal,True,contour,False,0.9871754000659811,0.9798402339220047,0.1297433810763889,1.0,0.9819494584837545,0.9901136764749264,0.9872459762094854,,58,406,542,548,15.286188994650729,86.32768200186547,23.270560006494634,124.97713499760721,True,True,45,43,0.9555555555555556,0.7084974646568298,plate_cellule,,,0.3925,0.2,True,False,False,False,0,1,,,
plate_cellule/frontal/20260823T132156Z/frame_0011.jpg,20260823T132156Z,11,5.5,calibrated_fallback,A,magsac,magsac,plate_cellule,,frontal,True,contour,False,0.9748470894510554,0.9834503997117281,0.1278103298611111,1.0,0.9347826086956522,0.9901850595407533,0.9709781140954851,,54,406,539,543,15.272578006261028,83.0465040053241,0.0005930050974711776,98.34589700039942,False,False,0,0,0.0,,,,,0.0,,False,False,False,True,1,1,,,
plate_cellule/frontal/20260823T132156Z/frame_0012.jpg,20260823T132156Z,12,6.0,calibrated_fallback,A,magsac,magsac,plate_cellule,,frontal,True,contour,False,0.9830197885705211,0.9815506190061569,0.12776963975694444,1.0,0.9694793536804309,0.9908894243024862,0.9709582201831768,,59,410,536,544,16.308705002302304,84.77289001166355,0.0004999892553314567,101.10977999283932,False,False,0,0,0.0,,,,,0.0,,False,False,False,True,2,2,,,
plate_cellule/frontal/20260823T132156Z/frame_0013.jpg,20260823T132156Z,13,6.5,calibrated_fallback,A,magsac,magsac,plate_cellule,,frontal,True,contour,False,0.9607502672691793,0.9794183149933815,0.12784288194444443,1.0,0.9013574660633484,0.9907717707047008,0.9250822918485764,,77,407,537,545,15.244281996274367,84.59638900239952,0.0005749898264184594,99.86831899732351,False,False,0,0,0.0,,,,,0.0,,False,False,False,True,3,3,,,
plate_cellule/frontal/20260823T132156Z/frame_0014.jpg,20260823T132156Z,14,7.0,calibrated_fallback,A,magsac,magsac,plate_cellule,,frontal,True,contour,False,0.9834463337645029,0.9758457392454147,0.1281032986111111,1.0,0.9848484848484849,0.9882115287959611,0.9565933789916107,,87,410,534,546,15.33993000339251,89.19969398993999,0.0008509960025548935,104.56640100164805,False,False,0,0,0.0,,,,,0.0,,False,False,False,True,4,4,,,
plate_cellule/frontal/20260823T132156Z/frame_0015.jpg,20260823T132156Z,15,7.5,calibrated_fallback,A,magsac,magsac,plate_cellule,,frontal,True,contour,False,0.983467014401101,0.9760562721639872,0.12871202256944445,1.0,0.9806167400881057,0.987693325440447,0.9672661518583366,,81,414,535,545,15.469095000298694,82.7130789984949,0.000667001586407423,98.21028599981219,False,False,0,0,0.0,,,,,0.0,,False,False,False,True,5,5,,,
plate_cellule/frontal/20260823T132156Z/frame_0016.jpg,20260823T132156Z,16,8.0,calibrated_fallback,A,magsac,magsac,plate_cellule,,frontal,True,contour,False,0.9556592369747241,0.9788508340716362,0.1304123263888889,1.0,0.8658536585365854,0.9860985708426298,0.96930715034824,,78,420,538,547,15.388095998787321,83.17666999937501,0.0005179899744689465,98.5948220040882,False,False,0,0,0.0,,,,,0.0,,False,False,False,True,6,6,,,
plate_cellule/frontal/20260823T132156Z/frame_0017.jpg,20260823T132156Z,17,8.5,calibrated_fallback,A,magsac,magsac,plate_cellule,plate_cellule,frontal,True,contour,False,0.9696843583434777,0.9769411701709032,0.13200737847222221,1.0,0.9502617801047121,0.9778194555393401,0.9125461671209457,,95,424,541,552,15.569039998808876,86.91675499721896,22.897821007063612,125.47826299851295,True,True,45,40,0.8888888888888888,0.5917717218399048,plate_cellule,,,0.395,0.2,True,False,False,False,0,6,,,
plate_cellule/frontal/20260823T132156Z/frame_0018.jpg,20260823T132156Z,18,9.0,calibrated_fallback,A,magsac,magsac,plate_cellule,,frontal,True,contour,False,0.972988093849445,0.9742103442549706,0.130595703125,1.0,0.9468641114982579,0.9745167632781252,0.9655728637057696,,105,427,536,550,15.424854995217174,84.31113099504728,0.0004440080374479294,99.77081899705809,False,False,0,0,0.0,,,,,0.0,,False,False,False,True,1,6,,,
plate_cellule/frontal/20260823T132156Z/frame_0019.jpg,20260823T132156Z,19,9.5,calibrated_fallback,A,magsac,magsac,plate_cellule,plate_cellule,frontal,True,contour,False,0.9598402552754496,0.9776781257241964,0.12962293836805555,1.0,0.8979591836734694,0.9711195326985846,0.9493506836996483,,117,427,538,548,15.512836995185353,85.72562799963634,23.14120800292585,124.47391300520394,True,True,44,40,0.9090909090909091,0.634405255317688,plate_cellule,,,0.38,0.2,True,False,False,False,0,6,,,
plate_cellule/main_sur_bord/20260823T132507Z/frame_0000.jpg,20260823T132507Z,0,0.0,calibrated_fallback,A,magsac,magsac,plate_cellule,,main_sur_bord,False,calibrated_roi,True,0.0,0.0,0.0,0.0,0.0,0.0,0.0,,0,327,698,841,8.803350996458903,95.06912600772921,23.649966999073513,127.55103599920403,True,False,39,34,0.8717948717948718,0.8222585916519165,plate_cellule,,,0.18875,0.2,False,False,False,True,1,1,,,
plate_cellule/main_sur_bord/20260823T132507Z/frame_0001.jpg,20260823T132507Z,1,0.5,calibrated_fallback,A,magsac,magsac,plate_cellule,,main_sur_bord,False,calibrated_roi,True,0.0,0.0,0.0,0.0,0.0,0.0,0.0,,0,327,698,841,8.651202995679341,96.25871600292157,23.43529999780003,128.37199799832888,True,False,48,45,0.9375,0.9787787795066833,plate_cellule,,,0.1975,0.2,False,False,False,True,2,2,,,
plate_cellule/main_sur_bord/20260823T132507Z/frame_0002.jpg,20260823T132507Z,2,1.0,calibrated_fallback,A,magsac,magsac,plate_cellule,,main_sur_bord,False,calibrated_roi,True,0.0,0.0,0.0,0.0,0.0,0.0,0.0,,0,327,698,841,8.739647004404105,99.95255900139455,20.67073200305458,129.3911809916608,True,False,12,6,0.5,0.0003486876958049834,plate_dague,,,0.01875,0.2,False,False,False,True,3,3,,,
plate_cellule/main_sur_bord/20260823T132507Z/frame_0003.jpg,20260823T132507Z,3,1.5,calibrated_fallback,A,magsac,magsac,plate_cellule,,main_sur_bord,False,calibrated_roi,True,0.0,0.0,0.0,0.0,0.0,0.0,0.0,,0,327,698,841,8.72929600882344,96.6414560098201,0.0004629982868209481,105.39849199994933,False,False,0,0,0.0,,,,,0.0,,False,False,False,True,4,4,,,
plate_cellule/main_sur_bord/20260823T132507Z/frame_0004.jpg,20260823T132507Z,4,2.0,calibrated_fallback,A,magsac,magsac,plate_cellule,,main_sur_bord,False,calibrated_roi,True,0.0,0.0,0.0,0.0,0.0,0.0,0.0,,0,327,698,841,8.678073005285114,92.8156680020038,0.0004260073183104396,101.52263099735137,False,False,0,0,0.0,,,,,0.0,,False,False,False,True,5,5,,,
plate_cellule/main_sur_bord/20260823T132507Z/frame_0005.jpg,20260823T132507Z,5,2.5,calibrated_fallback,A,magsac,magsac,plate_cellule,,main_sur_bord,False,calibrated_roi,True,0.0,0.0,0.0,0.0,0.0,0.0,0.0,,0,327,698,841,8.633536999695934,92.17552198970225,0.0005559995770454407,100.83787199982908,False,False,0,0,0.0,,,,,0.0,,False,False,False,True,6,6,,,
plate_cellule/main_sur_bord/20260823T132507Z/frame_0006.jpg,20260823T132507Z,6,3.0,calibrated_fallback,A,magsac,magsac,plate_cellule,,main_sur_bord,False,calibrated_roi,True,0.0,0.0,0.0,0.0,0.0,0.0,0.0,,0,327,698,841,8.679295002366416,93.46718499728013,0.0005550100468099117,102.17479499988258,False,False,0,0,0.0,,,,,0.0,,False,False,False,True,7,7,,,
plate_cellule/main_sur_bord/20260823T132507Z/frame_0007.jpg,20260823T132507Z,7,3.5,calibrated_fallback,A,magsac,magsac,plate_cellule,,main_sur_bord,False,calibrated_roi,True,0.0,0.0,0.0,0.0,0.0,0.0,0.0,,0,327,698,841,8.611111014033668,92.19252099865116,0.00048200308810919523,100.83178000058979,False,False,0,0,0.0,,,,,0.0,,False,False,False,True,8,8,,,
plate_cellule/main_sur_bord/20260823T132507Z/frame_0008.jpg,20260823T132507Z,8,4.0,calibrated_fallback,A,magsac,magsac,plate_cellule,,main_sur_bord,False,calibrated_roi,True,0.0,0.0,0.0,0.0,0.0,0.0,0.0,,0,327,698,841,8.713980991160497,90.5773760023294,0.0005740002961829305,99.31985700677615,False,False,0,0,0.0,,,,,0.0,,False,False,False,True,9,9,,,
plate_cellule/main_sur_bord/20260823T132507Z/frame_0009.jpg,20260823T132507Z,9,4.5,calibrated_fallback,A,magsac,magsac,plate_cellule,,main_sur_bord,False,calibrated_roi,True,0.0,0.0,0.0,0.0,0.0,0.0,0.0,,0,327,698,841,8.662572989123873,92.74218700011261,0.0005189940566197038,101.43342700030189,False,False,0,0,0.0,,,,,0.0,,False,False,False,True,10,10,,,
plate_cellule/main_sur_bord/20260823T132507Z/frame_0010.jpg,20260823T132507Z,10,5.0,calibrated_fallback,A,magsac,magsac,plate_cellule,,main_sur_bord,False,calibrated_roi,True,0.0,0.0,0.0,0.0,0.0,0.0,0.0,,0,327,698,841,8.607185009168461,94.54194200225174,23.42772699194029,126.60487199900672,True,False,26,26,1.0,1.3881170749664307,plate_cellule,,,0.185,0.2,False,False,False,True,11,11,,,
plate_cellule/main_sur_bord/20260823T132507Z/frame_0011.jpg,20260823T132507Z,11,5.5,calibrated_fallback,A,magsac,magsac,plate_cellule,,main_sur_bord,False,calibrated_roi,True,0.0,0.0,0.0,0.0,0.0,0.0,0.0,,0,327,698,841,8.49794399982784,93.15846300160047,0.0005180045263841748,101.6848330036737,False,False,0,0,0.0,,,,,0.0,,False,False,False,True,12,12,,,
plate_cellule/main_sur_bord/20260823T132507Z/frame_0012.jpg,20260823T132507Z,12,6.0,calibrated_fallback,A,magsac,magsac,plate_cellule,,main_sur_bord,False,calibrated_roi,True,0.0,0.0,0.0,0.0,0.0,0.0,0.0,,0,327,698,841,8.69892600167077,95.72240200941451,0.0004260073183104396,104.4491610082332,False,False,0,0,0.0,,,,,0.0,,False,False,False,True,13,13,,,
plate_cellule/main_sur_bord/20260823T132507Z/frame_0013.jpg,20260823T132507Z,13,6.5,calibrated_fallback,A,magsac,magsac,plate_cellule,,main_sur_bord,False,calibrated_roi,True,0.0,0.0,0.0,0.0,0.0,0.0,0.0,,0,327,698,841,8.573221988626756,93.8769990025321,0.000610991264693439,102.47788700507954,False,False,0,0,0.0,,,,,0.0,,False,False,False,True,14,14,,,
plate_cellule/main_sur_bord/20260823T132507Z/frame_0014.jpg,20260823T132507Z,14,7.0,calibrated_fallback,A,magsac,magsac,plate_cellule,plate_cellule,main_sur_bord,False,calibrated_roi,True,0.0,0.0,0.0,0.0,0.0,0.0,0.0,,0,327,698,841,8.08848200540524,93.37125900492538,23.215374996652827,124.77196801046375,True,True,36,29,0.8055555555555556,0.8404654860496521,plate_cellule,,,0.2875,0.2,True,False,False,False,0,14,7.0,,
plate_cellule/main_sur_bord/20260823T132507Z/frame_0015.jpg,20260823T132507Z,15,7.5,calibrated_fallback,A,magsac,magsac,plate_cellule,,main_sur_bord,False,calibrated_roi,True,0.0,0.0,0.0,0.0,0.0,0.0,0.0,,0,327,698,841,8.347037990461104,92.02348400140181,0.0005180045263841748,100.39831799804233,False,False,0,0,0.0,,,,,0.0,,False,False,False,True,1,14,,,
plate_cellule/main_sur_bord/20260823T132507Z/frame_0016.jpg,20260823T132507Z,16,8.0,calibrated_fallback,A,magsac,magsac,plate_cellule,,main_sur_bord,False,calibrated_roi,True,0.0,0.0,0.0,0.0,0.0,0.0,0.0,,0,327,698,841,8.103055995889008,90.94556099444162,0.0005549954948946834,99.07785800169222,False,False,0,0,0.0,,,,,0.0,,False,False,False,True,2,14,,,
plate_cellule/main_sur_bord/20260823T132507Z/frame_0017.jpg,20260823T132507Z,17,8.5,calibrated_fallback,A,magsac,magsac,plate_cellule,,main_sur_bord,False,calibrated_roi,True,0.0,0.0,0.0,0.0,0.0,0.0,0.0,,0,327,698,841,8.17412999458611,91.5029850002611,0.0007219932740554214,99.70652298943605,False,False,0,0,0.0,,,,,0.0,,False,False,False,True,3,14,,,
plate_cellule/main_sur_bord/20260823T132507Z/frame_0018.jpg,20260823T132507Z,18,9.0,calibrated_fallback,A,magsac,magsac,plate_cellule,plate_cellule,main_sur_bord,False,calibrated_roi,True,0.0,0.0,0.0,0.0,0.0,0.0,0.0,,0,327,698,841,8.622259003459476,98.94026500114705,23.366763998637907,131.02386200625915,True,True,50,41,0.82,0.8389397263526917,plate_cellule,,,0.245,0.2,True,False,False,False,0,14,,,
plate_cellule/main_sur_bord/20260823T132507Z/frame_0019.jpg,20260823T132507Z,19,9.5,calibrated_fallback,A,magsac,magsac,plate_cellule,plate_cellule,main_sur_bord,False,calibrated_roi,True,0.0,0.0,0.0,0.0,0.0,0.0,0.0,,0,327,698,841,8.478444011416286,94.44690500095021,23.64176299306564,126.66013099078555,True,True,43,36,0.8372093023255814,0.7383031249046326,plate_cellule,,,0.34375,0.2,True,False,False,False,0,14,,,
plate_cellule/occlusion_angle/20260823T132607Z/frame_0000.jpg,20260823T132607Z,0,0.0,calibrated_fallback,A,magsac,magsac,plate_cellule,plate_cellule,occlusion_angle,False,calibrated_roi,True,0.0,0.0,0.0,0.0,0.0,0.0,0.0,,0,327,698,841,8.682517989655025,95.85993899963796,23.996169999009,128.6332930030767,True,True,36,29,0.8055555555555556,0.5687817335128784,plate_cellule,,,0.315,0.2,True,False,False,False,0,0,0.0,,
plate_cellule/occlusion_angle/20260823T132607Z/frame_0001.jpg,20260823T132607Z,1,0.5,calibrated_fallback,A,magsac,magsac,plate_cellule,plate_cellule,occlusion_angle,False,calibrated_roi,True,0.0,0.0,0.0,0.0,0.0,0.0,0.0,,0,327,698,841,8.575814004871063,96.48715899675153,23.949114998686127,129.1076810011873,True,True,36,30,0.8333333333333334,0.6747846007347107,plate_cellule,,,0.3475,0.2,True,False,False,False,0,0,,,
plate_cellule/occlusion_angle/20260823T132607Z/frame_0002.jpg,20260823T132607Z,2,1.0,calibrated_fallback,A,magsac,magsac,plate_cellule,plate_cellule,occlusion_angle,False,calibrated_roi,True,0.0,0.0,0.0,0.0,0.0,0.0,0.0,,0,327,698,841,8.470333996228874,96.55778898741119,23.804743992513977,128.9248840039363,True,True,27,19,0.7037037037037037,0.8093163371086121,plate_cellule,,,0.30125,0.2,True,False,False,False,0,0,,,
plate_cellule/occlusion_angle/20260823T132607Z/frame_0003.jpg,20260823T132607Z,3,1.5,calibrated_fallback,A,magsac,magsac,plate_cellule,plate_cellule,occlusion_angle,False,calibrated_roi,True,0.0,0.0,0.0,0.0,0.0,0.0,0.0,,0,327,698,841,8.482962992275134,98.27137799584307,23.695263007539324,130.5433620000258,True,True,27,20,0.7407407407407407,1.021052598953247,plate_cellule,,,0.38,0.2,True,False,False,False,0,0,,plate_cellule,1.5
plate_cellule/occlusion_angle/20260823T132607Z/frame_0004.jpg,20260823T132607Z,4,2.0,calibrated_fallback,A,magsac,magsac,plate_cellule,,occlusion_angle,False,calibrated_roi,True,0.0,0.0,0.0,0.0,0.0,0.0,0.0,,0,327,698,841,8.5509619966615,93.97560900833923,0.0004629982868209481,102.5533680076478,False,False,0,0,0.0,,,,,0.0,,False,False,False,True,1,1,,,
plate_cellule/occlusion_angle/20260823T132607Z/frame_0005.jpg,20260823T132607Z,5,2.5,calibrated_fallback,A,magsac,magsac,plate_cellule,plate_cellule,occlusion_angle,False,calibrated_roi,True,0.0,0.0,0.0,0.0,0.0,0.0,0.0,,0,327,698,841,8.455296003376134,96.91830600786489,23.84676299698185,129.31066101009492,True,True,37,35,0.9459459459459459,0.9360944628715515,plate_cellule,,,0.37375,0.2,True,False,False,False,0,1,,,
plate_cellule/occlusion_angle/20260823T132607Z/frame_0006.jpg,20260823T132607Z,6,3.0,calibrated_fallback,A,magsac,magsac,plate_cellule,,occlusion_angle,False,calibrated_roi,True,0.0,0.0,0.0,0.0,0.0,0.0,0.0,,0,327,698,841,8.47096300276462,95.75173500343226,0.0005190086085349321,104.2516430024989,False,False,0,0,0.0,,,,,0.0,,False,False,False,True,1,1,,,
plate_cellule/occlusion_angle/20260823T132607Z/frame_0007.jpg,20260823T132607Z,7,3.5,calibrated_fallback,A,magsac,magsac,plate_cellule,,occlusion_angle,False,calibrated_roi,True,0.0,0.0,0.0,0.0,0.0,0.0,0.0,,0,327,698,841,8.512314001563936,93.43218500725925,0.000500003807246685,101.97248100303113,False,False,0,0,0.0,,,,,0.0,,False,False,False,True,2,2,,,
plate_cellule/occlusion_angle/20260823T132607Z/frame_0008.jpg,20260823T132607Z,8,4.0,calibrated_fallback,A,magsac,magsac,plate_cellule,,occlusion_angle,False,calibrated_roi,True,0.0,0.0,0.0,0.0,0.0,0.0,0.0,,0,327,698,841,8.478722011204809,94.9182549957186,0.00044499756768345833,103.42510700866114,False,False,0,0,0.0,,,,,0.0,,False,False,False,True,3,3,,,
plate_cellule/occlusion_angle/20260823T132607Z/frame_0009.jpg,20260823T132607Z,9,4.5,calibrated_fallback,A,magsac,magsac,plate_cellule,,occlusion_angle,False,calibrated_roi,True,0.0,0.0,0.0,0.0,0.0,0.0,0.0,,0,327,698,841,8.430389003478922,93.37301799678244,0.0005370093276724219,101.83244400832336,False,False,0,0,0.0,,,,,0.0,,False,False,False,True,4,4,,,
plate_cellule/occlusion_angle/20260823T132607Z/frame_0010.jpg,20260823T132607Z,10,5.0,calibrated_fallback,A,magsac,magsac,plate_cellule,,occlusion_angle,False,calibrated_roi,True,0.0,0.0,0.0,0.0,0.0,0.0,0.0,,0,327,698,841,8.413371004280634,94.17251599370502,0.000443993485532701,102.61623898986727,False,False,0,0,0.0,,,,,0.0,,False,False,False,True,5,5,,,
plate_cellule/occlusion_angle/20260823T132607Z/frame_0011.jpg,20260823T132607Z,11,5.5,calibrated_fallback,A,magsac,magsac,plate_cellule,,occlusion_angle,False,calibrated_roi,True,0.0,0.0,0.0,0.0,0.0,0.0,0.0,,0,327,698,841,8.664517998113297,90.48683900618926,0.0005180045263841748,99.17976500582881,False,False,0,0,0.0,,,,,0.0,,False,False,False,True,6,6,,,
plate_cellule/occlusion_angle/20260823T132607Z/frame_0012.jpg,20260823T132607Z,12,6.0,calibrated_fallback,A,magsac,magsac,plate_cellule,,occlusion_angle,False,calibrated_roi,True,0.0,0.0,0.0,0.0,0.0,0.0,0.0,,0,327,698,841,8.400833990890533,91.04583799489774,0.0005190086085349321,99.47683800419327,False,False,0,0,0.0,,,,,0.0,,False,False,False,True,7,7,,,
plate_cellule/occlusion_angle/20260823T132607Z/frame_0013.jpg,20260823T132607Z,13,6.5,calibrated_fallback,A,magsac,magsac,plate_cellule,,occlusion_angle,False,calibrated_roi,True,0.0,0.0,0.0,0.0,0.0,0.0,0.0,,0,327,698,841,8.253278996562585,92.70122299494687,0.0007589987944811583,100.98303901031613,False,False,0,0,0.0,,,,,0.0,,False,False,False,True,8,8,,,
plate_cellule/occlusion_angle/20260823T132607Z/frame_0014.jpg,20260823T132607Z,14,7.0,calibrated_fallback,A,magsac,magsac,plate_cellule,plate_cellule,occlusion_angle,False,calibrated_roi,True,0.0,0.0,0.0,0.0,0.0,0.0,0.0,,0,327,698,841,8.277407992864028,100.43053900881205,23.887650997494347,132.6855610095663,True,True,39,35,0.8974358974358975,0.8636645078659058,plate_cellule,,,0.37375,0.2,True,False,False,False,0,8,,,
plate_cellule/occlusion_angle/20260823T132607Z/frame_0015.jpg,20260823T132607Z,15,7.5,calibrated_fallback,A,magsac,magsac,plate_cellule,,occlusion_angle,False,calibrated_roi,True,0.0,0.0,0.0,0.0,0.0,0.0,0.0,,0,327,698,841,8.373389006010257,95.24319900083356,13.774933002423495,117.41790999076329,True,False,8,6,0.75,0.1477319300174713,plate_dague,,,0.0125,0.2,False,False,False,True,1,8,,,
plate_cellule/occlusion_angle/20260823T132607Z/frame_0016.jpg,20260823T132607Z,16,8.0,calibrated_fallback,A,magsac,magsac,plate_cellule,,occlusion_angle,False,calibrated_roi,True,0.0,0.0,0.0,0.0,0.0,0.0,0.0,,0,327,698,841,8.386019006138667,94.92973700980656,0.0005189940566197038,103.34416301338933,False,False,0,0,0.0,,,,,0.0,,False,False,False,True,2,8,,,
plate_cellule/occlusion_angle/20260823T132607Z/frame_0017.jpg,20260823T132607Z,17,8.5,calibrated_fallback,A,magsac,magsac,plate_cellule,,occlusion_angle,False,calibrated_roi,True,0.0,0.0,0.0,0.0,0.0,0.0,0.0,,0,327,698,841,8.514258996001445,91.20354100014083,0.0005370093276724219,99.74694800621364,False,False,0,0,0.0,,,,,0.0,,False,False,False,True,3,8,,,
plate_cellule/occlusion_angle/20260823T132607Z/frame_0018.jpg,20260823T132607Z,18,9.0,calibrated_fallback,A,magsac,magsac,plate_cellule,,occlusion_angle,False,calibrated_roi,True,0.0,0.0,0.0,0.0,0.0,0.0,0.0,,0,327,698,841,8.657925995066762,95.11264399043284,0.0006850023055449128,103.79856900544837,False,False,0,0,0.0,,,,,0.0,,False,False,False,True,4,8,,,
plate_cellule/occlusion_angle/20260823T132607Z/frame_0019.jpg,20260823T132607Z,19,9.5,calibrated_fallback,A,magsac,magsac,plate_cellule,,occlusion_angle,False,calibrated_roi,True,0.0,0.0,0.0,0.0,0.0,0.0,0.0,,0,327,698,841,8.48012900678441,90.89169000799302,0.0004440080374479294,99.40020799695048,False,False,0,0,0.0,,,,,0.0,,False,False,False,True,5,8,,,
plate_chaudron/frontal/20260823T135713Z/frame_0000.jpg,20260823T135713Z,0,0.0,calibrated_fallback,A,magsac,magsac,plate_chaudron,plate_chaudron,frontal,True,contour,False,0.9152172807698182,0.988277630880475,0.15748155381944445,1.0,0.8921739130434783,0.9569051324480621,0.5,,49,420,604,593,15.725983990705572,89.43328600435052,24.445241986541077,129.69986400275957,True,True,49,40,0.8163265306122449,0.6626402139663696,plate_chaudron,,,0.47125,0.2,True,False,False,False,0,0,0.0,,
plate_chaudron/frontal/20260823T135713Z/frame_0001.jpg,20260823T135713Z,1,0.5,calibrated_fallback,A,magsac,magsac,plate_chaudron,plate_chaudron,frontal,True,contour,False,0.9575494897803136,0.987276746891439,0.15679850260416667,1.0,0.8740157480314961,0.9548013322702732,0.9738239547798054,,42,421,603,592,15.71272499859333,91.35835600318387,24.34879900829401,131.5113969903905,True,True,52,46,0.8846153846153846,0.8374310731887817,plate_chaudron,,,0.42,0.2,True,False,False,False,0,0,,,
plate_chaudron/frontal/20260823T135713Z/frame_0002.jpg,20260823T135713Z,2,1.0,calibrated_fallback,A,magsac,magsac,plate_chaudron,,frontal,True,contour,False,0.9475119792962874,0.9853134276345372,0.15649956597222223,1.0,0.8266199649737302,0.9543187868141271,0.9983108108108109,,42,421,603,591,15.596687997458503,89.25687900045887,0.0006860063876956701,104.88067800179124,False,False,0,0,0.0,,,,,0.0,,False,False,False,True,1,1,,,
plate_chaudron/frontal/20260823T135713Z/frame_0003.jpg,20260823T135713Z,3,1.5,calibrated_fallback,A,magsac,magsac,plate_chaudron,,frontal,True,contour,False,0.9589579932311137,0.9892407236620784,0.1557367621527778,1.0,0.8723776223776224,0.9525007987628052,0.9884129066180398,,40,421,601,590,15.487836004467681,90.409357988392,0.0006480113370344043,105.92445300426334,False,False,0,0,0.0,,,,,0.0,,False,False,False,True,2,2,,,
plate_chaudron/frontal/20260823T135713Z/frame_0004.jpg,20260823T135713Z,4,2.0,calibrated_fallback,A,magsac,magsac,plate_chaudron,plate_chaudron,frontal,True,contour,False,0.9882273227460545,0.9909813906997442,0.1552463107638889,1.0,0.9895287958115183,0.9522862473221945,0.9832208185103224,,40,417,600,589,15.549984003882855,91.41742999781854,24.36003899492789,131.41980500950012,True,True,55,46,0.8363636363636363,0.8590960502624512,plate_chaudron,,,0.4225,0.2,True,False,False,False,0,2,,plate_chaudron,2.0
plate_chaudron/frontal/20260823T135713Z/frame_0005.jpg,20260823T135713Z,5,2.5,calibrated_fallback,A,magsac,magsac,plate_chaudron,plate_chaudron,frontal,False,calibrated_roi,True,0.0,0.0,0.0,0.0,0.0,0.0,0.0,,0,327,698,841,8.822701987810433,95.04038401064463,24.24668699677568,128.20558999374043,True,True,36,28,0.7777777777777778,0.882632851600647,plate_chaudron,,,0.2975,0.2,True,False,False,False,0,2,,,
plate_chaudron/frontal/20260823T135713Z/frame_0006.jpg,20260823T135713Z,6,3.0,calibrated_fallback,A,magsac,magsac,plate_chaudron,plate_chaudron,frontal,True,contour,False,0.9779089252312052,0.9902458973228931,0.15767740885416667,1.0,0.9680759275237274,0.9557236941445513,0.9324380473895038,,47,427,604,593,15.751539991470054,90.16219100158196,24.38065099704545,130.3873259894317,True,True,48,38,0.7916666666666666,0.679851770401001,plate_chaudron,,,0.40375,0.2,True,False,False,False,0,2,,,
plate_chaudron/frontal/20260823T135713Z/frame_0007.jpg,20260823T135713Z,7,3.5,calibrated_fallback,A,magsac,magsac,plate_chaudron,plate_chaudron,frontal,True,contour,False,0.946532574948848,0.9871896486729383,0.15564019097222223,1.0,0.858647936786655,0.9545204574002246,0.9026165041028023,,26,420,601,590,15.380393000668846,88.32562099269126,24.30629899026826,128.10295999224763,True,True,55,50,0.9090909090909091,0.9000756740570068,plate_chaudron,,,0.40625,0.2,True,False,False,False,0,2,,,
plate_chaudron/frontal/20260823T135713Z/frame_0008.jpg,20260823T135713Z,8,4.0,calibrated_fallback,A,magsac,magsac,plate_chaudron,plate_chaudron,frontal,True,contour,False,0.990297158566334,0.9909797003492713,0.15688313802083334,1.0,0.998256320836966,0.9576327664032553,0.9767589161198558,,27,424,603,592,15.465687989490107,88.36573199369013,24.517798010492697,128.44308900821488,True,True,53,49,0.9245283018867925,0.6888582706451416,plate_chaudron,,,0.4375,0.2,True,False,False,False,0,2,,,
plate_chaudron/frontal/20260823T135713Z/frame_0009.jpg,20260823T135713Z,9,4.5,calibrated_fallback,A,magsac,magsac,plate_chaudron,plate_chaudron,frontal,True,contour,False,0.9902138840827268,0.990606945939362,0.15662977430555555,1.0,0.9939024390243902,0.9538459588548014,0.9917159465934029,,25,424,603,591,15.522503003012389,90.11354400718119,24.432447011349723,130.1577889971668,True,True,52,46,0.8846153846153846,0.8587496876716614,plate_chaudron,,,0.4475,0.2,True,False,False,False,0,2,,,
plate_chaudron/frontal/20260823T135713Z/frame_0010.jpg,20260823T135713Z,10,5.0,calibrated_fallback,A,magsac,magsac,plate_chaudron,plate_chaudron,frontal,True,contour,False,0.9632483351359564,0.989745537750423,0.15613335503472223,1.0,0.8930434782608696,0.9471708153123793,0.9834672271437411,,22,423,602,590,15.589207003358752,90.141690991004,24.489686999004334,130.3136770002311,True,True,52,47,0.9038461538461539,0.8247308731079102,plate_chaudron,,,0.43625,0.2,True,False,False,False,0,2,,,
plate_chaudron/frontal/20260823T135713Z/frame_0011.jpg,20260823T135713Z,11,5.5,calibrated_fallback,A,magsac,magsac,plate_chaudron,plate_chaudron,frontal,True,contour,False,0.9823167931100367,0.9913238538429141,0.15615614149305557,1.0,0.9721980886185926,0.9546228016598888,0.9640783463652551,,13,425,602,590,15.499318004003726,88.85506399383303,24.51348298927769,128.95940299495123,True,True,52,46,0.8846153846153846,0.8865957260131836,plate_chaudron,,,0.43,0.2,True,False,False,False,0,2,,,
plate_chaudron/frontal/20260823T135713Z/frame_0012.jpg,20260823T135713Z,12,6.0,calibrated_fallback,A,magsac,magsac,plate_chaudron,plate_chaudron,frontal,True,contour,False,0.9483507542381828,0.9870181353762746,0.15674479166666666,1.0,0.8318890814558059,0.9592275655467064,0.983502867066783,,16,426,604,590,15.503336006077006,89.42595199914649,24.422483998932876,129.4437540054787,True,True,44,42,0.9545454545454546,0.7418750524520874,plate_chaudron,,,0.41625,0.2,True,False,False,False,0,2,,,
plate_chaudron/frontal/20260823T135713Z/frame_0013.jpg,20260823T135713Z,13,6.5,calibrated_fallback,A,magsac,magsac,plate_chaudron,plate_chaudron,frontal,False,calibrated_roi,True,0.0,0.0,0.0,0.0,0.0,0.0,0.0,,0,327,698,841,8.44825898821,93.49470300367102,23.933670003316365,125.96828000096139,True,True,32,24,0.75,0.8056106567382812,plate_chaudron,,,0.29625,0.2,True,False,False,False,0,2,,,
plate_chaudron/frontal/20260823T135713Z/frame_0014.jpg,20260823T135713Z,14,7.0,calibrated_fallback,A,magsac,magsac,plate_chaudron,plate_chaudron,frontal,True,contour,False,0.9374197949288403,0.9850650830194354,0.15328559027777777,1.0,0.8047285464098074,0.96242835411876,0.9447529800868187,,10,421,597,585,15.33102200482972,89.5448410010431,24.3975949997548,129.36558699584566,True,True,53,40,0.7547169811320755,0.6662266850471497,plate_chaudron,,,0.4225,0.2,True,False,False,False,0,2,,,
plate_chaudron/frontal/20260823T135713Z/frame_0015.jpg,20260823T135713Z,15,7.5,calibrated_fallback,A,magsac,magsac,plate_chaudron,plate_chaudron,frontal,True,contour,False,0.989627087360051,0.9910670006647706,0.15487141927083334,1.0,1.0,0.9559787103402791,0.9670911612659185,,0,419,600,588,15.404022007714957,88.7479350058129,24.318761003087275,128.5650700010592,True,True,44,40,0.9090909090909091,0.8473617434501648,plate_chaudron,,,0.40375,0.2,True,False,False,False,0,2,,,
plate_chaudron/frontal/20260823T135713Z/frame_0016.jpg,20260823T135713Z,16,8.0,calibrated_fallback,A,magsac,magsac,plate_chaudron,plate_chaudron,frontal,True,contour,False,0.9596371443554099,0.9885044796392322,0.1532183159722222,1.0,0.8797190517998245,0.9449310614987415,0.9866293136381001,,4,420,597,585,15.180984992184676,88.72278699709568,24.328335988684557,128.32414399599656,True,True,44,37,0.8409090909090909,0.8581027984619141,plate_chaudron,,,0.39625,0.2,True,False,False,False,0,2,,,
plate_chaudron/frontal/20260823T135713Z/frame_0017.jpg,20260823T135713Z,17,8.5,calibrated_fallback,A,magsac,magsac,plate_chaudron,plate_chaudron,frontal,True,contour,False,0.9705476809422411,0.9848280427977443,0.15657009548611112,1.0,0.9378238341968912,0.9569239287089768,0.9495091668279734,,10,424,604,589,15.609502996085212,88.82167600677349,24.20694699685555,128.73010701150633,True,True,35,32,0.9142857142857143,0.8623743653297424,plate_chaudron,,,0.40125,0.2,True,False,False,False,0,2,,,
plate_chaudron/frontal/20260823T135713Z/frame_0018.jpg,20260823T135713Z,18,9.0,calibrated_fallback,A,magsac,magsac,plate_chaudron,,frontal,True,contour,False,0.9839494644770225,0.9850848633795977,0.15828233506944445,1.0,0.9836488812392427,0.9674996877328119,0.9576181638005136,,3,429,606,593,15.491040001506917,87.3826050083153,0.0007590133463963866,102.9001629940467,False,False,0,0,0.0,,,,,0.0,,False,False,False,True,1,2,,,
plate_chaudron/frontal/20260823T135713Z/frame_0019.jpg,20260823T135713Z,19,9.5,calibrated_fallback,A,magsac,magsac,plate_chaudron,plate_chaudron,frontal,True,contour,False,0.989699972069804,0.988281849771738,0.15713704427083333,1.0,0.994823123382226,0.9550311036822018,0.9900652592450597,,6,430,604,591,15.434540007845499,92.2487049974734,24.411242993664928,132.1830810047686,True,True,60,44,0.7333333333333333,0.8023229837417603,plate_chaudron,,,0.4175,0.2,True,False,False,False,0,2,,,
plate_chaudron/main_sur_bord/20260823T135744Z/frame_0000.jpg,20260823T135744Z,0,0.0,calibrated_fallback,A,magsac,magsac,plate_chaudron,plate_chaudron,main_sur_bord,False,calibrated_roi,True,0.0,0.0,0.0,0.0,0.0,0.0,0.0,,0,327,698,841,9.086923993891105,98.37104400503449,24.171725002815947,131.7221380013507,True,True,44,37,0.8409090909090909,0.9011557102203369,plate_chaudron,,,0.395,0.2,True,False,False,False,0,0,0.0,,
plate_chaudron/main_sur_bord/20260823T135744Z/frame_0001.jpg,20260823T135744Z,1,0.5,calibrated_fallback,A,magsac,magsac,plate_chaudron,plate_chaudron,main_sur_bord,False,calibrated_roi,True,0.0,0.0,0.0,0.0,0.0,0.0,0.0,,0,327,698,841,9.0241470024921,97.84691598906647,24.12376200663857,131.0873239999637,True,True,41,33,0.8048780487804879,0.923913836479187,plate_chaudron,,,0.43125,0.2,True,False,False,False,0,0,,,
plate_chaudron/main_sur_bord/20260823T135744Z/frame_0002.jpg,20260823T135744Z,2,1.0,calibrated_fallback,A,magsac,magsac,plate_chaudron,plate_chaudron,main_sur_bord,False,calibrated_roi,True,0.0,0.0,0.0,0.0,0.0,0.0,0.0,,0,327,698,841,9.046294988365844,101.12472300534137,24.05100299802143,134.31287198909558,True,True,57,39,0.6842105263157895,0.9840473532676697,plate_chaudron,,,0.3475,0.2,True,False,False,False,0,0,,,
plate_chaudron/main_sur_bord/20260823T135744Z/frame_0003.jpg,20260823T135744Z,3,1.5,calibrated_fallback,A,magsac,magsac,plate_chaudron,plate_chaudron,main_sur_bord,False,calibrated_roi,True,0.0,0.0,0.0,0.0,0.0,0.0,0.0,,0,327,698,841,9.03690600534901,97.25580499798525,24.03755900741089,130.42519500595517,True,True,35,31,0.8857142857142857,0.6616983413696289,plate_chaudron,,,0.38625,0.2,True,False,False,False,0,0,,plate_chaudron,1.5
plate_chaudron/main_sur_bord/20260823T135744Z/frame_0004.jpg,20260823T135744Z,4,2.0,calibrated_fallback,A,magsac,magsac,plate_chaudron,plate_chaudron,main_sur_bord,False,calibrated_roi,True,0.0,0.0,0.0,0.0,0.0,0.0,0.0,,0,327,698,841,9.218776001944207,96.67947300476953,24.258577002910897,130.24810400384013,True,True,38,34,0.8947368421052632,0.5762911438941956,plate_chaudron,,,0.445,0.2,True,False,False,False,0,0,,,
plate_chaudron/main_sur_bord/20260823T135744Z/frame_0005.jpg,20260823T135744Z,5,2.5,calibrated_fallback,A,magsac,magsac,plate_chaudron,plate_chaudron,main_sur_bord,False,calibrated_roi,True,0.0,0.0,0.0,0.0,0.0,0.0,0.0,,0,327,698,841,9.162108995951712,101.34735199972056,24.086353994789533,134.6896119939629,True,True,45,37,0.8222222222222222,0.7294902801513672,plate_chaudron,,,0.375,0.2,True,False,False,False,0,0,,,
plate_chaudron/main_sur_bord/20260823T135744Z/frame_0006.jpg,20260823T135744Z,6,3.0,calibrated_fallback,A,magsac,magsac,plate_chaudron,plate_chaudron,main_sur_bord,False,calibrated_roi,True,0.0,0.0,0.0,0.0,0.0,0.0,0.0,,0,327,698,841,8.97224000073038,99.436467004125,23.419355988153256,131.92254399473313,True,True,66,38,0.5757575757575758,0.8056397438049316,plate_chaudron,,,0.375,0.2,True,False,False,False,0,0,,,
plate_chaudron/main_sur_bord/20260823T135744Z/frame_0007.jpg,20260823T135744Z,7,3.5,calibrated_fallback,A,magsac,magsac,plate_chaudron,plate_chaudron,main_sur_bord,False,calibrated_roi,True,0.0,0.0,0.0,0.0,0.0,0.0,0.0,,0,327,698,841,8.902407003915869,98.7042089982424,23.956613993505016,131.65460000163876,True,True,36,24,0.6666666666666666,0.8390034437179565,plate_chaudron,,,0.40125,0.2,True,False,False,False,0,0,,,
plate_chaudron/main_sur_bord/20260823T135744Z/frame_0008.jpg,20260823T135744Z,8,4.0,calibrated_fallback,A,magsac,magsac,plate_chaudron,plate_chaudron,main_sur_bord,False,calibrated_roi,True,0.0,0.0,0.0,0.0,0.0,0.0,0.0,,0,327,698,841,8.838481007842347,97.8494330047397,24.274872994283214,131.05569400067907,True,True,42,36,0.8571428571428571,0.8218884468078613,plate_chaudron,,,0.44,0.2,True,False,False,False,0,0,,,
plate_chaudron/main_sur_bord/20260823T135744Z/frame_0009.jpg,20260823T135744Z,9,4.5,calibrated_fallback,A,magsac,magsac,plate_chaudron,plate_chaudron,main_sur_bord,False,calibrated_roi,True,0.0,0.0,0.0,0.0,0.0,0.0,0.0,,0,327,698,841,9.02822100033518,100.47985300479922,23.807614998077042,133.41011499869637,True,True,36,34,0.9444444444444444,0.9383869767189026,plate_chaudron,,,0.345,0.2,True,False,False,False,0,0,,,
plate_chaudron/main_sur_bord/20260823T135744Z/frame_0010.jpg,20260823T135744Z,10,5.0,calibrated_fallback,A,magsac,magsac,plate_chaudron,plate_chaudron,main_sur_bord,False,calibrated_roi,True,0.0,0.0,0.0,0.0,0.0,0.0,0.0,,0,327,698,841,9.129572004894726,101.7926839995198,24.190483993152156,135.2066109975567,True,True,47,31,0.6595744680851063,0.85676109790802,plate_chaudron,plate_cellule,0.33783783783783783,0.4575,0.2,True,False,False,False,0,0,,,
plate_chaudron/main_sur_bord/20260823T135744Z/frame_0011.jpg,20260823T135744Z,11,5.5,calibrated_fallback,A,magsac,magsac,plate_chaudron,plate_chaudron,main_sur_bord,False,calibrated_roi,True,0.0,0.0,0.0,0.0,0.0,0.0,0.0,,0,327,698,841,8.958277001511306,95.43228999245912,24.00483599922154,128.4899040037999,True,True,37,30,0.8108108108108109,0.8300319910049438,plate_chaudron,,,0.39,0.2,True,False,False,False,0,0,,,
plate_chaudron/main_sur_bord/20260823T135744Z/frame_0012.jpg,20260823T135744Z,12,6.0,calibrated_fallback,A,magsac,magsac,plate_chaudron,plate_chaudron,main_sur_bord,False,calibrated_roi,True,0.0,0.0,0.0,0.0,0.0,0.0,0.0,,0,327,698,841,9.020628000143915,99.4560040126089,24.049651008681394,132.6225800003158,True,True,50,42,0.84,1.024048924446106,plate_chaudron,plate_cellule,0.375,0.4,0.2,True,False,False,False,0,0,,,
plate_chaudron/main_sur_bord/20260823T135744Z/frame_0013.jpg,20260823T135744Z,13,6.5,calibrated_fallback,A,magsac,magsac,plate_chaudron,,main_sur_bord,False,calibrated_roi,True,0.0,0.0,0.0,0.0,0.0,0.0,0.0,,0,327,698,841,8.037870997213759,89.25730398914311,0.0006660120561718941,97.3232679971261,False,False,0,0,0.0,,,,,0.0,,False,False,False,True,1,1,,,
plate_chaudron/main_sur_bord/20260823T135744Z/frame_0014.jpg,20260823T135744Z,14,7.0,calibrated_fallback,A,magsac,magsac,plate_chaudron,plate_chaudron,main_sur_bord,False,calibrated_roi,True,0.0,0.0,0.0,0.0,0.0,0.0,0.0,,0,327,698,841,9.161721012787893,95.70082699065097,23.933910997584462,128.88840198866092,True,True,39,31,0.7948717948717948,1.0219846963882446,plate_chaudron,,,0.35375,0.2,True,False,False,False,0,1,,,
plate_chaudron/main_sur_bord/20260823T135744Z/frame_0015.jpg,20260823T135744Z,15,7.5,calibrated_fallback,A,magsac,magsac,plate_chaudron,plate_chaudron,main_sur_bord,False,calibrated_roi,True,0.0,0.0,0.0,0.0,0.0,0.0,0.0,,0,327,698,841,8.839165995595977,100.08633599500172,23.68220798962284,132.70109699806198,True,True,22,20,0.9090909090909091,0.8243362903594971,plate_chaudron,,,0.33625,0.2,True,False,False,False,0,1,,,
plate_chaudron/main_sur_bord/20260823T135744Z/frame_0016.jpg,20260823T135744Z,16,8.0,calibrated_fallback,A,magsac,magsac,plate_chaudron,,main_sur_bord,False,calibrated_roi,True,0.0,0.0,0.0,0.0,0.0,0.0,0.0,,0,327,698,841,6.761226002709009,90.00609900976997,21.522285998798907,118.31722198985517,True,False,11,6,0.5454545454545454,0.11424249410629272,plate_bougie,,,0.0175,0.2,False,False,False,True,1,1,,,
plate_chaudron/main_sur_bord/20260823T135744Z/frame_0017.jpg,20260823T135744Z,17,8.5,calibrated_fallback,A,magsac,magsac,plate_chaudron,,main_sur_bord,False,calibrated_roi,True,0.0,0.0,0.0,0.0,0.0,0.0,0.0,,0,327,698,841,8.339666994288564,91.61128099367488,0.0005740002961829305,99.97972501150798,False,False,0,0,0.0,,,,,0.0,,False,False,False,True,2,2,,,
plate_chaudron/main_sur_bord/20260823T135744Z/frame_0018.jpg,20260823T135744Z,18,9.0,calibrated_fallback,A,magsac,magsac,plate_chaudron,,main_sur_bord,False,calibrated_roi,True,0.0,0.0,0.0,0.0,0.0,0.0,0.0,,0,327,698,841,7.6836310036014766,91.07156000391115,0.0008150091161951423,98.78402399772312,False,False,0,0,0.0,,,,,0.0,,False,False,False,True,3,3,,,
plate_chaudron/main_sur_bord/20260823T135744Z/frame_0019.jpg,20260823T135744Z,19,9.5,calibrated_fallback,A,magsac,magsac,plate_chaudron,,main_sur_bord,False,calibrated_roi,True,0.0,0.0,0.0,0.0,0.0,0.0,0.0,,0,327,698,841,7.400742993922904,87.016085992218,0.0007399939931929111,94.44664500188082,False,False,0,0,0.0,,,,,0.0,,False,False,False,True,4,4,,,
plate_chaudron/occlusion_angle/20260823T135821Z/frame_0000.jpg,20260823T135821Z,0,0.0,calibrated_fallback,A,magsac,magsac,plate_chaudron,plate_chaudron,occlusion_angle,False,calibrated_roi,True,0.0,0.0,0.0,0.0,0.0,0.0,0.0,,0,327,698,841,8.760185010032728,101.93135098961648,24.108298995997757,134.89324100373778,True,True,21,18,0.8571428571428571,0.9183424711227417,plate_chaudron,,,0.24125,0.2,True,False,False,False,0,0,0.0,,
plate_chaudron/occlusion_angle/20260823T135821Z/frame_0001.jpg,20260823T135821Z,1,0.5,calibrated_fallback,A,magsac,magsac,plate_chaudron,plate_chaudron,occlusion_angle,False,calibrated_roi,True,0.0,0.0,0.0,0.0,0.0,0.0,0.0,,0,327,698,841,9.07901801110711,96.39504800725263,24.35131699894555,129.91786299971864,True,True,34,29,0.8529411764705882,0.7806153893470764,plate_chaudron,,,0.40625,0.2,True,False,False,False,0,0,,,
plate_chaudron/occlusion_angle/20260823T135821Z/frame_0002.jpg,20260823T135821Z,2,1.0,calibrated_fallback,A,magsac,magsac,plate_chaudron,plate_chaudron,occlusion_angle,False,calibrated_roi,True,0.0,0.0,0.0,0.0,0.0,0.0,0.0,,0,327,698,841,8.483055993565358,94.00383099273313,24.00189200125169,126.58185100008268,True,True,22,17,0.7727272727272727,0.9924314618110657,plate_chaudron,,,0.2525,0.2,True,False,False,False,0,0,,,
plate_chaudron/occlusion_angle/20260823T135821Z/frame_0003.jpg,20260823T135821Z,3,1.5,calibrated_fallback,A,magsac,magsac,plate_chaudron,plate_chaudron,occlusion_angle,False,calibrated_roi,True,0.0,0.0,0.0,0.0,0.0,0.0,0.0,,0,327,698,841,8.645313995657489,95.12751300644595,24.09144699049648,127.95619999815244,True,True,17,12,0.7058823529411765,0.9193359613418579,plate_chaudron,,,0.39375,0.2,True,False,False,False,0,0,,plate_chaudron,1.5
plate_chaudron/occlusion_angle/20260823T135821Z/frame_0004.jpg,20260823T135821Z,4,2.0,calibrated_fallback,A,magsac,magsac,plate_chaudron,plate_chaudron,occlusion_angle,False,calibrated_roi,True,0.0,0.0,0.0,0.0,0.0,0.0,0.0,,0,327,698,841,8.903295994969085,97.67832199577242,24.16274300776422,130.84289799735416,True,True,32,27,0.84375,0.7595462799072266,plate_chaudron,plate_cellule,0.31818181818181823,0.42375,0.2,True,False,False,False,0,0,,,
plate_chaudron/occlusion_angle/20260823T135821Z/frame_0005.jpg,20260823T135821Z,5,2.5,calibrated_fallback,A,magsac,magsac,plate_chaudron,plate_chaudron,occlusion_angle,False,calibrated_roi,True,0.0,0.0,0.0,0.0,0.0,0.0,0.0,,0,327,698,841,8.79609199182596,97.23197099810932,24.245780005003326,130.3705099999206,True,True,25,22,0.88,0.8124503493309021,plate_chaudron,,,0.24875,0.2,True,False,False,False,0,0,,,
plate_chaudron/occlusion_angle/20260823T135821Z/frame_0006.jpg,20260823T135821Z,6,3.0,calibrated_fallback,A,magsac,magsac,plate_chaudron,plate_chaudron,occlusion_angle,False,calibrated_roi,True,0.0,0.0,0.0,0.0,0.0,0.0,0.0,,0,327,698,841,8.877629006747156,95.27177200652659,24.044096004217863,128.2910699956119,True,True,40,30,0.75,1.0154279470443726,plate_chaudron,,,0.29875,0.2,True,False,False,False,0,0,,,
plate_chaudron/occlusion_angle/20260823T135821Z/frame_0007.jpg,20260823T135821Z,7,3.5,calibrated_fallback,A,magsac,magsac,plate_chaudron,plate_chaudron,occlusion_angle,False,calibrated_roi,True,0.0,0.0,0.0,0.0,0.0,0.0,0.0,,0,327,698,841,8.74003701028414,95.53527100069914,24.19102100247983,128.56153200846165,True,True,25,20,0.8,0.8280555009841919,plate_chaudron,,,0.2675,0.2,True,False,False,False,0,0,,,
plate_chaudron/occlusion_angle/20260823T135821Z/frame_0008.jpg,20260823T135821Z,8,4.0,calibrated_fallback,A,magsac,magsac,plate_chaudron,plate_chaudron,occlusion_angle,False,calibrated_roi,True,0.0,0.0,0.0,0.0,0.0,0.0,0.0,,0,327,698,841,8.520834002410993,98.45930199662689,23.933096003020182,131.00737800414208,True,True,17,15,0.8823529411764706,1.4363276958465576,plate_chaudron,,,0.26,0.2,True,False,False,False,0,0,,,
plate_chaudron/occlusion_angle/20260823T135821Z/frame_0009.jpg,20260823T135821Z,9,4.5,calibrated_fallback,A,magsac,magsac,plate_chaudron,plate_chaudron,occlusion_angle,False,calibrated_roi,True,0.0,0.0,0.0,0.0,0.0,0.0,0.0,,0,327,698,841,8.852999002556317,95.58334600296803,24.25579800910782,128.78545800049324,True,True,30,22,0.7333333333333333,0.9233841896057129,plate_chaudron,,,0.2525,0.2,True,False,False,False,0,0,,,
plate_chaudron/occlusion_angle/20260823T135821Z/frame_0010.jpg,20260823T135821Z,10,5.0,calibrated_fallback,A,magsac,magsac,plate_chaudron,plate_chaudron,occlusion_angle,False,calibrated_roi,True,0.0,0.0,0.0,0.0,0.0,0.0,0.0,,0,327,698,841,8.687202993314713,95.06943900487386,24.1512250067899,128.00486700143665,True,True,26,20,0.7692307692307693,1.1011704206466675,plate_chaudron,,,0.24875,0.2,True,False,False,False,0,0,,,
plate_chaudron/occlusion_angle/20260823T135821Z/frame_0011.jpg,20260823T135821Z,11,5.5,calibrated_fallback,A,magsac,magsac,plate_chaudron,plate_chaudron,occlusion_angle,False,calibrated_roi,True,0.0,0.0,0.0,0.0,0.0,0.0,0.0,,0,327,698,841,8.871147991158068,95.73521600395907,24.18509499693755,128.88668000232428,True,True,30,21,0.7,0.9261445999145508,plate_chaudron,,,0.26875,0.2,True,False,False,False,0,0,,,
plate_chaudron/occlusion_angle/20260823T135821Z/frame_0012.jpg,20260823T135821Z,12,6.0,calibrated_fallback,A,magsac,magsac,plate_chaudron,plate_chaudron,occlusion_angle,False,calibrated_roi,True,0.0,0.0,0.0,0.0,0.0,0.0,0.0,,0,327,698,841,8.970814000349492,95.3867719945265,22.778023994760588,127.23210900730919,True,True,33,25,0.7575757575757576,0.8089233040809631,plate_chaudron,,,0.335,0.2,True,False,False,False,0,0,,,
plate_chaudron/occlusion_angle/20260823T135821Z/frame_0013.jpg,20260823T135821Z,13,6.5,calibrated_fallback,A,magsac,magsac,plate_chaudron,plate_chaudron,occlusion_angle,False,calibrated_roi,True,0.0,0.0,0.0,0.0,0.0,0.0,0.0,,0,327,698,841,8.96222100709565,96.73208299500402,24.292317000799812,130.08541699673515,True,True,30,27,0.9,0.7206453680992126,plate_chaudron,,,0.27375,0.2,True,False,False,False,0,0,,,
plate_chaudron/occlusion_angle/20260823T135821Z/frame_0014.jpg,20260823T135821Z,14,7.0,calibrated_fallback,A,magsac,magsac,plate_chaudron,plate_chaudron,occlusion_angle,False,calibrated_roi,True,0.0,0.0,0.0,0.0,0.0,0.0,0.0,,0,327,698,841,8.898183994460851,98.33759799948893,24.240928003564477,131.5709509945009,True,True,18,14,0.7777777777777778,0.9117936491966248,plate_chaudron,,,0.24875,0.2,True,False,False,False,0,0,,,
plate_chaudron/occlusion_angle/20260823T135821Z/frame_0015.jpg,20260823T135821Z,15,7.5,calibrated_fallback,A,magsac,magsac,plate_chaudron,,occlusion_angle,False,calibrated_roi,True,0.0,0.0,0.0,0.0,0.0,0.0,0.0,,0,327,698,841,8.72368500859011,93.662850005785,0.0005549954948946834,102.41573800158221,False,False,0,0,0.0,,,,,0.0,,False,False,False,True,1,1,,,
plate_chaudron/occlusion_angle/20260823T135821Z/frame_0016.jpg,20260823T135821Z,16,8.0,calibrated_fallback,A,magsac,magsac,plate_chaudron,,occlusion_angle,False,calibrated_roi,True,0.0,0.0,0.0,0.0,0.0,0.0,0.0,,0,327,698,841,8.257852998212911,92.81750000081956,0.0005369947757571936,101.10351799812634,False,False,0,0,0.0,,,,,0.0,,False,False,False,True,2,2,,,
plate_chaudron/occlusion_angle/20260823T135821Z/frame_0017.jpg,20260823T135821Z,17,8.5,calibrated_fallback,A,magsac,magsac,plate_chaudron,plate_chaudron,occlusion_angle,False,calibrated_roi,True,0.0,0.0,0.0,0.0,0.0,0.0,0.0,,0,327,698,841,8.743942991713993,97.38117498636711,23.29507800459396,129.51240100665018,True,True,26,18,0.6923076923076923,0.8135029077529907,plate_chaudron,,,0.395,0.2,True,False,False,False,0,2,,,
plate_chaudron/occlusion_angle/20260823T135821Z/frame_0018.jpg,20260823T135821Z,18,9.0,calibrated_fallback,A,magsac,magsac,plate_chaudron,,occlusion_angle,False,calibrated_roi,True,0.0,0.0,0.0,0.0,0.0,0.0,0.0,,0,327,698,841,8.665240005939268,94.88636598689482,0.0004629982868209481,103.57951300102286,False,False,0,0,0.0,,,,,0.0,,False,False,False,True,1,2,,,
plate_chaudron/occlusion_angle/20260823T135821Z/frame_0019.jpg,20260823T135821Z,19,9.5,calibrated_fallback,A,magsac,magsac,plate_chaudron,,occlusion_angle,False,calibrated_roi,True,0.0,0.0,0.0,0.0,0.0,0.0,0.0,,0,327,698,841,8.87060999230016,93.51505400263704,0.0004809990059584379,102.41468300228007,False,False,0,0,0.0,,,,,0.0,,False,False,False,True,2,2,,,
plate_dague/frontal/20260823T135916Z/frame_0000.jpg,20260823T135916Z,0,0.0,calibrated_fallback,A,magsac,magsac,plate_dague,plate_dague,frontal,True,contour,False,0.912493340360046,0.9814100470393896,0.18376302083333335,1.0,0.8724662162162162,0.9995377219417501,0.5,,0,466,643,643,14.78952300385572,94.66618100123014,23.228449004818685,132.77605999610387,True,True,69,39,0.5652173913043478,1.0015407800674438,plate_dague,,,0.4225,0.2,True,False,False,False,0,0,0.0,,
plate_dague/frontal/20260823T135916Z/frame_0001.jpg,20260823T135916Z,1,0.5,calibrated_fallback,A,magsac,magsac,plate_dague,plate_dague,frontal,True,contour,False,0.962493340360046,0.9814100470393896,0.18376302083333335,1.0,0.8724662162162162,0.9995377219417501,1.0,,0,466,643,643,15.770447003887966,94.10362599010114,23.280708002857864,133.24620699859224,True,True,69,39,0.5652173913043478,1.0015407800674438,plate_dague,,,0.4225,0.2,True,False,False,False,0,0,,,
plate_dague/frontal/20260823T135916Z/frame_0002.jpg,20260823T135916Z,2,1.0,calibrated_fallback,A,magsac,magsac,plate_dague,plate_dague,frontal,True,contour,False,0.9677480933090189,0.9861422358080745,0.1847873263888889,1.0,0.8992443324937027,1.0,0.970943394431709,,0,474,645,644,14.895152999088168,90.76322600594722,23.277078013052233,129.0295490034623,True,True,41,33,0.8048780487804879,0.8120951652526855,plate_dague,,,0.45125,0.2,True,False,False,False,0,0,,,
plate_dague/frontal/20260823T135916Z/frame_0003.jpg,20260823T135916Z,3,1.5,calibrated_fallback,A,magsac,magsac,plate_dague,plate_dague,frontal,False,calibrated_roi,True,0.0,0.0,0.0,0.0,0.0,0.0,0.0,,0,327,698,841,7.818927988409996,97.96450700378045,22.987004995229654,128.86775299557485,True,True,52,48,0.9230769230769231,0.8024942278862,plate_dague,,,0.3775,0.2,True,False,False,False,0,0,,plate_dague,1.5
plate_dague/frontal/20260823T135916Z/frame_0004.jpg,20260823T135916Z,4,2.0,calibrated_fallback,A,magsac,magsac,plate_dague,plate_dague,frontal,True,contour,False,0.984157197659113,0.9879621407017112,0.1864306640625,1.0,0.9542809642560266,0.9996944154890897,0.9922887283568398,,0,474,648,646,14.821837990893982,93.60560899949633,22.631986998021603,131.15582200407516,True,True,55,46,0.8363636363636363,0.9254026412963867,plate_dague,,,0.3675,0.2,True,False,False,False,0,0,,,
plate_dague/frontal/20260823T135916Z/frame_0005.jpg,20260823T135916Z,5,2.5,calibrated_fallback,A,magsac,magsac,plate_dague,,frontal,True,contour,False,0.9557949030677205,0.985402381978929,0.18342339409722222,1.0,0.8468543046357616,1.0,0.9846061231510148,,0,474,642,642,14.927374999388121,92.22696399956476,0.0005180045263841748,107.18109700246714,False,False,0,0,0.0,,,,,0.0,,False,False,False,True,1,1,,,
plate_dague/frontal/20260823T135916Z/frame_0006.jpg,20260823T135916Z,6,3.0,calibrated_fallback,A,magsac,magsac,plate_dague,plate_dague,frontal,True,contour,False,0.9647547962492076,0.984948106110096,0.184638671875,1.0,0.8807947019867549,1.0,0.990716889194902,,0,475,644,644,14.876725996145979,91.1389480024809,22.993078993749805,129.1020120115718,True,True,55,42,0.7636363636363637,0.9871499538421631,plate_dague,,,0.3825,0.2,True,False,False,False,0,1,,,
plate_dague/frontal/20260823T135916Z/frame_0007.jpg,20260823T135916Z,7,3.5,calibrated_fallback,A,magsac,magsac,plate_dague,,frontal,True,contour,False,0.9645785953515672,0.9854807453230023,0.1852370876736111,1.0,0.8782104391052196,1.0,0.9938176197836167,,0,476,646,644,15.039207006338984,91.79064999625552,0.000443993485532701,106.85922800621483,False,False,0,0,0.0,,,,,0.0,,False,False,False,True,1,1,,,
plate_dague/frontal/20260823T135916Z/frame_0008.jpg,20260823T135916Z,8,4.0,calibrated_fallback,A,magsac,magsac,plate_dague,plate_dague,frontal,False,calibrated_roi,True,0.0,0.0,0.0,0.0,0.0,0.0,0.0,,0,327,698,841,7.09983600245323,97.57354500470683,22.79604200157337,127.56553399958648,True,True,45,40,0.8888888888888888,0.945030927658081,plate_dague,,,0.37625,0.2,True,False,False,False,0,1,,,
plate_dague/frontal/20260823T135916Z/frame_0009.jpg,20260823T135916Z,9,4.5,calibrated_fallback,A,magsac,magsac,plate_dague,plate_dague,frontal,False,calibrated_roi,True,0.0,0.0,0.0,0.0,0.0,0.0,0.0,,0,327,698,841,7.074781009578146,99.09530000004452,23.269504992640577,129.53251200087834,True,True,44,26,0.5909090909090909,0.9640663862228394,plate_dague,,,0.42,0.2,True,False,False,False,0,1,,,
plate_dague/frontal/20260823T135916Z/frame_0010.jpg,20260823T135916Z,10,5.0,calibrated_fallback,A,magsac,magsac,plate_dague,plate_dague,frontal,True,contour,False,0.9688329512839065,0.9850959228351712,0.18084201388888888,1.0,0.9078726968174204,1.0,0.9633600022899999,,0,471,638,638,14.794114991673268,91.19026199914515,22.69830199657008,128.7757720128866,True,True,60,49,0.8166666666666667,0.9696900248527527,plate_dague,,,0.3425,0.2,True,False,False,False,0,1,,,
plate_dague/frontal/20260823T135916Z/frame_0011.jpg,20260823T135916Z,11,5.5,calibrated_fallback,A,magsac,magsac,plate_dague,plate_dague,frontal,True,contour,False,0.9953879555103382,0.9886212255805731,0.18174099392361112,1.0,0.9983235540653814,1.0,0.9922069931982089,,0,472,640,639,14.798060001339763,90.7596890028799,22.63337600743398,128.28558799810708,True,True,59,48,0.8135593220338984,0.9538905620574951,plate_dague,,,0.385,0.2,True,False,False,False,0,1,,,
plate_dague/frontal/20260823T135916Z/frame_0012.jpg,20260823T135916Z,12,6.0,calibrated_fallback,A,magsac,magsac,plate_dague,plate_dague,frontal,True,contour,False,0.9592781369771817,0.9848461877554655,0.1811962890625,1.0,0.8565471226021685,1.0,0.996875,,0,473,639,638,14.6878199884668,92.6173519983422,22.95144900563173,130.34832500852644,True,True,53,46,0.8679245283018868,0.8966640830039978,plate_dague,,,0.36,0.2,True,False,False,False,0,1,,,
plate_dague/frontal/20260823T135916Z/frame_0013.jpg,20260823T135916Z,13,6.5,calibrated_fallback,A,magsac,magsac,plate_dague,plate_dague,frontal,True,contour,False,0.9924786525581624,0.9891886105760932,0.1805859375,1.0,0.9841402337228714,1.0,0.9968701095461658,,0,473,638,637,14.747930996236391,89.49158100585919,22.69330200215336,127.02870099747088,True,True,52,44,0.8461538461538461,1.1432617902755737,plate_dague,,,0.38875,0.2,True,False,False,False,0,1,,,
plate_dague/frontal/20260823T135916Z/frame_0014.jpg,20260823T135916Z,14,7.0,calibrated_fallback,A,magsac,magsac,plate_dague,plate_dague,frontal,True,contour,False,0.9497730736525263,0.9864137005060911,0.17976236979166665,1.0,0.8172757475083057,1.0,0.9953002662362268,,0,473,636,636,14.867022007820196,90.08676500525326,22.697078995406628,127.74357100715861,True,True,48,44,0.9166666666666666,1.0938584804534912,plate_dague,,,0.38,0.2,True,False,False,False,0,1,,,
plate_dague/frontal/20260823T135916Z/frame_0015.jpg,20260823T135916Z,15,7.5,calibrated_fallback,A,magsac,magsac,plate_dague,plate_dague,frontal,True,contour,False,0.9844608549853738,0.9871938088908792,0.1746484375,1.0,0.9732441471571907,0.9976514484169993,0.9522653068711251,,6,466,627,628,14.7607459948631,90.2476899937028,22.536876000231132,127.64212599722669,True,True,41,32,0.7804878048780488,1.1527931690216064,plate_dague,,,0.295,0.2,True,False,False,False,0,1,,,
plate_dague/frontal/20260823T135916Z/frame_0016.jpg,20260823T135916Z,16,8.0,calibrated_fallback,A,magsac,magsac,plate_dague,plate_dague,frontal,False,calibrated_roi,True,0.0,0.0,0.0,0.0,0.0,0.0,0.0,,0,327,698,841,7.053318011458032,96.3945659896126,22.947042001760565,126.48777700087521,True,True,43,42,0.9767441860465116,0.9602967500686646,plate_dague,,,0.3575,0.2,True,False,False,False,0,1,,,
plate_dague/frontal/20260823T135916Z/frame_0017.jpg,20260823T135916Z,17,8.5,calibrated_fallback,A,magsac,magsac,plate_dague,,frontal,True,contour,False,0.983796037751028,0.9918621266260743,0.1762603081597222,1.0,0.9543568464730291,1.0,0.976481881449484,,2,470,630,630,14.789801003644243,86.65973499591928,0.0004250032361596823,101.47764699649997,False,False,0,0,0.0,,,,,0.0,,False,False,False,True,1,1,,,
plate_dague/frontal/20260823T135916Z/frame_0018.jpg,20260823T135916Z,18,9.0,calibrated_fallback,A,magsac,magsac,plate_dague,plate_dague,frontal,False,calibrated_roi,True,0.0,0.0,0.0,0.0,0.0,0.0,0.0,,0,327,698,841,7.077114001731388,97.93532200274058,22.910190004040487,128.01601400133222,True,True,41,36,0.8780487804878049,1.030797004699707,plate_dague,,,0.37875,0.2,True,False,False,False,0,1,,,
plate_dague/frontal/20260823T135916Z/frame_0019.jpg,20260823T135916Z,19,9.5,calibrated_fallback,A,magsac,magsac,plate_dague,plate_dague,frontal,True,contour,False,0.9748725177057613,0.9874117895960808,0.1740700954861111,1.0,0.9289297658862876,1.0,0.9641653935536524,,0,464,627,626,14.732171010109596,89.4738770002732,22.776579004130326,127.07564599986654,True,True,49,45,0.9183673469387755,0.9187823534011841,plate_dague,,,0.35875,0.2,True,False,False,False,0,1,,,
plate_dague/main_sur_bord/20260823T135957Z/frame_0000.jpg,20260823T135957Z,0,0.0,calibrated_fallback,A,magsac,magsac,plate_dague,plate_dague,main_sur_bord,False,calibrated_roi,True,0.0,0.0,0.0,0.0,0.0,0.0,0.0,,0,327,698,841,8.188870997400954,98.30017200147267,22.78717199806124,129.36727100168355,True,True,46,38,0.8260869565217391,0.7898039817810059,plate_dague,,,0.35875,0.2,True,False,False,False,0,0,0.0,,
plate_dague/main_sur_bord/20260823T135957Z/frame_0001.jpg,20260823T135957Z,1,0.5,calibrated_fallback,A,magsac,magsac,plate_dague,,main_sur_bord,False,calibrated_roi,True,0.0,0.0,0.0,0.0,0.0,0.0,0.0,,0,327,698,841,8.027130010304973,96.44036099780351,0.0004999892553314567,104.49567700561602,False,False,0,0,0.0,,,,,0.0,,False,False,False,True,1,1,,,
plate_dague/main_sur_bord/20260823T135957Z/frame_0002.jpg,20260823T135957Z,2,1.0,calibrated_fallback,A,magsac,magsac,plate_dague,,main_sur_bord,False,calibrated_roi,True,0.0,0.0,0.0,0.0,0.0,0.0,0.0,,0,327,698,841,7.642759999725968,87.30708500661422,0.0008520000847056508,94.98034599528182,False,False,0,0,0.0,,,,,0.0,,False,False,False,True,2,2,,,
plate_dague/main_sur_bord/20260823T135957Z/frame_0003.jpg,20260823T135957Z,3,1.5,calibrated_fallback,A,magsac,magsac,plate_dague,,main_sur_bord,False,calibrated_roi,True,0.0,0.0,0.0,0.0,0.0,0.0,0.0,,0,327,698,841,7.497187005355954,90.50737500365358,0.000667001586407423,98.03226499934681,False,False,0,0,0.0,,,,,0.0,,False,False,False,True,3,3,,,
plate_dague/main_sur_bord/20260823T135957Z/frame_0004.jpg,20260823T135957Z,4,2.0,calibrated_fallback,A,magsac,magsac,plate_dague,,main_sur_bord,False,calibrated_roi,True,0.0,0.0,0.0,0.0,0.0,0.0,0.0,,0,327,698,841,7.806816007359885,93.29385000455659,0.0006299960659816861,101.13064799224958,False,False,0,0,0.0,,,,,0.0,,False,False,False,True,4,4,,,
plate_dague/main_sur_bord/20260823T135957Z/frame_0005.jpg,20260823T135957Z,5,2.5,calibrated_fallback,A,magsac,magsac,plate_dague,,main_sur_bord,False,calibrated_roi,True,0.0,0.0,0.0,0.0,0.0,0.0,0.0,,0,327,698,841,8.074167009908706,94.66951400099788,0.0005740002961829305,102.77082900574896,False,False,0,0,0.0,,,,,0.0,,False,False,False,True,5,5,,,
plate_dague/main_sur_bord/20260823T135957Z/frame_0006.jpg,20260823T135957Z,6,3.0,calibrated_fallback,A,magsac,magsac,plate_dague,,main_sur_bord,False,calibrated_roi,True,0.0,0.0,0.0,0.0,0.0,0.0,0.0,,0,327,698,841,7.26107599621173,93.75751600600779,0.0005189940566197038,101.04625899111852,False,False,0,0,0.0,,,,,0.0,,False,False,False,True,6,6,,,
plate_dague/main_sur_bord/20260823T135957Z/frame_0007.jpg,20260823T135957Z,7,3.5,calibrated_fallback,A,magsac,magsac,plate_dague,,main_sur_bord,False,calibrated_roi,True,0.0,0.0,0.0,0.0,0.0,0.0,0.0,,0,327,698,841,6.526837998535484,86.5108650032198,0.0005370093276724219,93.06590599589981,False,False,0,0,0.0,,,,,0.0,,False,False,False,True,7,7,,,
plate_dague/main_sur_bord/20260823T135957Z/frame_0008.jpg,20260823T135957Z,8,4.0,calibrated_fallback,A,magsac,magsac,plate_dague,,main_sur_bord,False,calibrated_roi,True,0.0,0.0,0.0,0.0,0.0,0.0,0.0,,0,327,698,841,7.3260400095023215,86.78919699741527,0.0005370093276724219,94.14412600744981,False,False,0,0,0.0,,,,,0.0,,False,False,False,True,8,8,,,
plate_dague/main_sur_bord/20260823T135957Z/frame_0009.jpg,20260823T135957Z,9,4.5,calibrated_fallback,A,magsac,magsac,plate_dague,,main_sur_bord,False,calibrated_roi,True,0.0,0.0,0.0,0.0,0.0,0.0,0.0,,0,327,698,841,6.799558992497623,87.95695399749093,0.0005369947757571936,94.78484700957779,False,False,0,0,0.0,,,,,0.0,,False,False,False,True,9,9,,,
plate_dague/main_sur_bord/20260823T135957Z/frame_0010.jpg,20260823T135957Z,10,5.0,calibrated_fallback,A,magsac,magsac,plate_dague,,main_sur_bord,False,calibrated_roi,True,0.0,0.0,0.0,0.0,0.0,0.0,0.0,,0,327,698,841,6.682688996079378,87.58858499641065,0.0005370093276724219,94.29910700418986,False,False,0,0,0.0,,,,,0.0,,False,False,False,True,10,10,,,
plate_dague/main_sur_bord/20260823T135957Z/frame_0011.jpg,20260823T135957Z,11,5.5,calibrated_fallback,A,magsac,magsac,plate_dague,,main_sur_bord,False,calibrated_roi,True,0.0,0.0,0.0,0.0,0.0,0.0,0.0,,0,327,698,841,6.755763010005467,86.9267719972413,0.0005930050974711776,93.71086799365003,False,False,0,0,0.0,,,,,0.0,,False,False,False,True,11,11,,,
plate_dague/main_sur_bord/20260823T135957Z/frame_0012.jpg,20260823T135957Z,12,6.0,calibrated_fallback,A,magsac,magsac,plate_dague,,main_sur_bord,False,calibrated_roi,True,0.0,0.0,0.0,0.0,0.0,0.0,0.0,,0,327,698,841,6.78991099994164,89.30197000154294,0.0005550100468099117,96.11969599791337,False,False,0,0,0.0,,,,,0.0,,False,False,False,True,12,12,,,
plate_dague/main_sur_bord/20260823T135957Z/frame_0013.jpg,20260823T135957Z,13,6.5,calibrated_fallback,A,magsac,magsac,plate_dague,,main_sur_bord,False,calibrated_roi,True,0.0,0.0,0.0,0.0,0.0,0.0,0.0,,0,327,698,841,6.892448000144213,90.23626400448848,0.0005379988579079509,97.15719299856573,False,False,0,0,0.0,,,,,0.0,,False,False,False,True,13,13,,,
plate_dague/main_sur_bord/20260823T135957Z/frame_0014.jpg,20260823T135957Z,14,7.0,calibrated_fallback,A,magsac,magsac,plate_dague,,main_sur_bord,False,calibrated_roi,True,0.0,0.0,0.0,0.0,0.0,0.0,0.0,,0,327,698,841,6.702060010866262,87.05091899901163,0.0005559995770454407,93.78199699858669,False,False,0,0,0.0,,,,,0.0,,False,False,False,True,14,14,,,
plate_dague/main_sur_bord/20260823T135957Z/frame_0015.jpg,20260823T135957Z,15,7.5,calibrated_fallback,A,magsac,magsac,plate_dague,,main_sur_bord,False,calibrated_roi,True,0.0,0.0,0.0,0.0,0.0,0.0,0.0,,0,327,698,841,6.784707002225332,86.36399499664549,0.0005369947757571936,93.17857299174648,False,False,0,0,0.0,,,,,0.0,,False,False,False,True,15,15,,,
plate_dague/main_sur_bord/20260823T135957Z/frame_0016.jpg,20260823T135957Z,16,8.0,calibrated_fallback,A,magsac,magsac,plate_dague,,main_sur_bord,False,calibrated_roi,True,0.0,0.0,0.0,0.0,0.0,0.0,0.0,,0,327,698,841,7.0225209929049015,85.99629098898731,0.0007780035957694054,93.04911000072025,False,False,0,0,0.0,,,,,0.0,,False,False,False,True,16,16,,,
plate_dague/main_sur_bord/20260823T135957Z/frame_0017.jpg,20260823T135957Z,17,8.5,calibrated_fallback,A,magsac,magsac,plate_dague,,main_sur_bord,False,calibrated_roi,True,0.0,0.0,0.0,0.0,0.0,0.0,0.0,,0,327,698,841,6.849003009847365,87.565899011679,0.0005370093276724219,94.44290300598368,False,False,0,0,0.0,,,,,0.0,,False,False,False,True,17,17,,,
plate_dague/main_sur_bord/20260823T135957Z/frame_0018.jpg,20260823T135957Z,18,9.0,calibrated_fallback,A,magsac,magsac,plate_dague,,main_sur_bord,False,calibrated_roi,True,0.0,0.0,0.0,0.0,0.0,0.0,0.0,,0,327,698,841,6.759836993296631,86.27925399923697,0.0005189940566197038,93.06774000287987,False,False,0,0,0.0,,,,,0.0,,False,False,False,True,18,18,,,
plate_dague/main_sur_bord/20260823T135957Z/frame_0019.jpg,20260823T135957Z,19,9.5,calibrated_fallback,A,magsac,magsac,plate_dague,,main_sur_bord,False,calibrated_roi,True,0.0,0.0,0.0,0.0,0.0,0.0,0.0,,0,327,698,841,6.672429997706786,88.05791700433474,0.0006669870344921947,94.75764298986178,False,False,0,0,0.0,,,,,0.0,,False,False,False,True,19,19,,,
plate_dague/occlusion_angle/20260823T140102Z/frame_0000.jpg,20260823T140102Z,0,0.0,calibrated_fallback,A,magsac,magsac,plate_dague,plate_dague,occlusion_angle,False,calibrated_roi,True,0.0,0.0,0.0,0.0,0.0,0.0,0.0,,0,327,698,841,7.916057002148591,98.01406200858764,22.741135006072,128.76529099594336,True,True,51,37,0.7254901960784313,0.7342358827590942,plate_dague,,,0.35125,0.2,True,False,False,False,0,0,0.0,,
plate_dague/occlusion_angle/20260823T140102Z/frame_0001.jpg,20260823T140102Z,1,0.5,calibrated_fallback,A,magsac,magsac,plate_dague,plate_dague,occlusion_angle,False,calibrated_roi,True,0.0,0.0,0.0,0.0,0.0,0.0,0.0,,0,327,698,841,8.020519991987385,96.42645400890615,23.35265300644096,127.8919960022904,True,True,45,40,0.8888888888888888,0.964989185333252,plate_dague,,,0.40875,0.2,True,False,False,False,0,0,,,
plate_dague/occlusion_angle/20260823T140102Z/frame_0002.jpg,20260823T140102Z,2,1.0,calibrated_fallback,A,magsac,magsac,plate_dague,plate_dague,occlusion_angle,False,calibrated_roi,True,0.0,0.0,0.0,0.0,0.0,0.0,0.0,,0,327,698,841,8.106056004180573,95.43958600261249,22.80996899935417,126.44729499879759,True,True,38,35,0.9210526315789473,0.7161766290664673,plate_dague,,,0.36,0.2,True,False,False,False,0,0,,,
plate_dague/occlusion_angle/20260823T140102Z/frame_0003.jpg,20260823T140102Z,3,1.5,calibrated_fallback,A,magsac,magsac,plate_dague,plate_dague,occlusion_angle,False,calibrated_roi,True,0.0,0.0,0.0,0.0,0.0,0.0,0.0,,0,327,698,841,8.16051900619641,99.80753899435513,23.369411996100098,131.43282200326212,True,True,47,41,0.8723404255319149,0.9508292078971863,plate_dague,,,0.41375,0.2,True,False,False,False,0,0,,plate_dague,1.5
plate_dague/occlusion_angle/20260823T140102Z/frame_0004.jpg,20260823T140102Z,4,2.0,calibrated_fallback,A,magsac,magsac,plate_dague,plate_dague,occlusion_angle,False,calibrated_roi,True,0.0,0.0,0.0,0.0,0.0,0.0,0.0,,0,327,698,841,8.122815997921862,99.41789200820494,22.937856992939487,130.57837799715344,True,True,40,35,0.875,0.7970607280731201,plate_dague,plate_chaudron,0.35365853658536583,0.3525,0.2,True,False,False,False,0,0,,,
plate_dague/occlusion_angle/20260823T140102Z/frame_0005.jpg,20260823T140102Z,5,2.5,calibrated_fallback,A,magsac,magsac,plate_dague,plate_dague,occlusion_angle,False,calibrated_roi,True,0.0,0.0,0.0,0.0,0.0,0.0,0.0,,0,327,698,841,8.140538004226983,95.01445699424949,22.62861699273344,125.87922200327739,True,True,42,38,0.9047619047619048,0.732879638671875,plate_dague,,,0.35125,0.2,True,False,False,False,0,0,,,
plate_dague/occlusion_angle/20260823T140102Z/frame_0006.jpg,20260823T140102Z,6,3.0,calibrated_fallback,A,magsac,magsac,plate_dague,,occlusion_angle,False,calibrated_roi,True,0.0,0.0,0.0,0.0,0.0,0.0,0.0,,0,327,698,841,7.551964998128824,98.10057999857236,0.0005550100468099117,105.6803410028806,False,False,0,0,0.0,,,,,0.0,,False,False,False,True,1,1,,,
plate_dague/occlusion_angle/20260823T140102Z/frame_0007.jpg,20260823T140102Z,7,3.5,calibrated_fallback,A,magsac,magsac,plate_dague,,occlusion_angle,False,calibrated_roi,True,0.0,0.0,0.0,0.0,0.0,0.0,0.0,,0,327,698,841,7.794649005518295,96.55298999859951,0.0006479967851191759,104.37475101207383,False,False,0,0,0.0,,,,,0.0,,False,False,False,True,2,2,,,
plate_dague/occlusion_angle/20260823T140102Z/frame_0008.jpg,20260823T140102Z,8,4.0,calibrated_fallback,A,magsac,magsac,plate_dague,,occlusion_angle,False,calibrated_roi,True,0.0,0.0,0.0,0.0,0.0,0.0,0.0,,0,327,698,841,8.043481997447088,96.8499709997559,22.460987995145842,127.38214500132017,True,False,10,6,0.6,0.714493989944458,plate_vampire,,,0.0125,0.2,False,False,False,True,3,3,,,
plate_dague/occlusion_angle/20260823T140102Z/frame_0009.jpg,20260823T140102Z,9,4.5,calibrated_fallback,A,magsac,magsac,plate_dague,,occlusion_angle,False,calibrated_roi,True,0.0,0.0,0.0,0.0,0.0,0.0,0.0,,0,327,698,841,8.135277996188961,94.54582798935007,0.0005740002961829305,102.7102000080049,False,False,0,0,0.0,,,,,0.0,,False,False,False,True,4,4,,,
plate_dague/occlusion_angle/20260823T140102Z/frame_0010.jpg,20260823T140102Z,10,5.0,calibrated_fallback,A,magsac,magsac,plate_dague,,occlusion_angle,False,calibrated_roi,True,0.0,0.0,0.0,0.0,0.0,0.0,0.0,,0,327,698,841,7.795835001161322,93.43196099507622,13.243860012153164,114.49956199794542,True,False,15,7,0.4666666666666667,0.44554904103279114,plate_dague,,,0.07625,0.2,False,False,False,True,5,5,,,
plate_dague/occlusion_angle/20260823T140102Z/frame_0011.jpg,20260823T140102Z,11,5.5,calibrated_fallback,A,magsac,magsac,plate_dague,plate_dague,occlusion_angle,False,calibrated_roi,True,0.0,0.0,0.0,0.0,0.0,0.0,0.0,,0,327,698,841,7.865427003707737,96.64204600267112,22.90174600784667,127.50338501064107,True,True,43,30,0.6976744186046512,0.8814741373062134,plate_dague,,,0.34125,0.2,True,False,False,False,0,5,,,
plate_dague/occlusion_angle/20260823T140102Z/frame_0012.jpg,20260823T140102Z,12,6.0,calibrated_fallback,A,magsac,magsac,plate_dague,plate_dague,occlusion_angle,False,calibrated_roi,True,0.0,0.0,0.0,0.0,0.0,0.0,0.0,,0,327,698,841,7.769631003611721,97.38771000411361,20.89713900932111,126.14757299888879,True,True,16,16,1.0,1.0573900938034058,plate_dague,,,0.2225,0.2,True,False,False,False,0,5,,,
plate_dague/occlusion_angle/20260823T140102Z/frame_0013.jpg,20260823T140102Z,13,6.5,calibrated_fallback,A,magsac,magsac,plate_dague,plate_dague,occlusion_angle,False,calibrated_roi,True,0.0,0.0,0.0,0.0,0.0,0.0,0.0,,0,327,698,841,7.888723004725762,100.01913100131787,23.262466987944208,131.2625809950987,True,True,31,25,0.8064516129032258,0.9120345711708069,plate_dague,plate_chaudron,0.30645161290322576,0.40375,0.2,True,False,False,False,0,5,,,
plate_dague/occlusion_angle/20260823T140102Z/frame_0014.jpg,20260823T140102Z,14,7.0,calibrated_fallback,A,magsac,magsac,plate_dague,,occlusion_angle,False,calibrated_roi,True,0.0,0.0,0.0,0.0,0.0,0.0,0.0,,0,327,698,841,7.769167990772985,91.76281599502545,0.0005189940566197038,99.56092799257021,False,False,0,0,0.0,,,,,0.0,,False,False,False,True,1,5,,,
plate_dague/occlusion_angle/20260823T140102Z/frame_0015.jpg,20260823T140102Z,15,7.5,calibrated_fallback,A,magsac,magsac,plate_dague,plate_dague,occlusion_angle,False,calibrated_roi,True,0.0,0.0,0.0,0.0,0.0,0.0,0.0,,0,327,698,841,8.050722986808978,98.3124129998032,23.28326299902983,129.73917700583115,True,True,40,31,0.775,0.7775200009346008,plate_dague,,,0.40875,0.2,True,False,False,False,0,5,,,
plate_dague/occlusion_angle/20260823T140102Z/frame_0016.jpg,20260823T140102Z,16,8.0,calibrated_fallback,A,magsac,magsac,plate_dague,,occlusion_angle,False,calibrated_roi,True,0.0,0.0,0.0,0.0,0.0,0.0,0.0,,0,327,698,841,7.847057000617497,90.5614850053098,0.0005189940566197038,98.4375230036676,False,False,0,0,0.0,,,,,0.0,,False,False,False,True,1,5,,,
plate_dague/occlusion_angle/20260823T140102Z/frame_0017.jpg,20260823T140102Z,17,8.5,calibrated_fallback,A,magsac,magsac,plate_dague,,occlusion_angle,False,calibrated_roi,True,0.0,0.0,0.0,0.0,0.0,0.0,0.0,,0,327,698,841,7.727575008175336,88.43584200076293,0.0007589987944811583,96.19314000883605,False,False,0,0,0.0,,,,,0.0,,False,False,False,True,2,5,,,
plate_dague/occlusion_angle/20260823T140102Z/frame_0018.jpg,20260823T140102Z,18,9.0,calibrated_fallback,A,magsac,magsac,plate_dague,,occlusion_angle,False,calibrated_roi,True,0.0,0.0,0.0,0.0,0.0,0.0,0.0,,0,327,698,841,7.996557003934868,87.12878900405485,0.000667001586407423,95.1546239957679,False,False,0,0,0.0,,,,,0.0,,False,False,False,True,3,5,,,
plate_dague/occlusion_angle/20260823T140102Z/frame_0019.jpg,20260823T140102Z,19,9.5,calibrated_fallback,A,magsac,magsac,plate_dague,plate_dague,occlusion_angle,False,calibrated_roi,True,0.0,0.0,0.0,0.0,0.0,0.0,0.0,,0,327,698,841,8.05559400760103,95.02508600417059,22.52337700338103,125.69901900133118,True,True,25,21,0.84,0.7164952754974365,plate_dague,,,0.3275,0.2,True,False,False,False,0,5,,,
plate_vampire/frontal/20260823T135229Z/frame_0000.jpg,20260823T135229Z,0,0.0,calibrated_fallback,A,magsac,magsac,plate_vampire,plate_vampire,frontal,True,contour,False,0.9224601509267131,0.9838145095854998,0.197421875,1.0,0.9281200631911533,0.9528578225327473,0.5,,0,414,666,661,15.971834989613853,91.45959399756975,23.988114000530913,131.51219100109302,True,True,51,49,0.9607843137254902,0.860414445400238,plate_vampire,,,0.44,0.2,True,False,False,False,0,0,0.0,,
plate_vampire/frontal/20260823T135229Z/frame_0001.jpg,20260823T135229Z,1,0.5,calibrated_fallback,A,magsac,magsac,plate_vampire,plate_vampire,frontal,True,contour,False,0.9731213321006793,0.9831852912902832,0.19495985243055555,1.0,0.9406575781876504,0.9524553479540562,0.9775581537127607,,0,410,663,657,15.89807600248605,91.35977899131831,23.23152299504727,130.5811739875935,True,True,51,46,0.9019607843137255,0.9341043829917908,plate_vampire,,,0.37375,0.2,True,False,False,False,0,0,,,
plate_vampire/frontal/20260823T135229Z/frame_0002.jpg,20260823T135229Z,2,1.0,calibrated_fallback,A,magsac,magsac,plate_vampire,plate_vampire,frontal,True,contour,False,0.9704504974847593,0.9818078726530075,0.19173014322916668,1.0,0.9268098647573588,0.9586479468805436,0.9834087481146304,,0,412,657,652,15.901965001830831,92.5297029898502,23.3565779926721,131.87874600407667,True,True,52,49,0.9423076923076923,0.784425675868988,plate_vampire,,,0.35,0.2,True,False,False,False,0,0,,,
plate_vampire/frontal/20260823T135229Z/frame_0003.jpg,20260823T135229Z,3,1.5,calibrated_fallback,A,magsac,magsac,plate_vampire,plate_vampire,frontal,True,contour,False,0.9610676881238125,0.9847475914284587,0.19393229166666667,1.0,0.8972549019607843,0.9551242050100313,0.9581726470407558,,0,423,661,654,15.744835996883921,92.10781499859877,23.869244003435597,131.81193100172095,True,True,57,54,0.9473684210526315,0.8593344688415527,plate_vampire,,,0.4075,0.2,True,False,False,False,0,0,,plate_vampire,1.5
plate_vampire/frontal/20260823T135229Z/frame_0004.jpg,20260823T135229Z,4,2.0,calibrated_fallback,A,magsac,magsac,plate_vampire,plate_vampire,frontal,True,contour,False,0.9670051451612173,0.9835987910628319,0.19695203993055554,1.0,0.9223674096848578,0.9519936573189367,0.9613428968925949,,0,432,668,655,15.854019991820678,91.75707498798147,24.01181700406596,131.71596800384577,True,True,58,54,0.9310344827586207,0.9530467987060547,plate_vampire,,,0.4425,0.2,True,False,False,False,0,0,,,
plate_vampire/frontal/20260823T135229Z/frame_0005.jpg,20260823T135229Z,5,2.5,calibrated_fallback,A,magsac,magsac,plate_vampire,plate_vampire,frontal,True,contour,False,0.964138431314268,0.9838223662227392,0.19647026909722223,1.0,0.9039812646370023,0.9480642562601185,0.9818997966218389,,0,426,667,656,15.979816991603002,91.56963099667337,23.95076099492144,131.58991299860645,True,True,58,53,0.9137931034482759,1.0436105728149414,plate_vampire,,,0.41875,0.2,True,False,False,False,0,0,,,
plate_vampire/frontal/20260823T135229Z/frame_0006.jpg,20260823T135229Z,6,3.0,calibrated_fallback,A,magsac,magsac,plate_vampire,,frontal,True,contour,False,0.9740025329751653,0.9861678732559085,0.19648111979166666,1.0,0.9406713505074161,0.9479702219329096,0.9818731117824774,,0,420,667,656,15.977093993569724,90.08561600057874,0.0006289919838309288,106.08932201284915,False,False,0,0,0.0,,,,,0.0,,False,False,False,True,1,1,,,
plate_vampire/frontal/20260823T135229Z/frame_0007.jpg,20260823T135229Z,7,3.5,calibrated_fallback,A,magsac,magsac,plate_vampire,plate_vampire,frontal,False,calibrated_roi,True,0.0,0.0,0.0,0.0,0.0,0.0,0.0,,0,327,698,841,8.88509200012777,97.76241400686558,23.80453998921439,130.54474900127389,True,True,38,34,0.8947368421052632,0.7815220355987549,plate_vampire,,,0.3975,0.2,True,False,False,False,0,1,,,
plate_vampire/frontal/20260823T135229Z/frame_0008.jpg,20260823T135229Z,8,4.0,calibrated_fallback,A,magsac,magsac,plate_vampire,plate_vampire,frontal,True,contour,False,0.9360913245062856,0.9838092476129532,0.1992068142361111,1.0,0.7990726429675425,0.9474321189273762,0.9643717758777645,,0,428,672,659,15.955576003761962,90.55904099659529,23.816651009838097,130.42365599540062,True,True,42,37,0.8809523809523809,0.9785777926445007,plate_vampire,,,0.4175,0.2,True,False,False,False,0,1,,,
plate_vampire/frontal/20260823T135229Z/frame_0009.jpg,20260823T135229Z,9,4.5,calibrated_fallback,A,magsac,magsac,plate_vampire,plate_vampire,frontal,False,calibrated_roi,True,0.0,0.0,0.0,0.0,0.0,0.0,0.0,,0,327,698,841,8.876684005372226,98.08520899969153,24.031779990764335,131.08691399975214,True,True,47,42,0.8936170212765957,0.7509610056877136,plate_vampire,,,0.44875,0.2,True,False,False,False,0,1,,,
plate_vampire/frontal/20260823T135229Z/frame_0010.jpg,20260823T135229Z,10,5.0,calibrated_fallback,A,magsac,magsac,plate_vampire,,frontal,False,calibrated_roi,True,0.0,0.0,0.0,0.0,0.0,0.0,0.0,,0,327,698,841,8.979684003861621,93.7188289972255,0.0004629982868209481,102.72642099880613,False,False,0,0,0.0,,,,,0.0,,False,False,False,True,1,1,,,
plate_vampire/frontal/20260823T135229Z/frame_0011.jpg,20260823T135229Z,11,5.5,calibrated_fallback,A,magsac,magsac,plate_vampire,plate_vampire,frontal,False,calibrated_roi,True,0.0,0.0,0.0,0.0,0.0,0.0,0.0,,0,327,698,841,8.800091993180104,97.26734099967871,23.825151001801714,129.99048999336082,True,True,45,40,0.8888888888888888,0.750461757183075,plate_vampire,,,0.43375,0.2,True,False,False,False,0,1,,,
plate_vampire/frontal/20260823T135229Z/frame_0012.jpg,20260823T135229Z,12,6.0,calibrated_fallback,A,magsac,magsac,plate_vampire,plate_vampire,frontal,False,calibrated_roi,True,0.0,0.0,0.0,0.0,0.0,0.0,0.0,,0,327,698,841,8.769258012762293,99.06646599119995,23.253781997482292,131.18135801050812,True,True,49,40,0.8163265306122449,0.7655394077301025,plate_vampire,,,0.36,0.2,True,False,False,False,0,1,,,
plate_vampire/frontal/20260823T135229Z/frame_0013.jpg,20260823T135229Z,13,6.5,calibrated_fallback,A,magsac,magsac,plate_vampire,,frontal,False,calibrated_roi,True,0.0,0.0,0.0,0.0,0.0,0.0,0.0,,0,327,698,841,8.90701700700447,93.01386898732744,0.000500003807246685,101.94910799327772,False,False,0,0,0.0,,,,,0.0,,False,False,False,True,1,1,,,
plate_vampire/frontal/20260823T135229Z/frame_0014.jpg,20260823T135229Z,14,7.0,calibrated_fallback,A,magsac,magsac,plate_vampire,,frontal,False,calibrated_roi,True,0.0,0.0,0.0,0.0,0.0,0.0,0.0,,0,327,698,841,8.83990598958917,94.44418000930455,0.000610991264693439,103.31280800164677,False,False,0,0,0.0,,,,,0.0,,False,False,False,True,2,2,,,
plate_vampire/frontal/20260823T135229Z/frame_0015.jpg,20260823T135229Z,15,7.5,calibrated_fallback,A,magsac,magsac,plate_vampire,plate_vampire,frontal,True,contour,False,0.9632134658426765,0.9794573783874512,0.19818522135416666,1.0,0.9279628195197521,0.9457029817964108,0.9281524926686217,,0,454,672,656,16.11255601164885,92.87568299623672,23.876927996752784,132.9569280060241,True,True,51,48,0.9411764705882353,0.7327024936676025,plate_vampire,,,0.405,0.2,True,False,False,False,0,2,,,
plate_vampire/frontal/20260823T135229Z/frame_0016.jpg,20260823T135229Z,16,8.0,calibrated_fallback,A,magsac,magsac,plate_vampire,plate_vampire,frontal,True,contour,False,0.9724385334645045,0.9830013234168291,0.19789388020833334,1.0,0.9372579395817195,0.9518739776759081,0.9803625377643505,,0,448,672,655,16.03844598866999,97.23835901240818,23.98881698900368,137.3578450002242,True,True,51,50,0.9803921568627451,0.7527592182159424,plate_vampire,plate_bougie,0.3928571428571429,0.4325,0.2,True,False,False,False,0,2,,,
plate_vampire/frontal/20260823T135229Z/frame_0017.jpg,20260823T135229Z,17,8.5,calibrated_fallback,A,magsac,magsac,plate_vampire,,frontal,True,contour,False,0.9681122079160647,0.9832903351634741,0.2000732421875,1.0,0.9218870843000774,0.9459593561522665,0.9805740067677654,,0,451,676,658,16.221833997406065,91.68716699059587,0.000443993485532701,107.93583499616943,False,False,0,0,0.0,,,,,0.0,,False,False,False,True,1,2,,,
plate_vampire/frontal/20260823T135229Z/frame_0018.jpg,20260823T135229Z,18,9.0,calibrated_fallback,A,magsac,magsac,plate_vampire,,frontal,False,calibrated_roi,True,0.0,0.0,0.0,0.0,0.0,0.0,0.0,,0,327,698,841,8.79168399842456,97.76500599400606,0.0005369947757571936,106.58448599861003,False,False,0,0,0.0,,,,,0.0,,False,False,False,True,2,2,,,
plate_vampire/frontal/20260823T135229Z/frame_0019.jpg,20260823T135229Z,19,9.5,calibrated_fallback,A,magsac,magsac,plate_vampire,plate_vampire,frontal,False,calibrated_roi,True,0.0,0.0,0.0,0.0,0.0,0.0,0.0,,0,327,698,841,9.184016002109274,98.19293100736104,24.052762004430406,131.52432099741418,True,True,55,51,0.9272727272727272,0.7709261178970337,plate_vampire,,,0.4125,0.2,True,False,False,False,0,2,,,
plate_vampire/main_sur_bord/20260823T135336Z/frame_0000.jpg,20260823T135336Z,0,0.0,calibrated_fallback,A,magsac,magsac,plate_vampire,,main_sur_bord,False,calibrated_roi,True,0.0,0.0,0.0,0.0,0.0,0.0,0.0,,0,327,698,841,8.216536996769719,91.37144600390457,0.0006299960659816861,99.61557599308435,False,False,0,0,0.0,,,,,0.0,,False,False,False,True,1,1,,,
plate_vampire/main_sur_bord/20260823T135336Z/frame_0001.jpg,20260823T135336Z,1,0.5,calibrated_fallback,A,magsac,magsac,plate_vampire,plate_vampire,main_sur_bord,False,calibrated_roi,True,0.0,0.0,0.0,0.0,0.0,0.0,0.0,,0,327,698,841,8.520778006641194,100.55320399987977,23.986410000361502,133.1555020005908,True,True,39,35,0.8974358974358975,0.6752594709396362,plate_vampire,,,0.36,0.2,True,False,False,False,0,1,0.5,,
plate_vampire/main_sur_bord/20260823T135336Z/frame_0002.jpg,20260823T135336Z,2,1.0,calibrated_fallback,A,magsac,magsac,plate_vampire,,main_sur_bord,False,calibrated_roi,True,0.0,0.0,0.0,0.0,0.0,0.0,0.0,,0,327,698,841,8.42183300119359,94.9836969957687,0.0005740002961829305,103.43356800149195,False,False,0,0,0.0,,,,,0.0,,False,False,False,True,1,1,,,
plate_vampire/main_sur_bord/20260823T135336Z/frame_0003.jpg,20260823T135336Z,3,1.5,calibrated_fallback,A,magsac,magsac,plate_vampire,,main_sur_bord,False,calibrated_roi,True,0.0,0.0,0.0,0.0,0.0,0.0,0.0,,0,327,698,841,8.053334007854573,89.12461799627636,0.0004629982868209481,97.2067109978525,False,False,0,0,0.0,,,,,0.0,,False,False,False,True,2,2,,,
plate_vampire/main_sur_bord/20260823T135336Z/frame_0004.jpg,20260823T135336Z,4,2.0,calibrated_fallback,A,magsac,magsac,plate_vampire,,main_sur_bord,False,calibrated_roi,True,0.0,0.0,0.0,0.0,0.0,0.0,0.0,,0,327,698,841,8.318000996951014,88.52824900532141,0.0004999892553314567,96.88156400807202,False,False,0,0,0.0,,,,,0.0,,False,False,False,True,3,3,,,
plate_vampire/main_sur_bord/20260823T135336Z/frame_0005.jpg,20260823T135336Z,5,2.5,calibrated_fallback,A,magsac,magsac,plate_vampire,,main_sur_bord,False,calibrated_roi,True,0.0,0.0,0.0,0.0,0.0,0.0,0.0,,0,327,698,841,8.508778002578765,90.67842799413484,0.0005369947757571936,99.21481799392495,False,False,0,0,0.0,,,,,0.0,,False,False,False,True,4,4,,,
plate_vampire/main_sur_bord/20260823T135336Z/frame_0006.jpg,20260823T135336Z,6,3.0,calibrated_fallback,A,magsac,magsac,plate_vampire,plate_vampire,main_sur_bord,False,calibrated_roi,True,0.0,0.0,0.0,0.0,0.0,0.0,0.0,,0,327,698,841,8.803276999969967,97.88978401047643,22.93261600425467,129.71993499377277,True,True,33,26,0.7878787878787878,0.9560198783874512,plate_vampire,,,0.23125,0.2,True,False,False,False,0,4,,,
plate_vampire/main_sur_bord/20260823T135336Z/frame_0007.jpg,20260823T135336Z,7,3.5,calibrated_fallback,A,magsac,magsac,plate_vampire,,main_sur_bord,False,calibrated_roi,True,0.0,0.0,0.0,0.0,0.0,0.0,0.0,,0,327,698,841,8.108668000204489,88.15763800521381,0.0006289919838309288,96.2972319975961,False,False,0,0,0.0,,,,,0.0,,False,False,False,True,1,4,,,
plate_vampire/main_sur_bord/20260823T135336Z/frame_0008.jpg,20260823T135336Z,8,4.0,calibrated_fallback,A,magsac,magsac,plate_vampire,,main_sur_bord,False,calibrated_roi,True,0.0,0.0,0.0,0.0,0.0,0.0,0.0,,0,327,698,841,8.35070300672669,88.73071100970265,0.0007589987944811583,97.11237699957564,False,False,0,0,0.0,,,,,0.0,,False,False,False,True,2,4,,,
plate_vampire/main_sur_bord/20260823T135336Z/frame_0009.jpg,20260823T135336Z,9,4.5,calibrated_fallback,A,magsac,magsac,plate_vampire,,main_sur_bord,False,calibrated_roi,True,0.0,0.0,0.0,0.0,0.0,0.0,0.0,,0,327,698,841,8.653313998365775,92.30551800283138,0.00044499756768345833,100.98625799582805,False,False,0,0,0.0,,,,,0.0,,False,False,False,True,3,4,,,
plate_vampire/main_sur_bord/20260823T135336Z/frame_0010.jpg,20260823T135336Z,10,5.0,calibrated_fallback,A,magsac,magsac,plate_vampire,,main_sur_bord,False,calibrated_roi,True,0.0,0.0,0.0,0.0,0.0,0.0,0.0,,0,327,698,841,8.595998995588161,95.46684399538208,0.0005559995770454407,104.1006580053363,False,False,0,0,0.0,,,,,0.0,,False,False,False,True,4,4,,,
plate_vampire/main_sur_bord/20260823T135336Z/frame_0011.jpg,20260823T135336Z,11,5.5,calibrated_fallback,A,magsac,magsac,plate_vampire,,main_sur_bord,False,calibrated_roi,True,0.0,0.0,0.0,0.0,0.0,0.0,0.0,,0,327,698,841,8.844887997838669,93.71266300149728,0.000556014128960669,102.58530999999493,False,False,0,0,0.0,,,,,0.0,,False,False,False,True,5,5,,,
plate_vampire/main_sur_bord/20260823T135336Z/frame_0012.jpg,20260823T135336Z,12,6.0,calibrated_fallback,A,magsac,magsac,plate_vampire,,main_sur_bord,False,calibrated_roi,True,0.0,0.0,0.0,0.0,0.0,0.0,0.0,,0,327,698,841,8.775647002039477,93.43042300315574,0.0005559995770454407,102.23440300615039,False,False,0,0,0.0,,,,,0.0,,False,False,False,True,6,6,,,
plate_vampire/main_sur_bord/20260823T135336Z/frame_0013.jpg,20260823T135336Z,13,6.5,calibrated_fallback,A,magsac,magsac,plate_vampire,,main_sur_bord,False,calibrated_roi,True,0.0,0.0,0.0,0.0,0.0,0.0,0.0,,0,327,698,841,8.555758002330549,96.60330500628334,0.0005929905455559492,105.1872489915695,False,False,0,0,0.0,,,,,0.0,,False,False,False,True,7,7,,,
plate_vampire/main_sur_bord/20260823T135336Z/frame_0014.jpg,20260823T135336Z,14,7.0,calibrated_fallback,A,magsac,magsac,plate_vampire,,main_sur_bord,False,calibrated_roi,True,0.0,0.0,0.0,0.0,0.0,0.0,0.0,,0,327,698,841,8.864110001013614,94.34738299751189,0.0005369947757571936,103.23884499666747,False,False,0,0,0.0,,,,,0.0,,False,False,False,True,8,8,,,
plate_vampire/main_sur_bord/20260823T135336Z/frame_0015.jpg,20260823T135336Z,15,7.5,calibrated_fallback,A,magsac,magsac,plate_vampire,,main_sur_bord,False,calibrated_roi,True,0.0,0.0,0.0,0.0,0.0,0.0,0.0,,0,327,698,841,8.865962008712813,93.13046099850908,0.0005740002961829305,102.02442199806683,False,False,0,0,0.0,,,,,0.0,,False,False,False,True,9,9,,,
plate_vampire/main_sur_bord/20260823T135336Z/frame_0016.jpg,20260823T135336Z,16,8.0,calibrated_fallback,A,magsac,magsac,plate_vampire,,main_sur_bord,False,calibrated_roi,True,0.0,0.0,0.0,0.0,0.0,0.0,0.0,,0,327,698,841,8.912406003219076,93.36138599610422,0.0005179899744689465,102.3014589882223,False,False,0,0,0.0,,,,,0.0,,False,False,False,True,10,10,,,
plate_vampire/main_sur_bord/20260823T135336Z/frame_0017.jpg,20260823T135336Z,17,8.5,calibrated_fallback,A,magsac,magsac,plate_vampire,,main_sur_bord,False,calibrated_roi,True,0.0,0.0,0.0,0.0,0.0,0.0,0.0,,0,327,698,841,8.563388997572474,88.62163699814118,0.0005930050974711776,97.21519199956674,False,False,0,0,0.0,,,,,0.0,,False,False,False,True,11,11,,,
plate_vampire/main_sur_bord/20260823T135336Z/frame_0018.jpg,20260823T135336Z,18,9.0,calibrated_fallback,A,magsac,magsac,plate_vampire,,main_sur_bord,False,calibrated_roi,True,0.0,0.0,0.0,0.0,0.0,0.0,0.0,,0,327,698,841,8.501814998453483,90.25989299698267,0.0004809990059584379,98.78917000605725,False,False,0,0,0.0,,,,,0.0,,False,False,False,True,12,12,,,
plate_vampire/main_sur_bord/20260823T135336Z/frame_0019.jpg,20260823T135336Z,19,9.5,calibrated_fallback,A,magsac,magsac,plate_vampire,,main_sur_bord,False,calibrated_roi,True,0.0,0.0,0.0,0.0,0.0,0.0,0.0,,0,327,698,841,8.63544299500063,100.21627799142152,26.525478009716608,135.4033480020007,True,False,11,6,0.5454545454545454,0.0002382806851528585,plate_bois,,,0.00801068090787717,0.2,False,False,False,True,13,13,,,
plate_vampire/occlusion_angle/20260823T135419Z/frame_0000.jpg,20260823T135419Z,0,0.0,calibrated_fallback,A,magsac,magsac,plate_vampire,plate_vampire,occlusion_angle,False,calibrated_roi,True,0.0,0.0,0.0,0.0,0.0,0.0,0.0,,0,327,698,841,8.694072996149771,99.95825999067165,23.54494799510576,132.2898000071291,True,True,31,25,0.8064516129032258,1.0308164358139038,plate_vampire,,,0.35,0.2,True,False,False,False,0,0,0.0,,
plate_vampire/occlusion_angle/20260823T135419Z/frame_0001.jpg,20260823T135419Z,1,0.5,calibrated_fallback,A,magsac,magsac,plate_vampire,plate_vampire,occlusion_angle,False,calibrated_roi,True,0.0,0.0,0.0,0.0,0.0,0.0,0.0,,0,327,698,841,8.639332998427562,96.00099099043291,24.392816005274653,129.1286400082754,True,True,37,36,0.972972972972973,0.9946681261062622,plate_vampire,,,0.3275,0.2,True,False,False,False,0,0,,,
plate_vampire/occlusion_angle/20260823T135419Z/frame_0002.jpg,20260823T135419Z,2,1.0,calibrated_fallback,A,magsac,magsac,plate_vampire,plate_vampire,occlusion_angle,False,calibrated_roi,True,0.0,0.0,0.0,0.0,0.0,0.0,0.0,,0,327,698,841,8.650796007714234,99.61011199629866,23.717910997220315,132.07285599492025,True,True,38,32,0.8421052631578947,1.1577723026275635,plate_vampire,,,0.34,0.2,True,False,False,False,0,0,,,
plate_vampire/occlusion_angle/20260823T135419Z/frame_0003.jpg,20260823T135419Z,3,1.5,calibrated_fallback,A,magsac,magsac,plate_vampire,plate_vampire,occlusion_angle,False,calibrated_roi,True,0.0,0.0,0.0,0.0,0.0,0.0,0.0,,0,327,698,841,8.843647010507993,98.32041201298125,24.427891010418534,131.68580099591054,True,True,39,37,0.9487179487179487,1.4096664190292358,plate_vampire,,,0.3375,0.2,True,False,False,False,0,0,,plate_vampire,1.5
plate_vampire/occlusion_angle/20260823T135419Z/frame_0004.jpg,20260823T135419Z,4,2.0,calibrated_fallback,A,magsac,magsac,plate_vampire,plate_vampire,occlusion_angle,False,calibrated_roi,True,0.0,0.0,0.0,0.0,0.0,0.0,0.0,,0,327,698,841,8.629017989733256,96.68937799870037,24.418909000814892,129.82793399714865,True,True,45,38,0.8444444444444444,1.3751168251037598,plate_vampire,,,0.31,0.2,True,False,False,False,0,0,,,
plate_vampire/occlusion_angle/20260823T135419Z/frame_0005.jpg,20260823T135419Z,5,2.5,calibrated_fallback,A,magsac,magsac,plate_vampire,plate_vampire,occlusion_angle,False,calibrated_roi,True,0.0,0.0,0.0,0.0,0.0,0.0,0.0,,0,327,698,841,8.654517005197704,97.93296801217366,24.30659398669377,130.98865500069223,True,True,39,30,0.7692307692307693,1.0588438510894775,plate_vampire,,,0.33375,0.2,True,False,False,False,0,0,,,
plate_vampire/occlusion_angle/20260823T135419Z/frame_0006.jpg,20260823T135419Z,6,3.0,calibrated_fallback,A,magsac,magsac,plate_vampire,,occlusion_angle,False,calibrated_roi,True,0.0,0.0,0.0,0.0,0.0,0.0,0.0,,0,327,698,841,8.785609999904409,97.00648800935596,0.0006850023055449128,105.8194320066832,False,False,0,0,0.0,,,,,0.0,,False,False,False,True,1,1,,,
plate_vampire/occlusion_angle/20260823T135419Z/frame_0007.jpg,20260823T135419Z,7,3.5,calibrated_fallback,A,magsac,magsac,plate_vampire,plate_vampire,occlusion_angle,False,calibrated_roi,True,0.0,0.0,0.0,0.0,0.0,0.0,0.0,,0,327,698,841,8.83188699663151,100.21144400525372,24.319538002600893,133.4565559955081,True,True,43,33,0.7674418604651163,1.2953274250030518,plate_vampire,,,0.345,0.2,True,False,False,False,0,1,,,
plate_vampire/occlusion_angle/20260823T135419Z/frame_0008.jpg,20260823T135419Z,8,4.0,calibrated_fallback,A,magsac,magsac,plate_vampire,plate_vampire,occlusion_angle,False,calibrated_roi,True,0.0,0.0,0.0,0.0,0.0,0.0,0.0,,0,327,698,841,8.859646986820735,99.45833600067999,23.846076990594156,132.25861398677807,True,True,47,41,0.8723404255319149,0.8291117548942566,plate_vampire,,,0.36375,0.2,True,False,False,False,0,1,,,
plate_vampire/occlusion_angle/20260823T135419Z/frame_0009.jpg,20260823T135419Z,9,4.5,calibrated_fallback,A,magsac,magsac,plate_vampire,plate_vampire,occlusion_angle,False,calibrated_roi,True,0.0,0.0,0.0,0.0,0.0,0.0,0.0,,0,327,698,841,8.417369987000711,97.17791399452835,24.14650200807955,129.83608299691696,True,True,17,14,0.8235294117647058,0.5991406440734863,plate_vampire,,,0.2875,0.2,True,False,False,False,0,1,,,
plate_vampire/occlusion_angle/20260823T135419Z/frame_0010.jpg,20260823T135419Z,10,5.0,calibrated_fallback,A,magsac,magsac,plate_vampire,plate_vampire,occlusion_angle,False,calibrated_roi,True,0.0,0.0,0.0,0.0,0.0,0.0,0.0,,0,327,698,841,8.924146997742355,95.35263999714516,24.38663100474514,128.75643699953798,True,True,39,36,0.9230769230769231,1.512169599533081,plate_vampire,,,0.34,0.2,True,False,False,False,0,1,,,
plate_vampire/occlusion_angle/20260823T135419Z/frame_0011.jpg,20260823T135419Z,11,5.5,calibrated_fallback,A,magsac,magsac,plate_vampire,plate_vampire,occlusion_angle,False,calibrated_roi,True,0.0,0.0,0.0,0.0,0.0,0.0,0.0,,0,327,698,841,8.461092002107762,96.04773099999875,23.147838001023047,127.75095699180383,True,True,32,29,0.90625,0.8424096703529358,plate_vampire,,,0.31125,0.2,True,False,False,False,0,1,,,
plate_vampire/occlusion_angle/20260823T135419Z/frame_0012.jpg,20260823T135419Z,12,6.0,calibrated_fallback,A,magsac,magsac,plate_vampire,plate_vampire,occlusion_angle,False,calibrated_roi,True,0.0,0.0,0.0,0.0,0.0,0.0,0.0,,0,327,698,841,8.64385100430809,97.39219199400395,23.63857699674554,129.76721199811436,True,True,18,12,0.6666666666666666,1.3136534690856934,plate_vampire,,,0.315,0.2,True,False,False,False,0,1,,,
plate_vampire/occlusion_angle/20260823T135419Z/frame_0013.jpg,20260823T135419Z,13,6.5,calibrated_fallback,A,magsac,magsac,plate_vampire,plate_vampire,occlusion_angle,False,calibrated_roi,True,0.0,0.0,0.0,0.0,0.0,0.0,0.0,,0,327,698,841,8.787332000792958,100.08170400396921,23.907131995656528,132.86727899685502,True,True,49,39,0.7959183673469388,0.8663358688354492,plate_vampire,,,0.3575,0.2,True,False,False,False,0,1,,,
plate_vampire/occlusion_angle/20260823T135419Z/frame_0014.jpg,20260823T135419Z,14,7.0,calibrated_fallback,A,magsac,magsac,plate_vampire,plate_vampire,occlusion_angle,False,calibrated_roi,True,0.0,0.0,0.0,0.0,0.0,0.0,0.0,,0,327,698,841,8.718480996321887,102.44147600315046,24.334242989425547,135.59095800155774,True,True,35,28,0.8,1.4546668529510498,plate_vampire,plate_bougie,0.32352941176470584,0.32625,0.2,True,False,False,False,0,1,,,
plate_vampire/occlusion_angle/20260823T135419Z/frame_0015.jpg,20260823T135419Z,15,7.5,calibrated_fallback,A,magsac,magsac,plate_vampire,,occlusion_angle,False,calibrated_roi,True,0.0,0.0,0.0,0.0,0.0,0.0,0.0,,0,327,698,841,8.739073004107922,93.04166400397662,0.0005180045263841748,101.80849599419162,False,False,0,0,0.0,,,,,0.0,,False,False,False,True,1,1,,,
plate_vampire/occlusion_angle/20260823T135419Z/frame_0016.jpg,20260823T135419Z,16,8.0,calibrated_fallback,A,magsac,magsac,plate_vampire,plate_vampire,occlusion_angle,False,calibrated_roi,True,0.0,0.0,0.0,0.0,0.0,0.0,0.0,,0,327,698,841,8.369018993107602,100.76483199372888,24.464520000037737,133.69612900714856,True,True,14,11,0.7857142857142857,0.5137104988098145,plate_vampire,plate_ready_check,0.1470588235294118,0.2925,0.2,True,False,False,False,0,1,,,
plate_vampire/occlusion_angle/20260823T135419Z/frame_0017.jpg,20260823T135419Z,17,8.5,calibrated_fallback,A,magsac,magsac,plate_vampire,,occlusion_angle,False,calibrated_roi,True,0.0,0.0,0.0,0.0,0.0,0.0,0.0,,0,327,698,841,8.446703010122292,91.90601798763964,0.0005930050974711776,100.38101801183075,False,False,0,0,0.0,,,,,0.0,,False,False,False,True,1,1,,,
plate_vampire/occlusion_angle/20260823T135419Z/frame_0018.jpg,20260823T135419Z,18,9.0,calibrated_fallback,A,magsac,magsac,plate_vampire,plate_vampire,occlusion_angle,False,calibrated_roi,True,0.0,0.0,0.0,0.0,0.0,0.0,0.0,,0,327,698,841,8.768072992097586,96.30717500112951,24.234779994003475,129.40384200192057,True,True,19,15,0.7894736842105263,1.0375275611877441,plate_vampire,,,0.2775,0.2,True,False,False,False,0,1,,,
plate_vampire/occlusion_angle/20260823T135419Z/frame_0019.jpg,20260823T135419Z,19,9.5,calibrated_fallback,A,magsac,magsac,plate_vampire,,occlusion_angle,False,calibrated_roi,True,0.0,0.0,0.0,0.0,0.0,0.0,0.0,,0,327,698,841,8.39366699801758,92.3444060026668,0.0005559995770454407,100.76707199914381,False,False,0,0,0.0,,,,,0.0,,False,False,False,True,1,1,,,
negatives/aucune_plaque/20260823T132011Z/frame_0000.jpg,20260823T132011Z,0,0.0,quality_fallback,A,magsac,magsac,,,aucune_plaque,False,calibrated_roi,True,0.0,0.0,0.0,0.0,0.0,0.0,0.0,,0,327,698,841,6.97500299429521,87.24117600650061,0.0004809990059584379,94.24593798757996,False,False,0,0,0.0,,,,,0.0,,False,True,False,False,0,0,,,
negatives/aucune_plaque/20260823T132011Z/frame_0001.jpg,20260823T132011Z,1,0.5,quality_fallback,A,magsac,magsac,,,aucune_plaque,False,calibrated_roi,True,0.0,0.0,0.0,0.0,0.0,0.0,0.0,,0,327,698,841,7.053428009385243,87.64706400688738,0.0006299960659816861,94.72812300373334,False,False,0,0,0.0,,,,,0.0,,False,True,False,False,0,0,,,
negatives/aucune_plaque/20260823T132011Z/frame_0002.jpg,20260823T132011Z,2,1.0,quality_fallback,A,magsac,magsac,,,aucune_plaque,False,calibrated_roi,True,0.0,0.0,0.0,0.0,0.0,0.0,0.0,,0,327,698,841,7.01829900208395,86.7255839984864,0.0006850023055449128,93.7724390096264,False,False,0,0,0.0,,,,,0.0,,False,True,False,False,0,0,,,
negatives/aucune_plaque/20260823T132011Z/frame_0003.jpg,20260823T132011Z,3,1.5,quality_fallback,A,magsac,magsac,,,aucune_plaque,False,calibrated_roi,True,0.0,0.0,0.0,0.0,0.0,0.0,0.0,,0,327,698,841,6.909410993102938,88.30504400248174,0.0005740002961829305,95.24158400017768,False,False,0,0,0.0,,,,,0.0,,False,True,False,False,0,0,,,
negatives/aucune_plaque/20260823T132011Z/frame_0004.jpg,20260823T132011Z,4,2.0,quality_fallback,A,magsac,magsac,,,aucune_plaque,False,calibrated_roi,True,0.0,0.0,0.0,0.0,0.0,0.0,0.0,,0,327,698,841,6.946836001588963,86.83439900050871,0.0006479967851191759,93.80855000927113,False,False,0,0,0.0,,,,,0.0,,False,True,False,False,0,0,,,
negatives/aucune_plaque/20260823T132011Z/frame_0005.jpg,20260823T132011Z,5,2.5,quality_fallback,A,magsac,magsac,,,aucune_plaque,False,calibrated_roi,True,0.0,0.0,0.0,0.0,0.0,0.0,0.0,,0,327,698,841,7.128614000976086,89.82180000748485,13.209878001362085,110.18712499935646,True,False,8,6,0.75,0.2951042056083679,plate_cellule,,,0.025,0.2,False,True,False,False,0,0,,,
negatives/aucune_plaque/20260823T132011Z/frame_0006.jpg,20260823T132011Z,6,3.0,quality_fallback,A,magsac,magsac,,,aucune_plaque,False,calibrated_roi,True,0.0,0.0,0.0,0.0,0.0,0.0,0.0,,0,327,698,841,6.937113997992128,86.76578900485765,0.0004629982868209481,93.73080999648664,False,False,0,0,0.0,,,,,0.0,,False,True,False,False,0,0,,,
negatives/aucune_plaque/20260823T132011Z/frame_0007.jpg,20260823T132011Z,7,3.5,quality_fallback,A,magsac,magsac,,,aucune_plaque,False,calibrated_roi,True,0.0,0.0,0.0,0.0,0.0,0.0,0.0,,0,327,698,841,6.9151700008660555,88.73811799276154,0.000667001586407423,95.68173199659213,False,False,0,0,0.0,,,,,0.0,,False,True,False,False,0,0,,,
negatives/aucune_plaque/20260823T132011Z/frame_0008.jpg,20260823T132011Z,8,4.0,quality_fallback,A,magsac,magsac,,,aucune_plaque,False,calibrated_roi,True,0.0,0.0,0.0,0.0,0.0,0.0,0.0,,0,327,698,841,6.818855996243656,88.89861700299662,0.0005369947757571936,95.74613899167161,False,False,0,0,0.0,,,,,0.0,,False,True,False,False,0,0,,,
negatives/aucune_plaque/20260823T132011Z/frame_0009.jpg,20260823T132011Z,9,4.5,quality_fallback,A,magsac,magsac,,,aucune_plaque,False,calibrated_roi,True,0.0,0.0,0.0,0.0,0.0,0.0,0.0,,0,327,698,841,6.9576509995386004,88.42180299689062,0.0007780035957694054,95.41008400265127,False,False,0,0,0.0,,,,,0.0,,False,True,False,False,0,0,,,
negatives/aucune_plaque/20260823T132011Z/frame_0010.jpg,20260823T132011Z,10,5.0,quality_fallback,A,magsac,magsac,,,aucune_plaque,False,calibrated_roi,True,0.0,0.0,0.0,0.0,0.0,0.0,0.0,,0,327,698,841,6.895076992805116,86.72782499343157,0.0007960043149068952,93.65293900191318,False,False,0,0,0.0,,,,,0.0,,False,True,False,False,0,0,,,
negatives/aucune_plaque/20260823T132011Z/frame_0011.jpg,20260823T132011Z,11,5.5,quality_fallback,A,magsac,magsac,,,aucune_plaque,True,calibrated_roi,True,0.39325060616785,0.4417845606803894,0.005544704861111111,0.26326566575208565,0.3856041131105398,0.48497793248076865,0.5,,0,327,698,841,13.083433994324878,85.80401199287735,0.0004999892553314567,98.91661300207488,False,False,0,0,0.0,,,,,0.0,,False,True,False,False,0,0,,,
negatives/aucune_plaque/20260823T132011Z/frame_0012.jpg,20260823T132011Z,12,6.0,quality_fallback,A,magsac,magsac,,,aucune_plaque,True,contour,False,0.5547999321873796,0.4474520683288574,0.005625,0.2651650429449553,0.8786279683377308,0.38003251278368,0.9661280758968277,,463,989,237,112,12.34230599948205,1.1074979993281886,0.0011490046745166183,13.480599998729303,False,False,0,0,0.0,,,,,0.0,,False,True,False,False,0,0,,,
negatives/aucune_plaque/20260823T132011Z/frame_0013.jpg,20260823T132011Z,13,6.5,quality_fallback,A,magsac,magsac,,,aucune_plaque,False,calibrated_roi,True,0.0,0.0,0.0,0.0,0.0,0.0,0.0,,0,327,698,841,6.961966006201692,85.86377098981757,0.0007589987944811583,92.85736699530389,False,False,0,0,0.0,,,,,0.0,,False,True,False,False,0,0,,,
negatives/aucune_plaque/20260823T132011Z/frame_0014.jpg,20260823T132011Z,14,7.0,quality_fallback,A,magsac,magsac,,,aucune_plaque,False,calibrated_roi,True,0.0,0.0,0.0,0.0,0.0,0.0,0.0,,0,327,698,841,6.792485000914894,88.69550599774811,0.0006659975042566657,95.51564000139479,False,False,0,0,0.0,,,,,0.0,,False,True,False,False,0,0,,,
negatives/aucune_plaque/20260823T132011Z/frame_0015.jpg,20260823T132011Z,15,7.5,quality_fallback,A,magsac,magsac,,,aucune_plaque,False,calibrated_roi,True,0.0,0.0,0.0,0.0,0.0,0.0,0.0,,0,327,698,841,6.794337008614093,87.78863699990325,0.00048198853619396687,94.61091899720486,False,False,0,0,0.0,,,,,0.0,,False,True,False,False,0,0,,,
negatives/aucune_plaque/20260823T132011Z/frame_0016.jpg,20260823T132011Z,16,8.0,quality_fallback,A,magsac,magsac,,,aucune_plaque,False,calibrated_roi,True,0.0,0.0,0.0,0.0,0.0,0.0,0.0,,0,327,698,841,6.770745007088408,85.57338399987202,0.0006299960659816861,92.37435000250116,False,False,0,0,0.0,,,,,0.0,,False,True,False,False,0,0,,,
negatives/aucune_plaque/20260823T132011Z/frame_0017.jpg,20260823T132011Z,17,8.5,quality_fallback,A,magsac,magsac,,,aucune_plaque,False,calibrated_roi,True,0.0,0.0,0.0,0.0,0.0,0.0,0.0,,0,327,698,841,6.76759600173682,86.83358399139252,0.0006110058166086674,93.62897698883899,False,False,0,0,0.0,,,,,0.0,,False,True,False,False,0,0,,,
negatives/aucune_plaque/20260823T132011Z/frame_0018.jpg,20260823T132011Z,18,9.0,quality_fallback,A,magsac,magsac,,,aucune_plaque,False,calibrated_roi,True,0.0,0.0,0.0,0.0,0.0,0.0,0.0,,0,327,698,841,6.903022003825754,86.39975199184846,0.0005930050974711776,93.33118100767024,False,False,0,0,0.0,,,,,0.0,,False,True,False,False,0,0,,,
negatives/aucune_plaque/20260823T132011Z/frame_0019.jpg,20260823T132011Z,19,9.5,quality_fallback,A,magsac,magsac,,,aucune_plaque,False,calibrated_roi,True,0.0,0.0,0.0,0.0,0.0,0.0,0.0,,0,327,698,841,6.993429007707164,87.1818990126485,0.0005369947757571936,94.20397500798572,False,False,0,0,0.0,,,,,0.0,,False,True,False,False,0,0,,,
plate_bougie/frontal/20260823T135503Z/frame_0000.jpg,20260823T135503Z,0,0.0,quality_fallback,A,magsac,magsac,plate_bougie,,frontal,False,calibrated_roi,True,0.0,0.0,0.0,0.0,0.0,0.0,0.0,,0,327,698,841,8.772183995461091,97.56202300195582,0.0005740002961829305,106.3616519968491,False,False,0,0,0.0,,,,,0.0,,False,False,False,True,1,1,,,
plate_bougie/frontal/20260823T135503Z/frame_0001.jpg,20260823T135503Z,1,0.5,quality_fallback,A,magsac,magsac,plate_bougie,,frontal,True,contour,False,0.8707366605224656,0.9553513079881668,0.1305517578125,1.0,0.7513711151736746,0.9628848933259679,0.5,,45,379,542,554,14.540153002599254,92.53408999938983,0.000443993485532701,107.10165099590085,False,False,0,0,0.0,,,,,0.0,,False,False,False,True,2,2,,,
plate_bougie/frontal/20260823T135503Z/frame_0002.jpg,20260823T135503Z,2,1.0,quality_fallback,A,magsac,magsac,plate_bougie,plate_bougie,frontal,True,contour,False,0.9219237163744509,0.9526255764067173,0.13032606336805555,1.0,0.7598173515981735,0.9710082319995101,0.9908088235294118,,48,379,541,554,14.461226994171739,89.94905899453443,18.44116199936252,122.94074399687815,True,True,38,26,0.6842105263157895,0.6089239120483398,plate_bougie,,,0.2775,0.2,True,False,False,False,0,2,1.0,,
plate_bougie/frontal/20260823T135503Z/frame_0003.jpg,20260823T135503Z,3,1.5,quality_fallback,A,magsac,magsac,plate_bougie,,frontal,True,contour,False,0.974634322080032,0.9598961547017097,0.1279736328125,1.0,0.9677716390423573,0.9709378286547468,0.9762878304345514,,56,380,535,551,14.578487011021934,84.22929400694557,0.0005549954948946834,98.83589099626988,False,False,0,0,0.0,,,,,0.0,,False,False,False,True,1,2,,,
plate_bougie/frontal/20260823T135503Z/frame_0004.jpg,20260823T135503Z,4,2.0,quality_fallback,A,magsac,magsac,plate_bougie,,frontal,False,calibrated_roi,True,0.0,0.0,0.0,0.0,0.0,0.0,0.0,,0,327,698,841,7.385983000858687,97.43017201253679,13.854784003342502,118.69679098890629,True,False,31,21,0.6774193548387096,0.5271530747413635,plate_bougie,,,0.155,0.2,False,False,False,True,2,2,,,
plate_bougie/frontal/20260823T135503Z/frame_0005.jpg,20260823T135503Z,5,2.5,quality_fallback,A,magsac,magsac,plate_bougie,plate_bougie,frontal,False,calibrated_roi,True,0.0,0.0,0.0,0.0,0.0,0.0,0.0,,0,327,698,841,8.015537998289801,94.37495601014234,19.482734991470352,121.96506200416479,True,True,31,16,0.5161290322580645,0.7953914403915405,plate_bougie,,,0.24375,0.2,True,False,False,False,0,2,,,
plate_bougie/frontal/20260823T135503Z/frame_0006.jpg,20260823T135503Z,6,3.0,quality_fallback,A,magsac,magsac,plate_bougie,plate_bougie,frontal,True,contour,False,0.9373221293228091,0.9566483162343502,0.13072916666666667,1.0,0.8236889692585895,0.9676532219430358,0.9764006994355315,,53,378,544,551,14.595134009141475,86.16021600028034,18.367309996392578,119.21393900411204,True,True,41,30,0.7317073170731707,0.7029531002044678,plate_bougie,,,0.25125,0.2,True,False,False,False,0,2,,,
plate_bougie/frontal/20260823T135503Z/frame_0007.jpg,20260823T135503Z,7,3.5,quality_fallback,A,magsac,magsac,plate_bougie,plate_bougie,frontal,True,contour,False,0.9090943341917792,0.9360760971903801,0.13587076822916666,1.0,0.7444933920704846,0.9638659399302177,0.9576156302402231,,32,379,563,550,14.577559995814227,87.86650700494647,17.52786799625028,120.0612880056724,True,True,37,27,0.7297297297297297,0.8165309429168701,plate_bougie,,,0.25375,0.2,True,False,False,False,0,2,,plate_bougie,3.5
plate_bougie/frontal/20260823T135503Z/frame_0008.jpg,20260823T135503Z,8,4.0,quality_fallback,A,magsac,magsac,plate_bougie,plate_bougie,frontal,True,contour,False,0.9503494735444259,0.9556902460753918,0.1275439453125,1.0,0.8996316758747698,0.9654380556726305,0.9219067518585289,,59,373,538,546,14.59574600448832,89.34402400336694,21.693304006475955,125.72877599450294,True,True,46,30,0.6521739130434783,0.8798376321792603,plate_bougie,,,0.3475,0.2,True,False,False,False,0,2,,,
plate_bougie/frontal/20260823T135503Z/frame_0009.jpg,20260823T135503Z,9,4.5,quality_fallback,A,magsac,magsac,plate_bougie,plate_bougie,frontal,True,contour,False,0.9539668218664269,0.9529640227556229,0.12693739149305555,1.0,0.8898071625344353,0.9654602706819453,0.9907979733793661,,59,372,535,546,14.465486005065031,89.69587400497403,21.52502599346917,125.77688599412795,True,True,53,41,0.7735849056603774,0.7567138671875,plate_bougie,,,0.34875,0.2,True,False,False,False,0,2,,,
plate_bougie/frontal/20260823T135503Z/frame_0010.jpg,20260823T135503Z,10,5.0,quality_fallback,A,magsac,magsac,plate_bougie,plate_bougie,frontal,False,calibrated_roi,True,0.0,0.0,0.0,0.0,0.0,0.0,0.0,,0,327,698,841,7.967388999531977,99.05018600693438,22.765856003388762,129.8830429877853,True,True,28,20,0.7142857142857143,0.5519533157348633,plate_bougie,plate_cellule,0.23076923076923084,0.3625,0.2,True,False,False,False,0,2,,,
plate_bougie/frontal/20260823T135503Z/frame_0011.jpg,20260823T135503Z,11,5.5,quality_fallback,A,magsac,magsac,plate_bougie,plate_bougie,frontal,True,contour,False,0.9603586037205631,0.955524280667305,0.12758626302083334,1.0,0.9516279069767442,0.9673926702568706,0.890550757504985,,83,377,534,552,14.651781995780766,87.01776899397373,21.309340998413973,123.07354099175427,True,True,36,27,0.75,0.5359869599342346,plate_bougie,,,0.31875,0.2,True,False,False,False,0,2,,,
plate_bougie/frontal/20260823T135503Z/frame_0012.jpg,20260823T135503Z,12,6.0,quality_fallback,A,magsac,magsac,plate_bougie,plate_bougie,frontal,True,contour,False,0.9368917460583195,0.9434193708002567,0.12915364583333333,1.0,0.8530499075785583,0.9666562035985224,0.9393783756375068,,93,381,539,553,14.521429999149404,87.65139699971769,21.688970999093726,123.95376099448185,True,True,37,28,0.7567567567567568,0.7865383625030518,plate_bougie,,,0.36375,0.2,True,False,False,False,0,2,,,
plate_bougie/frontal/20260823T135503Z/frame_0013.jpg,20260823T135503Z,13,6.5,quality_fallback,A,magsac,magsac,plate_bougie,,frontal,True,contour,False,0.916126590948539,0.9476079978048801,0.12866373697916667,1.0,0.7769652650822669,0.9671981538175707,0.9088305995475113,,72,378,538,550,14.467524000792764,82.37916800135281,0.0004809990059584379,96.87383999698795,False,False,0,0,0.0,,,,,0.0,,False,False,False,True,1,2,,,
plate_bougie/frontal/20260823T135503Z/frame_0014.jpg,20260823T135503Z,14,7.0,quality_fallback,A,magsac,magsac,plate_bougie,plate_bougie,frontal,False,calibrated_roi,True,0.0,0.0,0.0,0.0,0.0,0.0,0.0,,0,327,698,841,8.043445006478578,94.93808398838155,18.42018199386075,121.4962289959658,True,True,27,17,0.6296296296296297,0.8062331676483154,plate_bougie,,,0.20875,0.2,True,False,False,False,0,2,,,
plate_bougie/frontal/20260823T135503Z/frame_0015.jpg,20260823T135503Z,15,7.5,quality_fallback,A,magsac,magsac,plate_bougie,plate_bougie,frontal,True,contour,False,0.951103203089429,0.9448678717017174,0.1314208984375,1.0,0.9111514052583862,0.9636331825711884,0.9349167200719839,,80,383,543,556,14.58681900112424,86.65356600249652,21.64785900095012,122.98316998931114,True,True,30,26,0.8666666666666667,0.9918394684791565,plate_bougie,,,0.3375,0.2,True,False,False,False,0,2,,,
plate_bougie/frontal/20260823T135503Z/frame_0016.jpg,20260823T135503Z,16,8.0,quality_fallback,A,magsac,magsac,plate_bougie,plate_bougie,frontal,True,contour,False,0.9581408311454988,0.9541791491210461,0.12701931423611112,1.0,0.9153633854645814,0.9649431069063154,0.965519293524081,,93,386,531,551,14.59320800495334,85.75616100279149,21.480488998349756,121.9257100019604,True,True,33,26,0.7878787878787878,0.9555752873420715,plate_bougie,,,0.32125,0.2,True,False,False,False,0,2,,,
plate_bougie/frontal/20260823T135503Z/frame_0017.jpg,20260823T135503Z,17,8.5,quality_fallback,A,magsac,magsac,plate_bougie,,frontal,True,contour,False,0.9453351205138889,0.9437204115092754,0.12937771267361112,1.0,0.8869955156950673,0.9624389995948202,0.9422621817785743,,77,388,536,552,14.662244997452945,85.68003099935595,0.000500003807246685,100.37151598953642,False,False,0,0,0.0,,,,,0.0,,False,False,False,True,1,2,,,
plate_bougie/frontal/20260823T135503Z/frame_0018.jpg,20260823T135503Z,18,9.0,quality_fallback,A,magsac,magsac,plate_bougie,,frontal,True,contour,False,0.9392978173196423,0.9425462000072002,0.1290505642361111,1.0,0.8878676470588235,0.9623746799858209,0.883295775541943,,107,390,537,554,14.553874992998317,83.74777600693051,0.0004629982868209481,98.32931798882782,False,False,0,0,0.0,,,,,0.0,,False,False,False,True,2,2,,,
plate_bougie/frontal/20260823T135503Z/frame_0019.jpg,20260823T135503Z,19,9.5,quality_fallback,A,magsac,magsac,plate_bougie,plate_bougie,frontal,True,contour,False,0.9274390024458445,0.965101096779108,0.12572808159722224,1.0,0.8037558685446009,0.9699211028414878,0.8997759599181318,,96,378,531,548,14.532115004840307,88.23569199012127,21.658580997609533,124.52146300347522,True,True,34,30,0.8823529411764706,0.7674320936203003,plate_bougie,,,0.35125,0.2,True,False,False,False,0,2,,,
plate_bougie/main_sur_bord/20260823T135543Z/frame_0000.jpg,20260823T135543Z,0,0.0,quality_fallback,A,magsac,magsac,plate_bougie,plate_bougie,main_sur_bord,False,calibrated_roi,True,0.0,0.0,0.0,0.0,0.0,0.0,0.0,,0,327,698,841,8.145851999870501,97.04563599370886,21.701802994357422,126.9886609952664,True,True,15,12,0.8,0.30115431547164917,plate_bougie,,,0.24,0.2,True,False,False,False,0,0,0.0,,
plate_bougie/main_sur_bord/20260823T135543Z/frame_0001.jpg,20260823T135543Z,1,0.5,quality_fallback,A,magsac,magsac,plate_bougie,,main_sur_bord,False,calibrated_roi,True,0.0,0.0,0.0,0.0,0.0,0.0,0.0,,0,327,698,841,7.997242006240413,91.10840799985453,0.0004629982868209481,99.13418600626756,False,False,0,0,0.0,,,,,0.0,,False,False,False,True,1,1,,,
plate_bougie/main_sur_bord/20260823T135543Z/frame_0002.jpg,20260823T135543Z,2,1.0,quality_fallback,A,magsac,magsac,plate_bougie,,main_sur_bord,False,calibrated_roi,True,0.0,0.0,0.0,0.0,0.0,0.0,0.0,,0,327,698,841,8.039370994083583,98.79503899719566,0.000443993485532701,106.86198400799185,False,False,0,0,0.0,,,,,0.0,,False,False,False,True,2,2,,,
plate_bougie/main_sur_bord/20260823T135543Z/frame_0003.jpg,20260823T135543Z,3,1.5,quality_fallback,A,magsac,magsac,plate_bougie,,main_sur_bord,False,calibrated_roi,True,0.0,0.0,0.0,0.0,0.0,0.0,0.0,,0,327,698,841,8.115074000670575,90.32641000521835,0.0006110058166086674,98.47053900011815,False,False,0,0,0.0,,,,,0.0,,False,False,False,True,3,3,,,
plate_bougie/main_sur_bord/20260823T135543Z/frame_0004.jpg,20260823T135543Z,4,2.0,quality_fallback,A,magsac,magsac,plate_bougie,,main_sur_bord,False,calibrated_roi,True,0.0,0.0,0.0,0.0,0.0,0.0,0.0,,0,327,698,841,7.933981993119232,91.41368500422686,0.0004629982868209481,99.37848200206645,False,False,0,0,0.0,,,,,0.0,,False,False,False,True,4,4,,,
plate_bougie/main_sur_bord/20260823T135543Z/frame_0005.jpg,20260823T135543Z,5,2.5,quality_fallback,A,magsac,magsac,plate_bougie,,main_sur_bord,False,calibrated_roi,True,0.0,0.0,0.0,0.0,0.0,0.0,0.0,,0,327,698,841,8.023556001717225,98.35053999267984,15.599947000737302,122.00135701277759,True,False,17,7,0.4117647058823529,0.8021025657653809,plate_dague,,,0.06875,0.2,False,False,False,True,5,5,,,
plate_bougie/main_sur_bord/20260823T135543Z/frame_0006.jpg,20260823T135543Z,6,3.0,quality_fallback,A,magsac,magsac,plate_bougie,,main_sur_bord,False,calibrated_roi,True,0.0,0.0,0.0,0.0,0.0,0.0,0.0,,0,327,698,841,7.936666996101849,95.69489800196607,0.000443993485532701,103.65856499993242,False,False,0,0,0.0,,,,,0.0,,False,False,False,True,6,6,,,
plate_bougie/main_sur_bord/20260823T135543Z/frame_0007.jpg,20260823T135543Z,7,3.5,quality_fallback,A,magsac,magsac,plate_bougie,,main_sur_bord,False,calibrated_roi,True,0.0,0.0,0.0,0.0,0.0,0.0,0.0,,0,327,698,841,7.96522299060598,90.70998299284838,0.0005559995770454407,98.70361299545038,False,False,0,0,0.0,,,,,0.0,,False,False,False,True,7,7,,,
plate_bougie/main_sur_bord/20260823T135543Z/frame_0008.jpg,20260823T135543Z,8,4.0,quality_fallback,A,magsac,magsac,plate_bougie,,main_sur_bord,False,calibrated_roi,True,0.0,0.0,0.0,0.0,0.0,0.0,0.0,,0,327,698,841,7.565669002360664,88.66459899581969,0.0005740002961829305,96.26004500023555,False,False,0,0,0.0,,,,,0.0,,False,False,False,True,8,8,,,
plate_bougie/main_sur_bord/20260823T135543Z/frame_0009.jpg,20260823T135543Z,9,4.5,quality_fallback,A,magsac,magsac,plate_bougie,,main_sur_bord,False,calibrated_roi,True,0.0,0.0,0.0,0.0,0.0,0.0,0.0,,0,327,698,841,8.011166995856911,93.91266100283246,14.86202300293371,116.81310899439268,True,False,18,11,0.6111111111111112,0.4644823968410492,plate_bougie,,,0.11875,0.2,False,False,False,True,9,9,,,
plate_bougie/main_sur_bord/20260823T135543Z/frame_0010.jpg,20260823T135543Z,10,5.0,quality_fallback,A,magsac,magsac,plate_bougie,,main_sur_bord,False,calibrated_roi,True,0.0,0.0,0.0,0.0,0.0,0.0,0.0,,0,327,698,841,7.921277996501885,93.19829200103413,13.695117988390848,114.84159500105307,True,False,16,9,0.5625,0.6766549944877625,plate_bougie,,,0.12125,0.2,False,False,False,True,10,10,,,
plate_bougie/main_sur_bord/20260823T135543Z/frame_0011.jpg,20260823T135543Z,11,5.5,quality_fallback,A,magsac,magsac,plate_bougie,,main_sur_bord,False,calibrated_roi,True,0.0,0.0,0.0,0.0,0.0,0.0,0.0,,0,327,698,841,7.999760011443868,91.93664700433146,0.00044499756768345833,99.96553599194158,False,False,0,0,0.0,,,,,0.0,,False,False,False,True,11,11,,,
plate_bougie/main_sur_bord/20260823T135543Z/frame_0012.jpg,20260823T135543Z,12,6.0,quality_fallback,A,magsac,magsac,plate_bougie,plate_bougie,main_sur_bord,False,calibrated_roi,True,0.0,0.0,0.0,0.0,0.0,0.0,0.0,,0,327,698,841,8.067556002060883,100.90688600030262,21.57541499764193,130.64737500099,True,True,20,14,0.7,0.7459957599639893,plate_bougie,plate_cellule,0.19999999999999996,0.25875,0.2,True,False,False,False,0,11,,,
plate_bougie/main_sur_bord/20260823T135543Z/frame_0013.jpg,20260823T135543Z,13,6.5,quality_fallback,A,magsac,magsac,plate_bougie,,main_sur_bord,False,calibrated_roi,True,0.0,0.0,0.0,0.0,0.0,0.0,0.0,,0,327,698,841,7.738020009128377,92.5744050036883,0.0007589987944811583,100.35772000264842,False,False,0,0,0.0,,,,,0.0,,False,False,False,True,1,11,,,
plate_bougie/main_sur_bord/20260823T135543Z/frame_0014.jpg,20260823T135543Z,14,7.0,quality_fallback,A,magsac,magsac,plate_bougie,,main_sur_bord,False,calibrated_roi,True,0.0,0.0,0.0,0.0,0.0,0.0,0.0,,0,327,698,841,7.965925993630663,91.80942400416825,0.0008509960025548935,99.80386900133453,False,False,0,0,0.0,,,,,0.0,,False,False,False,True,2,11,,,
plate_bougie/main_sur_bord/20260823T135543Z/frame_0015.jpg,20260823T135543Z,15,7.5,quality_fallback,A,magsac,magsac,plate_bougie,,main_sur_bord,False,calibrated_roi,True,0.0,0.0,0.0,0.0,0.0,0.0,0.0,,0,327,698,841,7.945962992380373,95.62554600415751,0.0004629982868209481,103.59884299396072,False,False,0,0,0.0,,,,,0.0,,False,False,False,True,3,11,,,
plate_bougie/main_sur_bord/20260823T135543Z/frame_0016.jpg,20260823T135543Z,16,8.0,quality_fallback,A,magsac,magsac,plate_bougie,,main_sur_bord,False,calibrated_roi,True,0.0,0.0,0.0,0.0,0.0,0.0,0.0,,0,327,698,841,8.063612011028454,91.21487000084016,0.0004629982868209481,99.30763000738807,False,False,0,0,0.0,,,,,0.0,,False,False,False,True,4,11,,,
plate_bougie/main_sur_bord/20260823T135543Z/frame_0017.jpg,20260823T135543Z,17,8.5,quality_fallback,A,magsac,magsac,plate_bougie,,main_sur_bord,False,calibrated_roi,True,0.0,0.0,0.0,0.0,0.0,0.0,0.0,,0,327,698,841,7.676056993659586,94.26125200116076,0.0005189940566197038,101.96671698940918,False,False,0,0,0.0,,,,,0.0,,False,False,False,True,5,11,,,
plate_bougie/main_sur_bord/20260823T135543Z/frame_0018.jpg,20260823T135543Z,18,9.0,quality_fallback,A,magsac,magsac,plate_bougie,,main_sur_bord,False,calibrated_roi,True,0.0,0.0,0.0,0.0,0.0,0.0,0.0,,0,327,698,841,8.135203999700025,96.21476700704079,0.0005740002961829305,104.37761899083853,False,False,0,0,0.0,,,,,0.0,,False,False,False,True,6,11,,,
plate_bougie/main_sur_bord/20260823T135543Z/frame_0019.jpg,20260823T135543Z,19,9.5,quality_fallback,A,magsac,magsac,plate_bougie,,main_sur_bord,False,calibrated_roi,True,0.0,0.0,0.0,0.0,0.0,0.0,0.0,,0,327,698,841,7.763353001791984,95.70378600619733,0.0005190086085349321,103.49404699809384,False,False,0,0,0.0,,,,,0.0,,False,False,False,True,7,11,,,
plate_bougie/occlusion_angle/20260823T135620Z/frame_0000.jpg,20260823T135620Z,0,0.0,quality_fallback,A,magsac,magsac,plate_bougie,,occlusion_angle,False,calibrated_roi,True,0.0,0.0,0.0,0.0,0.0,0.0,0.0,,0,327,698,841,8.019703993340954,96.15939699870069,28.077493014279753,132.2850569995353,True,False,13,7,0.5384615384615384,0.00030669785337522626,plate_ready_check,,,0.00375,0.2,False,False,False,True,1,1,,,
plate_bougie/occlusion_angle/20260823T135620Z/frame_0001.jpg,20260823T135620Z,1,0.5,quality_fallback,A,magsac,magsac,plate_bougie,,occlusion_angle,False,calibrated_roi,True,0.0,0.0,0.0,0.0,0.0,0.0,0.0,,0,327,698,841,7.687982986681163,98.59811399655882,14.69191099749878,121.00398899929132,True,False,33,23,0.696969696969697,1.2162142992019653,plate_bougie,,,0.1725,0.2,False,False,False,True,2,2,,,
plate_bougie/occlusion_angle/20260823T135620Z/frame_0002.jpg,20260823T135620Z,2,1.0,quality_fallback,A,magsac,magsac,plate_bougie,,occlusion_angle,False,calibrated_roi,True,0.0,0.0,0.0,0.0,0.0,0.0,0.0,,0,327,698,841,7.644870987860486,90.98498200182803,0.0005370093276724219,98.66109499125741,False,False,0,0,0.0,,,,,0.0,,False,False,False,True,3,3,,,
plate_bougie/occlusion_angle/20260823T135620Z/frame_0003.jpg,20260823T135620Z,3,1.5,quality_fallback,A,magsac,magsac,plate_bougie,,occlusion_angle,False,calibrated_roi,True,0.0,0.0,0.0,0.0,0.0,0.0,0.0,,0,327,698,841,7.9851120099192485,93.70843900251202,0.0004809990059584379,101.72210600285325,False,False,0,0,0.0,,,,,0.0,,False,False,False,True,4,4,,,
plate_bougie/occlusion_angle/20260823T135620Z/frame_0004.jpg,20260823T135620Z,4,2.0,quality_fallback,A,magsac,magsac,plate_bougie,,occlusion_angle,False,calibrated_roi,True,0.0,0.0,0.0,0.0,0.0,0.0,0.0,,0,327,698,841,7.778038008837029,92.30831199965905,0.000500003807246685,100.11410900915507,False,False,0,0,0.0,,,,,0.0,,False,False,False,True,5,5,,,
plate_bougie/occlusion_angle/20260823T135620Z/frame_0005.jpg,20260823T135620Z,5,2.5,quality_fallback,A,magsac,magsac,plate_bougie,,occlusion_angle,False,calibrated_roi,True,0.0,0.0,0.0,0.0,0.0,0.0,0.0,,0,327,698,841,8.05922299332451,97.01761600445025,0.000443993485532701,105.1057650038274,False,False,0,0,0.0,,,,,0.0,,False,False,False,True,6,6,,,
plate_bougie/occlusion_angle/20260823T135620Z/frame_0006.jpg,20260823T135620Z,6,3.0,quality_fallback,A,magsac,magsac,plate_bougie,,occlusion_angle,False,calibrated_roi,True,0.0,0.0,0.0,0.0,0.0,0.0,0.0,,0,327,698,841,8.1803530047182,92.70332900632638,0.0005930050974711776,100.91169999213889,False,False,0,0,0.0,,,,,0.0,,False,False,False,True,7,7,,,
plate_bougie/occlusion_angle/20260823T135620Z/frame_0007.jpg,20260823T135620Z,7,3.5,quality_fallback,A,magsac,magsac,plate_bougie,,occlusion_angle,False,calibrated_roi,True,0.0,0.0,0.0,0.0,0.0,0.0,0.0,,0,327,698,841,8.16629600012675,96.09291500237305,0.0005369947757571936,104.28711900021881,False,False,0,0,0.0,,,,,0.0,,False,False,False,True,8,8,,,
plate_bougie/occlusion_angle/20260823T135620Z/frame_0008.jpg,20260823T135620Z,8,4.0,quality_fallback,A,magsac,magsac,plate_bougie,,occlusion_angle,False,calibrated_roi,True,0.0,0.0,0.0,0.0,0.0,0.0,0.0,,0,327,698,841,8.078611004748382,95.17623200372327,0.0005369947757571936,103.28304700669833,False,False,0,0,0.0,,,,,0.0,,False,False,False,True,9,9,,,
plate_bougie/occlusion_angle/20260823T135620Z/frame_0009.jpg,20260823T135620Z,9,4.5,quality_fallback,A,magsac,magsac,plate_bougie,,occlusion_angle,False,calibrated_roi,True,0.0,0.0,0.0,0.0,0.0,0.0,0.0,,0,327,698,841,7.7284459985094145,96.346247009933,0.0005189940566197038,104.10304499964695,False,False,0,0,0.0,,,,,0.0,,False,False,False,True,10,10,,,
plate_bougie/occlusion_angle/20260823T135620Z/frame_0010.jpg,20260823T135620Z,10,5.0,quality_fallback,A,magsac,magsac,plate_bougie,,occlusion_angle,False,calibrated_roi,True,0.0,0.0,0.0,0.0,0.0,0.0,0.0,,0,327,698,841,7.918611998320557,95.05763898778241,0.0005920010153204203,103.00376900704578,False,False,0,0,0.0,,,,,0.0,,False,False,False,True,11,11,,,
plate_bougie/occlusion_angle/20260823T135620Z/frame_0011.jpg,20260823T135620Z,11,5.5,quality_fallback,A,magsac,magsac,plate_bougie,,occlusion_angle,False,calibrated_roi,True,0.0,0.0,0.0,0.0,0.0,0.0,0.0,,0,327,698,841,8.054203994106501,95.6641750090057,0.0004629982868209481,103.74619399954099,False,False,0,0,0.0,,,,,0.0,,False,False,False,True,12,12,,,
plate_bougie/occlusion_angle/20260823T135620Z/frame_0012.jpg,20260823T135620Z,12,6.0,quality_fallback,A,magsac,magsac,plate_bougie,,occlusion_angle,False,calibrated_roi,True,0.0,0.0,0.0,0.0,0.0,0.0,0.0,,0,327,698,841,8.172962989192456,95.68045299965888,0.0004629982868209481,103.8815270003397,False,False,0,0,0.0,,,,,0.0,,False,False,False,True,13,13,,,
plate_bougie/occlusion_angle/20260823T135620Z/frame_0013.jpg,20260823T135620Z,13,6.5,quality_fallback,A,magsac,magsac,plate_bougie,,occlusion_angle,False,calibrated_roi,True,0.0,0.0,0.0,0.0,0.0,0.0,0.0,,0,327,698,841,8.177889001672156,92.33449799648952,0.000610991264693439,100.54140500142239,False,False,0,0,0.0,,,,,0.0,,False,False,False,True,14,14,,,
plate_bougie/occlusion_angle/20260823T135620Z/frame_0014.jpg,20260823T135620Z,14,7.0,quality_fallback,A,magsac,magsac,plate_bougie,,occlusion_angle,False,calibrated_roi,True,0.0,0.0,0.0,0.0,0.0,0.0,0.0,,0,327,698,841,8.105519009404816,91.45211100985762,0.0005370093276724219,99.58675799134653,False,False,0,0,0.0,,,,,0.0,,False,False,False,True,15,15,,,
plate_bougie/occlusion_angle/20260823T135620Z/frame_0015.jpg,20260823T135620Z,15,7.5,quality_fallback,A,magsac,magsac,plate_bougie,,occlusion_angle,False,calibrated_roi,True,0.0,0.0,0.0,0.0,0.0,0.0,0.0,,0,327,698,841,8.13635200029239,94.44756599259563,0.0004629982868209481,102.61221499240492,False,False,0,0,0.0,,,,,0.0,,False,False,False,True,16,16,,,
plate_bougie/occlusion_angle/20260823T135620Z/frame_0016.jpg,20260823T135620Z,16,8.0,quality_fallback,A,magsac,magsac,plate_bougie,,occlusion_angle,False,calibrated_roi,True,0.0,0.0,0.0,0.0,0.0,0.0,0.0,,0,327,698,841,8.11674099531956,94.97295400069561,0.00048200308810919523,103.11749199172482,False,False,0,0,0.0,,,,,0.0,,False,False,False,True,17,17,,,
plate_bougie/occlusion_angle/20260823T135620Z/frame_0017.jpg,20260823T135620Z,17,8.5,quality_fallback,A,magsac,magsac,plate_bougie,,occlusion_angle,False,calibrated_roi,True,0.0,0.0,0.0,0.0,0.0,0.0,0.0,,0,327,698,841,8.124259009491652,92.25103500648402,0.000500003807246685,100.40334898803849,False,False,0,0,0.0,,,,,0.0,,False,False,False,True,18,18,,,
plate_bougie/occlusion_angle/20260823T135620Z/frame_0018.jpg,20260823T135620Z,18,9.0,quality_fallback,A,magsac,magsac,plate_bougie,,occlusion_angle,False,calibrated_roi,True,0.0,0.0,0.0,0.0,0.0,0.0,0.0,,0,327,698,841,8.224649005569518,91.79683099500835,0.0004440080374479294,100.04951698647346,False,False,0,0,0.0,,,,,0.0,,False,False,False,True,19,19,,,
plate_bougie/occlusion_angle/20260823T135620Z/frame_0019.jpg,20260823T135620Z,19,9.5,quality_fallback,A,magsac,magsac,plate_bougie,,occlusion_angle,False,calibrated_roi,True,0.0,0.0,0.0,0.0,0.0,0.0,0.0,,0,327,698,841,8.140555990394205,92.56699599791318,0.000500003807246685,100.73771899624262,False,False,0,0,0.0,,,,,0.0,,False,False,False,True,20,20,,,
plate_cellule/frontal/20260823T132156Z/frame_0000.jpg,20260823T132156Z,0,0.0,quality_fallback,A,magsac,magsac,plate_cellule,,frontal,True,contour,False,0.9261910592144598,0.988968150690198,0.13946723090277777,1.0,0.9414157851912124,0.9414666770959719,0.5,,107,505,551,555,15.890965005382895,87.1840460022213,0.0004260073183104396,103.10282499995083,False,False,0,0,0.0,,,,,0.0,,False,False,False,True,1,1,,,
plate_cellule/frontal/20260823T132156Z/frame_0001.jpg,20260823T132156Z,1,0.5,quality_fallback,A,magsac,magsac,plate_cellule,plate_cellule,frontal,True,contour,False,0.9595011103844906,0.9834831189364195,0.12461154513888889,1.0,0.9991589571068125,0.9618451981287981,0.6848191561398184,,81,458,521,521,15.53842899738811,87.27804500085767,23.67570599017199,126.584957994055,True,True,33,29,0.8787878787878788,0.8586854934692383,plate_cellule,,,0.2825,0.2,True,False,False,False,0,1,0.5,,
plate_cellule/frontal/20260823T132156Z/frame_0002.jpg,20260823T132156Z,2,1.0,quality_fallback,A,magsac,magsac,plate_cellule,plate_cellule,frontal,False,calibrated_roi,True,0.0,0.0,0.0,0.0,0.0,0.0,0.0,,0,327,698,841,8.84499899984803,96.34354399167933,23.692021000897512,128.97371099097654,True,True,37,30,0.8108108108108109,0.8169495463371277,plate_cellule,,,0.34,0.2,True,False,False,False,0,1,,,
plate_cellule/frontal/20260823T132156Z/frame_0003.jpg,20260823T132156Z,3,1.5,quality_fallback,A,magsac,magsac,plate_cellule,,frontal,True,contour,False,0.9701359701212472,0.9940809095278382,0.13314507378472223,1.0,0.9512195121951219,0.9835420377399978,0.8575261544011544,,66,418,554,551,15.402243006974459,84.10975699371193,0.0005929905455559492,99.54179600754287,False,False,0,0,0.0,,,,,0.0,,False,False,False,True,1,1,,,
plate_cellule/frontal/20260823T132156Z/frame_0004.jpg,20260823T132156Z,4,2.0,quality_fallback,A,magsac,magsac,plate_cellule,plate_cellule,frontal,True,contour,False,0.9594904525020984,0.9855848802253604,0.13002766927083334,1.0,0.9598796389167502,0.9718219720022195,0.7666288150508093,,121,394,548,553,15.321484010200948,86.08345600077882,22.88561500608921,124.38422199920751,True,True,39,33,0.8461538461538461,0.8185114860534668,plate_cellule,,,0.32125,0.2,True,False,False,False,0,1,,plate_cellule,2.0
plate_cellule/frontal/20260823T132156Z/frame_0005.jpg,20260823T132156Z,5,2.5,quality_fallback,A,magsac,magsac,plate_cellule,plate_cellule,frontal,True,contour,False,0.9666676224754804,0.980673037469387,0.12975477430555554,1.0,0.9140625,0.9646043448427589,0.9748965175038846,,118,391,545,554,15.317077006329782,86.30254700256046,22.909671009983867,124.62281300395261,True,True,37,35,0.9459459459459459,0.7708808779716492,plate_cellule,,,0.25,0.2,True,False,False,False,0,1,,,
plate_cellule/frontal/20260823T132156Z/frame_0006.jpg,20260823T132156Z,6,3.0,quality_fallback,A,magsac,magsac,plate_cellule,plate_cellule,frontal,True,contour,False,0.9520698537413892,0.9781805742532015,0.13439290364583334,1.0,0.9244239631336405,0.9849367726481789,0.7901601341720059,,64,404,553,560,15.285984001820907,85.92121499532368,23.0246329883812,124.32581500615925,True,True,56,50,0.8928571428571429,0.7072551846504211,plate_cellule,,,0.40375,0.2,True,False,False,False,0,1,,,
plate_cellule/frontal/20260823T132156Z/frame_0007.jpg,20260823T132156Z,7,3.5,quality_fallback,A,magsac,magsac,plate_cellule,,frontal,True,contour,False,0.9708897737766932,0.9802761767059565,0.13522406684027777,1.0,0.9321880650994575,0.9811920172575571,0.9564070276428615,,66,414,553,561,15.5442800023593,86.05060400441289,0.0007410126272588968,101.62545800267253,False,False,0,0,0.0,,,,,0.0,,False,False,False,True,1,1,,,
plate_cellule/frontal/20260823T132156Z/frame_0008.jpg,20260823T132156Z,8,4.0,quality_fallback,A,magsac,magsac,plate_cellule,plate_cellule,frontal,True,contour,False,0.957082567903476,0.9803934562951326,0.13420789930555554,1.0,0.8665480427046264,0.9829028214473889,0.9803723819404073,,64,417,550,557,15.424743003677577,88.91200499783736,23.35528099501971,127.78610301029403,True,True,52,45,0.8653846153846154,0.6397199630737305,plate_cellule,,,0.38375,0.2,True,False,False,False,0,1,,,
plate_cellule/frontal/20260823T132156Z/frame_0009.jpg,20260823T132156Z,9,4.5,quality_fallback,A,magsac,magsac,plate_cellule,plate_cellule,frontal,True,contour,False,0.9638748877683484,0.9823099710047245,0.12907552083333335,1.0,0.9214801444043321,0.9873794539964678,0.9007391496620127,,57,405,541,546,15.230910998070613,87.3013969976455,23.713688002317213,126.34636501024943,True,True,38,34,0.8947368421052632,0.7429697513580322,plate_cellule,,,0.3675,0.2,True,False,False,False,0,1,,,
plate_cellule/frontal/20260823T132156Z/frame_0010.jpg,20260823T132156Z,10,5.0,quality_fallback,A,magsac,magsac,plate_cellule,plate_cellule,frontal,True,contour,False,0.9871754000659811,0.9798402339220047,0.1297433810763889,1.0,0.9819494584837545,0.9901136764749264,0.9872459762094854,,58,406,542,548,15.334151001297869,86.47899200150277,23.263541006599553,125.17138599650934,True,True,45,43,0.9555555555555556,0.7084974646568298,plate_cellule,,,0.3925,0.2,True,False,False,False,0,1,,,
plate_cellule/frontal/20260823T132156Z/frame_0011.jpg,20260823T132156Z,11,5.5,quality_fallback,A,magsac,magsac,plate_cellule,,frontal,True,contour,False,0.9748470894510554,0.9834503997117281,0.1278103298611111,1.0,0.9347826086956522,0.9901850595407533,0.9709781140954851,,54,406,539,543,15.326633001677692,83.65423799841665,0.0004629982868209481,99.00826000375673,False,False,0,0,0.0,,,,,0.0,,False,False,False,True,1,1,,,
plate_cellule/frontal/20260823T132156Z/frame_0012.jpg,20260823T132156Z,12,6.0,quality_fallback,A,magsac,magsac,plate_cellule,,frontal,True,contour,False,0.9830197885705211,0.9815506190061569,0.12776963975694444,1.0,0.9694793536804309,0.9908894243024862,0.9709582201831768,,59,410,536,544,15.334039999288507,85.18904999073129,0.0003710010787472129,100.55134899448603,False,False,0,0,0.0,,,,,0.0,,False,False,False,True,2,2,,,
plate_cellule/frontal/20260823T132156Z/frame_0013.jpg,20260823T132156Z,13,6.5,quality_fallback,A,magsac,magsac,plate_cellule,,frontal,True,contour,False,0.9607502672691793,0.9794183149933815,0.12784288194444443,1.0,0.9013574660633484,0.9907717707047008,0.9250822918485764,,77,407,537,545,15.215261999401264,84.73203200264834,0.0007589987944811583,99.97638799541164,False,False,0,0,0.0,,,,,0.0,,False,False,False,True,3,3,,,
plate_cellule/frontal/20260823T132156Z/frame_0014.jpg,20260823T132156Z,14,7.0,quality_fallback,A,magsac,magsac,plate_cellule,,frontal,True,contour,False,0.9834463337645029,0.9758457392454147,0.1281032986111111,1.0,0.9848484848484849,0.9882115287959611,0.9565933789916107,,87,410,534,546,15.297670004656538,89.18959599395748,0.0006850023055449128,104.51426600047853,False,False,0,0,0.0,,,,,0.0,,False,False,False,True,4,4,,,
plate_cellule/frontal/20260823T132156Z/frame_0015.jpg,20260823T132156Z,15,7.5,quality_fallback,A,magsac,magsac,plate_cellule,,frontal,True,contour,False,0.983467014401101,0.9760562721639872,0.12871202256944445,1.0,0.9806167400881057,0.987693325440447,0.9672661518583366,,81,414,535,545,15.390853994176723,82.68031499756034,0.0005919864634051919,98.09905900328886,False,False,0,0,0.0,,,,,0.0,,False,False,False,True,5,5,,,
plate_cellule/frontal/20260823T132156Z/frame_0016.jpg,20260823T132156Z,16,8.0,quality_fallback,A,magsac,magsac,plate_cellule,,frontal,True,contour,False,0.9556592369747241,0.9788508340716362,0.1304123263888889,1.0,0.8658536585365854,0.9860985708426298,0.96930715034824,,78,420,538,547,15.378354990389198,83.0515359994024,0.0005189940566197038,98.45696500269696,False,False,0,0,0.0,,,,,0.0,,False,False,False,True,6,6,,,
plate_cellule/frontal/20260823T132156Z/frame_0017.jpg,20260823T132156Z,17,8.5,quality_fallback,A,magsac,magsac,plate_cellule,plate_cellule,frontal,True,contour,False,0.9696843583434777,0.9769411701709032,0.13200737847222221,1.0,0.9502617801047121,0.9778194555393401,0.9125461671209457,,95,424,541,552,15.406353995786048,87.35967500251718,23.03131899680011,125.89310700423084,True,True,45,40,0.8888888888888888,0.5917717218399048,plate_cellule,,,0.395,0.2,True,False,False,False,0,6,,,
plate_cellule/frontal/20260823T132156Z/frame_0018.jpg,20260823T132156Z,18,9.0,quality_fallback,A,magsac,magsac,plate_cellule,,frontal,True,contour,False,0.972988093849445,0.9742103442549706,0.130595703125,1.0,0.9468641114982579,0.9745167632781252,0.9655728637057696,,105,427,536,550,15.436390996910632,84.77323599800002,0.0006110058166086674,100.23827500117477,False,False,0,0,0.0,,,,,0.0,,False,False,False,True,1,6,,,
plate_cellule/frontal/20260823T132156Z/frame_0019.jpg,20260823T132156Z,19,9.5,quality_fallback,A,magsac,magsac,plate_cellule,plate_cellule,frontal,True,contour,False,0.9598402552754496,0.9776781257241964,0.12962293836805555,1.0,0.8979591836734694,0.9711195326985846,0.9493506836996483,,117,427,538,548,15.253410005243495,85.99514000525232,23.0837630078895,124.42440599261317,True,True,44,40,0.9090909090909091,0.634405255317688,plate_cellule,,,0.38,0.2,True,False,False,False,0,6,,,
plate_cellule/main_sur_bord/20260823T132507Z/frame_0000.jpg,20260823T132507Z,0,0.0,quality_fallback,A,magsac,magsac,plate_cellule,,main_sur_bord,False,calibrated_roi,True,0.0,0.0,0.0,0.0,0.0,0.0,0.0,,0,327,698,841,8.766629005549476,95.56256300129462,23.6890950036468,128.04691700148396,True,False,39,34,0.8717948717948718,0.8222585916519165,plate_cellule,,,0.18875,0.2,False,False,False,True,1,1,,,
plate_cellule/main_sur_bord/20260823T132507Z/frame_0001.jpg,20260823T132507Z,1,0.5,quality_fallback,A,magsac,magsac,plate_cellule,,main_sur_bord,False,calibrated_roi,True,0.0,0.0,0.0,0.0,0.0,0.0,0.0,,0,327,698,841,8.608666001236998,96.59504301089328,23.49405799759552,128.72497100033797,True,False,48,45,0.9375,0.9787787795066833,plate_cellule,,,0.1975,0.2,False,False,False,True,2,2,,,
plate_cellule/main_sur_bord/20260823T132507Z/frame_0002.jpg,20260823T132507Z,2,1.0,quality_fallback,A,magsac,magsac,plate_cellule,,main_sur_bord,False,calibrated_roi,True,0.0,0.0,0.0,0.0,0.0,0.0,0.0,,0,327,698,841,8.767127990722656,100.29601599671878,20.55036200908944,129.64174700027797,True,False,12,6,0.5,0.0003486876958049834,plate_dague,,,0.01875,0.2,False,False,False,True,3,3,,,
plate_cellule/main_sur_bord/20260823T132507Z/frame_0003.jpg,20260823T132507Z,3,1.5,quality_fallback,A,magsac,magsac,plate_cellule,,main_sur_bord,False,calibrated_roi,True,0.0,0.0,0.0,0.0,0.0,0.0,0.0,,0,327,698,841,8.795757996267639,96.6375429998152,0.000610991264693439,105.46113399323076,False,False,0,0,0.0,,,,,0.0,,False,False,False,True,4,4,,,
plate_cellule/main_sur_bord/20260823T132507Z/frame_0004.jpg,20260823T132507Z,4,2.0,quality_fallback,A,magsac,magsac,plate_cellule,,main_sur_bord,False,calibrated_roi,True,0.0,0.0,0.0,0.0,0.0,0.0,0.0,,0,327,698,841,8.61814699601382,92.5120329920901,0.0005369947757571936,101.15888400468975,False,False,0,0,0.0,,,,,0.0,,False,False,False,True,5,5,,,
plate_cellule/main_sur_bord/20260823T132507Z/frame_0005.jpg,20260823T132507Z,5,2.5,quality_fallback,A,magsac,magsac,plate_cellule,,main_sur_bord,False,calibrated_roi,True,0.0,0.0,0.0,0.0,0.0,0.0,0.0,,0,327,698,841,8.709592002560385,92.74882898898795,0.0005370093276724219,101.48679099802393,False,False,0,0,0.0,,,,,0.0,,False,False,False,True,6,6,,,
plate_cellule/main_sur_bord/20260823T132507Z/frame_0006.jpg,20260823T132507Z,6,3.0,quality_fallback,A,magsac,magsac,plate_cellule,,main_sur_bord,False,calibrated_roi,True,0.0,0.0,0.0,0.0,0.0,0.0,0.0,,0,327,698,841,8.636146987555549,94.3542329914635,0.0006120098987594247,103.01751000224613,False,False,0,0,0.0,,,,,0.0,,False,False,False,True,7,7,,,
plate_cellule/main_sur_bord/20260823T132507Z/frame_0007.jpg,20260823T132507Z,7,3.5,quality_fallback,A,magsac,magsac,plate_cellule,,main_sur_bord,False,calibrated_roi,True,0.0,0.0,0.0,0.0,0.0,0.0,0.0,,0,327,698,841,8.636183993075974,92.23258899874054,0.0005369947757571936,100.89808799966704,False,False,0,0,0.0,,,,,0.0,,False,False,False,True,8,8,,,
plate_cellule/main_sur_bord/20260823T132507Z/frame_0008.jpg,20260823T132507Z,8,4.0,quality_fallback,A,magsac,magsac,plate_cellule,,main_sur_bord,False,calibrated_roi,True,0.0,0.0,0.0,0.0,0.0,0.0,0.0,,0,327,698,841,8.673980992170982,90.76088899746537,0.0005369947757571936,99.46338800364174,False,False,0,0,0.0,,,,,0.0,,False,False,False,True,9,9,,,
plate_cellule/main_sur_bord/20260823T132507Z/frame_0009.jpg,20260823T132507Z,9,4.5,quality_fallback,A,magsac,magsac,plate_cellule,,main_sur_bord,False,calibrated_roi,True,0.0,0.0,0.0,0.0,0.0,0.0,0.0,,0,327,698,841,8.683906999067403,92.84890300477855,0.0005930050974711776,101.56223499507178,False,False,0,0,0.0,,,,,0.0,,False,False,False,True,10,10,,,
plate_cellule/main_sur_bord/20260823T132507Z/frame_0010.jpg,20260823T132507Z,10,5.0,quality_fallback,A,magsac,magsac,plate_cellule,,main_sur_bord,False,calibrated_roi,True,0.0,0.0,0.0,0.0,0.0,0.0,0.0,,0,327,698,841,8.481426004436798,94.31236299860757,23.465095000574365,126.28779099031817,True,False,26,26,1.0,1.3881170749664307,plate_cellule,,,0.185,0.2,False,False,False,True,11,11,,,
plate_cellule/main_sur_bord/20260823T132507Z/frame_0011.jpg,20260823T132507Z,11,5.5,quality_fallback,A,magsac,magsac,plate_cellule,,main_sur_bord,False,calibrated_roi,True,0.0,0.0,0.0,0.0,0.0,0.0,0.0,,0,327,698,841,8.464517988613807,93.182494994835,0.0006659975042566657,101.67449399887118,False,False,0,0,0.0,,,,,0.0,,False,False,False,True,12,12,,,
plate_cellule/main_sur_bord/20260823T132507Z/frame_0012.jpg,20260823T132507Z,12,6.0,quality_fallback,A,magsac,magsac,plate_cellule,,main_sur_bord,False,calibrated_roi,True,0.0,0.0,0.0,0.0,0.0,0.0,0.0,,0,327,698,841,8.624684996902943,95.52202699705958,0.0004629982868209481,104.17484100617003,False,False,0,0,0.0,,,,,0.0,,False,False,False,True,13,13,,,
plate_cellule/main_sur_bord/20260823T132507Z/frame_0013.jpg,20260823T132507Z,13,6.5,quality_fallback,A,magsac,magsac,plate_cellule,,main_sur_bord,False,calibrated_roi,True,0.0,0.0,0.0,0.0,0.0,0.0,0.0,,0,327,698,841,8.578164997743443,93.31236500293016,0.0005920010153204203,101.91684600431472,False,False,0,0,0.0,,,,,0.0,,False,False,False,True,14,14,,,
plate_cellule/main_sur_bord/20260823T132507Z/frame_0014.jpg,20260823T132507Z,14,7.0,quality_fallback,A,magsac,magsac,plate_cellule,plate_cellule,main_sur_bord,False,calibrated_roi,True,0.0,0.0,0.0,0.0,0.0,0.0,0.0,,0,327,698,841,8.19198100361973,93.25001298566349,23.15383699897211,124.69099799636751,True,True,36,29,0.8055555555555556,0.8404654860496521,plate_cellule,,,0.2875,0.2,True,False,False,False,0,14,7.0,,
plate_cellule/main_sur_bord/20260823T132507Z/frame_0015.jpg,20260823T132507Z,15,7.5,quality_fallback,A,magsac,magsac,plate_cellule,,main_sur_bord,False,calibrated_roi,True,0.0,0.0,0.0,0.0,0.0,0.0,0.0,,0,327,698,841,8.275888001662679,92.61301498918328,0.000500003807246685,100.91695899609476,False,False,0,0,0.0,,,,,0.0,,False,False,False,True,1,14,,,
plate_cellule/main_sur_bord/20260823T132507Z/frame_0016.jpg,20260823T132507Z,16,8.0,quality_fallback,A,magsac,magsac,plate_cellule,,main_sur_bord,False,calibrated_roi,True,0.0,0.0,0.0,0.0,0.0,0.0,0.0,,0,327,698,841,8.128982008202001,90.81981499912217,0.0005930050974711776,98.9789080049377,False,False,0,0,0.0,,,,,0.0,,False,False,False,True,2,14,,,
plate_cellule/main_sur_bord/20260823T132507Z/frame_0017.jpg,20260823T132507Z,17,8.5,quality_fallback,A,magsac,magsac,plate_cellule,,main_sur_bord,False,calibrated_roi,True,0.0,0.0,0.0,0.0,0.0,0.0,0.0,,0,327,698,841,8.207906997995451,91.36203600792214,0.0005369947757571936,99.60538800805807,False,False,0,0,0.0,,,,,0.0,,False,False,False,True,3,14,,,
plate_cellule/main_sur_bord/20260823T132507Z/frame_0018.jpg,20260823T132507Z,18,9.0,quality_fallback,A,magsac,magsac,plate_cellule,plate_cellule,main_sur_bord,False,calibrated_roi,True,0.0,0.0,0.0,0.0,0.0,0.0,0.0,,0,327,698,841,8.59194400254637,98.89963000023272,23.430614004610106,131.02146500023082,True,True,50,41,0.82,0.8389397263526917,plate_cellule,,,0.245,0.2,True,False,False,False,0,14,,,
plate_cellule/main_sur_bord/20260823T132507Z/frame_0019.jpg,20260823T132507Z,19,9.5,quality_fallback,A,magsac,magsac,plate_cellule,plate_cellule,main_sur_bord,False,calibrated_roi,True,0.0,0.0,0.0,0.0,0.0,0.0,0.0,,0,327,698,841,8.487814004183747,94.56599199620541,23.62141000048723,126.76878999627661,True,True,43,36,0.8372093023255814,0.7383031249046326,plate_cellule,,,0.34375,0.2,True,False,False,False,0,14,,,
plate_cellule/occlusion_angle/20260823T132607Z/frame_0000.jpg,20260823T132607Z,0,0.0,quality_fallback,A,magsac,magsac,plate_cellule,plate_cellule,occlusion_angle,False,calibrated_roi,True,0.0,0.0,0.0,0.0,0.0,0.0,0.0,,0,327,698,841,8.604758986621164,95.65850699436851,23.848632001318038,128.20584198925644,True,True,36,29,0.8055555555555556,0.5687817335128784,plate_cellule,,,0.315,0.2,True,False,False,False,0,0,0.0,,
plate_cellule/occlusion_angle/20260823T132607Z/frame_0001.jpg,20260823T132607Z,1,0.5,quality_fallback,A,magsac,magsac,plate_cellule,plate_cellule,occlusion_angle,False,calibrated_roi,True,0.0,0.0,0.0,0.0,0.0,0.0,0.0,,0,327,698,841,8.520647010300308,96.5561540069757,23.952482995809987,129.12069199956022,True,True,36,30,0.8333333333333334,0.6747846007347107,plate_cellule,,,0.3475,0.2,True,False,False,False,0,0,,,
plate_cellule/occlusion_angle/20260823T132607Z/frame_0002.jpg,20260823T132607Z,2,1.0,quality_fallback,A,magsac,magsac,plate_cellule,plate_cellule,occlusion_angle,False,calibrated_roi,True,0.0,0.0,0.0,0.0,0.0,0.0,0.0,,0,327,698,841,8.481331999064423,96.75104299094528,23.857909996877424,129.18361800257117,True,True,27,19,0.7037037037037037,0.8093163371086121,plate_cellule,,,0.30125,0.2,True,False,False,False,0,0,,,
plate_cellule/occlusion_angle/20260823T132607Z/frame_0003.jpg,20260823T132607Z,3,1.5,quality_fallback,A,magsac,magsac,plate_cellule,plate_cellule,occlusion_angle,False,calibrated_roi,True,0.0,0.0,0.0,0.0,0.0,0.0,0.0,,0,327,698,841,8.430258996668272,98.83518499555066,23.5817990032956,130.93755800218787,True,True,27,20,0.7407407407407407,1.021052598953247,plate_cellule,,,0.38,0.2,True,False,False,False,0,0,,plate_cellule,1.5
plate_cellule/occlusion_angle/20260823T132607Z/frame_0004.jpg,20260823T132607Z,4,2.0,quality_fallback,A,magsac,magsac,plate_cellule,,occlusion_angle,False,calibrated_roi,True,0.0,0.0,0.0,0.0,0.0,0.0,0.0,,0,327,698,841,8.629276999272406,93.96238099725451,0.0006479967851191759,102.61938101029955,False,False,0,0,0.0,,,,,0.0,,False,False,False,True,1,1,,,
plate_cellule/occlusion_angle/20260823T132607Z/frame_0005.jpg,20260823T132607Z,5,2.5,quality_fallback,A,magsac,magsac,plate_cellule,plate_cellule,occlusion_angle,False,calibrated_roi,True,0.0,0.0,0.0,0.0,0.0,0.0,0.0,,0,327,698,841,8.484296005917713,96.78878300474025,23.681057995418087,129.0462659962941,True,True,37,35,0.9459459459459459,0.9360944628715515,plate_cellule,,,0.37375,0.2,True,False,False,False,0,1,,,
plate_cellule/occlusion_angle/20260823T132607Z/frame_0006.jpg,20260823T132607Z,6,3.0,quality_fallback,A,magsac,magsac,plate_cellule,,occlusion_angle,False,calibrated_roi,True,0.0,0.0,0.0,0.0,0.0,0.0,0.0,,0,327,698,841,8.467647989164107,95.97309899982065,0.0006660120561718941,104.46919199603144,False,False,0,0,0.0,,,,,0.0,,False,False,False,True,1,1,,,
plate_cellule/occlusion_angle/20260823T132607Z/frame_0007.jpg,20260823T132607Z,7,3.5,quality_fallback,A,magsac,magsac,plate_cellule,,occlusion_angle,False,calibrated_roi,True,0.0,0.0,0.0,0.0,0.0,0.0,0.0,,0,327,698,841,8.46153601014521,93.51701200648677,0.0005740002961829305,102.006364002591,False,False,0,0,0.0,,,,,0.0,,False,False,False,True,2,2,,,
plate_cellule/occlusion_angle/20260823T132607Z/frame_0008.jpg,20260823T132607Z,8,4.0,quality_fallback,A,magsac,magsac,plate_cellule,,occlusion_angle,False,calibrated_roi,True,0.0,0.0,0.0,0.0,0.0,0.0,0.0,,0,327,698,841,8.523833006620407,94.76849099155515,0.0004629982868209481,103.32084300171118,False,False,0,0,0.0,,,,,0.0,,False,False,False,True,3,3,,,
plate_cellule/occlusion_angle/20260823T132607Z/frame_0009.jpg,20260823T132607Z,9,4.5,quality_fallback,A,magsac,magsac,plate_cellule,,occlusion_angle,False,calibrated_roi,True,0.0,0.0,0.0,0.0,0.0,0.0,0.0,,0,327,698,841,8.428203000221401,93.10192099655978,0.0007410126272588968,101.55910599860363,False,False,0,0,0.0,,,,,0.0,,False,False,False,True,4,4,,,
plate_cellule/occlusion_angle/20260823T132607Z/frame_0010.jpg,20260823T132607Z,10,5.0,quality_fallback,A,magsac,magsac,plate_cellule,,occlusion_angle,False,calibrated_roi,True,0.0,0.0,0.0,0.0,0.0,0.0,0.0,,0,327,698,841,8.417611010372639,93.5013650014298,0.0009630020940676332,101.94880800554529,False,False,0,0,0.0,,,,,0.0,,False,False,False,True,5,5,,,
plate_cellule/occlusion_angle/20260823T132607Z/frame_0011.jpg,20260823T132607Z,11,5.5,quality_fallback,A,magsac,magsac,plate_cellule,,occlusion_angle,False,calibrated_roi,True,0.0,0.0,0.0,0.0,0.0,0.0,0.0,,0,327,698,841,8.564870004192926,90.680148001411,0.0009820068953558803,99.27414699632209,False,False,0,0,0.0,,,,,0.0,,False,False,False,True,6,6,,,
plate_cellule/occlusion_angle/20260823T132607Z/frame_0012.jpg,20260823T132607Z,12,6.0,quality_fallback,A,magsac,magsac,plate_cellule,,occlusion_angle,False,calibrated_roi,True,0.0,0.0,0.0,0.0,0.0,0.0,0.0,,0,327,698,841,8.384480999666266,91.11977700376883,0.0005559995770454407,99.53436900104862,False,False,0,0,0.0,,,,,0.0,,False,False,False,True,7,7,,,
plate_cellule/occlusion_angle/20260823T132607Z/frame_0013.jpg,20260823T132607Z,13,6.5,quality_fallback,A,magsac,magsac,plate_cellule,,occlusion_angle,False,calibrated_roi,True,0.0,0.0,0.0,0.0,0.0,0.0,0.0,,0,327,698,841,8.300999994389713,92.83012500964105,0.0006479967851191759,101.16057000414003,False,False,0,0,0.0,,,,,0.0,,False,False,False,True,8,8,,,
plate_cellule/occlusion_angle/20260823T132607Z/frame_0014.jpg,20260823T132607Z,14,7.0,quality_fallback,A,magsac,magsac,plate_cellule,plate_cellule,occlusion_angle,False,calibrated_roi,True,0.0,0.0,0.0,0.0,0.0,0.0,0.0,,0,327,698,841,8.363258995814249,100.4214599961415,23.86839099926874,132.74418299261015,True,True,39,35,0.8974358974358975,0.8636645078659058,plate_cellule,,,0.37375,0.2,True,False,False,False,0,8,,,
plate_cellule/occlusion_angle/20260823T132607Z/frame_0015.jpg,20260823T132607Z,15,7.5,quality_fallback,A,magsac,magsac,plate_cellule,,occlusion_angle,False,calibrated_roi,True,0.0,0.0,0.0,0.0,0.0,0.0,0.0,,0,327,698,841,8.2844070129795,95.38228600285947,13.744062001933344,117.43749500601552,True,False,8,6,0.75,0.1477319300174713,plate_dague,,,0.0125,0.2,False,False,False,True,1,8,,,
plate_cellule/occlusion_angle/20260823T132607Z/frame_0016.jpg,20260823T132607Z,16,8.0,quality_fallback,A,magsac,magsac,plate_cellule,,occlusion_angle,False,calibrated_roi,True,0.0,0.0,0.0,0.0,0.0,0.0,0.0,,0,327,698,841,8.39455499954056,94.94908299529925,0.0007780035957694054,103.37212000740692,False,False,0,0,0.0,,,,,0.0,,False,False,False,True,2,8,,,
plate_cellule/occlusion_angle/20260823T132607Z/frame_0017.jpg,20260823T132607Z,17,8.5,quality_fallback,A,magsac,magsac,plate_cellule,,occlusion_angle,False,calibrated_roi,True,0.0,0.0,0.0,0.0,0.0,0.0,0.0,,0,327,698,841,8.542017996660434,90.75466699141543,0.0005740002961829305,99.32422199926805,False,False,0,0,0.0,,,,,0.0,,False,False,False,True,3,8,,,
plate_cellule/occlusion_angle/20260823T132607Z/frame_0018.jpg,20260823T132607Z,18,9.0,quality_fallback,A,magsac,magsac,plate_cellule,,occlusion_angle,False,calibrated_roi,True,0.0,0.0,0.0,0.0,0.0,0.0,0.0,,0,327,698,841,8.636332000605762,94.96771299745888,0.0004629982868209481,103.63193399098236,False,False,0,0,0.0,,,,,0.0,,False,False,False,True,4,8,,,
plate_cellule/occlusion_angle/20260823T132607Z/frame_0019.jpg,20260823T132607Z,19,9.5,quality_fallback,A,magsac,magsac,plate_cellule,,occlusion_angle,False,calibrated_roi,True,0.0,0.0,0.0,0.0,0.0,0.0,0.0,,0,327,698,841,8.51712899748236,91.00107300037052,0.00044499756768345833,99.54660999937914,False,False,0,0,0.0,,,,,0.0,,False,False,False,True,5,8,,,
plate_chaudron/frontal/20260823T135713Z/frame_0000.jpg,20260823T135713Z,0,0.0,quality_fallback,A,magsac,magsac,plate_chaudron,plate_chaudron,frontal,True,contour,False,0.9152172807698182,0.988277630880475,0.15748155381944445,1.0,0.8921739130434783,0.9569051324480621,0.5,,49,420,604,593,15.747298006317578,89.76040899869986,24.498815997503698,130.10124501306564,True,True,49,40,0.8163265306122449,0.6626402139663696,plate_chaudron,,,0.47125,0.2,True,False,False,False,0,0,0.0,,
plate_chaudron/frontal/20260823T135713Z/frame_0001.jpg,20260823T135713Z,1,0.5,quality_fallback,A,magsac,magsac,plate_chaudron,plate_chaudron,frontal,True,contour,False,0.9575494897803136,0.987276746891439,0.15679850260416667,1.0,0.8740157480314961,0.9548013322702732,0.9738239547798054,,42,421,603,592,15.684908998082392,91.6756090009585,24.318408002727665,131.77244400139898,True,True,52,46,0.8846153846153846,0.8374310731887817,plate_chaudron,,,0.42,0.2,True,False,False,False,0,0,,,
plate_chaudron/frontal/20260823T135713Z/frame_0002.jpg,20260823T135713Z,2,1.0,quality_fallback,A,magsac,magsac,plate_chaudron,,frontal,True,contour,False,0.9475119792962874,0.9853134276345372,0.15649956597222223,1.0,0.8266199649737302,0.9543187868141271,0.9983108108108109,,42,421,603,591,15.587650006636977,89.05574399977922,0.0005930050974711776,104.67017300834414,False,False,0,0,0.0,,,,,0.0,,False,False,False,True,1,1,,,
plate_chaudron/frontal/20260823T135713Z/frame_0003.jpg,20260823T135713Z,3,1.5,quality_fallback,A,magsac,magsac,plate_chaudron,,frontal,True,contour,False,0.9589579932311137,0.9892407236620784,0.1557367621527778,1.0,0.8723776223776224,0.9525007987628052,0.9884129066180398,,40,421,601,590,15.60355800029356,90.8219819975784,0.0004809990059584379,106.45229699730407,False,False,0,0,0.0,,,,,0.0,,False,False,False,True,2,2,,,
plate_chaudron/frontal/20260823T135713Z/frame_0004.jpg,20260823T135713Z,4,2.0,quality_fallback,A,magsac,magsac,plate_chaudron,plate_chaudron,frontal,True,contour,False,0.9882273227460545,0.9909813906997442,0.1552463107638889,1.0,0.9895287958115183,0.9522862473221945,0.9832208185103224,,40,417,600,589,15.53559399326332,91.11751698947046,24.33070499682799,131.07702000706922,True,True,55,46,0.8363636363636363,0.8590960502624512,plate_chaudron,,,0.4225,0.2,True,False,False,False,0,2,,plate_chaudron,2.0
plate_chaudron/frontal/20260823T135713Z/frame_0005.jpg,20260823T135713Z,5,2.5,quality_fallback,A,magsac,magsac,plate_chaudron,plate_chaudron,frontal,False,calibrated_roi,True,0.0,0.0,0.0,0.0,0.0,0.0,0.0,,0,327,698,841,8.8117210107157,94.99315700668376,24.183000990888104,128.0853599891998,True,True,36,28,0.7777777777777778,0.882632851600647,plate_chaudron,,,0.2975,0.2,True,False,False,False,0,2,,,
plate_chaudron/frontal/20260823T135713Z/frame_0006.jpg,20260823T135713Z,6,3.0,quality_fallback,A,magsac,magsac,plate_chaudron,plate_chaudron,frontal,True,contour,False,0.9779089252312052,0.9902458973228931,0.15767740885416667,1.0,0.9680759275237274,0.9557236941445513,0.9324380473895038,,47,427,604,593,15.819241991266608,89.97424200060777,24.359592993278056,130.24561500060372,True,True,48,38,0.7916666666666666,0.679851770401001,plate_chaudron,,,0.40375,0.2,True,False,False,False,0,2,,,
plate_chaudron/frontal/20260823T135713Z/frame_0007.jpg,20260823T135713Z,7,3.5,quality_fallback,A,magsac,magsac,plate_chaudron,plate_chaudron,frontal,True,contour,False,0.946532574948848,0.9871896486729383,0.15564019097222223,1.0,0.858647936786655,0.9545204574002246,0.9026165041028023,,26,420,601,590,15.565927998977713,88.32913500373252,24.434075006865896,128.42224800260738,True,True,55,50,0.9090909090909091,0.9000756740570068,plate_chaudron,,,0.40625,0.2,True,False,False,False,0,2,,,
plate_chaudron/frontal/20260823T135713Z/frame_0008.jpg,20260823T135713Z,8,4.0,quality_fallback,A,magsac,magsac,plate_chaudron,plate_chaudron,frontal,True,contour,False,0.990297158566334,0.9909797003492713,0.15688313802083334,1.0,0.998256320836966,0.9576327664032553,0.9767589161198558,,27,424,603,592,15.506354000535794,87.97950600273907,24.35368600708898,127.93558300472796,True,True,53,49,0.9245283018867925,0.6888582706451416,plate_chaudron,,,0.4375,0.2,True,False,False,False,0,2,,,
plate_chaudron/frontal/20260823T135713Z/frame_0009.jpg,20260823T135713Z,9,4.5,quality_fallback,A,magsac,magsac,plate_chaudron,plate_chaudron,frontal,True,contour,False,0.9902138840827268,0.990606945939362,0.15662977430555555,1.0,0.9939024390243902,0.9538459588548014,0.9917159465934029,,25,424,603,591,15.921705009532161,90.11670500331093,24.320463999174535,130.45028000487946,True,True,52,46,0.8846153846153846,0.8587496876716614,plate_chaudron,,,0.4475,0.2,True,False,False,False,0,2,,,
plate_chaudron/frontal/20260823T135713Z/frame_0010.jpg,20260823T135713Z,10,5.0,quality_fallback,A,magsac,magsac,plate_chaudron,plate_chaudron,frontal,True,contour,False,0.9632483351359564,0.989745537750423,0.15613335503472223,1.0,0.8930434782608696,0.9471708153123793,0.9834672271437411,,22,423,602,590,15.559020001091994,90.25172299880069,24.500351995811798,130.40381799510214,True,True,52,47,0.9038461538461539,0.8247308731079102,plate_chaudron,,,0.43625,0.2,True,False,False,False,0,2,,,
plate_chaudron/frontal/20260823T135713Z/frame_0011.jpg,20260823T135713Z,11,5.5,quality_fallback,A,magsac,magsac,plate_chaudron,plate_chaudron,frontal,True,contour,False,0.9823167931100367,0.9913238538429141,0.15615614149305557,1.0,0.9721980886185926,0.9546228016598888,0.9640783463652551,,13,425,602,590,15.58189099887386,88.980818996788,24.52961099334061,129.18635699315928,True,True,52,46,0.8846153846153846,0.8865957260131836,plate_chaudron,,,0.43,0.2,True,False,False,False,0,2,,,
plate_chaudron/frontal/20260823T135713Z/frame_0012.jpg,20260823T135713Z,12,6.0,quality_fallback,A,magsac,magsac,plate_chaudron,plate_chaudron,frontal,True,contour,False,0.9483507542381828,0.9870181353762746,0.15674479166666666,1.0,0.8318890814558059,0.9592275655467064,0.983502867066783,,16,426,604,590,15.423261997057125,89.58189100667369,24.450130003970116,129.54826399800368,True,True,44,42,0.9545454545454546,0.7418750524520874,plate_chaudron,,,0.41625,0.2,True,False,False,False,0,2,,,
plate_chaudron/frontal/20260823T135713Z/frame_0013.jpg,20260823T135713Z,13,6.5,quality_fallback,A,magsac,magsac,plate_chaudron,plate_chaudron,frontal,False,calibrated_roi,True,0.0,0.0,0.0,0.0,0.0,0.0,0.0,,0,327,698,841,8.476832997985184,93.18327199434862,23.969817004399374,125.72516201180406,True,True,32,24,0.75,0.8056106567382812,plate_chaudron,,,0.29625,0.2,True,False,False,False,0,2,,,
plate_chaudron/frontal/20260823T135713Z/frame_0014.jpg,20260823T135713Z,14,7.0,quality_fallback,A,magsac,magsac,plate_chaudron,plate_chaudron,frontal,True,contour,False,0.9374197949288403,0.9850650830194354,0.15328559027777777,1.0,0.8047285464098074,0.96242835411876,0.9447529800868187,,10,421,597,585,15.374187001725659,89.05015200434718,24.480056003085338,128.9971730002435,True,True,53,40,0.7547169811320755,0.6662266850471497,plate_chaudron,,,0.4225,0.2,True,False,False,False,0,2,,,
plate_chaudron/frontal/20260823T135713Z/frame_0015.jpg,20260823T135713Z,15,7.5,quality_fallback,A,magsac,magsac,plate_chaudron,plate_chaudron,frontal,True,contour,False,0.989627087360051,0.9910670006647706,0.15487141927083334,1.0,1.0,0.9559787103402791,0.9670911612659185,,0,419,600,588,15.288854003301822,88.85454099799972,24.333592999028042,128.57148800685536,True,True,44,40,0.9090909090909091,0.8473617434501648,plate_chaudron,,,0.40375,0.2,True,False,False,False,0,2,,,
plate_chaudron/frontal/20260823T135713Z/frame_0016.jpg,20260823T135713Z,16,8.0,quality_fallback,A,magsac,magsac,plate_chaudron,plate_chaudron,frontal,True,contour,False,0.9596371443554099,0.9885044796392322,0.1532183159722222,1.0,0.8797190517998245,0.9449310614987415,0.9866293136381001,,4,420,597,585,15.160353999817744,89.33818800142035,24.16911200270988,128.75946999702137,True,True,44,37,0.8409090909090909,0.8581027984619141,plate_chaudron,,,0.39625,0.2,True,False,False,False,0,2,,,
plate_chaudron/frontal/20260823T135713Z/frame_0017.jpg,20260823T135713Z,17,8.5,quality_fallback,A,magsac,magsac,plate_chaudron,plate_chaudron,frontal,True,contour,False,0.9705476809422411,0.9848280427977443,0.15657009548611112,1.0,0.9378238341968912,0.9569239287089768,0.9495091668279734,,10,424,604,589,15.522058005444705,89.02020800451282,24.162668007193133,128.79683999926783,True,True,35,32,0.9142857142857143,0.8623743653297424,plate_chaudron,,,0.40125,0.2,True,False,False,False,0,2,,,
plate_chaudron/frontal/20260823T135713Z/frame_0018.jpg,20260823T135713Z,18,9.0,quality_fallback,A,magsac,magsac,plate_chaudron,,frontal,True,contour,False,0.9839494644770225,0.9850848633795977,0.15828233506944445,1.0,0.9836488812392427,0.9674996877328119,0.9576181638005136,,3,429,606,593,15.536353996139951,87.38974800508004,0.0005180045263841748,102.95411999686621,False,False,0,0,0.0,,,,,0.0,,False,False,False,True,1,2,,,
plate_chaudron/frontal/20260823T135713Z/frame_0019.jpg,20260823T135713Z,19,9.5,quality_fallback,A,magsac,magsac,plate_chaudron,plate_chaudron,frontal,True,contour,False,0.989699972069804,0.988281849771738,0.15713704427083333,1.0,0.994823123382226,0.9550311036822018,0.9900652592450597,,6,430,604,591,15.488558012293652,92.35844100476243,24.4134450040292,132.35292500758078,True,True,60,44,0.7333333333333333,0.8023229837417603,plate_chaudron,,,0.4175,0.2,True,False,False,False,0,2,,,
plate_chaudron/main_sur_bord/20260823T135744Z/frame_0000.jpg,20260823T135744Z,0,0.0,quality_fallback,A,magsac,magsac,plate_chaudron,plate_chaudron,main_sur_bord,False,calibrated_roi,True,0.0,0.0,0.0,0.0,0.0,0.0,0.0,,0,327,698,841,9.072423999896273,98.252465002588,24.067131002084352,131.48688900400884,True,True,44,37,0.8409090909090909,0.9011557102203369,plate_chaudron,,,0.395,0.2,True,False,False,False,0,0,0.0,,
plate_chaudron/main_sur_bord/20260823T135744Z/frame_0001.jpg,20260823T135744Z,1,0.5,quality_fallback,A,magsac,magsac,plate_chaudron,plate_chaudron,main_sur_bord,False,calibrated_roi,True,0.0,0.0,0.0,0.0,0.0,0.0,0.0,,0,327,698,841,9.110423998208717,97.78192899830174,24.033574998611584,131.0196319973329,True,True,41,33,0.8048780487804879,0.923913836479187,plate_chaudron,,,0.43125,0.2,True,False,False,False,0,0,,,
plate_chaudron/main_sur_bord/20260823T135744Z/frame_0002.jpg,20260823T135744Z,2,1.0,quality_fallback,A,magsac,magsac,plate_chaudron,plate_chaudron,main_sur_bord,False,calibrated_roi,True,0.0,0.0,0.0,0.0,0.0,0.0,0.0,,0,327,698,841,9.025609004311264,100.14547800528817,24.08000099239871,133.34384899644647,True,True,57,39,0.6842105263157895,0.9840473532676697,plate_chaudron,,,0.3475,0.2,True,False,False,False,0,0,,,
plate_chaudron/main_sur_bord/20260823T135744Z/frame_0003.jpg,20260823T135744Z,3,1.5,quality_fallback,A,magsac,magsac,plate_chaudron,plate_chaudron,main_sur_bord,False,calibrated_roi,True,0.0,0.0,0.0,0.0,0.0,0.0,0.0,,0,327,698,841,8.932904995162971,97.26457799843047,24.03550100279972,130.32816999475472,True,True,35,31,0.8857142857142857,0.6616983413696289,plate_chaudron,,,0.38625,0.2,True,False,False,False,0,0,,plate_chaudron,1.5
plate_chaudron/main_sur_bord/20260823T135744Z/frame_0004.jpg,20260823T135744Z,4,2.0,quality_fallback,A,magsac,magsac,plate_chaudron,plate_chaudron,main_sur_bord,False,calibrated_roi,True,0.0,0.0,0.0,0.0,0.0,0.0,0.0,,0,327,698,841,9.744088994921185,96.78024500317406,24.279593999381177,130.89748298807535,True,True,38,34,0.8947368421052632,0.5762911438941956,plate_chaudron,,,0.445,0.2,True,False,False,False,0,0,,,
plate_chaudron/main_sur_bord/20260823T135744Z/frame_0005.jpg,20260823T135744Z,5,2.5,quality_fallback,A,magsac,magsac,plate_chaudron,plate_chaudron,main_sur_bord,False,calibrated_roi,True,0.0,0.0,0.0,0.0,0.0,0.0,0.0,,0,327,698,841,9.129275000304915,101.37034600484185,24.085352997644804,134.67660499736667,True,True,45,37,0.8222222222222222,0.7294902801513672,plate_chaudron,,,0.375,0.2,True,False,False,False,0,0,,,
plate_chaudron/main_sur_bord/20260823T135744Z/frame_0006.jpg,20260823T135744Z,6,3.0,quality_fallback,A,magsac,magsac,plate_chaudron,plate_chaudron,main_sur_bord,False,calibrated_roi,True,0.0,0.0,0.0,0.0,0.0,0.0,0.0,,0,327,698,841,8.948832008172758,99.5975539990468,23.500057999626733,132.1392950048903,True,True,66,38,0.5757575757575758,0.8056397438049316,plate_chaudron,,,0.375,0.2,True,False,False,False,0,0,,,
plate_chaudron/main_sur_bord/20260823T135744Z/frame_0007.jpg,20260823T135744Z,7,3.5,quality_fallback,A,magsac,magsac,plate_chaudron,plate_chaudron,main_sur_bord,False,calibrated_roi,True,0.0,0.0,0.0,0.0,0.0,0.0,0.0,,0,327,698,841,8.84979500551708,99.25201701116748,24.01139099674765,132.20531299884897,True,True,36,24,0.6666666666666666,0.8390034437179565,plate_chaudron,,,0.40125,0.2,True,False,False,False,0,0,,,
plate_chaudron/main_sur_bord/20260823T135744Z/frame_0008.jpg,20260823T135744Z,8,4.0,quality_fallback,A,magsac,magsac,plate_chaudron,plate_chaudron,main_sur_bord,False,calibrated_roi,True,0.0,0.0,0.0,0.0,0.0,0.0,0.0,,0,327,698,841,8.801498988759704,97.06113299762364,24.15446400118526,130.10843000665773,True,True,42,36,0.8571428571428571,0.8218884468078613,plate_chaudron,,,0.44,0.2,True,False,False,False,0,0,,,
plate_chaudron/main_sur_bord/20260823T135744Z/frame_0009.jpg,20260823T135744Z,9,4.5,quality_fallback,A,magsac,magsac,plate_chaudron,plate_chaudron,main_sur_bord,False,calibrated_roi,True,0.0,0.0,0.0,0.0,0.0,0.0,0.0,,0,327,698,841,8.919628002331592,99.55368300143164,23.81855799467303,132.38657300826162,True,True,36,34,0.9444444444444444,0.9383869767189026,plate_chaudron,,,0.345,0.2,True,False,False,False,0,0,,,
plate_chaudron/main_sur_bord/20260823T135744Z/frame_0010.jpg,20260823T135744Z,10,5.0,quality_fallback,A,magsac,magsac,plate_chaudron,plate_chaudron,main_sur_bord,False,calibrated_roi,True,0.0,0.0,0.0,0.0,0.0,0.0,0.0,,0,327,698,841,9.05471999431029,102.11808499298058,24.296037998283282,135.56515800883062,True,True,47,31,0.6595744680851063,0.85676109790802,plate_chaudron,plate_cellule,0.33783783783783783,0.4575,0.2,True,False,False,False,0,0,,,
plate_chaudron/main_sur_bord/20260823T135744Z/frame_0011.jpg,20260823T135744Z,11,5.5,quality_fallback,A,magsac,magsac,plate_chaudron,plate_chaudron,main_sur_bord,False,calibrated_roi,True,0.0,0.0,0.0,0.0,0.0,0.0,0.0,,0,327,698,841,8.910221004043706,95.68243200192228,23.934224009281024,128.62393200339284,True,True,37,30,0.8108108108108109,0.8300319910049438,plate_chaudron,,,0.39,0.2,True,False,False,False,0,0,,,
plate_chaudron/main_sur_bord/20260823T135744Z/frame_0012.jpg,20260823T135744Z,12,6.0,quality_fallback,A,magsac,magsac,plate_chaudron,plate_chaudron,main_sur_bord,False,calibrated_roi,True,0.0,0.0,0.0,0.0,0.0,0.0,0.0,,0,327,698,841,9.027942985994741,99.73370100487955,24.03618599055335,132.89553399954457,True,True,50,42,0.84,1.024048924446106,plate_chaudron,plate_cellule,0.375,0.4,0.2,True,False,False,False,0,0,,,
plate_chaudron/main_sur_bord/20260823T135744Z/frame_0013.jpg,20260823T135744Z,13,6.5,quality_fallback,A,magsac,magsac,plate_chaudron,,main_sur_bord,False,calibrated_roi,True,0.0,0.0,0.0,0.0,0.0,0.0,0.0,,0,327,698,841,8.05588900402654,89.21050299250055,0.0004250032361596823,97.2954290045891,False,False,0,0,0.0,,,,,0.0,,False,False,False,True,1,1,,,
plate_chaudron/main_sur_bord/20260823T135744Z/frame_0014.jpg,20260823T135744Z,14,7.0,quality_fallback,A,magsac,magsac,plate_chaudron,plate_chaudron,main_sur_bord,False,calibrated_roi,True,0.0,0.0,0.0,0.0,0.0,0.0,0.0,,0,327,698,841,9.16914599656593,95.93226500146557,23.970927999471314,129.16922698786948,True,True,39,31,0.7948717948717948,1.0219846963882446,plate_chaudron,,,0.35375,0.2,True,False,False,False,0,1,,,
plate_chaudron/main_sur_bord/20260823T135744Z/frame_0015.jpg,20260823T135744Z,15,7.5,quality_fallback,A,magsac,magsac,plate_chaudron,plate_chaudron,main_sur_bord,False,calibrated_roi,True,0.0,0.0,0.0,0.0,0.0,0.0,0.0,,0,327,698,841,8.851758000673726,99.80266400089022,23.693002003710717,132.43838700873312,True,True,22,20,0.9090909090909091,0.8243362903594971,plate_chaudron,,,0.33625,0.2,True,False,False,False,0,1,,,
plate_chaudron/main_sur_bord/20260823T135744Z/frame_0016.jpg,20260823T135744Z,16,8.0,quality_fallback,A,magsac,magsac,plate_chaudron,,main_sur_bord,False,calibrated_roi,True,0.0,0.0,0.0,0.0,0.0,0.0,0.0,,0,327,698,841,6.7445029999362305,90.37592599634081,21.70058099727612,118.84904700855259,True,False,11,6,0.5454545454545454,0.11424249410629272,plate_bougie,,,0.0175,0.2,False,False,False,True,1,1,,,
plate_chaudron/main_sur_bord/20260823T135744Z/frame_0017.jpg,20260823T135744Z,17,8.5,quality_fallback,A,magsac,magsac,plate_chaudron,,main_sur_bord,False,calibrated_roi,True,0.0,0.0,0.0,0.0,0.0,0.0,0.0,,0,327,698,841,8.325277987751178,90.93214699532837,0.0005559995770454407,99.28755399596412,False,False,0,0,0.0,,,,,0.0,,False,False,False,True,2,2,,,
plate_chaudron/main_sur_bord/20260823T135744Z/frame_0018.jpg,20260823T135744Z,18,9.0,quality_fallback,A,magsac,magsac,plate_chaudron,,main_sur_bord,False,calibrated_roi,True,0.0,0.0,0.0,0.0,0.0,0.0,0.0,,0,327,698,841,7.611483000800945,91.3999050098937,0.0006479967851191759,99.04046199517325,False,False,0,0,0.0,,,,,0.0,,False,False,False,True,3,3,,,
plate_chaudron/main_sur_bord/20260823T135744Z/frame_0019.jpg,20260823T135744Z,19,9.5,quality_fallback,A,magsac,magsac,plate_chaudron,,main_sur_bord,False,calibrated_roi,True,0.0,0.0,0.0,0.0,0.0,0.0,0.0,,0,327,698,841,7.320556993363425,87.76019100332633,0.0006479967851191759,95.11050800210796,False,False,0,0,0.0,,,,,0.0,,False,False,False,True,4,4,,,
plate_chaudron/occlusion_angle/20260823T135821Z/frame_0000.jpg,20260823T135821Z,0,0.0,quality_fallback,A,magsac,magsac,plate_chaudron,plate_chaudron,occlusion_angle,False,calibrated_roi,True,0.0,0.0,0.0,0.0,0.0,0.0,0.0,,0,327,698,841,8.8409239979228,101.27401199133601,24.154537997674197,134.36262299364898,True,True,21,18,0.8571428571428571,0.9183424711227417,plate_chaudron,,,0.24125,0.2,True,False,False,False,0,0,0.0,,
plate_chaudron/occlusion_angle/20260823T135821Z/frame_0001.jpg,20260823T135821Z,1,0.5,quality_fallback,A,magsac,magsac,plate_chaudron,plate_chaudron,occlusion_angle,False,calibrated_roi,True,0.0,0.0,0.0,0.0,0.0,0.0,0.0,,0,327,698,841,8.963257991126738,96.4166350022424,24.38120500301011,129.8511339991819,True,True,34,29,0.8529411764705882,0.7806153893470764,plate_chaudron,,,0.40625,0.2,True,False,False,False,0,0,,,
plate_chaudron/occlusion_angle/20260823T135821Z/frame_0002.jpg,20260823T135821Z,2,1.0,quality_fallback,A,magsac,magsac,plate_chaudron,plate_chaudron,occlusion_angle,False,calibrated_roi,True,0.0,0.0,0.0,0.0,0.0,0.0,0.0,,0,327,698,841,8.43553700542543,94.10502799437381,23.989612993318588,126.62484399334062,True,True,22,17,0.7727272727272727,0.9924314618110657,plate_chaudron,,,0.2525,0.2,True,False,False,False,0,0,,,
plate_chaudron/occlusion_angle/20260823T135821Z/frame_0003.jpg,20260823T135821Z,3,1.5,quality_fallback,A,magsac,magsac,plate_chaudron,plate_chaudron,occlusion_angle,False,calibrated_roi,True,0.0,0.0,0.0,0.0,0.0,0.0,0.0,,0,327,698,841,8.665795990964398,95.43461799330544,24.10659300221596,128.30273000872694,True,True,17,12,0.7058823529411765,0.9193359613418579,plate_chaudron,,,0.39375,0.2,True,False,False,False,0,0,,plate_chaudron,1.5
plate_chaudron/occlusion_angle/20260823T135821Z/frame_0004.jpg,20260823T135821Z,4,2.0,quality_fallback,A,magsac,magsac,plate_chaudron,plate_chaudron,occlusion_angle,False,calibrated_roi,True,0.0,0.0,0.0,0.0,0.0,0.0,0.0,,0,327,698,841,8.84388800477609,97.77218700037338,24.2009460052941,130.91431600332726,True,True,32,27,0.84375,0.7595462799072266,plate_chaudron,plate_cellule,0.31818181818181823,0.42375,0.2,True,False,False,False,0,0,,,
plate_chaudron/occlusion_angle/20260823T135821Z/frame_0005.jpg,20260823T135821Z,5,2.5,quality_fallback,A,magsac,magsac,plate_chaudron,plate_chaudron,occlusion_angle,False,calibrated_roi,True,0.0,0.0,0.0,0.0,0.0,0.0,0.0,,0,327,698,841,8.78251699032262,97.13650301273447,24.25426000263542,130.269669010886,True,True,25,22,0.88,0.8124503493309021,plate_chaudron,,,0.24875,0.2,True,False,False,False,0,0,,,
plate_chaudron/occlusion_angle/20260823T135821Z/frame_0006.jpg,20260823T135821Z,6,3.0,quality_fallback,A,magsac,magsac,plate_chaudron,plate_chaudron,occlusion_angle,False,calibrated_roi,True,0.0,0.0,0.0,0.0,0.0,0.0,0.0,,0,327,698,841,8.882943002390675,95.71271100139711,24.225760003901087,128.9166360074887,True,True,40,30,0.75,1.0154279470443726,plate_chaudron,,,0.29875,0.2,True,False,False,False,0,0,,,
plate_chaudron/occlusion_angle/20260823T135821Z/frame_0007.jpg,20260823T135821Z,7,3.5,quality_fallback,A,magsac,magsac,plate_chaudron,plate_chaudron,occlusion_angle,False,calibrated_roi,True,0.0,0.0,0.0,0.0,0.0,0.0,0.0,,0,327,698,841,8.658036007545888,95.52687699033413,24.1291129932506,128.40674800099805,True,True,25,20,0.8,0.8280555009841919,plate_chaudron,,,0.2675,0.2,True,False,False,False,0,0,,,
plate_chaudron/occlusion_angle/20260823T135821Z/frame_0008.jpg,20260823T135821Z,8,4.0,quality_fallback,A,magsac,magsac,plate_chaudron,plate_chaudron,occlusion_angle,False,calibrated_roi,True,0.0,0.0,0.0,0.0,0.0,0.0,0.0,,0,327,698,841,8.47927799622994,98.8240919978125,23.999797005672008,131.3984260050347,True,True,17,15,0.8823529411764706,1.4363276958465576,plate_chaudron,,,0.26,0.2,True,False,False,False,0,0,,,
plate_chaudron/occlusion_angle/20260823T135821Z/frame_0009.jpg,20260823T135821Z,9,4.5,quality_fallback,A,magsac,magsac,plate_chaudron,plate_chaudron,occlusion_angle,False,calibrated_roi,True,0.0,0.0,0.0,0.0,0.0,0.0,0.0,,0,327,698,841,8.778721006819978,97.09505800856277,24.26577800360974,130.23315099417232,True,True,30,22,0.7333333333333333,0.9233841896057129,plate_chaudron,,,0.2525,0.2,True,False,False,False,0,0,,,
plate_chaudron/occlusion_angle/20260823T135821Z/frame_0010.jpg,20260823T135821Z,10,5.0,quality_fallback,A,magsac,magsac,plate_chaudron,plate_chaudron,occlusion_angle,False,calibrated_roi,True,0.0,0.0,0.0,0.0,0.0,0.0,0.0,,0,327,698,841,8.822775998851284,95.3140070050722,24.180445994716138,128.40958099695854,True,True,26,20,0.7692307692307693,1.1011704206466675,plate_chaudron,,,0.24875,0.2,True,False,False,False,0,0,,,
plate_chaudron/occlusion_angle/20260823T135821Z/frame_0011.jpg,20260823T135821Z,11,5.5,quality_fallback,A,magsac,magsac,plate_chaudron,plate_chaudron,occlusion_angle,False,calibrated_roi,True,0.0,0.0,0.0,0.0,0.0,0.0,0.0,,0,327,698,841,8.8922389986692,95.83048800413962,24.21296399552375,129.0305790025741,True,True,30,21,0.7,0.9261445999145508,plate_chaudron,,,0.26875,0.2,True,False,False,False,0,0,,,
plate_chaudron/occlusion_angle/20260823T135821Z/frame_0012.jpg,20260823T135821Z,12,6.0,quality_fallback,A,magsac,magsac,plate_chaudron,plate_chaudron,occlusion_angle,False,calibrated_roi,True,0.0,0.0,0.0,0.0,0.0,0.0,0.0,,0,327,698,841,8.938091006712057,95.27556299872231,22.527577995788306,126.83480700070504,True,True,33,25,0.7575757575757576,0.8089233040809631,plate_chaudron,,,0.335,0.2,True,False,False,False,0,0,,,
plate_chaudron/occlusion_angle/20260823T135821Z/frame_0013.jpg,20260823T135821Z,13,6.5,quality_fallback,A,magsac,magsac,plate_chaudron,plate_chaudron,occlusion_angle,False,calibrated_roi,True,0.0,0.0,0.0,0.0,0.0,0.0,0.0,,0,327,698,841,8.878275999450125,96.13350599829573,24.36046399816405,129.46830100554507,True,True,30,27,0.9,0.7206453680992126,plate_chaudron,,,0.27375,0.2,True,False,False,False,0,0,,,
plate_chaudron/occlusion_angle/20260823T135821Z/frame_0014.jpg,20260823T135821Z,14,7.0,quality_fallback,A,magsac,magsac,plate_chaudron,plate_chaudron,occlusion_angle,False,calibrated_roi,True,0.0,0.0,0.0,0.0,0.0,0.0,0.0,,0,327,698,841,8.91905400203541,98.80509199865628,24.219241997343488,132.03872099984437,True,True,18,14,0.7777777777777778,0.9117936491966248,plate_chaudron,,,0.24875,0.2,True,False,False,False,0,0,,,
plate_chaudron/occlusion_angle/20260823T135821Z/frame_0015.jpg,20260823T135821Z,15,7.5,quality_fallback,A,magsac,magsac,plate_chaudron,,occlusion_angle,False,calibrated_roi,True,0.0,0.0,0.0,0.0,0.0,0.0,0.0,,0,327,698,841,8.686907007358968,96.03630199853797,0.0005559995770454407,104.75207900162786,False,False,0,0,0.0,,,,,0.0,,False,False,False,True,1,1,,,
plate_chaudron/occlusion_angle/20260823T135821Z/frame_0016.jpg,20260823T135821Z,16,8.0,quality_fallback,A,magsac,magsac,plate_chaudron,,occlusion_angle,False,calibrated_roi,True,0.0,0.0,0.0,0.0,0.0,0.0,0.0,,0,327,698,841,8.324517999426462,92.96192000329029,0.0006299960659816861,101.31467900646385,False,False,0,0,0.0,,,,,0.0,,False,False,False,True,2,2,,,
plate_chaudron/occlusion_angle/20260823T135821Z/frame_0017.jpg,20260823T135821Z,17,8.5,quality_fallback,A,magsac,magsac,plate_chaudron,plate_chaudron,occlusion_angle,False,calibrated_roi,True,0.0,0.0,0.0,0.0,0.0,0.0,0.0,,0,327,698,841,8.736480987863615,97.64481699676253,23.37607699155342,129.85328200738877,True,True,26,18,0.6923076923076923,0.8135029077529907,plate_chaudron,,,0.395,0.2,True,False,False,False,0,2,,,
plate_chaudron/occlusion_angle/20260823T135821Z/frame_0018.jpg,20260823T135821Z,18,9.0,quality_fallback,A,magsac,magsac,plate_chaudron,,occlusion_angle,False,calibrated_roi,True,0.0,0.0,0.0,0.0,0.0,0.0,0.0,,0,327,698,841,8.664610999403521,94.89810100058094,0.000610991264693439,103.59106300165877,False,False,0,0,0.0,,,,,0.0,,False,False,False,True,1,2,,,
plate_chaudron/occlusion_angle/20260823T135821Z/frame_0019.jpg,20260823T135821Z,19,9.5,quality_fallback,A,magsac,magsac,plate_chaudron,,occlusion_angle,False,calibrated_roi,True,0.0,0.0,0.0,0.0,0.0,0.0,0.0,,0,327,698,841,9.001350001199171,93.70421500352677,0.0006479967851191759,102.73510099796113,False,False,0,0,0.0,,,,,0.0,,False,False,False,True,2,2,,,
plate_dague/frontal/20260823T135916Z/frame_0000.jpg,20260823T135916Z,0,0.0,quality_fallback,A,magsac,magsac,plate_dague,plate_dague,frontal,True,contour,False,0.912493340360046,0.9814100470393896,0.18376302083333335,1.0,0.8724662162162162,0.9995377219417501,0.5,,0,466,643,643,14.903152012266219,94.72962000290863,23.232020990690216,132.95781098713633,True,True,69,39,0.5652173913043478,1.0015407800674438,plate_dague,,,0.4225,0.2,True,False,False,False,0,0,0.0,,
plate_dague/frontal/20260823T135916Z/frame_0001.jpg,20260823T135916Z,1,0.5,quality_fallback,A,magsac,magsac,plate_dague,plate_dague,frontal,True,contour,False,0.962493340360046,0.9814100470393896,0.18376302083333335,1.0,0.8724662162162162,0.9995377219417501,1.0,,0,466,643,643,14.96557699283585,94.68986099818721,23.28274400497321,133.03294000797905,True,True,69,39,0.5652173913043478,1.0015407800674438,plate_dague,,,0.4225,0.2,True,False,False,False,0,0,,,
plate_dague/frontal/20260823T135916Z/frame_0002.jpg,20260823T135916Z,2,1.0,quality_fallback,A,magsac,magsac,plate_dague,plate_dague,frontal,True,contour,False,0.9677480933090189,0.9861422358080745,0.1847873263888889,1.0,0.8992443324937027,1.0,0.970943394431709,,0,474,645,644,15.087576990481466,92.24210699903779,23.290595010621473,130.71598199894652,True,True,41,33,0.8048780487804879,0.8120951652526855,plate_dague,,,0.45125,0.2,True,False,False,False,0,0,,,
plate_dague/frontal/20260823T135916Z/frame_0003.jpg,20260823T135916Z,3,1.5,quality_fallback,A,magsac,magsac,plate_dague,plate_dague,frontal,False,calibrated_roi,True,0.0,0.0,0.0,0.0,0.0,0.0,0.0,,0,327,698,841,7.892185996752232,98.05376100121066,22.9956880066311,129.03683799959254,True,True,52,48,0.9230769230769231,0.8024942278862,plate_dague,,,0.3775,0.2,True,False,False,False,0,0,,plate_dague,1.5
plate_dague/frontal/20260823T135916Z/frame_0004.jpg,20260823T135916Z,4,2.0,quality_fallback,A,magsac,magsac,plate_dague,plate_dague,frontal,True,contour,False,0.984157197659113,0.9879621407017112,0.1864306640625,1.0,0.9542809642560266,0.9996944154890897,0.9922887283568398,,0,474,648,646,14.949541000532918,93.72289900784381,22.69796800101176,131.46316599159036,True,True,55,46,0.8363636363636363,0.9254026412963867,plate_dague,,,0.3675,0.2,True,False,False,False,0,0,,,
plate_dague/frontal/20260823T135916Z/frame_0005.jpg,20260823T135916Z,5,2.5,quality_fallback,A,magsac,magsac,plate_dague,,frontal,True,contour,False,0.9557949030677205,0.985402381978929,0.18342339409722222,1.0,0.8468543046357616,1.0,0.9846061231510148,,0,474,642,642,14.97328100958839,92.17505100241397,0.0005930050974711776,107.17529500834644,False,False,0,0,0.0,,,,,0.0,,False,False,False,True,1,1,,,
plate_dague/frontal/20260823T135916Z/frame_0006.jpg,20260823T135916Z,6,3.0,quality_fallback,A,magsac,magsac,plate_dague,plate_dague,frontal,True,contour,False,0.9647547962492076,0.984948106110096,0.184638671875,1.0,0.8807947019867549,1.0,0.990716889194902,,0,475,644,644,14.98372500645928,91.24401600274723,22.943874006159604,129.26694900670554,True,True,55,42,0.7636363636363637,0.9871499538421631,plate_dague,,,0.3825,0.2,True,False,False,False,0,1,,,
plate_dague/frontal/20260823T135916Z/frame_0007.jpg,20260823T135916Z,7,3.5,quality_fallback,A,magsac,magsac,plate_dague,,frontal,True,contour,False,0.9645785953515672,0.9854807453230023,0.1852370876736111,1.0,0.8782104391052196,1.0,0.9938176197836167,,0,476,646,644,15.038726007333025,91.64840400626417,0.0004809990059584379,106.71531499247067,False,False,0,0,0.0,,,,,0.0,,False,False,False,True,1,1,,,
plate_dague/frontal/20260823T135916Z/frame_0008.jpg,20260823T135916Z,8,4.0,quality_fallback,A,magsac,magsac,plate_dague,plate_dague,frontal,False,calibrated_roi,True,0.0,0.0,0.0,0.0,0.0,0.0,0.0,,0,327,698,841,7.171595003455877,97.52491000108421,22.774800003389828,127.56508200254757,True,True,45,40,0.8888888888888888,0.945030927658081,plate_dague,,,0.37625,0.2,True,False,False,False,0,1,,,
plate_dague/frontal/20260823T135916Z/frame_0009.jpg,20260823T135916Z,9,4.5,quality_fallback,A,magsac,magsac,plate_dague,plate_dague,frontal,False,calibrated_roi,True,0.0,0.0,0.0,0.0,0.0,0.0,0.0,,0,327,698,841,7.115743006579578,99.11292500328273,23.219466005684808,129.54074499430135,True,True,44,26,0.5909090909090909,0.9640663862228394,plate_dague,,,0.42,0.2,True,False,False,False,0,1,,,
plate_dague/frontal/20260823T135916Z/frame_0010.jpg,20260823T135916Z,10,5.0,quality_fallback,A,magsac,magsac,plate_dague,plate_dague,frontal,True,contour,False,0.9688329512839065,0.9850959228351712,0.18084201388888888,1.0,0.9078726968174204,1.0,0.9633600022899999,,0,471,638,638,14.802263001911342,91.96453299955465,22.68746700428892,129.54948599508498,True,True,60,49,0.8166666666666667,0.9696900248527527,plate_dague,,,0.3425,0.2,True,False,False,False,0,1,,,
plate_dague/frontal/20260823T135916Z/frame_0011.jpg,20260823T135916Z,11,5.5,quality_fallback,A,magsac,magsac,plate_dague,plate_dague,frontal,True,contour,False,0.9953879555103382,0.9886212255805731,0.18174099392361112,1.0,0.9983235540653814,1.0,0.9922069931982089,,0,472,640,639,14.988818002166227,91.57934901304543,22.774466997361742,129.4373929995345,True,True,59,48,0.8135593220338984,0.9538905620574951,plate_dague,,,0.385,0.2,True,False,False,False,0,1,,,
plate_dague/frontal/20260823T135916Z/frame_0012.jpg,20260823T135916Z,12,6.0,quality_fallback,A,magsac,magsac,plate_dague,plate_dague,frontal,True,contour,False,0.9592781369771817,0.9848461877554655,0.1811962890625,1.0,0.8565471226021685,1.0,0.996875,,0,473,639,638,14.901356000336818,92.70223499333952,23.017596002318896,130.71850100823212,True,True,53,46,0.8679245283018868,0.8966640830039978,plate_dague,,,0.36,0.2,True,False,False,False,0,1,,,
plate_dague/frontal/20260823T135916Z/frame_0013.jpg,20260823T135916Z,13,6.5,quality_fallback,A,magsac,magsac,plate_dague,plate_dague,frontal,True,contour,False,0.9924786525581624,0.9891886105760932,0.1805859375,1.0,0.9841402337228714,1.0,0.9968701095461658,,0,473,638,637,14.935724990209565,89.87583398993593,22.69898600934539,127.6046199927805,True,True,52,44,0.8461538461538461,1.1432617902755737,plate_dague,,,0.38875,0.2,True,False,False,False,0,1,,,
plate_dague/frontal/20260823T135916Z/frame_0014.jpg,20260823T135916Z,14,7.0,quality_fallback,A,magsac,magsac,plate_dague,plate_dague,frontal,True,contour,False,0.9497730736525263,0.9864137005060911,0.17976236979166665,1.0,0.8172757475083057,1.0,0.9953002662362268,,0,473,636,636,15.003150998381898,90.09642599266954,22.696764004649594,127.8878960001748,True,True,48,44,0.9166666666666666,1.0938584804534912,plate_dague,,,0.38,0.2,True,False,False,False,0,1,,,
plate_dague/frontal/20260823T135916Z/frame_0015.jpg,20260823T135916Z,15,7.5,quality_fallback,A,magsac,magsac,plate_dague,plate_dague,frontal,True,contour,False,0.9844608549853738,0.9871938088908792,0.1746484375,1.0,0.9732441471571907,0.9976514484169993,0.9522653068711251,,6,466,627,628,15.009613998699933,90.1720919937361,22.472265001852065,127.74928499129601,True,True,41,32,0.7804878048780488,1.1527931690216064,plate_dague,,,0.295,0.2,True,False,False,False,0,1,,,
plate_dague/frontal/20260823T135916Z/frame_0016.jpg,20260823T135916Z,16,8.0,quality_fallback,A,magsac,magsac,plate_dague,plate_dague,frontal,False,calibrated_roi,True,0.0,0.0,0.0,0.0,0.0,0.0,0.0,,0,327,698,841,7.239946993649937,96.04626501095481,22.958910994930193,126.33806600933895,True,True,43,42,0.9767441860465116,0.9602967500686646,plate_dague,,,0.3575,0.2,True,False,False,False,0,1,,,
plate_dague/frontal/20260823T135916Z/frame_0017.jpg,20260823T135916Z,17,8.5,quality_fallback,A,magsac,magsac,plate_dague,,frontal,True,contour,False,0.983796037751028,0.9918621266260743,0.1762603081597222,1.0,0.9543568464730291,1.0,0.976481881449484,,2,470,630,630,15.04029901116155,86.51436000945978,0.000500003807246685,101.58303000207525,False,False,0,0,0.0,,,,,0.0,,False,False,False,True,1,1,,,
plate_dague/frontal/20260823T135916Z/frame_0018.jpg,20260823T135916Z,18,9.0,quality_fallback,A,magsac,magsac,plate_dague,plate_dague,frontal,False,calibrated_roi,True,0.0,0.0,0.0,0.0,0.0,0.0,0.0,,0,327,698,841,7.170447002863511,98.24488899903372,22.946707991650328,128.45711699628737,True,True,41,36,0.8780487804878049,1.030797004699707,plate_dague,,,0.37875,0.2,True,False,False,False,0,1,,,
plate_dague/frontal/20260823T135916Z/frame_0019.jpg,20260823T135916Z,19,9.5,quality_fallback,A,magsac,magsac,plate_dague,plate_dague,frontal,True,contour,False,0.9748725177057613,0.9874117895960808,0.1740700954861111,1.0,0.9289297658862876,1.0,0.9641653935536524,,0,464,627,626,14.812966997851618,89.72668599744793,22.748430012143217,127.38161900779232,True,True,49,45,0.9183673469387755,0.9187823534011841,plate_dague,,,0.35875,0.2,True,False,False,False,0,1,,,
plate_dague/main_sur_bord/20260823T135957Z/frame_0000.jpg,20260823T135957Z,0,0.0,quality_fallback,A,magsac,magsac,plate_dague,plate_dague,main_sur_bord,False,calibrated_roi,True,0.0,0.0,0.0,0.0,0.0,0.0,0.0,,0,327,698,841,8.258296002168208,98.60468399710953,22.768504000850953,129.72542899660766,True,True,46,38,0.8260869565217391,0.7898039817810059,plate_dague,,,0.35875,0.2,True,False,False,False,0,0,0.0,,
plate_dague/main_sur_bord/20260823T135957Z/frame_0001.jpg,20260823T135957Z,1,0.5,quality_fallback,A,magsac,magsac,plate_dague,,main_sur_bord,False,calibrated_roi,True,0.0,0.0,0.0,0.0,0.0,0.0,0.0,,0,327,698,841,8.12851900991518,96.57805900496896,0.0005559995770454407,104.73439299676102,False,False,0,0,0.0,,,,,0.0,,False,False,False,True,1,1,,,
plate_dague/main_sur_bord/20260823T135957Z/frame_0002.jpg,20260823T135957Z,2,1.0,quality_fallback,A,magsac,magsac,plate_dague,,main_sur_bord,False,calibrated_roi,True,0.0,0.0,0.0,0.0,0.0,0.0,0.0,,0,327,698,841,7.67837101011537,87.4641169939423,0.0005740002961829305,95.17243299342226,False,False,0,0,0.0,,,,,0.0,,False,False,False,True,2,2,,,
plate_dague/main_sur_bord/20260823T135957Z/frame_0003.jpg,20260823T135957Z,3,1.5,quality_fallback,A,magsac,magsac,plate_dague,,main_sur_bord,False,calibrated_roi,True,0.0,0.0,0.0,0.0,0.0,0.0,0.0,,0,327,698,841,7.578019998618402,89.91368500574026,0.00048200308810919523,97.5198910018662,False,False,0,0,0.0,,,,,0.0,,False,False,False,True,3,3,,,
plate_dague/main_sur_bord/20260823T135957Z/frame_0004.jpg,20260823T135957Z,4,2.0,quality_fallback,A,magsac,magsac,plate_dague,,main_sur_bord,False,calibrated_roi,True,0.0,0.0,0.0,0.0,0.0,0.0,0.0,,0,327,698,841,7.896000010077842,92.68321600393392,0.0006850023055449128,100.60853201139253,False,False,0,0,0.0,,,,,0.0,,False,False,False,True,4,4,,,
plate_dague/main_sur_bord/20260823T135957Z/frame_0005.jpg,20260823T135957Z,5,2.5,quality_fallback,A,magsac,magsac,plate_dague,,main_sur_bord,False,calibrated_roi,True,0.0,0.0,0.0,0.0,0.0,0.0,0.0,,0,327,698,841,8.11301899375394,94.89197000220884,0.000667001586407423,103.0341750010848,False,False,0,0,0.0,,,,,0.0,,False,False,False,True,5,5,,,
plate_dague/main_sur_bord/20260823T135957Z/frame_0006.jpg,20260823T135957Z,6,3.0,quality_fallback,A,magsac,magsac,plate_dague,,main_sur_bord,False,calibrated_roi,True,0.0,0.0,0.0,0.0,0.0,0.0,0.0,,0,327,698,841,7.287724001798779,93.45136299089063,0.0005740002961829305,100.76821599795949,False,False,0,0,0.0,,,,,0.0,,False,False,False,True,6,6,,,
plate_dague/main_sur_bord/20260823T135957Z/frame_0007.jpg,20260823T135957Z,7,3.5,quality_fallback,A,magsac,magsac,plate_dague,,main_sur_bord,False,calibrated_roi,True,0.0,0.0,0.0,0.0,0.0,0.0,0.0,,0,327,698,841,7.008594999206252,86.66261899634264,0.0006299960659816861,93.69971499836538,False,False,0,0,0.0,,,,,0.0,,False,False,False,True,7,7,,,
plate_dague/main_sur_bord/20260823T135957Z/frame_0008.jpg,20260823T135957Z,8,4.0,quality_fallback,A,magsac,magsac,plate_dague,,main_sur_bord,False,calibrated_roi,True,0.0,0.0,0.0,0.0,0.0,0.0,0.0,,0,327,698,841,7.060910007567145,86.71778500138316,0.0006290065357461572,93.80738000618294,False,False,0,0,0.0,,,,,0.0,,False,False,False,True,8,8,,,
plate_dague/main_sur_bord/20260823T135957Z/frame_0009.jpg,20260823T135957Z,9,4.5,quality_fallback,A,magsac,magsac,plate_dague,,main_sur_bord,False,calibrated_roi,True,0.0,0.0,0.0,0.0,0.0,0.0,0.0,,0,327,698,841,6.779095987440087,87.93687500292435,0.000610991264693439,94.74493400193751,False,False,0,0,0.0,,,,,0.0,,False,False,False,True,9,9,,,
plate_dague/main_sur_bord/20260823T135957Z/frame_0010.jpg,20260823T135957Z,10,5.0,quality_fallback,A,magsac,magsac,plate_dague,,main_sur_bord,False,calibrated_roi,True,0.0,0.0,0.0,0.0,0.0,0.0,0.0,,0,327,698,841,6.730057997629046,88.16448599100113,0.0005929905455559492,94.92273000068963,False,False,0,0,0.0,,,,,0.0,,False,False,False,True,10,10,,,
plate_dague/main_sur_bord/20260823T135957Z/frame_0011.jpg,20260823T135957Z,11,5.5,quality_fallback,A,magsac,magsac,plate_dague,,main_sur_bord,False,calibrated_roi,True,0.0,0.0,0.0,0.0,0.0,0.0,0.0,,0,327,698,841,6.79542901343666,86.44260100845713,0.0005190086085349321,93.2659749960294,False,False,0,0,0.0,,,,,0.0,,False,False,False,True,11,11,,,
plate_dague/main_sur_bord/20260823T135957Z/frame_0012.jpg,20260823T135957Z,12,6.0,quality_fallback,A,magsac,magsac,plate_dague,,main_sur_bord,False,calibrated_roi,True,0.0,0.0,0.0,0.0,0.0,0.0,0.0,,0,327,698,841,6.8709479965036735,89.1928169876337,0.0004629982868209481,96.09250500216149,False,False,0,0,0.0,,,,,0.0,,False,False,False,True,12,12,,,
plate_dague/main_sur_bord/20260823T135957Z/frame_0013.jpg,20260823T135957Z,13,6.5,quality_fallback,A,magsac,magsac,plate_dague,,main_sur_bord,False,calibrated_roi,True,0.0,0.0,0.0,0.0,0.0,0.0,0.0,,0,327,698,841,6.888539995998144,89.93292700324673,0.0004259927663952112,96.84948400536086,False,False,0,0,0.0,,,,,0.0,,False,False,False,True,13,13,,,
plate_dague/main_sur_bord/20260823T135957Z/frame_0014.jpg,20260823T135957Z,14,7.0,quality_fallback,A,magsac,magsac,plate_dague,,main_sur_bord,False,calibrated_roi,True,0.0,0.0,0.0,0.0,0.0,0.0,0.0,,0,327,698,841,6.707448002998717,86.59982300014235,0.0006850023055449128,93.33617700031027,False,False,0,0,0.0,,,,,0.0,,False,False,False,True,14,14,,,
plate_dague/main_sur_bord/20260823T135957Z/frame_0015.jpg,20260823T135957Z,15,7.5,quality_fallback,A,magsac,magsac,plate_dague,,main_sur_bord,False,calibrated_roi,True,0.0,0.0,0.0,0.0,0.0,0.0,0.0,,0,327,698,841,6.868485012091696,87.41730298788752,0.0007219932740554214,94.31706499890424,False,False,0,0,0.0,,,,,0.0,,False,False,False,True,15,15,,,
plate_dague/main_sur_bord/20260823T135957Z/frame_0016.jpg,20260823T135957Z,16,8.0,quality_fallback,A,magsac,magsac,plate_dague,,main_sur_bord,False,calibrated_roi,True,0.0,0.0,0.0,0.0,0.0,0.0,0.0,,0,327,698,841,7.137891007005237,86.52289700694382,0.0009450013749301434,93.69260299718007,False,False,0,0,0.0,,,,,0.0,,False,False,False,True,16,16,,,
plate_dague/main_sur_bord/20260823T135957Z/frame_0017.jpg,20260823T135957Z,17,8.5,quality_fallback,A,magsac,magsac,plate_dague,,main_sur_bord,False,calibrated_roi,True,0.0,0.0,0.0,0.0,0.0,0.0,0.0,,0,327,698,841,6.8351510126376525,88.16124500299338,0.0003890017978847027,95.02587800670881,False,False,0,0,0.0,,,,,0.0,,False,False,False,True,17,17,,,
plate_dague/main_sur_bord/20260823T135957Z/frame_0018.jpg,20260823T135957Z,18,9.0,quality_fallback,A,magsac,magsac,plate_dague,,main_sur_bord,False,calibrated_roi,True,0.0,0.0,0.0,0.0,0.0,0.0,0.0,,0,327,698,841,6.741984994732775,86.36997100256849,0.0006110058166086674,93.14328999607824,False,False,0,0,0.0,,,,,0.0,,False,False,False,True,18,18,,,
plate_dague/main_sur_bord/20260823T135957Z/frame_0019.jpg,20260823T135957Z,19,9.5,quality_fallback,A,magsac,magsac,plate_dague,,main_sur_bord,False,calibrated_roi,True,0.0,0.0,0.0,0.0,0.0,0.0,0.0,,0,327,698,841,6.7019109992543235,88.29935600806493,0.0004629982868209481,95.02939599042293,False,False,0,0,0.0,,,,,0.0,,False,False,False,True,19,19,,,
plate_dague/occlusion_angle/20260823T140102Z/frame_0000.jpg,20260823T140102Z,0,0.0,quality_fallback,A,magsac,magsac,plate_dague,plate_dague,occlusion_angle,False,calibrated_roi,True,0.0,0.0,0.0,0.0,0.0,0.0,0.0,,0,327,698,841,7.956297005875967,98.57624000869691,22.655003995168954,129.28109600034077,True,True,51,37,0.7254901960784313,0.7342358827590942,plate_dague,,,0.35125,0.2,True,False,False,False,0,0,0.0,,
plate_dague/occlusion_angle/20260823T140102Z/frame_0001.jpg,20260823T140102Z,1,0.5,quality_fallback,A,magsac,magsac,plate_dague,plate_dague,occlusion_angle,False,calibrated_roi,True,0.0,0.0,0.0,0.0,0.0,0.0,0.0,,0,327,698,841,8.063128989306279,95.85189398785587,23.341631997027434,127.34943399846088,True,True,45,40,0.8888888888888888,0.964989185333252,plate_dague,,,0.40875,0.2,True,False,False,False,0,0,,,
plate_dague/occlusion_angle/20260823T140102Z/frame_0002.jpg,20260823T140102Z,2,1.0,quality_fallback,A,magsac,magsac,plate_dague,plate_dague,occlusion_angle,False,calibrated_roi,True,0.0,0.0,0.0,0.0,0.0,0.0,0.0,,0,327,698,841,8.066017995588481,94.8997480008984,22.638060007011518,125.69730800169054,True,True,38,35,0.9210526315789473,0.7161766290664673,plate_dague,,,0.36,0.2,True,False,False,False,0,0,,,
plate_dague/occlusion_angle/20260823T140102Z/frame_0003.jpg,20260823T140102Z,3,1.5,quality_fallback,A,magsac,magsac,plate_dague,plate_dague,occlusion_angle,False,calibrated_roi,True,0.0,0.0,0.0,0.0,0.0,0.0,0.0,,0,327,698,841,8.126685002935119,99.10310900886543,23.282873997231945,130.60550099180546,True,True,47,41,0.8723404255319149,0.9508292078971863,plate_dague,,,0.41375,0.2,True,False,False,False,0,0,,plate_dague,1.5
plate_dague/occlusion_angle/20260823T140102Z/frame_0004.jpg,20260823T140102Z,4,2.0,quality_fallback,A,magsac,magsac,plate_dague,plate_dague,occlusion_angle,False,calibrated_roi,True,0.0,0.0,0.0,0.0,0.0,0.0,0.0,,0,327,698,841,7.981037997524254,99.73036698647775,22.95361399592366,130.76213000749703,True,True,40,35,0.875,0.7970607280731201,plate_dague,plate_chaudron,0.35365853658536583,0.3525,0.2,True,False,False,False,0,0,,,
plate_dague/occlusion_angle/20260823T140102Z/frame_0005.jpg,20260823T140102Z,5,2.5,quality_fallback,A,magsac,magsac,plate_dague,plate_dague,occlusion_angle,False,calibrated_roi,True,0.0,0.0,0.0,0.0,0.0,0.0,0.0,,0,327,698,841,8.039241001824848,95.21008099545725,22.584634003578685,125.9272330062231,True,True,42,38,0.9047619047619048,0.732879638671875,plate_dague,,,0.35125,0.2,True,False,False,False,0,0,,,
plate_dague/occlusion_angle/20260823T140102Z/frame_0006.jpg,20260823T140102Z,6,3.0,quality_fallback,A,magsac,magsac,plate_dague,,occlusion_angle,False,calibrated_roi,True,0.0,0.0,0.0,0.0,0.0,0.0,0.0,,0,327,698,841,7.549408997874707,97.81014900363516,0.0005549954948946834,105.38752100546844,False,False,0,0,0.0,,,,,0.0,,False,False,False,True,1,1,,,
plate_dague/occlusion_angle/20260823T140102Z/frame_0007.jpg,20260823T140102Z,7,3.5,quality_fallback,A,magsac,magsac,plate_dague,,occlusion_angle,False,calibrated_roi,True,0.0,0.0,0.0,0.0,0.0,0.0,0.0,,0,327,698,841,7.741205001366325,96.5461339947069,0.0005550100468099117,104.31493099895306,False,False,0,0,0.0,,,,,0.0,,False,False,False,True,2,2,,,
plate_dague/occlusion_angle/20260823T140102Z/frame_0008.jpg,20260823T140102Z,8,4.0,quality_fallback,A,magsac,magsac,plate_dague,,occlusion_angle,False,calibrated_roi,True,0.0,0.0,0.0,0.0,0.0,0.0,0.0,,0,327,698,841,7.985574993654154,97.08483600115869,22.467115995823406,127.56489599996712,True,False,10,6,0.6,0.714493989944458,plate_vampire,,,0.0125,0.2,False,False,False,True,3,3,,,
plate_dague/occlusion_angle/20260823T140102Z/frame_0009.jpg,20260823T140102Z,9,4.5,quality_fallback,A,magsac,magsac,plate_dague,,occlusion_angle,False,calibrated_roi,True,0.0,0.0,0.0,0.0,0.0,0.0,0.0,,0,327,698,841,8.082000000285916,94.43332299997564,0.0004260073183104396,102.54404600709677,False,False,0,0,0.0,,,,,0.0,,False,False,False,True,4,4,,,
plate_dague/occlusion_angle/20260823T140102Z/frame_0010.jpg,20260823T140102Z,10,5.0,quality_fallback,A,magsac,magsac,plate_dague,,occlusion_angle,False,calibrated_roi,True,0.0,0.0,0.0,0.0,0.0,0.0,0.0,,0,327,698,841,7.735296996543184,93.02912300336175,13.192377999075688,113.98542700044345,True,False,15,7,0.4666666666666667,0.44554904103279114,plate_dague,,,0.07625,0.2,False,False,False,True,5,5,,,
plate_dague/occlusion_angle/20260823T140102Z/frame_0011.jpg,20260823T140102Z,11,5.5,quality_fallback,A,magsac,magsac,plate_dague,plate_dague,occlusion_angle,False,calibrated_roi,True,0.0,0.0,0.0,0.0,0.0,0.0,0.0,,0,327,698,841,7.834705000277609,96.41994800767861,22.881910990690812,127.23104500037152,True,True,43,30,0.6976744186046512,0.8814741373062134,plate_dague,,,0.34125,0.2,True,False,False,False,0,5,,,
plate_dague/occlusion_angle/20260823T140102Z/frame_0012.jpg,20260823T140102Z,12,6.0,quality_fallback,A,magsac,magsac,plate_dague,plate_dague,occlusion_angle,False,calibrated_roi,True,0.0,0.0,0.0,0.0,0.0,0.0,0.0,,0,327,698,841,7.686185999773443,97.6868339930661,20.928490004735067,126.39595400833059,True,True,16,16,1.0,1.0573900938034058,plate_dague,,,0.2225,0.2,True,False,False,False,0,5,,,
plate_dague/occlusion_angle/20260823T140102Z/frame_0013.jpg,20260823T140102Z,13,6.5,quality_fallback,A,magsac,magsac,plate_dague,plate_dague,occlusion_angle,False,calibrated_roi,True,0.0,0.0,0.0,0.0,0.0,0.0,0.0,,0,327,698,841,7.843352999771014,100.46806899481453,23.147854997660033,131.55246200039983,True,True,31,25,0.8064516129032258,0.9120345711708069,plate_dague,plate_chaudron,0.30645161290322576,0.40375,0.2,True,False,False,False,0,5,,,
plate_dague/occlusion_angle/20260823T140102Z/frame_0014.jpg,20260823T140102Z,14,7.0,quality_fallback,A,magsac,magsac,plate_dague,,occlusion_angle,False,calibrated_roi,True,0.0,0.0,0.0,0.0,0.0,0.0,0.0,,0,327,698,841,7.76698300614953,91.76994100562297,0.0005180045263841748,99.56714499276131,False,False,0,0,0.0,,,,,0.0,,False,False,False,True,1,5,,,
plate_dague/occlusion_angle/20260823T140102Z/frame_0015.jpg,20260823T140102Z,15,7.5,quality_fallback,A,magsac,magsac,plate_dague,plate_dague,occlusion_angle,False,calibrated_roi,True,0.0,0.0,0.0,0.0,0.0,0.0,0.0,,0,327,698,841,8.051869997871108,98.63094399042893,23.311798999202438,130.08840900147334,True,True,40,31,0.775,0.7775200009346008,plate_dague,,,0.40875,0.2,True,False,False,False,0,5,,,
plate_dague/occlusion_angle/20260823T140102Z/frame_0016.jpg,20260823T140102Z,16,8.0,quality_fallback,A,magsac,magsac,plate_dague,,occlusion_angle,False,calibrated_roi,True,0.0,0.0,0.0,0.0,0.0,0.0,0.0,,0,327,698,841,7.896038005128503,90.63746199535672,0.0005549954948946834,98.56375800154638,False,False,0,0,0.0,,,,,0.0,,False,False,False,True,1,5,,,
plate_dague/occlusion_angle/20260823T140102Z/frame_0017.jpg,20260823T140102Z,17,8.5,quality_fallback,A,magsac,magsac,plate_dague,,occlusion_angle,False,calibrated_roi,True,0.0,0.0,0.0,0.0,0.0,0.0,0.0,,0,327,698,841,7.7431679965229705,88.40152200718876,0.0004630128387361765,96.17444900504779,False,False,0,0,0.0,,,,,0.0,,False,False,False,True,2,5,,,
plate_dague/occlusion_angle/20260823T140102Z/frame_0018.jpg,20260823T140102Z,18,9.0,quality_fallback,A,magsac,magsac,plate_dague,,occlusion_angle,False,calibrated_roi,True,0.0,0.0,0.0,0.0,0.0,0.0,0.0,,0,327,698,841,7.908611005404964,87.14982100354973,0.0004999892553314567,95.08954400371294,False,False,0,0,0.0,,,,,0.0,,False,False,False,True,3,5,,,
plate_dague/occlusion_angle/20260823T140102Z/frame_0019.jpg,20260823T140102Z,19,9.5,quality_fallback,A,magsac,magsac,plate_dague,plate_dague,occlusion_angle,False,calibrated_roi,True,0.0,0.0,0.0,0.0,0.0,0.0,0.0,,0,327,698,841,8.060759006184526,95.01054401334841,22.45452300121542,125.61734499468002,True,True,25,21,0.84,0.7164952754974365,plate_dague,,,0.3275,0.2,True,False,False,False,0,5,,,
plate_vampire/frontal/20260823T135229Z/frame_0000.jpg,20260823T135229Z,0,0.0,quality_fallback,A,magsac,magsac,plate_vampire,plate_vampire,frontal,True,contour,False,0.9224601509267131,0.9838145095854998,0.197421875,1.0,0.9281200631911533,0.9528578225327473,0.5,,0,414,666,661,15.943648992106318,91.26412600744516,23.945759996422566,131.24673899437767,True,True,51,49,0.9607843137254902,0.860414445400238,plate_vampire,,,0.44,0.2,True,False,False,False,0,0,0.0,,
plate_vampire/frontal/20260823T135229Z/frame_0001.jpg,20260823T135229Z,1,0.5,quality_fallback,A,magsac,magsac,plate_vampire,plate_vampire,frontal,True,contour,False,0.9731213321006793,0.9831852912902832,0.19495985243055555,1.0,0.9406575781876504,0.9524553479540562,0.9775581537127607,,0,410,663,657,15.879797007073648,91.5570510114776,23.672595008974895,131.20664699818008,True,True,51,46,0.9019607843137255,0.9341043829917908,plate_vampire,,,0.37375,0.2,True,False,False,False,0,0,,,
plate_vampire/frontal/20260823T135229Z/frame_0002.jpg,20260823T135229Z,2,1.0,quality_fallback,A,magsac,magsac,plate_vampire,plate_vampire,frontal,True,contour,False,0.9704504974847593,0.9818078726530075,0.19173014322916668,1.0,0.9268098647573588,0.9586479468805436,0.9834087481146304,,0,412,657,652,15.752945997519419,92.47121600492392,23.311373995966278,131.62588700652122,True,True,52,49,0.9423076923076923,0.784425675868988,plate_vampire,,,0.35,0.2,True,False,False,False,0,0,,,
plate_vampire/frontal/20260823T135229Z/frame_0003.jpg,20260823T135229Z,3,1.5,quality_fallback,A,magsac,magsac,plate_vampire,plate_vampire,frontal,True,contour,False,0.9610676881238125,0.9847475914284587,0.19393229166666667,1.0,0.8972549019607843,0.9551242050100313,0.9581726470407558,,0,423,661,654,15.854631012189202,92.168514005607,23.90705699508544,132.02240499958862,True,True,57,54,0.9473684210526315,0.8593344688415527,plate_vampire,,,0.4075,0.2,True,False,False,False,0,0,,plate_vampire,1.5
plate_vampire/frontal/20260823T135229Z/frame_0004.jpg,20260823T135229Z,4,2.0,quality_fallback,A,magsac,magsac,plate_vampire,plate_vampire,frontal,True,contour,False,0.9670051451612173,0.9835987910628319,0.19695203993055554,1.0,0.9223674096848578,0.9519936573189367,0.9613428968925949,,0,432,668,655,15.755778993479908,91.98127299896441,24.0113339968957,131.84155299677514,True,True,58,54,0.9310344827586207,0.9530467987060547,plate_vampire,,,0.4425,0.2,True,False,False,False,0,0,,,
plate_vampire/frontal/20260823T135229Z/frame_0005.jpg,20260823T135229Z,5,2.5,quality_fallback,A,magsac,magsac,plate_vampire,plate_vampire,frontal,True,contour,False,0.964138431314268,0.9838223662227392,0.19647026909722223,1.0,0.9039812646370023,0.9480642562601185,0.9818997966218389,,0,426,667,656,15.9180749906227,91.38960800191853,23.967444998561405,131.36972099891864,True,True,58,53,0.9137931034482759,1.0436105728149414,plate_vampire,,,0.41875,0.2,True,False,False,False,0,0,,,
plate_vampire/frontal/20260823T135229Z/frame_0006.jpg,20260823T135229Z,6,3.0,quality_fallback,A,magsac,magsac,plate_vampire,,frontal,True,contour,False,0.9740025329751653,0.9861678732559085,0.19648111979166666,1.0,0.9406713505074161,0.9479702219329096,0.9818731117824774,,0,420,667,656,15.874222997808829,89.56248201138806,0.0005740002961829305,105.46298300323542,False,False,0,0,0.0,,,,,0.0,,False,False,False,True,1,1,,,
plate_vampire/frontal/20260823T135229Z/frame_0007.jpg,20260823T135229Z,7,3.5,quality_fallback,A,magsac,magsac,plate_vampire,plate_vampire,frontal,False,calibrated_roi,True,0.0,0.0,0.0,0.0,0.0,0.0,0.0,,0,327,698,841,8.83527600672096,96.86083601263817,23.861113004386425,129.65283599623945,True,True,38,34,0.8947368421052632,0.7815220355987549,plate_vampire,,,0.3975,0.2,True,False,False,False,0,1,,,
plate_vampire/frontal/20260823T135229Z/frame_0008.jpg,20260823T135229Z,8,4.0,quality_fallback,A,magsac,magsac,plate_vampire,plate_vampire,frontal,True,contour,False,0.9360913245062856,0.9838092476129532,0.1992068142361111,1.0,0.7990726429675425,0.9474321189273762,0.9643717758777645,,0,428,672,659,15.891223010839894,90.14624000701588,23.816724002244882,129.95424300606828,True,True,42,37,0.8809523809523809,0.9785777926445007,plate_vampire,,,0.4175,0.2,True,False,False,False,0,1,,,
plate_vampire/frontal/20260823T135229Z/frame_0009.jpg,20260823T135229Z,9,4.5,quality_fallback,A,magsac,magsac,plate_vampire,plate_vampire,frontal,False,calibrated_roi,True,0.0,0.0,0.0,0.0,0.0,0.0,0.0,,0,327,698,841,8.876164996763691,98.28753600595519,23.985798005014658,131.24586899357382,True,True,47,42,0.8936170212765957,0.7509610056877136,plate_vampire,,,0.44875,0.2,True,False,False,False,0,1,,,
plate_vampire/frontal/20260823T135229Z/frame_0010.jpg,20260823T135229Z,10,5.0,quality_fallback,A,magsac,magsac,plate_vampire,,frontal,False,calibrated_roi,True,0.0,0.0,0.0,0.0,0.0,0.0,0.0,,0,327,698,841,8.96503499825485,93.60971400747076,0.0004809990059584379,102.60221100179479,False,False,0,0,0.0,,,,,0.0,,False,False,False,True,1,1,,,
plate_vampire/frontal/20260823T135229Z/frame_0011.jpg,20260823T135229Z,11,5.5,quality_fallback,A,magsac,magsac,plate_vampire,plate_vampire,frontal,False,calibrated_roi,True,0.0,0.0,0.0,0.0,0.0,0.0,0.0,,0,327,698,841,8.731351001188159,96.96627999073826,23.860594010329805,129.6517250011675,True,True,45,40,0.8888888888888888,0.750461757183075,plate_vampire,,,0.43375,0.2,True,False,False,False,0,1,,,
plate_vampire/frontal/20260823T135229Z/frame_0012.jpg,20260823T135229Z,12,6.0,quality_fallback,A,magsac,magsac,plate_vampire,plate_vampire,frontal,False,calibrated_roi,True,0.0,0.0,0.0,0.0,0.0,0.0,0.0,,0,327,698,841,8.686221000971273,99.08220100624021,23.318113991990685,131.18081400170922,True,True,49,40,0.8163265306122449,0.7655394077301025,plate_vampire,,,0.36,0.2,True,False,False,False,0,1,,,
plate_vampire/frontal/20260823T135229Z/frame_0013.jpg,20260823T135229Z,13,6.5,quality_fallback,A,magsac,magsac,plate_vampire,,frontal,False,calibrated_roi,True,0.0,0.0,0.0,0.0,0.0,0.0,0.0,,0,327,698,841,8.93210900539998,93.02436299913097,0.0005559995770454407,101.98456500074826,False,False,0,0,0.0,,,,,0.0,,False,False,False,True,1,1,,,
plate_vampire/frontal/20260823T135229Z/frame_0014.jpg,20260823T135229Z,14,7.0,quality_fallback,A,magsac,magsac,plate_vampire,,frontal,False,calibrated_roi,True,0.0,0.0,0.0,0.0,0.0,0.0,0.0,,0,327,698,841,8.768813000642695,94.08730600262061,0.0005930050974711776,102.88413699890953,False,False,0,0,0.0,,,,,0.0,,False,False,False,True,2,2,,,
plate_vampire/frontal/20260823T135229Z/frame_0015.jpg,20260823T135229Z,15,7.5,quality_fallback,A,magsac,magsac,plate_vampire,plate_vampire,frontal,True,contour,False,0.9632134658426765,0.9794573783874512,0.19818522135416666,1.0,0.9279628195197521,0.9457029817964108,0.9281524926686217,,0,454,672,656,16.022279000026174,92.66656699765008,23.964260006323457,132.74631100648548,True,True,51,48,0.9411764705882353,0.7327024936676025,plate_vampire,,,0.405,0.2,True,False,False,False,0,2,,,
plate_vampire/frontal/20260823T135229Z/frame_0016.jpg,20260823T135229Z,16,8.0,quality_fallback,A,magsac,magsac,plate_vampire,plate_vampire,frontal,True,contour,False,0.9724385334645045,0.9830013234168291,0.19789388020833334,1.0,0.9372579395817195,0.9518739776759081,0.9803625377643505,,0,448,672,655,16.017444999306463,97.48670500994194,24.020352997467853,137.61928099847864,True,True,51,50,0.9803921568627451,0.7527592182159424,plate_vampire,plate_bougie,0.3928571428571429,0.4325,0.2,True,False,False,False,0,2,,,
plate_vampire/frontal/20260823T135229Z/frame_0017.jpg,20260823T135229Z,17,8.5,quality_fallback,A,magsac,magsac,plate_vampire,,frontal,True,contour,False,0.9681122079160647,0.9832903351634741,0.2000732421875,1.0,0.9218870843000774,0.9459593561522665,0.9805740067677654,,0,451,676,658,16.13416698819492,92.16525399824604,0.0005920010153204203,108.32629099604674,False,False,0,0,0.0,,,,,0.0,,False,False,False,True,1,2,,,
plate_vampire/frontal/20260823T135229Z/frame_0018.jpg,20260823T135229Z,18,9.0,quality_fallback,A,magsac,magsac,plate_vampire,,frontal,False,calibrated_roi,True,0.0,0.0,0.0,0.0,0.0,0.0,0.0,,0,327,698,841,8.786313992459327,97.64309400634374,0.0005369947757571936,106.45857399504166,False,False,0,0,0.0,,,,,0.0,,False,False,False,True,2,2,,,
plate_vampire/frontal/20260823T135229Z/frame_0019.jpg,20260823T135229Z,19,9.5,quality_fallback,A,magsac,magsac,plate_vampire,plate_vampire,frontal,False,calibrated_roi,True,0.0,0.0,0.0,0.0,0.0,0.0,0.0,,0,327,698,841,9.132090999628417,98.10083299817052,24.092741994536482,131.41827599611133,True,True,55,51,0.9272727272727272,0.7709261178970337,plate_vampire,,,0.4125,0.2,True,False,False,False,0,2,,,
plate_vampire/main_sur_bord/20260823T135336Z/frame_0000.jpg,20260823T135336Z,0,0.0,quality_fallback,A,magsac,magsac,plate_vampire,,main_sur_bord,False,calibrated_roi,True,0.0,0.0,0.0,0.0,0.0,0.0,0.0,,0,327,698,841,8.189776999643072,91.5024770074524,0.0004629982868209481,99.7211260109907,False,False,0,0,0.0,,,,,0.0,,False,False,False,True,1,1,,,
plate_vampire/main_sur_bord/20260823T135336Z/frame_0001.jpg,20260823T135336Z,1,0.5,quality_fallback,A,magsac,magsac,plate_vampire,plate_vampire,main_sur_bord,False,calibrated_roi,True,0.0,0.0,0.0,0.0,0.0,0.0,0.0,,0,327,698,841,8.529535989509895,100.49073499976657,24.04235200083349,133.15595699532423,True,True,39,35,0.8974358974358975,0.6752594709396362,plate_vampire,,,0.36,0.2,True,False,False,False,0,1,0.5,,
plate_vampire/main_sur_bord/20260823T135336Z/frame_0002.jpg,20260823T135336Z,2,1.0,quality_fallback,A,magsac,magsac,plate_vampire,,main_sur_bord,False,calibrated_roi,True,0.0,0.0,0.0,0.0,0.0,0.0,0.0,,0,327,698,841,8.324221009388566,94.73641499062069,0.00035201082937419415,103.08848800195847,False,False,0,0,0.0,,,,,0.0,,False,False,False,True,1,1,,,
plate_vampire/main_sur_bord/20260823T135336Z/frame_0003.jpg,20260823T135336Z,3,1.5,quality_fallback,A,magsac,magsac,plate_vampire,,main_sur_bord,False,calibrated_roi,True,0.0,0.0,0.0,0.0,0.0,0.0,0.0,,0,327,698,841,8.008834003703669,88.59189100621734,0.0005180045263841748,96.63055899727624,False,False,0,0,0.0,,,,,0.0,,False,False,False,True,2,2,,,
plate_vampire/main_sur_bord/20260823T135336Z/frame_0004.jpg,20260823T135336Z,4,2.0,quality_fallback,A,magsac,magsac,plate_vampire,,main_sur_bord,False,calibrated_roi,True,0.0,0.0,0.0,0.0,0.0,0.0,0.0,,0,327,698,841,7.729186007054523,88.66990999376867,0.0004629982868209481,96.42974400776438,False,False,0,0,0.0,,,,,0.0,,False,False,False,True,3,3,,,
plate_vampire/main_sur_bord/20260823T135336Z/frame_0005.jpg,20260823T135336Z,5,2.5,quality_fallback,A,magsac,magsac,plate_vampire,,main_sur_bord,False,calibrated_roi,True,0.0,0.0,0.0,0.0,0.0,0.0,0.0,,0,327,698,841,8.470405999105424,91.13866399275139,0.0005369947757571936,99.6369040076388,False,False,0,0,0.0,,,,,0.0,,False,False,False,True,4,4,,,
plate_vampire/main_sur_bord/20260823T135336Z/frame_0006.jpg,20260823T135336Z,6,3.0,quality_fallback,A,magsac,magsac,plate_vampire,plate_vampire,main_sur_bord,False,calibrated_roi,True,0.0,0.0,0.0,0.0,0.0,0.0,0.0,,0,327,698,841,8.768073006649502,98.46712900616694,22.782023006584495,130.10953800403513,True,True,33,26,0.7878787878787878,0.9560198783874512,plate_vampire,,,0.23125,0.2,True,False,False,False,0,4,,,
plate_vampire/main_sur_bord/20260823T135336Z/frame_0007.jpg,20260823T135336Z,7,3.5,quality_fallback,A,magsac,magsac,plate_vampire,,main_sur_bord,False,calibrated_roi,True,0.0,0.0,0.0,0.0,0.0,0.0,0.0,,0,327,698,841,7.9702229995746166,87.63313399686012,0.0006299960659816861,95.63454199815169,False,False,0,0,0.0,,,,,0.0,,False,False,False,True,1,4,,,
plate_vampire/main_sur_bord/20260823T135336Z/frame_0008.jpg,20260823T135336Z,8,4.0,quality_fallback,A,magsac,magsac,plate_vampire,,main_sur_bord,False,calibrated_roi,True,0.0,0.0,0.0,0.0,0.0,0.0,0.0,,0,327,698,841,8.314017992233858,88.92359399760608,0.0006120098987594247,97.26752000278793,False,False,0,0,0.0,,,,,0.0,,False,False,False,True,2,4,,,
plate_vampire/main_sur_bord/20260823T135336Z/frame_0009.jpg,20260823T135336Z,9,4.5,quality_fallback,A,magsac,magsac,plate_vampire,,main_sur_bord,False,calibrated_roi,True,0.0,0.0,0.0,0.0,0.0,0.0,0.0,,0,327,698,841,8.558851011912338,92.14506900752895,0.0005189940566197038,100.73236399330199,False,False,0,0,0.0,,,,,0.0,,False,False,False,True,3,4,,,
plate_vampire/main_sur_bord/20260823T135336Z/frame_0010.jpg,20260823T135336Z,10,5.0,quality_fallback,A,magsac,magsac,plate_vampire,,main_sur_bord,False,calibrated_roi,True,0.0,0.0,0.0,0.0,0.0,0.0,0.0,,0,327,698,841,8.588462005718611,94.75165499316063,0.000443993485532701,103.36835800262634,False,False,0,0,0.0,,,,,0.0,,False,False,False,True,4,4,,,
plate_vampire/main_sur_bord/20260823T135336Z/frame_0011.jpg,20260823T135336Z,11,5.5,quality_fallback,A,magsac,magsac,plate_vampire,,main_sur_bord,False,calibrated_roi,True,0.0,0.0,0.0,0.0,0.0,0.0,0.0,,0,327,698,841,8.79527599317953,93.05960299388971,0.0004809990059584379,101.8828240048606,False,False,0,0,0.0,,,,,0.0,,False,False,False,True,5,5,,,
plate_vampire/main_sur_bord/20260823T135336Z/frame_0012.jpg,20260823T135336Z,12,6.0,quality_fallback,A,magsac,magsac,plate_vampire,,main_sur_bord,False,calibrated_roi,True,0.0,0.0,0.0,0.0,0.0,0.0,0.0,,0,327,698,841,8.750110006076284,93.12858500925358,0.0006299960659816861,101.90700899693184,False,False,0,0,0.0,,,,,0.0,,False,False,False,True,6,6,,,
plate_vampire/main_sur_bord/20260823T135336Z/frame_0013.jpg,20260823T135336Z,13,6.5,quality_fallback,A,magsac,magsac,plate_vampire,,main_sur_bord,False,calibrated_roi,True,0.0,0.0,0.0,0.0,0.0,0.0,0.0,,0,327,698,841,8.485537007800303,95.77415300009307,0.0005559995770454407,104.28950400091708,False,False,0,0,0.0,,,,,0.0,,False,False,False,True,7,7,,,
plate_vampire/main_sur_bord/20260823T135336Z/frame_0014.jpg,20260823T135336Z,14,7.0,quality_fallback,A,magsac,magsac,plate_vampire,,main_sur_bord,False,calibrated_roi,True,0.0,0.0,0.0,0.0,0.0,0.0,0.0,,0,327,698,841,8.884645998477936,94.39937799470499,0.00037001154851168394,103.3110810094513,False,False,0,0,0.0,,,,,0.0,,False,False,False,True,8,8,,,
plate_vampire/main_sur_bord/20260823T135336Z/frame_0015.jpg,20260823T135336Z,15,7.5,quality_fallback,A,magsac,magsac,plate_vampire,,main_sur_bord,False,calibrated_roi,True,0.0,0.0,0.0,0.0,0.0,0.0,0.0,,0,327,698,841,8.817702997475863,92.95280800142791,0.000500003807246685,101.79819499899168,False,False,0,0,0.0,,,,,0.0,,False,False,False,True,9,9,,,
plate_vampire/main_sur_bord/20260823T135336Z/frame_0016.jpg,20260823T135336Z,16,8.0,quality_fallback,A,magsac,magsac,plate_vampire,,main_sur_bord,False,calibrated_roi,True,0.0,0.0,0.0,0.0,0.0,0.0,0.0,,0,327,698,841,8.92277600360103,93.0396220064722,0.0004629982868209481,101.98973100341391,False,False,0,0,0.0,,,,,0.0,,False,False,False,True,10,10,,,
plate_vampire/main_sur_bord/20260823T135336Z/frame_0017.jpg,20260823T135336Z,17,8.5,quality_fallback,A,magsac,magsac,plate_vampire,,main_sur_bord,False,calibrated_roi,True,0.0,0.0,0.0,0.0,0.0,0.0,0.0,,0,327,698,841,8.468018000712618,88.1580959976418,0.0008329952834174037,96.65600299194921,False,False,0,0,0.0,,,,,0.0,,False,False,False,True,11,11,,,
plate_vampire/main_sur_bord/20260823T135336Z/frame_0018.jpg,20260823T135336Z,18,9.0,quality_fallback,A,magsac,magsac,plate_vampire,,main_sur_bord,False,calibrated_roi,True,0.0,0.0,0.0,0.0,0.0,0.0,0.0,,0,327,698,841,8.416313998168334,90.27438701014034,0.0007040071068331599,98.71797900996171,False,False,0,0,0.0,,,,,0.0,,False,False,False,True,12,12,,,
plate_vampire/main_sur_bord/20260823T135336Z/frame_0019.jpg,20260823T135336Z,19,9.5,quality_fallback,A,magsac,magsac,plate_vampire,,main_sur_bord,False,calibrated_roi,True,0.0,0.0,0.0,0.0,0.0,0.0,0.0,,0,327,698,841,8.560147005482577,98.15553699445445,26.379588001873344,133.12384599703364,True,False,11,6,0.5454545454545454,0.0002382806851528585,plate_bois,,,0.00801068090787717,0.2,False,False,False,True,13,13,,,
plate_vampire/occlusion_angle/20260823T135419Z/frame_0000.jpg,20260823T135419Z,0,0.0,quality_fallback,A,magsac,magsac,plate_vampire,plate_vampire,occlusion_angle,False,calibrated_roi,True,0.0,0.0,0.0,0.0,0.0,0.0,0.0,,0,327,698,841,8.654388002469204,99.80971799814142,23.572186997625977,132.1324780001305,True,True,31,25,0.8064516129032258,1.0308164358139038,plate_vampire,,,0.35,0.2,True,False,False,False,0,0,0.0,,
plate_vampire/occlusion_angle/20260823T135419Z/frame_0001.jpg,20260823T135419Z,1,0.5,quality_fallback,A,magsac,magsac,plate_vampire,plate_vampire,occlusion_angle,False,calibrated_roi,True,0.0,0.0,0.0,0.0,0.0,0.0,0.0,,0,327,698,841,8.655220997752622,95.71761600091122,24.244482003268786,128.71256000653375,True,True,37,36,0.972972972972973,0.9946681261062622,plate_vampire,,,0.3275,0.2,True,False,False,False,0,0,,,
plate_vampire/occlusion_angle/20260823T135419Z/frame_0002.jpg,20260823T135419Z,2,1.0,quality_fallback,A,magsac,magsac,plate_vampire,plate_vampire,occlusion_angle,False,calibrated_roi,True,0.0,0.0,0.0,0.0,0.0,0.0,0.0,,0,327,698,841,8.629850999568589,99.38027401221916,23.761667995131575,131.86336700164247,True,True,38,32,0.8421052631578947,1.1577723026275635,plate_vampire,,,0.34,0.2,True,False,False,False,0,0,,,
plate_vampire/occlusion_angle/20260823T135419Z/frame_0003.jpg,20260823T135419Z,3,1.5,quality_fallback,A,magsac,magsac,plate_vampire,plate_vampire,occlusion_angle,False,calibrated_roi,True,0.0,0.0,0.0,0.0,0.0,0.0,0.0,,0,327,698,841,8.867499011103064,98.85364600631874,24.293074995512143,132.1085520030465,True,True,39,37,0.9487179487179487,1.4096664190292358,plate_vampire,,,0.3375,0.2,True,False,False,False,0,0,,plate_vampire,1.5
plate_vampire/occlusion_angle/20260823T135419Z/frame_0004.jpg,20260823T135419Z,4,2.0,quality_fallback,A,magsac,magsac,plate_vampire,plate_vampire,occlusion_angle,False,calibrated_roi,True,0.0,0.0,0.0,0.0,0.0,0.0,0.0,,0,327,698,841,8.61360999988392,96.44783700059634,24.377481997362338,129.53170500986744,True,True,45,38,0.8444444444444444,1.3751168251037598,plate_vampire,,,0.31,0.2,True,False,False,False,0,0,,,
plate_vampire/occlusion_angle/20260823T135419Z/frame_0005.jpg,20260823T135419Z,5,2.5,quality_fallback,A,magsac,magsac,plate_vampire,plate_vampire,occlusion_angle,False,calibrated_roi,True,0.0,0.0,0.0,0.0,0.0,0.0,0.0,,0,327,698,841,8.738610005821101,98.01922198676039,24.3263899901649,131.17536900972482,True,True,39,30,0.7692307692307693,1.0588438510894775,plate_vampire,,,0.33375,0.2,True,False,False,False,0,0,,,
plate_vampire/occlusion_angle/20260823T135419Z/frame_0006.jpg,20260823T135419Z,6,3.0,quality_fallback,A,magsac,magsac,plate_vampire,,occlusion_angle,False,calibrated_roi,True,0.0,0.0,0.0,0.0,0.0,0.0,0.0,,0,327,698,841,8.861869006068446,97.06963099597488,0.0005369947757571936,105.95990699948743,False,False,0,0,0.0,,,,,0.0,,False,False,False,True,1,1,,,
plate_vampire/occlusion_angle/20260823T135419Z/frame_0007.jpg,20260823T135419Z,7,3.5,quality_fallback,A,magsac,magsac,plate_vampire,plate_vampire,occlusion_angle,False,calibrated_roi,True,0.0,0.0,0.0,0.0,0.0,0.0,0.0,,0,327,698,841,8.74894300068263,100.05877300864086,24.378333997447044,133.27762301196344,True,True,43,33,0.7674418604651163,1.2953274250030518,plate_vampire,,,0.345,0.2,True,False,False,False,0,1,,,
plate_vampire/occlusion_angle/20260823T135419Z/frame_0008.jpg,20260823T135419Z,8,4.0,quality_fallback,A,magsac,magsac,plate_vampire,plate_vampire,occlusion_angle,False,calibrated_roi,True,0.0,0.0,0.0,0.0,0.0,0.0,0.0,,0,327,698,841,8.814221000648104,99.29179299797397,23.950723989401013,132.14893999975175,True,True,47,41,0.8723404255319149,0.8291117548942566,plate_vampire,,,0.36375,0.2,True,False,False,False,0,1,,,
plate_vampire/occlusion_angle/20260823T135419Z/frame_0009.jpg,20260823T135419Z,9,4.5,quality_fallback,A,magsac,magsac,plate_vampire,plate_vampire,occlusion_angle,False,calibrated_roi,True,0.0,0.0,0.0,0.0,0.0,0.0,0.0,,0,327,698,841,8.437665994279087,96.68624300684314,24.153723003109917,129.37120599963237,True,True,17,14,0.8235294117647058,0.5991406440734863,plate_vampire,,,0.2875,0.2,True,False,False,False,0,1,,,
plate_vampire/occlusion_angle/20260823T135419Z/frame_0010.jpg,20260823T135419Z,10,5.0,quality_fallback,A,magsac,magsac,plate_vampire,plate_vampire,occlusion_angle,False,calibrated_roi,True,0.0,0.0,0.0,0.0,0.0,0.0,0.0,,0,327,698,841,8.899943000869825,95.12802500103135,24.344592005945742,128.4682630066527,True,True,39,36,0.9230769230769231,1.512169599533081,plate_vampire,,,0.34,0.2,True,False,False,False,0,1,,,
plate_vampire/occlusion_angle/20260823T135419Z/frame_0011.jpg,20260823T135419Z,11,5.5,quality_fallback,A,magsac,magsac,plate_vampire,plate_vampire,occlusion_angle,False,calibrated_roi,True,0.0,0.0,0.0,0.0,0.0,0.0,0.0,,0,327,698,841,8.556294997106306,95.54376399319153,23.047484006383456,127.2426370123867,True,True,32,29,0.90625,0.8424096703529358,plate_vampire,,,0.31125,0.2,True,False,False,False,0,1,,,
plate_vampire/occlusion_angle/20260823T135419Z/frame_0012.jpg,20260823T135419Z,12,6.0,quality_fallback,A,magsac,magsac,plate_vampire,plate_vampire,occlusion_angle,False,calibrated_roi,True,0.0,0.0,0.0,0.0,0.0,0.0,0.0,,0,327,698,841,8.64744299906306,97.07905699906405,23.54750200174749,129.36813199485186,True,True,18,12,0.6666666666666666,1.3136534690856934,plate_vampire,,,0.315,0.2,True,False,False,False,0,1,,,
plate_vampire/occlusion_angle/20260823T135419Z/frame_0013.jpg,20260823T135419Z,13,6.5,quality_fallback,A,magsac,magsac,plate_vampire,plate_vampire,occlusion_angle,False,calibrated_roi,True,0.0,0.0,0.0,0.0,0.0,0.0,0.0,,0,327,698,841,8.838684007059783,100.06408700428437,23.88101899123285,132.87854999362025,True,True,49,39,0.7959183673469388,0.8663358688354492,plate_vampire,,,0.3575,0.2,True,False,False,False,0,1,,,
plate_vampire/occlusion_angle/20260823T135419Z/frame_0014.jpg,20260823T135419Z,14,7.0,quality_fallback,A,magsac,magsac,plate_vampire,plate_vampire,occlusion_angle,False,calibrated_roi,True,0.0,0.0,0.0,0.0,0.0,0.0,0.0,,0,327,698,841,8.802812997600995,102.55234099167865,24.354685010621324,135.8073950104881,True,True,35,28,0.8,1.4546668529510498,plate_vampire,plate_bougie,0.32352941176470584,0.32625,0.2,True,False,False,False,0,1,,,
plate_vampire/occlusion_angle/20260823T135419Z/frame_0015.jpg,20260823T135419Z,15,7.5,quality_fallback,A,magsac,magsac,plate_vampire,,occlusion_angle,False,calibrated_roi,True,0.0,0.0,0.0,0.0,0.0,0.0,0.0,,0,327,698,841,8.867553988238797,92.40977100853343,0.0006290065357461572,101.30636199028231,False,False,0,0,0.0,,,,,0.0,,False,False,False,True,1,1,,,
plate_vampire/occlusion_angle/20260823T135419Z/frame_0016.jpg,20260823T135419Z,16,8.0,quality_fallback,A,magsac,magsac,plate_vampire,plate_vampire,occlusion_angle,False,calibrated_roi,True,0.0,0.0,0.0,0.0,0.0,0.0,0.0,,0,327,698,841,8.460703000309877,100.63690099923406,24.094223001156934,133.2893639919348,True,True,14,11,0.7857142857142857,0.5137104988098145,plate_vampire,plate_ready_check,0.1470588235294118,0.2925,0.2,True,False,False,False,0,1,,,
plate_vampire/occlusion_angle/20260823T135419Z/frame_0017.jpg,20260823T135419Z,17,8.5,quality_fallback,A,magsac,magsac,plate_vampire,,occlusion_angle,False,calibrated_roi,True,0.0,0.0,0.0,0.0,0.0,0.0,0.0,,0,327,698,841,8.56877698970493,91.47394000319764,0.000610991264693439,100.07090200087987,False,False,0,0,0.0,,,,,0.0,,False,False,False,True,1,1,,,
plate_vampire/occlusion_angle/20260823T135419Z/frame_0018.jpg,20260823T135419Z,18,9.0,quality_fallback,A,magsac,magsac,plate_vampire,plate_vampire,occlusion_angle,False,calibrated_roi,True,0.0,0.0,0.0,0.0,0.0,0.0,0.0,,0,327,698,841,8.910164993721992,96.31055800127797,24.67788799549453,130.0606120057637,True,True,19,15,0.7894736842105263,1.0375275611877441,plate_vampire,,,0.2775,0.2,True,False,False,False,0,1,,,
plate_vampire/occlusion_angle/20260823T135419Z/frame_0019.jpg,20260823T135419Z,19,9.5,quality_fallback,A,magsac,magsac,plate_vampire,,occlusion_angle,False,calibrated_roi,True,0.0,0.0,0.0,0.0,0.0,0.0,0.0,,0,327,698,841,8.519869996234775,92.01299499545712,0.0005549954948946834,100.56154899939429,False,False,0,0,0.0,,,,,0.0,,False,False,False,True,1,1,,,
negatives/aucune_plaque/20260823T132011Z/frame_0000.jpg,20260823T132011Z,0,0.0,acquisition_tracking,A,magsac,magsac,,,aucune_plaque,False,calibrated_roi,True,0.0,0.0,0.0,0.0,0.0,0.0,0.0,,0,327,698,841,6.958835991099477,87.44657901115716,0.0005930050974711776,94.43506199750118,False,False,0,0,0.0,,,,,0.0,,False,True,False,False,0,0,,,
negatives/aucune_plaque/20260823T132011Z/frame_0001.jpg,20260823T132011Z,1,0.5,acquisition_tracking,A,magsac,magsac,,,aucune_plaque,False,calibrated_roi,True,0.0,0.0,0.0,0.0,0.0,0.0,0.0,,0,327,698,841,6.999762001214549,87.91407699754927,0.0006110058166086674,94.94487699703313,False,False,0,0,0.0,,,,,0.0,,False,True,False,False,0,0,,,
negatives/aucune_plaque/20260823T132011Z/frame_0002.jpg,20260823T132011Z,2,1.0,acquisition_tracking,A,magsac,magsac,,,aucune_plaque,False,calibrated_roi,True,0.0,0.0,0.0,0.0,0.0,0.0,0.0,,0,327,698,841,7.1085389936342835,86.85598699958064,0.0008700008038431406,93.99493300588802,False,False,0,0,0.0,,,,,0.0,,False,True,False,False,0,0,,,
negatives/aucune_plaque/20260823T132011Z/frame_0003.jpg,20260823T132011Z,3,1.5,acquisition_tracking,A,magsac,magsac,,,aucune_plaque,False,calibrated_roi,True,0.0,0.0,0.0,0.0,0.0,0.0,0.0,,0,327,698,841,6.9154469965724275,88.60031700169202,0.0005920010153204203,95.54291200765874,False,False,0,0,0.0,,,,,0.0,,False,True,False,False,0,0,,,
negatives/aucune_plaque/20260823T132011Z/frame_0004.jpg,20260823T132011Z,4,2.0,acquisition_tracking,A,magsac,magsac,,,aucune_plaque,False,calibrated_roi,True,0.0,0.0,0.0,0.0,0.0,0.0,0.0,,0,327,698,841,6.958038997254334,86.6985239990754,0.0005920010153204203,93.68667499802541,False,False,0,0,0.0,,,,,0.0,,False,True,False,False,0,0,,,
negatives/aucune_plaque/20260823T132011Z/frame_0005.jpg,20260823T132011Z,5,2.5,acquisition_tracking,A,magsac,magsac,,,aucune_plaque,False,calibrated_roi,True,0.0,0.0,0.0,0.0,0.0,0.0,0.0,,0,327,698,841,7.133299004635774,90.01320198876783,13.169951009331271,110.34291499527171,True,False,8,6,0.75,0.2951042056083679,plate_cellule,,,0.025,0.2,False,True,False,False,0,0,,,
negatives/aucune_plaque/20260823T132011Z/frame_0006.jpg,20260823T132011Z,6,3.0,acquisition_tracking,A,magsac,magsac,,,aucune_plaque,False,calibrated_roi,True,0.0,0.0,0.0,0.0,0.0,0.0,0.0,,0,327,698,841,6.958744008443318,86.83171001030132,0.000443993485532701,93.81952600961085,False,False,0,0,0.0,,,,,0.0,,False,True,False,False,0,0,,,
negatives/aucune_plaque/20260823T132011Z/frame_0007.jpg,20260823T132011Z,7,3.5,acquisition_tracking,A,magsac,magsac,,,aucune_plaque,False,calibrated_roi,True,0.0,0.0,0.0,0.0,0.0,0.0,0.0,,0,327,698,841,6.920170009834692,89.11053799965885,0.0005559995770454407,96.06011399591807,False,False,0,0,0.0,,,,,0.0,,False,True,False,False,0,0,,,
negatives/aucune_plaque/20260823T132011Z/frame_0008.jpg,20260823T132011Z,8,4.0,acquisition_tracking,A,magsac,magsac,,,aucune_plaque,False,calibrated_roi,True,0.0,0.0,0.0,0.0,0.0,0.0,0.0,,0,327,698,841,6.905743997776881,88.88798199768644,0.0005370093276724219,95.82241100724787,False,False,0,0,0.0,,,,,0.0,,False,True,False,False,0,0,,,
negatives/aucune_plaque/20260823T132011Z/frame_0009.jpg,20260823T132011Z,9,4.5,acquisition_tracking,A,magsac,magsac,,,aucune_plaque,False,calibrated_roi,True,0.0,0.0,0.0,0.0,0.0,0.0,0.0,,0,327,698,841,7.002780010225251,88.57963200716767,0.0004999892553314567,95.61111498624086,False,False,0,0,0.0,,,,,0.0,,False,True,False,False,0,0,,,
negatives/aucune_plaque/20260823T132011Z/frame_0010.jpg,20260823T132011Z,10,5.0,acquisition_tracking,A,magsac,magsac,,,aucune_plaque,False,calibrated_roi,True,0.0,0.0,0.0,0.0,0.0,0.0,0.0,,0,327,698,841,6.960558996070176,87.05254200322088,0.0005920010153204203,94.04261900635902,False,False,0,0,0.0,,,,,0.0,,False,True,False,False,0,0,,,
negatives/aucune_plaque/20260823T132011Z/frame_0011.jpg,20260823T132011Z,11,5.5,acquisition_tracking,A,magsac,magsac,,,aucune_plaque,True,calibrated_roi,True,0.39325060616785,0.4417845606803894,0.005544704861111111,0.26326566575208565,0.3856041131105398,0.48497793248076865,0.5,,0,327,698,841,12.546139012556523,85.95076699566562,0.0006850023055449128,98.53212699817959,False,False,0,0,0.0,,,,,0.0,,False,True,False,False,0,0,,,
negatives/aucune_plaque/20260823T132011Z/frame_0012.jpg,20260823T132011Z,12,6.0,acquisition_tracking,A,magsac,magsac,,,aucune_plaque,True,contour,False,0.5547999321873796,0.4474520683288574,0.005625,0.2651650429449553,0.8786279683377308,0.38003251278368,0.9661280758968277,,463,989,237,112,12.574156004120596,1.0955160105368122,0.0015559926396235824,13.699579998501576,False,False,0,0,0.0,,,,,0.0,,False,True,False,False,0,0,,,
negatives/aucune_plaque/20260823T132011Z/frame_0013.jpg,20260823T132011Z,13,6.5,acquisition_tracking,A,magsac,magsac,,,aucune_plaque,False,calibrated_roi,True,0.0,0.0,0.0,0.0,0.0,0.0,0.0,,0,327,698,841,6.951502989977598,85.99687799869571,0.0005369947757571936,92.97912201145664,False,False,0,0,0.0,,,,,0.0,,False,True,False,False,0,0,,,
negatives/aucune_plaque/20260823T132011Z/frame_0014.jpg,20260823T132011Z,14,7.0,acquisition_tracking,A,magsac,magsac,,,aucune_plaque,False,calibrated_roi,True,0.0,0.0,0.0,0.0,0.0,0.0,0.0,,0,327,698,841,6.824744006735273,88.79751899803523,0.0005559995770454407,95.65122600179166,False,False,0,0,0.0,,,,,0.0,,False,True,False,False,0,0,,,
negatives/aucune_plaque/20260823T132011Z/frame_0015.jpg,20260823T132011Z,15,7.5,acquisition_tracking,A,magsac,magsac,,,aucune_plaque,False,calibrated_roi,True,0.0,0.0,0.0,0.0,0.0,0.0,0.0,,0,327,698,841,6.942613996216096,87.84335499512963,0.0005920010153204203,94.81539500120562,False,False,0,0,0.0,,,,,0.0,,False,True,False,False,0,0,,,
negatives/aucune_plaque/20260823T132011Z/frame_0016.jpg,20260823T132011Z,16,8.0,acquisition_tracking,A,magsac,magsac,,,aucune_plaque,False,calibrated_roi,True,0.0,0.0,0.0,0.0,0.0,0.0,0.0,,0,327,698,841,6.905485002789646,85.55767500365619,0.000776999513618648,92.49504799663555,False,False,0,0,0.0,,,,,0.0,,False,True,False,False,0,0,,,
negatives/aucune_plaque/20260823T132011Z/frame_0017.jpg,20260823T132011Z,17,8.5,acquisition_tracking,A,magsac,magsac,,,aucune_plaque,False,calibrated_roi,True,0.0,0.0,0.0,0.0,0.0,0.0,0.0,,0,327,698,841,6.840948000899516,86.99352300027385,0.000500003807246685,93.86285999789834,False,False,0,0,0.0,,,,,0.0,,False,True,False,False,0,0,,,
negatives/aucune_plaque/20260823T132011Z/frame_0018.jpg,20260823T132011Z,18,9.0,acquisition_tracking,A,magsac,magsac,,,aucune_plaque,False,calibrated_roi,True,0.0,0.0,0.0,0.0,0.0,0.0,0.0,,0,327,698,841,7.061835000058636,86.17237699218094,0.0007030030246824026,93.26280499226414,False,False,0,0,0.0,,,,,0.0,,False,True,False,False,0,0,,,
negatives/aucune_plaque/20260823T132011Z/frame_0019.jpg,20260823T132011Z,19,9.5,acquisition_tracking,A,magsac,magsac,,,aucune_plaque,False,calibrated_roi,True,0.0,0.0,0.0,0.0,0.0,0.0,0.0,,0,327,698,841,7.051575987134129,87.20796699344646,0.0006299960659816861,94.28887801186647,False,False,0,0,0.0,,,,,0.0,,False,True,False,False,0,0,,,
plate_bougie/frontal/20260823T135503Z/frame_0000.jpg,20260823T135503Z,0,0.0,acquisition_tracking,A,magsac,magsac,plate_bougie,,frontal,False,calibrated_roi,True,0.0,0.0,0.0,0.0,0.0,0.0,0.0,,0,327,698,841,7.962149000377394,97.58170299755875,0.0005179899744689465,105.57164800411556,False,False,0,0,0.0,,,,,0.0,,False,False,False,True,1,1,,,
plate_bougie/frontal/20260823T135503Z/frame_0001.jpg,20260823T135503Z,1,0.5,acquisition_tracking,A,magsac,magsac,plate_bougie,,frontal,True,contour,False,0.8707366605224656,0.9553513079881668,0.1305517578125,1.0,0.7513711151736746,0.9628848933259679,0.5,,45,379,542,554,14.697280988912098,92.93214000354055,0.0005179899744689465,107.65730999992229,False,False,0,0,0.0,,,,,0.0,,False,False,False,True,2,2,,,
plate_bougie/frontal/20260823T135503Z/frame_0002.jpg,20260823T135503Z,2,1.0,acquisition_tracking,A,magsac,magsac,plate_bougie,plate_bougie,frontal,True,contour,False,0.9219237163744509,0.9526255764067173,0.13032606336805555,1.0,0.7598173515981735,0.9710082319995101,0.9908088235294118,,48,379,541,554,14.820188007433899,89.56288799527101,18.40397600608412,166.18006500357296,True,True,38,26,0.6842105263157895,0.6089239120483398,plate_bougie,,,0.2775,0.2,True,False,False,False,0,2,1.0,,
plate_bougie/frontal/20260823T135503Z/frame_0003.jpg,20260823T135503Z,3,1.5,acquisition_tracking,A,magsac,magsac,plate_bougie,,frontal,True,tracked,True,0.974634322080032,0.9598961547017097,0.1279736328125,1.0,0.9677716390423573,0.9709378286547468,0.9762878304345514,0.7368597271920079,144,366,434,452,34.0952179976739,80.87177798734047,0.0005559995770454407,114.99255200033076,False,False,0,0,0.0,,,,,0.0,,False,False,False,True,1,2,,,
plate_bougie/frontal/20260823T135503Z/frame_0004.jpg,20260823T135503Z,4,2.0,acquisition_tracking,A,magsac,magsac,plate_bougie,,frontal,False,tracked,True,0.0,0.0,0.0,0.0,0.0,0.0,0.0,0.5065425486849059,146,362,437,455,11.939880001591519,84.44063999922946,0.0004809990059584379,96.4049280009931,False,False,0,0,0.0,,,,,0.0,,False,False,False,True,2,2,,,
plate_bougie/frontal/20260823T135503Z/frame_0005.jpg,20260823T135503Z,5,2.5,acquisition_tracking,A,magsac,magsac,plate_bougie,plate_bougie,frontal,False,tracked,True,0.0,0.0,0.0,0.0,0.0,0.0,0.0,0.7192414468529625,142,360,441,458,12.306305012316443,83.72864199918695,17.65731201157905,133.8118800049415,True,True,39,28,0.717948717948718,0.8180589079856873,plate_bougie,,,0.22875,0.2,True,False,False,False,0,2,,,
plate_bougie/frontal/20260823T135503Z/frame_0006.jpg,20260823T135503Z,6,3.0,acquisition_tracking,A,magsac,magsac,plate_bougie,,frontal,True,tracked,True,0.9373221293228091,0.9566483162343502,0.13072916666666667,1.0,0.8236889692585895,0.9676532219430358,0.9764006994355315,0.5901150769136106,132,358,449,459,19.14556699921377,84.01319800759666,0.0005740002961829305,103.18280199135188,False,False,0,0,0.0,,,,,0.0,,False,False,False,True,1,2,,,
plate_bougie/frontal/20260823T135503Z/frame_0007.jpg,20260823T135503Z,7,3.5,acquisition_tracking,A,magsac,magsac,plate_bougie,,frontal,True,tracked,True,0.9090943341917792,0.9360760971903801,0.13587076822916666,1.0,0.7444933920704846,0.9638659399302177,0.9576156302402231,0.7954402027619137,130,357,452,461,18.9476239902433,82.75140399928205,0.0004629982868209481,101.72347199113574,False,False,0,0,0.0,,,,,0.0,,False,False,False,True,2,2,,,
plate_bougie/frontal/20260823T135503Z/frame_0008.jpg,20260823T135503Z,8,4.0,acquisition_tracking,A,magsac,magsac,plate_bougie,,frontal,True,tracked,True,0.9503494735444259,0.9556902460753918,0.1275439453125,1.0,0.8996316758747698,0.9654380556726305,0.9219067518585289,0.5960656435862163,137,356,445,454,18.97747500333935,80.98759200947825,0.00044499756768345833,99.9895309942076,False,False,0,0,0.0,,,,,0.0,,False,False,False,True,3,3,,,
plate_bougie/frontal/20260823T135503Z/frame_0009.jpg,20260823T135503Z,9,4.5,acquisition_tracking,A,magsac,magsac,plate_bougie,,frontal,True,tracked,True,0.9539668218664269,0.9529640227556229,0.12693739149305555,1.0,0.8898071625344353,0.9654602706819453,0.9907979733793661,0.7855813520666987,136,355,446,454,18.720457999734208,79.82922499650158,0.000443993485532701,98.57571899192408,False,False,0,0,0.0,,,,,0.0,,False,False,False,True,4,4,,,
plate_bougie/frontal/20260823T135503Z/frame_0010.jpg,20260823T135503Z,10,5.0,acquisition_tracking,A,magsac,magsac,plate_bougie,,frontal,False,tracked,True,0.0,0.0,0.0,0.0,0.0,0.0,0.0,0.6315512164824981,132,351,463,471,12.202120997244492,82.0911829941906,0.0004259927663952112,94.31776599376462,False,False,0,0,0.0,,,,,0.0,,False,False,False,True,5,5,,,
plate_bougie/frontal/20260823T135503Z/frame_0011.jpg,20260823T135503Z,11,5.5,acquisition_tracking,A,magsac,magsac,plate_bougie,,frontal,True,tracked,True,0.9603586037205631,0.955524280667305,0.12758626302083334,1.0,0.9516279069767442,0.9673926702568706,0.890550757504985,0.611668309225911,127,345,485,494,18.66164199600462,83.55501299956813,0.0005189940566197038,102.24134000600316,False,False,0,0,0.0,,,,,0.0,,False,False,False,True,6,6,,,
plate_bougie/frontal/20260823T135503Z/frame_0012.jpg,20260823T135503Z,12,6.0,acquisition_tracking,A,magsac,magsac,plate_bougie,,frontal,True,tracked,True,0.9368917460583195,0.9434193708002567,0.12915364583333333,1.0,0.8530499075785583,0.9666562035985224,0.9393783756375068,0.5789641858463326,144,349,486,495,18.806346008204855,83.10153200000059,0.0004629982868209481,101.93311898910906,False,False,0,0,0.0,,,,,0.0,,False,False,False,True,7,7,,,
plate_bougie/frontal/20260823T135503Z/frame_0013.jpg,20260823T135503Z,13,6.5,acquisition_tracking,A,magsac,magsac,plate_bougie,plate_bougie,frontal,True,tracked,True,0.916126590948539,0.9476079978048801,0.12866373697916667,1.0,0.7769652650822669,0.9671981538175707,0.9088305995475113,0.7360443159012038,118,340,493,503,18.52803200017661,85.34321200568229,17.28401599393692,140.33480899524875,True,True,31,25,0.8064516129032258,0.6640681624412537,plate_bougie,,,0.2525,0.2,True,False,False,False,0,7,,,
plate_bougie/frontal/20260823T135503Z/frame_0014.jpg,20260823T135503Z,14,7.0,acquisition_tracking,A,magsac,magsac,plate_bougie,,frontal,False,tracked,True,0.0,0.0,0.0,0.0,0.0,0.0,0.0,0.4239008040146219,187,379,430,440,12.452119990484789,78.54904299892951,0.0005740002961829305,91.02592199633364,False,False,0,0,0.0,,,,,0.0,,False,False,False,True,1,7,,,
plate_bougie/frontal/20260823T135503Z/frame_0015.jpg,20260823T135503Z,15,7.5,acquisition_tracking,A,magsac,magsac,plate_bougie,,frontal,True,tracked,True,0.951103203089429,0.9448678717017174,0.1314208984375,1.0,0.9111514052583862,0.9636331825711884,0.9349167200719839,0.7706143324629589,175,380,444,454,18.798938996042125,81.02824099478312,0.0004440080374479294,99.85179000068456,False,False,0,0,0.0,,,,,0.0,,False,False,False,True,2,7,,,
plate_bougie/frontal/20260823T135503Z/frame_0016.jpg,20260823T135503Z,16,8.0,acquisition_tracking,A,magsac,magsac,plate_bougie,plate_bougie,frontal,True,tracked,True,0.9581408311454988,0.9541791491210461,0.12701931423611112,1.0,0.9153633854645814,0.9649431069063154,0.965519293524081,0.7745949723948455,181,382,441,451,18.77640199381858,84.32469700346701,15.515149993007071,137.71885199821554,True,True,38,29,0.7631578947368421,0.8633425831794739,plate_bougie,,,0.21875,0.2,True,False,False,False,0,7,,,
plate_bougie/frontal/20260823T135503Z/frame_0017.jpg,20260823T135503Z,17,8.5,acquisition_tracking,A,magsac,magsac,plate_bougie,,frontal,True,tracked,True,0.9453351205138889,0.9437204115092754,0.12937771267361112,1.0,0.8869955156950673,0.9624389995948202,0.9422621817785743,0.4419402535534833,171,371,447,459,19.074752999586053,80.9619810024742,0.0006659975042566657,100.06125300424173,False,False,0,0,0.0,,,,,0.0,,False,False,False,True,1,7,,,
plate_bougie/frontal/20260823T135503Z/frame_0018.jpg,20260823T135503Z,18,9.0,acquisition_tracking,A,magsac,magsac,plate_bougie,,frontal,True,tracked,True,0.9392978173196423,0.9425462000072002,0.1290505642361111,1.0,0.8878676470588235,0.9623746799858209,0.883295775541943,0.42177947636880375,170,370,448,461,18.88080900243949,79.1405599884456,0.000500003807246685,98.04633099702187,False,False,0,0,0.0,,,,,0.0,,False,False,False,True,2,7,,,
plate_bougie/frontal/20260823T135503Z/frame_0019.jpg,20260823T135503Z,19,9.5,acquisition_tracking,A,magsac,magsac,plate_bougie,,frontal,True,tracked,True,0.9274390024458445,0.965101096779108,0.12572808159722224,1.0,0.8037558685446009,0.9699211028414878,0.8997759599181318,0.8771637101186602,170,369,448,462,18.65975400141906,80.72379700024612,0.0007780035957694054,99.409069007379,False,False,0,0,0.0,,,,,0.0,,False,False,False,True,3,7,,,
plate_bougie/main_sur_bord/20260823T135543Z/frame_0000.jpg,20260823T135543Z,0,0.0,acquisition_tracking,A,magsac,magsac,plate_bougie,plate_bougie,main_sur_bord,False,calibrated_roi,True,0.0,0.0,0.0,0.0,0.0,0.0,0.0,,0,327,698,841,8.20920399564784,97.43540700583253,21.730227992520668,146.76179399248213,True,True,15,12,0.8,0.30115431547164917,plate_bougie,,,0.24,0.2,True,False,False,False,0,0,0.0,,
plate_bougie/main_sur_bord/20260823T135543Z/frame_0001.jpg,20260823T135543Z,1,0.5,acquisition_tracking,A,magsac,magsac,plate_bougie,,main_sur_bord,False,tracked,True,0.0,0.0,0.0,0.0,0.0,0.0,0.0,0.773160032868964,44,601,583,573,12.350675999186933,90.59299700311385,15.990464002243243,118.95654199179262,True,False,21,18,0.8571428571428571,0.47997725009918213,plate_bougie,,,0.165,0.2,False,False,False,True,1,1,,,
plate_bougie/main_sur_bord/20260823T135543Z/frame_0002.jpg,20260823T135543Z,2,1.0,acquisition_tracking,A,magsac,magsac,plate_bougie,,main_sur_bord,False,tracked,True,0.0,0.0,0.0,0.0,0.0,0.0,0.0,0.39246029794511716,44,600,584,575,12.516230010078289,91.73258701048326,14.397949009435251,118.6686919972999,True,False,42,21,0.5,0.7134127616882324,plate_bougie,,,0.18,0.2,False,False,False,True,2,2,,,
plate_bougie/main_sur_bord/20260823T135543Z/frame_0003.jpg,20260823T135543Z,3,1.5,acquisition_tracking,A,magsac,magsac,plate_bougie,,main_sur_bord,False,tracked,True,0.0,0.0,0.0,0.0,0.0,0.0,0.0,0.8366322644283034,44,600,584,575,12.361600995063782,85.19467599398922,0.0004079920472577214,97.58073999546468,False,False,0,0,0.0,,,,,0.0,,False,False,False,True,3,3,,,
plate_bougie/main_sur_bord/20260823T135543Z/frame_0004.jpg,20260823T135543Z,4,2.0,acquisition_tracking,A,magsac,magsac,plate_bougie,,main_sur_bord,False,tracked,True,0.0,0.0,0.0,0.0,0.0,0.0,0.0,0.7693061921994633,44,600,585,575,12.148676003562286,87.97035399766173,0.0006850023055449128,100.14358600892592,False,False,0,0,0.0,,,,,0.0,,False,False,False,True,4,4,,,
plate_bougie/main_sur_bord/20260823T135543Z/frame_0005.jpg,20260823T135543Z,5,2.5,acquisition_tracking,A,magsac,magsac,plate_bougie,,main_sur_bord,False,tracked,True,0.0,0.0,0.0,0.0,0.0,0.0,0.0,0.7388902010161342,43,599,587,577,12.229658008436672,88.12072400178295,0.0005369947757571936,100.3736409911653,False,False,0,0,0.0,,,,,0.0,,False,False,False,True,5,5,,,
plate_bougie/main_sur_bord/20260823T135543Z/frame_0006.jpg,20260823T135543Z,6,3.0,acquisition_tracking,A,magsac,magsac,plate_bougie,,main_sur_bord,False,tracked,True,0.0,0.0,0.0,0.0,0.0,0.0,0.0,0.8117632417489263,43,598,588,579,12.257841997779906,88.67020400066394,0.0005189940566197038,100.95282499969471,False,False,0,0,0.0,,,,,0.0,,False,False,False,True,6,6,,,
plate_bougie/main_sur_bord/20260823T135543Z/frame_0007.jpg,20260823T135543Z,7,3.5,acquisition_tracking,A,magsac,magsac,plate_bougie,,main_sur_bord,False,tracked,True,0.0,0.0,0.0,0.0,0.0,0.0,0.0,0.8782910373902159,43,598,588,579,12.072249999619089,85.35045299504418,0.0005559995770454407,97.4482770106988,False,False,0,0,0.0,,,,,0.0,,False,False,False,True,7,7,,,
plate_bougie/main_sur_bord/20260823T135543Z/frame_0008.jpg,20260823T135543Z,8,4.0,acquisition_tracking,A,magsac,magsac,plate_bougie,,main_sur_bord,False,tracked,True,0.0,0.0,0.0,0.0,0.0,0.0,0.0,0.794236658540141,42,597,589,580,11.83584400860127,89.06294500047807,9.94262499443721,110.86374599835835,True,False,19,9,0.47368421052631576,0.567792534828186,plate_bougie,,,0.05625,0.2,False,False,False,True,8,8,,,
plate_bougie/main_sur_bord/20260823T135543Z/frame_0009.jpg,20260823T135543Z,9,4.5,acquisition_tracking,A,magsac,magsac,plate_bougie,,main_sur_bord,False,tracked,True,0.0,0.0,0.0,0.0,0.0,0.0,0.0,0.8419253163526654,42,596,590,582,12.077453997335397,87.38068900129292,15.114355002879165,114.59584899421316,True,False,26,19,0.7307692307692307,0.807284951210022,plate_bougie,,,0.17125,0.2,False,False,False,True,9,9,,,
plate_bougie/main_sur_bord/20260823T135543Z/frame_0010.jpg,20260823T135543Z,10,5.0,acquisition_tracking,A,magsac,magsac,plate_bougie,,main_sur_bord,False,tracked,True,0.0,0.0,0.0,0.0,0.0,0.0,0.0,0.8356602285532266,41,595,591,583,12.183620012365282,89.06290699087549,14.161190003505908,115.43055099900812,True,False,22,16,0.7272727272727273,0.6699028611183167,plate_bougie,,,0.1,0.2,False,False,False,True,10,10,,,
plate_bougie/main_sur_bord/20260823T135543Z/frame_0011.jpg,20260823T135543Z,11,5.5,acquisition_tracking,A,magsac,magsac,plate_bougie,,main_sur_bord,False,tracked,True,0.0,0.0,0.0,0.0,0.0,0.0,0.0,0.7238177616290696,41,595,592,583,12.109490999137051,88.49075999751221,14.392800003406592,115.0165519939037,True,False,24,19,0.7916666666666666,0.9761718511581421,plate_bougie,,,0.17625,0.2,False,False,False,True,11,11,,,
plate_bougie/main_sur_bord/20260823T135543Z/frame_0012.jpg,20260823T135543Z,12,6.0,acquisition_tracking,A,magsac,magsac,plate_bougie,plate_bougie,main_sur_bord,False,tracked,True,0.0,0.0,0.0,0.0,0.0,0.0,0.0,0.6748156073151252,40,594,593,584,12.29545300884638,87.60218899988104,21.583803012617864,140.81541799532715,True,True,29,25,0.8620689655172413,0.7406455874443054,plate_bougie,,,0.26875,0.2,True,False,False,False,0,11,,,
plate_bougie/main_sur_bord/20260823T135543Z/frame_0013.jpg,20260823T135543Z,13,6.5,acquisition_tracking,A,magsac,magsac,plate_bougie,,main_sur_bord,False,calibrated_roi,True,0.0,0.0,0.0,0.0,0.0,0.0,0.0,,0,327,698,841,12.359915999695659,91.88649400311988,0.0007030030246824026,104.27220600831788,False,False,0,0,0.0,,,,,0.0,,False,False,False,True,1,11,,,
plate_bougie/main_sur_bord/20260823T135543Z/frame_0014.jpg,20260823T135543Z,14,7.0,acquisition_tracking,A,magsac,magsac,plate_bougie,,main_sur_bord,False,calibrated_roi,True,0.0,0.0,0.0,0.0,0.0,0.0,0.0,,0,327,698,841,8.088185000815429,91.82123500795569,0.000610991264693439,99.9368820048403,False,False,0,0,0.0,,,,,0.0,,False,False,False,True,2,11,,,
plate_bougie/main_sur_bord/20260823T135543Z/frame_0015.jpg,20260823T135543Z,15,7.5,acquisition_tracking,A,magsac,magsac,plate_bougie,,main_sur_bord,False,calibrated_roi,True,0.0,0.0,0.0,0.0,0.0,0.0,0.0,,0,327,698,841,7.938537004520185,95.94155800004955,0.0006299960659816861,103.90796599676833,False,False,0,0,0.0,,,,,0.0,,False,False,False,True,3,11,,,
plate_bougie/main_sur_bord/20260823T135543Z/frame_0016.jpg,20260823T135543Z,16,8.0,acquisition_tracking,A,magsac,magsac,plate_bougie,,main_sur_bord,False,calibrated_roi,True,0.0,0.0,0.0,0.0,0.0,0.0,0.0,,0,327,698,841,8.229555998696014,91.83803001360502,0.0007969938451424241,100.09743701084517,False,False,0,0,0.0,,,,,0.0,,False,False,False,True,4,11,,,
plate_bougie/main_sur_bord/20260823T135543Z/frame_0017.jpg,20260823T135543Z,17,8.5,acquisition_tracking,A,magsac,magsac,plate_bougie,,main_sur_bord,False,calibrated_roi,True,0.0,0.0,0.0,0.0,0.0,0.0,0.0,,0,327,698,841,7.661278999876231,94.40878398891073,0.0004629982868209481,102.09963700617664,False,False,0,0,0.0,,,,,0.0,,False,False,False,True,5,11,,,
plate_bougie/main_sur_bord/20260823T135543Z/frame_0018.jpg,20260823T135543Z,18,9.0,acquisition_tracking,A,magsac,magsac,plate_bougie,,main_sur_bord,False,calibrated_roi,True,0.0,0.0,0.0,0.0,0.0,0.0,0.0,,0,327,698,841,8.15674000477884,96.47255699383095,0.0004809990059584379,104.65772300085519,False,False,0,0,0.0,,,,,0.0,,False,False,False,True,6,11,,,
plate_bougie/main_sur_bord/20260823T135543Z/frame_0019.jpg,20260823T135543Z,19,9.5,acquisition_tracking,A,magsac,magsac,plate_bougie,,main_sur_bord,False,calibrated_roi,True,0.0,0.0,0.0,0.0,0.0,0.0,0.0,,0,327,698,841,7.880185003159568,96.22116899117827,0.00048200308810919523,104.12957599328365,False,False,0,0,0.0,,,,,0.0,,False,False,False,True,7,11,,,
plate_bougie/occlusion_angle/20260823T135620Z/frame_0000.jpg,20260823T135620Z,0,0.0,acquisition_tracking,A,magsac,magsac,plate_bougie,,occlusion_angle,False,calibrated_roi,True,0.0,0.0,0.0,0.0,0.0,0.0,0.0,,0,327,698,841,8.06937098968774,97.46261000691447,28.093287997762673,133.6527679959545,True,False,13,7,0.5384615384615384,0.00030669785337522626,plate_ready_check,,,0.00375,0.2,False,False,False,True,1,1,,,
plate_bougie/occlusion_angle/20260823T135620Z/frame_0001.jpg,20260823T135620Z,1,0.5,acquisition_tracking,A,magsac,magsac,plate_bougie,,occlusion_angle,False,calibrated_roi,True,0.0,0.0,0.0,0.0,0.0,0.0,0.0,,0,327,698,841,7.921815995359793,98.46783000102732,14.721133004059084,121.13744500675239,True,False,33,23,0.696969696969697,1.2162142992019653,plate_bougie,,,0.1725,0.2,False,False,False,True,2,2,,,
plate_bougie/occlusion_angle/20260823T135620Z/frame_0002.jpg,20260823T135620Z,2,1.0,acquisition_tracking,A,magsac,magsac,plate_bougie,,occlusion_angle,False,calibrated_roi,True,0.0,0.0,0.0,0.0,0.0,0.0,0.0,,0,327,698,841,7.621483004186302,90.28264500375371,0.0007030030246824026,97.93333199922927,False,False,0,0,0.0,,,,,0.0,,False,False,False,True,3,3,,,
plate_bougie/occlusion_angle/20260823T135620Z/frame_0003.jpg,20260823T135620Z,3,1.5,acquisition_tracking,A,magsac,magsac,plate_bougie,,occlusion_angle,False,calibrated_roi,True,0.0,0.0,0.0,0.0,0.0,0.0,0.0,,0,327,698,841,8.293296006741002,93.95682200556621,0.0008710048859938979,102.27909899549559,False,False,0,0,0.0,,,,,0.0,,False,False,False,True,4,4,,,
plate_bougie/occlusion_angle/20260823T135620Z/frame_0004.jpg,20260823T135620Z,4,2.0,acquisition_tracking,A,magsac,magsac,plate_bougie,,occlusion_angle,False,calibrated_roi,True,0.0,0.0,0.0,0.0,0.0,0.0,0.0,,0,327,698,841,7.740148997982033,92.22856700944249,0.0004809990059584379,99.99697499733884,False,False,0,0,0.0,,,,,0.0,,False,False,False,True,5,5,,,
plate_bougie/occlusion_angle/20260823T135620Z/frame_0005.jpg,20260823T135620Z,5,2.5,acquisition_tracking,A,magsac,magsac,plate_bougie,,occlusion_angle,False,calibrated_roi,True,0.0,0.0,0.0,0.0,0.0,0.0,0.0,,0,327,698,841,8.039499996812083,97.32896200148389,0.0004259927663952112,105.39753599732649,False,False,0,0,0.0,,,,,0.0,,False,False,False,True,6,6,,,
plate_bougie/occlusion_angle/20260823T135620Z/frame_0006.jpg,20260823T135620Z,6,3.0,acquisition_tracking,A,magsac,magsac,plate_bougie,,occlusion_angle,False,calibrated_roi,True,0.0,0.0,0.0,0.0,0.0,0.0,0.0,,0,327,698,841,8.141944010276347,92.71928800444584,0.00048198853619396687,100.88995400292333,False,False,0,0,0.0,,,,,0.0,,False,False,False,True,7,7,,,
plate_bougie/occlusion_angle/20260823T135620Z/frame_0007.jpg,20260823T135620Z,7,3.5,acquisition_tracking,A,magsac,magsac,plate_bougie,,occlusion_angle,False,calibrated_roi,True,0.0,0.0,0.0,0.0,0.0,0.0,0.0,,0,327,698,841,8.05768599093426,96.2844280002173,0.00048200308810919523,104.37009501038119,False,False,0,0,0.0,,,,,0.0,,False,False,False,True,8,8,,,
plate_bougie/occlusion_angle/20260823T135620Z/frame_0008.jpg,20260823T135620Z,8,4.0,acquisition_tracking,A,magsac,magsac,plate_bougie,,occlusion_angle,False,calibrated_roi,True,0.0,0.0,0.0,0.0,0.0,0.0,0.0,,0,327,698,841,7.98809299885761,95.45859599893447,0.00048200308810919523,103.4746700024698,False,False,0,0,0.0,,,,,0.0,,False,False,False,True,9,9,,,
plate_bougie/occlusion_angle/20260823T135620Z/frame_0009.jpg,20260823T135620Z,9,4.5,acquisition_tracking,A,magsac,magsac,plate_bougie,,occlusion_angle,False,calibrated_roi,True,0.0,0.0,0.0,0.0,0.0,0.0,0.0,,0,327,698,841,7.65053799841553,96.5589270053897,0.0004260073183104396,104.23689099843614,False,False,0,0,0.0,,,,,0.0,,False,False,False,True,10,10,,,
plate_bougie/occlusion_angle/20260823T135620Z/frame_0010.jpg,20260823T135620Z,10,5.0,acquisition_tracking,A,magsac,magsac,plate_bougie,,occlusion_angle,False,calibrated_roi,True,0.0,0.0,0.0,0.0,0.0,0.0,0.0,,0,327,698,841,7.927315004053526,95.10037499421742,0.0004629982868209481,103.05615299148485,False,False,0,0,0.0,,,,,0.0,,False,False,False,True,11,11,,,
plate_bougie/occlusion_angle/20260823T135620Z/frame_0011.jpg,20260823T135620Z,11,5.5,acquisition_tracking,A,magsac,magsac,plate_bougie,,occlusion_angle,False,calibrated_roi,True,0.0,0.0,0.0,0.0,0.0,0.0,0.0,,0,327,698,841,8.02835199283436,95.56615199835505,0.0005369947757571936,103.62416999123525,False,False,0,0,0.0,,,,,0.0,,False,False,False,True,12,12,,,
plate_bougie/occlusion_angle/20260823T135620Z/frame_0012.jpg,20260823T135620Z,12,6.0,acquisition_tracking,A,magsac,magsac,plate_bougie,,occlusion_angle,False,calibrated_roi,True,0.0,0.0,0.0,0.0,0.0,0.0,0.0,,0,327,698,841,8.208184997783974,95.30098500545137,0.0004259927663952112,103.53844799101353,False,False,0,0,0.0,,,,,0.0,,False,False,False,True,13,13,,,
plate_bougie/occlusion_angle/20260823T135620Z/frame_0013.jpg,20260823T135620Z,13,6.5,acquisition_tracking,A,magsac,magsac,plate_bougie,,occlusion_angle,False,calibrated_roi,True,0.0,0.0,0.0,0.0,0.0,0.0,0.0,,0,327,698,841,8.11185099883005,92.63108400045894,0.0005369947757571936,100.77110299607739,False,False,0,0,0.0,,,,,0.0,,False,False,False,True,14,14,,,
plate_bougie/occlusion_angle/20260823T135620Z/frame_0014.jpg,20260823T135620Z,14,7.0,acquisition_tracking,A,magsac,magsac,plate_bougie,,occlusion_angle,False,calibrated_roi,True,0.0,0.0,0.0,0.0,0.0,0.0,0.0,,0,327,698,841,8.150666006258689,91.47056800429709,0.0005929905455559492,99.64990199659951,False,False,0,0,0.0,,,,,0.0,,False,False,False,True,15,15,,,
plate_bougie/occlusion_angle/20260823T135620Z/frame_0015.jpg,20260823T135620Z,15,7.5,acquisition_tracking,A,magsac,magsac,plate_bougie,,occlusion_angle,False,calibrated_roi,True,0.0,0.0,0.0,0.0,0.0,0.0,0.0,,0,327,698,841,8.509221006534062,94.28089499124326,0.0005550100468099117,102.81854200002272,False,False,0,0,0.0,,,,,0.0,,False,False,False,True,16,16,,,
plate_bougie/occlusion_angle/20260823T135620Z/frame_0016.jpg,20260823T135620Z,16,8.0,acquisition_tracking,A,magsac,magsac,plate_bougie,,occlusion_angle,False,calibrated_roi,True,0.0,0.0,0.0,0.0,0.0,0.0,0.0,,0,327,698,841,8.07275899569504,95.21787401172332,0.00048200308810919523,103.319059999194,False,False,0,0,0.0,,,,,0.0,,False,False,False,True,17,17,,,
plate_bougie/occlusion_angle/20260823T135620Z/frame_0017.jpg,20260823T135620Z,17,8.5,acquisition_tracking,A,magsac,magsac,plate_bougie,,occlusion_angle,False,calibrated_roi,True,0.0,0.0,0.0,0.0,0.0,0.0,0.0,,0,327,698,841,8.171703011612408,92.2582329949364,0.0004999892553314567,100.45788099523634,False,False,0,0,0.0,,,,,0.0,,False,False,False,True,18,18,,,
plate_bougie/occlusion_angle/20260823T135620Z/frame_0018.jpg,20260823T135620Z,18,9.0,acquisition_tracking,A,magsac,magsac,plate_bougie,,occlusion_angle,False,calibrated_roi,True,0.0,0.0,0.0,0.0,0.0,0.0,0.0,,0,327,698,841,8.22487000550609,91.81351099687163,0.00044499756768345833,100.06745600549038,False,False,0,0,0.0,,,,,0.0,,False,False,False,True,19,19,,,
plate_bougie/occlusion_angle/20260823T135620Z/frame_0019.jpg,20260823T135620Z,19,9.5,acquisition_tracking,A,magsac,magsac,plate_bougie,,occlusion_angle,False,calibrated_roi,True,0.0,0.0,0.0,0.0,0.0,0.0,0.0,,0,327,698,841,8.161796009517275,92.22625200345647,0.000667001586407423,100.41803000785876,False,False,0,0,0.0,,,,,0.0,,False,False,False,True,20,20,,,
plate_cellule/frontal/20260823T132156Z/frame_0000.jpg,20260823T132156Z,0,0.0,acquisition_tracking,A,magsac,magsac,plate_cellule,,frontal,True,contour,False,0.9261910592144598,0.988968150690198,0.13946723090277777,1.0,0.9414157851912124,0.9414666770959719,0.5,,107,505,551,555,15.990334009984508,87.20794800319709,0.00044499756768345833,103.225579005084,False,False,0,0,0.0,,,,,0.0,,False,False,False,True,1,1,,,
plate_cellule/frontal/20260823T132156Z/frame_0001.jpg,20260823T132156Z,1,0.5,acquisition_tracking,A,magsac,magsac,plate_cellule,plate_cellule,frontal,True,contour,False,0.9595011103844906,0.9834831189364195,0.12461154513888889,1.0,0.9991589571068125,0.9618451981287981,0.6848191561398184,,81,458,521,521,15.61840801150538,86.53928300191183,23.858945001848042,145.71038899885025,True,True,33,29,0.8787878787878788,0.8586854934692383,plate_cellule,,,0.2825,0.2,True,False,False,False,0,1,0.5,,
plate_cellule/frontal/20260823T132156Z/frame_0002.jpg,20260823T132156Z,2,1.0,acquisition_tracking,A,magsac,magsac,plate_cellule,plate_cellule,frontal,False,calibrated_roi,True,0.0,0.0,0.0,0.0,0.0,0.0,0.0,,0,327,698,841,14.765799001906998,96.49455700127874,23.822371003916487,154.37905400176533,True,True,37,30,0.8108108108108109,0.8169495463371277,plate_cellule,,,0.34,0.2,True,False,False,False,0,1,,,
plate_cellule/frontal/20260823T132156Z/frame_0003.jpg,20260823T132156Z,3,1.5,acquisition_tracking,A,magsac,magsac,plate_cellule,,frontal,True,contour,False,0.9701359701212472,0.9940809095278382,0.13314507378472223,1.0,0.9512195121951219,0.9835420377399978,0.8575261544011544,,66,418,554,551,21.9125050061848,84.91267600038555,0.0007040071068331599,106.85410699807107,False,False,0,0,0.0,,,,,0.0,,False,False,False,True,1,1,,,
plate_cellule/frontal/20260823T132156Z/frame_0004.jpg,20260823T132156Z,4,2.0,acquisition_tracking,A,magsac,magsac,plate_cellule,plate_cellule,frontal,True,contour,False,0.9594904525020984,0.9855848802253604,0.13002766927083334,1.0,0.9598796389167502,0.9718219720022195,0.7666288150508093,,121,394,548,553,15.36663100705482,86.3790430012159,22.87053999316413,143.96894800302107,True,True,39,33,0.8461538461538461,0.8185114860534668,plate_cellule,,,0.32125,0.2,True,False,False,False,0,1,,plate_cellule,2.0
plate_cellule/frontal/20260823T132156Z/frame_0005.jpg,20260823T132156Z,5,2.5,acquisition_tracking,A,magsac,magsac,plate_cellule,,frontal,True,tracked,True,0.9666676224754804,0.980673037469387,0.12975477430555554,1.0,0.9140625,0.9646043448427589,0.9748965175038846,0.36523872874725,223,492,435,445,19.76997300516814,79.82481700310018,0.0005369947757571936,99.61915999883786,False,False,0,0,0.0,,,,,0.0,,False,False,False,True,1,1,,,
plate_cellule/frontal/20260823T132156Z/frame_0006.jpg,20260823T132156Z,6,3.0,acquisition_tracking,A,magsac,magsac,plate_cellule,plate_cellule,frontal,True,contour,False,0.9520698537413892,0.9781805742532015,0.13439290364583334,1.0,0.9244239631336405,0.9849367726481789,0.7901601341720059,,64,404,553,560,20.045028999447823,86.00617400952615,23.08772499964107,148.36939999077003,True,True,56,50,0.8928571428571429,0.7072551846504211,plate_cellule,,,0.40375,0.2,True,False,False,False,0,1,,,
plate_cellule/frontal/20260823T132156Z/frame_0007.jpg,20260823T132156Z,7,3.5,acquisition_tracking,A,magsac,magsac,plate_cellule,,frontal,True,tracked,True,0.9708897737766932,0.9802761767059565,0.13522406684027777,1.0,0.9321880650994575,0.9811920172575571,0.9564070276428615,0.5867649697549963,67,416,549,554,19.799084999249317,85.42487800878007,0.0007219932740554214,105.25022199726664,False,False,0,0,0.0,,,,,0.0,,False,False,False,True,1,1,,,
plate_cellule/frontal/20260823T132156Z/frame_0008.jpg,20260823T132156Z,8,4.0,acquisition_tracking,A,magsac,magsac,plate_cellule,plate_cellule,frontal,True,tracked,True,0.957082567903476,0.9803934562951326,0.13420789930555554,1.0,0.8665480427046264,0.9829028214473889,0.9803723819404073,0.5056182806464349,65,415,553,558,19.608510003308766,88.66770399617963,23.09083599539008,150.64206199895125,True,True,47,42,0.8936170212765957,0.8319633603096008,plate_cellule,,,0.35375,0.2,True,False,False,False,0,1,,,
plate_cellule/frontal/20260823T132156Z/frame_0009.jpg,20260823T132156Z,9,4.5,acquisition_tracking,A,magsac,magsac,plate_cellule,,frontal,True,tracked,True,0.9638748877683484,0.9823099710047245,0.12907552083333335,1.0,0.9214801444043321,0.9873794539964678,0.9007391496620127,0.49354798589485765,170,490,416,450,19.632991999969818,81.19686999998521,0.0005740002961829305,100.85465799784288,False,False,0,0,0.0,,,,,0.0,,False,False,False,True,1,1,,,
plate_cellule/frontal/20260823T132156Z/frame_0010.jpg,20260823T132156Z,10,5.0,acquisition_tracking,A,magsac,magsac,plate_cellule,,frontal,True,tracked,True,0.9871754000659811,0.9798402339220047,0.1297433810763889,1.0,0.9819494584837545,0.9901136764749264,0.9872459762094854,0.7678412019826314,171,491,419,453,19.611066003562883,81.13625799887814,0.000667001586407423,100.77165700204205,False,False,0,0,0.0,,,,,0.0,,False,False,False,True,2,2,,,
plate_cellule/frontal/20260823T132156Z/frame_0011.jpg,20260823T132156Z,11,5.5,acquisition_tracking,A,magsac,magsac,plate_cellule,,frontal,True,tracked,True,0.9748470894510554,0.9834503997117281,0.1278103298611111,1.0,0.9347826086956522,0.9901850595407533,0.9709781140954851,0.757644077815683,165,488,418,452,19.569140000385232,80.99209200008772,0.0005920010153204203,100.58619501069188,False,False,0,0,0.0,,,,,0.0,,False,False,False,True,3,3,,,
plate_cellule/frontal/20260823T132156Z/frame_0012.jpg,20260823T132156Z,12,6.0,acquisition_tracking,A,magsac,magsac,plate_cellule,,frontal,True,tracked,True,0.9830197885705211,0.9815506190061569,0.12776963975694444,1.0,0.9694793536804309,0.9908894243024862,0.9709582201831768,0.7407819016199909,166,488,426,460,19.60817699728068,80.87116600654554,0.0007219932740554214,100.50388000672683,False,False,0,0,0.0,,,,,0.0,,False,False,False,True,4,4,,,
plate_cellule/frontal/20260823T132156Z/frame_0013.jpg,20260823T132156Z,13,6.5,acquisition_tracking,A,magsac,magsac,plate_cellule,,frontal,True,tracked,True,0.9607502672691793,0.9794183149933815,0.12784288194444443,1.0,0.9013574660633484,0.9907717707047008,0.9250822918485764,0.7543605898125247,181,484,432,465,19.59615900705103,80.99446300184354,0.0006479967851191759,100.61532499094028,False,False,0,0,0.0,,,,,0.0,,False,False,False,True,5,5,,,
plate_cellule/frontal/20260823T132156Z/frame_0014.jpg,20260823T132156Z,14,7.0,acquisition_tracking,A,magsac,magsac,plate_cellule,,frontal,True,tracked,True,0.9834463337645029,0.9758457392454147,0.1281032986111111,1.0,0.9848484848484849,0.9882115287959611,0.9565933789916107,0.7268486551627074,186,483,442,474,19.589732997701503,83.84088100865483,0.000500003807246685,103.45579899149016,False,False,0,0,0.0,,,,,0.0,,False,False,False,True,6,6,,,
plate_cellule/frontal/20260823T132156Z/frame_0015.jpg,20260823T132156Z,15,7.5,acquisition_tracking,A,magsac,magsac,plate_cellule,,frontal,True,tracked,True,0.983467014401101,0.9760562721639872,0.12871202256944445,1.0,0.9806167400881057,0.987693325440447,0.9672661518583366,0.7475293799410739,176,482,451,483,19.573713987483643,80.93451899185311,0.000500003807246685,100.53347299981397,False,False,0,0,0.0,,,,,0.0,,False,False,False,True,7,7,,,
plate_cellule/frontal/20260823T132156Z/frame_0016.jpg,20260823T132156Z,16,8.0,acquisition_tracking,A,magsac,magsac,plate_cellule,,frontal,True,tracked,True,0.9556592369747241,0.9788508340716362,0.1304123263888889,1.0,0.8658536585365854,0.9860985708426298,0.96930715034824,0.7648634769980266,171,485,459,491,19.712269990122877,83.21830899512861,0.0005929905455559492,102.95415300060995,False,False,0,0,0.0,,,,,0.0,,False,False,False,True,8,8,,,
plate_cellule/frontal/20260823T132156Z/frame_0017.jpg,20260823T132156Z,17,8.5,acquisition_tracking,A,magsac,magsac,plate_cellule,,frontal,True,tracked,True,0.9696843583434777,0.9769411701709032,0.13200737847222221,1.0,0.9502617801047121,0.9778194555393401,0.9125461671209457,0.7421238973718267,184,487,470,502,19.85401001002174,82.31214400439057,0.0003890017978847027,102.19546899315901,False,False,0,0,0.0,,,,,0.0,,False,False,False,True,9,9,,,
plate_cellule/frontal/20260823T132156Z/frame_0018.jpg,20260823T132156Z,18,9.0,acquisition_tracking,A,magsac,magsac,plate_cellule,,frontal,True,tracked,True,0.972988093849445,0.9742103442549706,0.130595703125,1.0,0.9468641114982579,0.9745167632781252,0.9655728637057696,0.747948845906101,189,486,475,507,19.77221400011331,81.75068300624844,0.0005740002961829305,101.54702600266319,False,False,0,0,0.0,,,,,0.0,,False,False,False,True,10,10,,,
plate_cellule/frontal/20260823T132156Z/frame_0019.jpg,20260823T132156Z,19,9.5,acquisition_tracking,A,magsac,magsac,plate_cellule,,frontal,True,tracked,True,0.9598402552754496,0.9776781257241964,0.12962293836805555,1.0,0.8979591836734694,0.9711195326985846,0.9493506836996483,0.7094257986437507,194,480,486,517,19.837732004816644,81.64583100005984,0.0005740002961829305,101.50848899502307,False,False,0,0,0.0,,,,,0.0,,False,False,False,True,11,11,,,
plate_cellule/main_sur_bord/20260823T132507Z/frame_0000.jpg,20260823T132507Z,0,0.0,acquisition_tracking,A,magsac,magsac,plate_cellule,,main_sur_bord,False,calibrated_roi,True,0.0,0.0,0.0,0.0,0.0,0.0,0.0,,0,327,698,841,8.899499007384293,95.82048399897758,23.527723009465262,128.27605700294953,True,False,39,34,0.8717948717948718,0.8222585916519165,plate_cellule,,,0.18875,0.2,False,False,False,True,1,1,,,
plate_cellule/main_sur_bord/20260823T132507Z/frame_0001.jpg,20260823T132507Z,1,0.5,acquisition_tracking,A,magsac,magsac,plate_cellule,,main_sur_bord,False,calibrated_roi,True,0.0,0.0,0.0,0.0,0.0,0.0,0.0,,0,327,698,841,8.826128003420308,96.17909400549252,23.43520500289742,128.46790900221094,True,False,48,45,0.9375,0.9787787795066833,plate_cellule,,,0.1975,0.2,False,False,False,True,2,2,,,
plate_cellule/main_sur_bord/20260823T132507Z/frame_0002.jpg,20260823T132507Z,2,1.0,acquisition_tracking,A,magsac,magsac,plate_cellule,,main_sur_bord,False,calibrated_roi,True,0.0,0.0,0.0,0.0,0.0,0.0,0.0,,0,327,698,841,8.848590994603,100.11491800833028,20.444915993721224,129.43627699860372,True,False,12,6,0.5,0.0003486876958049834,plate_dague,,,0.01875,0.2,False,False,False,True,3,3,,,
plate_cellule/main_sur_bord/20260823T132507Z/frame_0003.jpg,20260823T132507Z,3,1.5,acquisition_tracking,A,magsac,magsac,plate_cellule,,main_sur_bord,False,calibrated_roi,True,0.0,0.0,0.0,0.0,0.0,0.0,0.0,,0,327,698,841,8.940052997786552,96.16403900145087,0.0005180045263841748,105.1319990074262,False,False,0,0,0.0,,,,,0.0,,False,False,False,True,4,4,,,
plate_cellule/main_sur_bord/20260823T132507Z/frame_0004.jpg,20260823T132507Z,4,2.0,acquisition_tracking,A,magsac,magsac,plate_cellule,,main_sur_bord,False,calibrated_roi,True,0.0,0.0,0.0,0.0,0.0,0.0,0.0,,0,327,698,841,8.778647010331042,92.54012099700049,0.00048200308810919523,101.34797099453863,False,False,0,0,0.0,,,,,0.0,,False,False,False,True,5,5,,,
plate_cellule/main_sur_bord/20260823T132507Z/frame_0005.jpg,20260823T132507Z,5,2.5,acquisition_tracking,A,magsac,magsac,plate_cellule,,main_sur_bord,False,calibrated_roi,True,0.0,0.0,0.0,0.0,0.0,0.0,0.0,,0,327,698,841,8.703184008481912,92.13986300164834,0.00048200308810919523,100.8710829919437,False,False,0,0,0.0,,,,,0.0,,False,False,False,True,6,6,,,
plate_cellule/main_sur_bord/20260823T132507Z/frame_0006.jpg,20260823T132507Z,6,3.0,acquisition_tracking,A,magsac,magsac,plate_cellule,,main_sur_bord,False,calibrated_roi,True,0.0,0.0,0.0,0.0,0.0,0.0,0.0,,0,327,698,841,8.7618690013187,93.3240640006261,0.00044499756768345833,102.1137849893421,False,False,0,0,0.0,,,,,0.0,,False,False,False,True,7,7,,,
plate_cellule/main_sur_bord/20260823T132507Z/frame_0007.jpg,20260823T132507Z,7,3.5,acquisition_tracking,A,magsac,magsac,plate_cellule,,main_sur_bord,False,calibrated_roi,True,0.0,0.0,0.0,0.0,0.0,0.0,0.0,,0,327,698,841,8.675035991473123,92.03932600212283,0.0005370093276724219,100.7443249982316,False,False,0,0,0.0,,,,,0.0,,False,False,False,True,8,8,,,
plate_cellule/main_sur_bord/20260823T132507Z/frame_0008.jpg,20260823T132507Z,8,4.0,acquisition_tracking,A,magsac,magsac,plate_cellule,,main_sur_bord,False,calibrated_roi,True,0.0,0.0,0.0,0.0,0.0,0.0,0.0,,0,327,698,841,8.76405400049407,90.6745700049214,0.0005369947757571936,99.46695700637065,False,False,0,0,0.0,,,,,0.0,,False,False,False,True,9,9,,,
plate_cellule/main_sur_bord/20260823T132507Z/frame_0009.jpg,20260823T132507Z,9,4.5,acquisition_tracking,A,magsac,magsac,plate_cellule,,main_sur_bord,False,calibrated_roi,True,0.0,0.0,0.0,0.0,0.0,0.0,0.0,,0,327,698,841,8.896665007341653,93.1489340000553,0.0004070025170221925,102.07372899458278,False,False,0,0,0.0,,,,,0.0,,False,False,False,True,10,10,,,
plate_cellule/main_sur_bord/20260823T132507Z/frame_0010.jpg,20260823T132507Z,10,5.0,acquisition_tracking,A,magsac,magsac,plate_cellule,,main_sur_bord,False,calibrated_roi,True,0.0,0.0,0.0,0.0,0.0,0.0,0.0,,0,327,698,841,8.609368989709765,94.7059860045556,23.469760999432765,126.81304200668819,True,False,26,26,1.0,1.3881170749664307,plate_cellule,,,0.185,0.2,False,False,False,True,11,11,,,
plate_cellule/main_sur_bord/20260823T132507Z/frame_0011.jpg,20260823T132507Z,11,5.5,acquisition_tracking,A,magsac,magsac,plate_cellule,,main_sur_bord,False,calibrated_roi,True,0.0,0.0,0.0,0.0,0.0,0.0,0.0,,0,327,698,841,8.555222011636943,92.85045400611125,0.0004259927663952112,101.4341929985676,False,False,0,0,0.0,,,,,0.0,,False,False,False,True,12,12,,,
plate_cellule/main_sur_bord/20260823T132507Z/frame_0012.jpg,20260823T132507Z,12,6.0,acquisition_tracking,A,magsac,magsac,plate_cellule,,main_sur_bord,False,calibrated_roi,True,0.0,0.0,0.0,0.0,0.0,0.0,0.0,,0,327,698,841,8.765684004174545,95.55244700459298,0.0004440080374479294,104.34570400684606,False,False,0,0,0.0,,,,,0.0,,False,False,False,True,13,13,,,
plate_cellule/main_sur_bord/20260823T132507Z/frame_0013.jpg,20260823T132507Z,13,6.5,acquisition_tracking,A,magsac,magsac,plate_cellule,,main_sur_bord,False,calibrated_roi,True,0.0,0.0,0.0,0.0,0.0,0.0,0.0,,0,327,698,841,8.592981001129374,93.41626698733307,0.000443993485532701,102.0366919983644,False,False,0,0,0.0,,,,,0.0,,False,False,False,True,14,14,,,
plate_cellule/main_sur_bord/20260823T132507Z/frame_0014.jpg,20260823T132507Z,14,7.0,acquisition_tracking,A,magsac,magsac,plate_cellule,plate_cellule,main_sur_bord,False,calibrated_roi,True,0.0,0.0,0.0,0.0,0.0,0.0,0.0,,0,327,698,841,8.147999993525445,93.31363800447434,23.14887299144175,143.82722500886302,True,True,36,29,0.8055555555555556,0.8404654860496521,plate_cellule,,,0.2875,0.2,True,False,False,False,0,14,7.0,,
plate_cellule/main_sur_bord/20260823T132507Z/frame_0015.jpg,20260823T132507Z,15,7.5,acquisition_tracking,A,magsac,magsac,plate_cellule,,main_sur_bord,False,tracked,True,0.0,0.0,0.0,0.0,0.0,0.0,0.0,0.4195367438927938,222,411,487,470,12.895563006168231,83.03730899933726,0.0005370093276724219,95.95727900159545,False,False,0,0,0.0,,,,,0.0,,False,False,False,True,1,14,,,
plate_cellule/main_sur_bord/20260823T132507Z/frame_0016.jpg,20260823T132507Z,16,8.0,acquisition_tracking,A,magsac,magsac,plate_cellule,plate_cellule,main_sur_bord,False,tracked,True,0.0,0.0,0.0,0.0,0.0,0.0,0.0,0.6982448467426512,238,388,482,483,12.308065008255653,85.90357999491971,23.84085200901609,141.26211999973748,True,True,47,41,0.8723404255319149,0.7727228999137878,plate_cellule,,,0.3075,0.2,True,False,False,False,0,14,,,
plate_cellule/main_sur_bord/20260823T132507Z/frame_0017.jpg,20260823T132507Z,17,8.5,acquisition_tracking,A,magsac,magsac,plate_cellule,,main_sur_bord,False,tracked,True,0.0,0.0,0.0,0.0,0.0,0.0,0.0,0.3857983188828665,230,413,490,487,12.780507997376844,82.45582898962311,0.000500003807246685,95.26300300785806,False,False,0,0,0.0,,,,,0.0,,False,False,False,True,1,14,,,
plate_cellule/main_sur_bord/20260823T132507Z/frame_0018.jpg,20260823T132507Z,18,9.0,acquisition_tracking,A,magsac,magsac,plate_cellule,,main_sur_bord,False,tracked,True,0.0,0.0,0.0,0.0,0.0,0.0,0.0,0.4058870698988498,180,430,511,507,13.62583901209291,82.69466200727038,0.0005369947757571936,96.34524099237751,False,False,0,0,0.0,,,,,0.0,,False,False,False,True,2,14,,,
plate_cellule/main_sur_bord/20260823T132507Z/frame_0019.jpg,20260823T132507Z,19,9.5,acquisition_tracking,A,magsac,magsac,plate_cellule,,main_sur_bord,False,tracked,True,0.0,0.0,0.0,0.0,0.0,0.0,0.0,0.5749336863972397,195,430,510,506,12.612211998202838,84.61962000001222,0.0004250032361596823,97.25533200253267,False,False,0,0,0.0,,,,,0.0,,False,False,False,True,3,14,,,
plate_cellule/occlusion_angle/20260823T132607Z/frame_0000.jpg,20260823T132607Z,0,0.0,acquisition_tracking,A,magsac,magsac,plate_cellule,plate_cellule,occlusion_angle,False,calibrated_roi,True,0.0,0.0,0.0,0.0,0.0,0.0,0.0,,0,327,698,841,8.591869001975283,95.84687299502548,23.92803700058721,147.84154899825808,True,True,36,29,0.8055555555555556,0.5687817335128784,plate_cellule,,,0.315,0.2,True,False,False,False,0,0,0.0,,
plate_cellule/occlusion_angle/20260823T132607Z/frame_0001.jpg,20260823T132607Z,1,0.5,acquisition_tracking,A,magsac,magsac,plate_cellule,,occlusion_angle,False,tracked,True,0.0,0.0,0.0,0.0,0.0,0.0,0.0,0.5702428873381439,142,704,464,435,12.979766994249076,81.22509099484887,0.0004629982868209481,94.22876499593258,False,False,0,0,0.0,,,,,0.0,,False,False,False,True,1,1,,,
plate_cellule/occlusion_angle/20260823T132607Z/frame_0002.jpg,20260823T132607Z,2,1.0,acquisition_tracking,A,magsac,magsac,plate_cellule,,occlusion_angle,False,tracked,True,0.0,0.0,0.0,0.0,0.0,0.0,0.0,0.6443389219550557,143,712,478,450,12.941895998665132,84.70575000683311,0.0005549954948946834,97.67118300078437,False,False,0,0,0.0,,,,,0.0,,False,False,False,True,2,2,,,
plate_cellule/occlusion_angle/20260823T132607Z/frame_0003.jpg,20260823T132607Z,3,1.5,acquisition_tracking,A,magsac,magsac,plate_cellule,plate_cellule,occlusion_angle,False,calibrated_roi,True,0.0,0.0,0.0,0.0,0.0,0.0,0.0,,0,327,698,841,12.818378003430553,98.38938599568792,23.7353160046041,154.40057100204285,True,True,27,20,0.7407407407407407,1.021052598953247,plate_cellule,,,0.38,0.2,True,False,False,False,0,2,,,
plate_cellule/occlusion_angle/20260823T132607Z/frame_0004.jpg,20260823T132607Z,4,2.0,acquisition_tracking,A,magsac,magsac,plate_cellule,plate_cellule,occlusion_angle,False,tracked,True,0.0,0.0,0.0,0.0,0.0,0.0,0.0,0.42054281939646154,78,647,578,554,13.034877003519796,93.97582100064028,23.818519010092132,150.25878499727696,True,True,54,46,0.8518518518518519,0.9260023236274719,plate_cellule,,,0.38625,0.2,True,False,False,False,0,2,,,
plate_cellule/occlusion_angle/20260823T132607Z/frame_0005.jpg,20260823T132607Z,5,2.5,acquisition_tracking,A,magsac,magsac,plate_cellule,plate_cellule,occlusion_angle,False,calibrated_roi,True,0.0,0.0,0.0,0.0,0.0,0.0,0.0,,0,327,698,841,13.031877999310382,97.05201799806673,23.964000996784307,153.5042949981289,True,True,37,35,0.9459459459459459,0.9360944628715515,plate_cellule,,,0.37375,0.2,True,False,False,False,0,2,,plate_cellule,2.5
plate_cellule/occlusion_angle/20260823T132607Z/frame_0006.jpg,20260823T132607Z,6,3.0,acquisition_tracking,A,magsac,magsac,plate_cellule,plate_cellule,occlusion_angle,False,tracked,True,0.0,0.0,0.0,0.0,0.0,0.0,0.0,0.3778892888595628,45,653,575,554,13.213173995609395,93.29406400502194,23.86940800352022,149.86272899841424,True,True,46,37,0.8043478260869565,0.8268470764160156,plate_cellule,plate_bois,0.3220035778175313,0.365,0.2,True,False,False,False,0,2,,,
plate_cellule/occlusion_angle/20260823T132607Z/frame_0007.jpg,20260823T132607Z,7,3.5,acquisition_tracking,A,magsac,magsac,plate_cellule,plate_cellule,occlusion_angle,False,tracked,True,0.0,0.0,0.0,0.0,0.0,0.0,0.0,0.5264397300653157,57,656,567,541,12.945599999511614,88.6237410013564,23.89488999324385,144.83483300136868,True,True,58,47,0.8103448275862069,0.9111575484275818,plate_cellule,,,0.36,0.2,True,False,False,False,0,2,,,
plate_cellule/occlusion_angle/20260823T132607Z/frame_0008.jpg,20260823T132607Z,8,4.0,acquisition_tracking,A,magsac,magsac,plate_cellule,plate_cellule,occlusion_angle,False,tracked,True,0.0,0.0,0.0,0.0,0.0,0.0,0.0,0.49104402450122575,64,656,567,544,13.03869200637564,89.24092500819825,23.761149001074955,145.50916499865707,True,True,57,54,0.9473684210526315,0.8295047283172607,plate_cellule,,,0.38625,0.2,True,False,False,False,0,2,,,
plate_cellule/occlusion_angle/20260823T132607Z/frame_0009.jpg,20260823T132607Z,9,4.5,acquisition_tracking,A,magsac,magsac,plate_cellule,plate_cellule,occlusion_angle,False,tracked,True,0.0,0.0,0.0,0.0,0.0,0.0,0.0,0.5361949523836959,62,651,566,542,12.828045000787824,90.91777299181558,23.941260005813092,147.1562350052409,True,True,48,40,0.8333333333333334,0.7709653377532959,plate_cellule,,,0.35625,0.2,True,False,False,False,0,2,,,
plate_cellule/occlusion_angle/20260823T132607Z/frame_0010.jpg,20260823T132607Z,10,5.0,acquisition_tracking,A,magsac,magsac,plate_cellule,,occlusion_angle,False,tracked,True,0.0,0.0,0.0,0.0,0.0,0.0,0.0,0.6246055305829918,72,744,474,452,12.950988006195985,80.82383200235199,0.0005929905455559492,93.79948899731971,False,False,0,0,0.0,,,,,0.0,,False,False,False,True,1,2,,,
plate_cellule/occlusion_angle/20260823T132607Z/frame_0011.jpg,20260823T132607Z,11,5.5,acquisition_tracking,A,magsac,magsac,plate_cellule,,occlusion_angle,False,tracked,True,0.0,0.0,0.0,0.0,0.0,0.0,0.0,0.7314380547758923,70,746,476,454,13.013859002967365,80.98901700577699,0.0004440080374479294,94.02824699645862,False,False,0,0,0.0,,,,,0.0,,False,False,False,True,2,2,,,
plate_cellule/occlusion_angle/20260823T132607Z/frame_0012.jpg,20260823T132607Z,12,6.0,acquisition_tracking,A,magsac,magsac,plate_cellule,,occlusion_angle,False,tracked,True,0.0,0.0,0.0,0.0,0.0,0.0,0.0,0.703494388770092,79,724,486,465,12.944747999426909,84.09812099125702,0.0005189940566197038,97.06696200009901,False,False,0,0,0.0,,,,,0.0,,False,False,False,True,3,3,,,
plate_cellule/occlusion_angle/20260823T132607Z/frame_0013.jpg,20260823T132607Z,13,6.5,acquisition_tracking,A,magsac,magsac,plate_cellule,,occlusion_angle,False,tracked,True,0.0,0.0,0.0,0.0,0.0,0.0,0.0,0.7063311983946471,70,727,493,472,12.712638010270894,81.48897900537122,0.0004070025170221925,94.2260419978993,False,False,0,0,0.0,,,,,0.0,,False,False,False,True,4,4,,,
plate_cellule/occlusion_angle/20260823T132607Z/frame_0014.jpg,20260823T132607Z,14,7.0,acquisition_tracking,A,magsac,magsac,plate_cellule,,occlusion_angle,False,tracked,True,0.0,0.0,0.0,0.0,0.0,0.0,0.0,0.7179014292910876,66,716,494,474,12.803710997104645,84.86849001201335,0.0006479967851191759,97.69609000068158,False,False,0,0,0.0,,,,,0.0,,False,False,False,True,5,5,,,
plate_cellule/occlusion_angle/20260823T132607Z/frame_0015.jpg,20260823T132607Z,15,7.5,acquisition_tracking,A,magsac,magsac,plate_cellule,,occlusion_angle,False,tracked,True,0.0,0.0,0.0,0.0,0.0,0.0,0.0,0.6493829175747934,55,729,507,487,12.74530400405638,85.69304399134126,0.0005190086085349321,98.46327299601398,False,False,0,0,0.0,,,,,0.0,,False,False,False,True,6,6,,,
plate_cellule/occlusion_angle/20260823T132607Z/frame_0016.jpg,20260823T132607Z,16,8.0,acquisition_tracking,A,magsac,magsac,plate_cellule,,occlusion_angle,False,tracked,True,0.0,0.0,0.0,0.0,0.0,0.0,0.0,0.6980960324063137,40,742,522,503,12.856266999733634,88.42194499447942,21.78567199734971,123.08905100508127,True,False,11,6,0.5454545454545454,0.48468512296676636,plate_dague,,,0.015,0.2,False,False,False,True,7,7,,,
plate_cellule/occlusion_angle/20260823T132607Z/frame_0017.jpg,20260823T132607Z,17,8.5,acquisition_tracking,A,magsac,magsac,plate_cellule,,occlusion_angle,False,tracked,True,0.0,0.0,0.0,0.0,0.0,0.0,0.0,0.7314234024362192,46,757,526,508,12.939915002789348,85.4143960023066,0.0004440080374479294,98.37795900239144,False,False,0,0,0.0,,,,,0.0,,False,False,False,True,8,8,,,
plate_cellule/occlusion_angle/20260823T132607Z/frame_0018.jpg,20260823T132607Z,18,9.0,acquisition_tracking,A,magsac,magsac,plate_cellule,,occlusion_angle,False,tracked,True,0.0,0.0,0.0,0.0,0.0,0.0,0.0,0.743661500042172,43,745,528,510,13.087192011880688,84.16847299668007,0.0006119953468441963,97.27964700141456,False,False,0,0,0.0,,,,,0.0,,False,False,False,True,9,9,,,
plate_cellule/occlusion_angle/20260823T132607Z/frame_0019.jpg,20260823T132607Z,19,9.5,acquisition_tracking,A,magsac,magsac,plate_cellule,,occlusion_angle,False,tracked,True,0.0,0.0,0.0,0.0,0.0,0.0,0.0,0.5004673852391869,48,737,528,510,12.99034000840038,85.49217399558984,0.00048200308810919523,98.50694000488147,False,False,0,0,0.0,,,,,0.0,,False,False,False,True,10,10,,,
plate_chaudron/frontal/20260823T135713Z/frame_0000.jpg,20260823T135713Z,0,0.0,acquisition_tracking,A,magsac,magsac,plate_chaudron,plate_chaudron,frontal,True,contour,False,0.9152172807698182,0.988277630880475,0.15748155381944445,1.0,0.8921739130434783,0.9569051324480621,0.5,,49,420,604,593,15.918463002890348,89.5715160004329,24.536537006497383,149.3296749977162,True,True,49,40,0.8163265306122449,0.6626402139663696,plate_chaudron,,,0.47125,0.2,True,False,False,False,0,0,0.0,,
plate_chaudron/frontal/20260823T135713Z/frame_0001.jpg,20260823T135713Z,1,0.5,acquisition_tracking,A,magsac,magsac,plate_chaudron,plate_chaudron,frontal,True,tracked,True,0.9575494897803136,0.987276746891439,0.15679850260416667,1.0,0.8740157480314961,0.9548013322702732,0.9738239547798054,0.6310856850791845,55,518,475,485,20.056064997334033,89.01422099734191,24.36603700334672,152.8060929995263,True,True,52,49,0.9423076923076923,0.8589265942573547,plate_chaudron,,,0.455,0.2,True,False,False,False,0,0,,,
plate_chaudron/frontal/20260823T135713Z/frame_0002.jpg,20260823T135713Z,2,1.0,acquisition_tracking,A,magsac,magsac,plate_chaudron,plate_chaudron,frontal,True,tracked,True,0.9475119792962874,0.9853134276345372,0.15649956597222223,1.0,0.8266199649737302,0.9543187868141271,0.9983108108108109,0.7384518266848161,56,518,473,482,20.945137002854608,91.13386399985757,24.36944399960339,155.82706801069435,True,True,70,51,0.7285714285714285,0.8915802836418152,plate_chaudron,,,0.44625,0.2,True,False,False,False,0,0,,,
plate_chaudron/frontal/20260823T135713Z/frame_0003.jpg,20260823T135713Z,3,1.5,acquisition_tracking,A,magsac,magsac,plate_chaudron,,frontal,True,tracked,True,0.9589579932311137,0.9892407236620784,0.1557367621527778,1.0,0.8723776223776224,0.9525007987628052,0.9884129066180398,0.6246112779988072,52,517,473,482,19.830750999972224,87.4322250019759,0.0005550100468099117,107.28671599645168,False,False,0,0,0.0,,,,,0.0,,False,False,False,True,1,1,,,
plate_chaudron/frontal/20260823T135713Z/frame_0004.jpg,20260823T135713Z,4,2.0,acquisition_tracking,A,magsac,magsac,plate_chaudron,,frontal,True,tracked,True,0.9882273227460545,0.9909813906997442,0.1552463107638889,1.0,0.9895287958115183,0.9522862473221945,0.9832208185103224,0.7274666386265526,50,511,476,484,19.83999100048095,82.90008699987084,0.000500003807246685,102.76498598977923,False,False,0,0,0.0,,,,,0.0,,False,False,False,True,2,2,,,
plate_chaudron/frontal/20260823T135713Z/frame_0005.jpg,20260823T135713Z,5,2.5,acquisition_tracking,A,magsac,magsac,plate_chaudron,,frontal,False,tracked,True,0.0,0.0,0.0,0.0,0.0,0.0,0.0,0.7196962691756034,57,519,482,490,13.273987991851754,83.02116100094281,0.000443993485532701,96.32005600724369,False,False,0,0,0.0,,,,,0.0,,False,False,False,True,3,3,,,
plate_chaudron/frontal/20260823T135713Z/frame_0006.jpg,20260823T135713Z,6,3.0,acquisition_tracking,A,magsac,magsac,plate_chaudron,,frontal,True,tracked,True,0.9779089252312052,0.9902458973228931,0.15767740885416667,1.0,0.9680759275237274,0.9557236941445513,0.9324380473895038,0.7096255965707035,52,517,488,496,20.03004599828273,84.5915460085962,0.0006110058166086674,104.64601899730042,False,False,0,0,0.0,,,,,0.0,,False,False,False,True,4,4,,,
plate_chaudron/frontal/20260823T135713Z/frame_0007.jpg,20260823T135713Z,7,3.5,acquisition_tracking,A,magsac,magsac,plate_chaudron,,frontal,True,tracked,True,0.946532574948848,0.9871896486729383,0.15564019097222223,1.0,0.858647936786655,0.9545204574002246,0.9026165041028023,0.7398747828329955,28,507,493,500,19.90563899744302,83.68534498731606,0.000556014128960669,103.61463199660648,False,False,0,0,0.0,,,,,0.0,,False,False,False,True,5,5,,,
plate_chaudron/frontal/20260823T135713Z/frame_0008.jpg,20260823T135713Z,8,4.0,acquisition_tracking,A,magsac,magsac,plate_chaudron,,frontal,True,tracked,True,0.990297158566334,0.9909797003492713,0.15688313802083334,1.0,0.998256320836966,0.9576327664032553,0.9767589161198558,0.735175541330101,27,510,497,505,19.697399009601213,81.85618299467023,0.0005369947757571936,101.57821100438014,False,False,0,0,0.0,,,,,0.0,,False,False,False,True,6,6,,,
plate_chaudron/frontal/20260823T135713Z/frame_0009.jpg,20260823T135713Z,9,4.5,acquisition_tracking,A,magsac,magsac,plate_chaudron,plate_chaudron,frontal,True,tracked,True,0.9902138840827268,0.990606945939362,0.15662977430555555,1.0,0.9939024390243902,0.9538459588548014,0.9917159465934029,0.7407797233571165,25,509,498,506,19.74486200197134,88.72468500339892,24.490202995366417,152.45618599874433,True,True,56,48,0.8571428571428571,0.6228353977203369,plate_chaudron,,,0.4625,0.2,True,False,False,False,0,6,,,
plate_chaudron/frontal/20260823T135713Z/frame_0010.jpg,20260823T135713Z,10,5.0,acquisition_tracking,A,magsac,magsac,plate_chaudron,plate_chaudron,frontal,True,tracked,True,0.9632483351359564,0.989745537750423,0.15613335503472223,1.0,0.8930434782608696,0.9471708153123793,0.9834672271437411,0.6088012098515854,34,520,473,482,20.019472009153105,85.30032300041057,24.419406996457838,149.0872309950646,True,True,52,44,0.8461538461538461,0.8181537389755249,plate_chaudron,,,0.4625,0.2,True,False,False,False,0,6,,,
plate_chaudron/frontal/20260823T135713Z/frame_0011.jpg,20260823T135713Z,11,5.5,acquisition_tracking,A,magsac,magsac,plate_chaudron,plate_chaudron,frontal,True,tracked,True,0.9823167931100367,0.9913238538429141,0.15615614149305557,1.0,0.9721980886185926,0.9546228016598888,0.9640783463652551,0.5661282821264161,26,522,472,482,19.843898990075104,84.76728700043168,24.403536997851916,148.45799199247267,True,True,57,47,0.8245614035087719,0.7574679851531982,plate_chaudron,,,0.44125,0.2,True,False,False,False,0,6,,,
plate_chaudron/frontal/20260823T135713Z/frame_0012.jpg,20260823T135713Z,12,6.0,acquisition_tracking,A,magsac,magsac,plate_chaudron,,frontal,True,tracked,True,0.9483507542381828,0.9870181353762746,0.15674479166666666,1.0,0.8318890814558059,0.9592275655467064,0.983502867066783,0.6139460567931647,31,523,472,482,19.939768986660056,81.25101700716186,0.0005370093276724219,101.21511900797486,False,False,0,0,0.0,,,,,0.0,,False,False,False,True,1,6,,,
plate_chaudron/frontal/20260823T135713Z/frame_0013.jpg,20260823T135713Z,13,6.5,acquisition_tracking,A,magsac,magsac,plate_chaudron,,frontal,False,tracked,True,0.0,0.0,0.0,0.0,0.0,0.0,0.0,0.6047690193140622,19,514,474,485,12.81874800042715,82.16218199231662,0.0004629982868209481,95.00676300376654,False,False,0,0,0.0,,,,,0.0,,False,False,False,True,2,6,,,
plate_chaudron/frontal/20260823T135713Z/frame_0014.jpg,20260823T135713Z,14,7.0,acquisition_tracking,A,magsac,magsac,plate_chaudron,,frontal,True,tracked,True,0.9374197949288403,0.9850650830194354,0.15328559027777777,1.0,0.8047285464098074,0.96242835411876,0.9447529800868187,0.6379776657935838,20,511,478,490,19.59193599759601,82.98549399478361,0.00033300602808594704,102.60143000050448,False,False,0,0,0.0,,,,,0.0,,False,False,False,True,3,6,,,
plate_chaudron/frontal/20260823T135713Z/frame_0015.jpg,20260823T135713Z,15,7.5,acquisition_tracking,A,magsac,magsac,plate_chaudron,plate_chaudron,frontal,True,tracked,True,0.989627087360051,0.9910670006647706,0.15487141927083334,1.0,1.0,0.9559787103402791,0.9670911612659185,0.7584901240019575,7,509,482,494,19.62426998943556,85.95554300700314,24.293092006701045,149.61315599794034,True,True,50,43,0.86,0.791456937789917,plate_chaudron,,,0.41625,0.2,True,False,False,False,0,6,,plate_chaudron,7.5
plate_chaudron/frontal/20260823T135713Z/frame_0016.jpg,20260823T135713Z,16,8.0,acquisition_tracking,A,magsac,magsac,plate_chaudron,plate_chaudron,frontal,True,tracked,True,0.9596371443554099,0.9885044796392322,0.1532183159722222,1.0,0.8797190517998245,0.9449310614987415,0.9866293136381001,0.6006419406423062,18,518,467,476,19.650695991003886,85.19089700712357,24.1803699900629,148.2971399964299,True,True,53,47,0.8867924528301887,0.9710225462913513,plate_chaudron,,,0.405,0.2,True,False,False,False,0,6,,,
plate_chaudron/frontal/20260823T135713Z/frame_0017.jpg,20260823T135713Z,17,8.5,acquisition_tracking,A,magsac,magsac,plate_chaudron,plate_chaudron,frontal,True,tracked,True,0.9705476809422411,0.9848280427977443,0.15657009548611112,1.0,0.9378238341968912,0.9569239287089768,0.9495091668279734,0.568272068743296,22,521,476,483,19.92228699964471,85.07230500981677,24.28383300139103,148.65654699678998,True,True,40,36,0.9,0.8066158294677734,plate_chaudron,,,0.3925,0.2,True,False,False,False,0,6,,,
plate_chaudron/frontal/20260823T135713Z/frame_0018.jpg,20260823T135713Z,18,9.0,acquisition_tracking,A,magsac,magsac,plate_chaudron,,frontal,True,tracked,True,0.9839494644770225,0.9850848633795977,0.15828233506944445,1.0,0.9836488812392427,0.9674996877328119,0.9576181638005136,0.5773971443106475,21,528,474,483,19.964806007919833,87.61065101134591,0.0004250032361596823,107.60038200533018,False,False,0,0,0.0,,,,,0.0,,False,False,False,True,1,6,,,
plate_chaudron/frontal/20260823T135713Z/frame_0019.jpg,20260823T135713Z,19,9.5,acquisition_tracking,A,magsac,magsac,plate_chaudron,,frontal,True,tracked,True,0.989699972069804,0.988281849771738,0.15713704427083333,1.0,0.994823123382226,0.9550311036822018,0.9900652592450597,0.7740736946248139,22,527,475,484,19.750455001485534,84.76571200299077,0.00044499756768345833,104.54033300629817,False,False,0,0,0.0,,,,,0.0,,False,False,False,True,2,6,,,
plate_chaudron/main_sur_bord/20260823T135744Z/frame_0000.jpg,20260823T135744Z,0,0.0,acquisition_tracking,A,magsac,magsac,plate_chaudron,plate_chaudron,main_sur_bord,False,calibrated_roi,True,0.0,0.0,0.0,0.0,0.0,0.0,0.0,,0,327,698,841,9.146108001004905,98.57632899365854,24.0351110114716,151.0296710039256,True,True,44,37,0.8409090909090909,0.9011557102203369,plate_chaudron,,,0.395,0.2,True,False,False,False,0,0,0.0,,
plate_chaudron/main_sur_bord/20260823T135744Z/frame_0001.jpg,20260823T135744Z,1,0.5,acquisition_tracking,A,magsac,magsac,plate_chaudron,,main_sur_bord,False,tracked,True,0.0,0.0,0.0,0.0,0.0,0.0,0.0,0.629788150730864,11,497,509,547,13.614135008538142,85.36091500718612,0.0004629982868209481,98.99841999867931,False,False,0,0,0.0,,,,,0.0,,False,False,False,True,1,1,,,
plate_chaudron/main_sur_bord/20260823T135744Z/frame_0002.jpg,20260823T135744Z,2,1.0,acquisition_tracking,A,magsac,magsac,plate_chaudron,plate_chaudron,main_sur_bord,False,tracked,True,0.0,0.0,0.0,0.0,0.0,0.0,0.0,0.7376427659147222,18,500,513,551,13.288080008351244,93.46030300366692,24.18666600715369,150.2447469974868,True,True,58,43,0.7413793103448276,0.9556848406791687,plate_chaudron,,,0.4025,0.2,True,False,False,False,0,1,,,
plate_chaudron/main_sur_bord/20260823T135744Z/frame_0003.jpg,20260823T135744Z,3,1.5,acquisition_tracking,A,magsac,magsac,plate_chaudron,plate_chaudron,main_sur_bord,False,tracked,True,0.0,0.0,0.0,0.0,0.0,0.0,0.0,0.5853529790112761,16,511,520,556,13.377451003179885,88.50749999692198,24.034481000853702,145.2571100089699,True,True,49,42,0.8571428571428571,0.8785169124603271,plate_chaudron,,,0.40625,0.2,True,False,False,False,0,1,,,
plate_chaudron/main_sur_bord/20260823T135744Z/frame_0004.jpg,20260823T135744Z,4,2.0,acquisition_tracking,A,magsac,magsac,plate_chaudron,,main_sur_bord,False,tracked,True,0.0,0.0,0.0,0.0,0.0,0.0,0.0,0.5923879994440308,31,517,511,544,13.564189997850917,83.41912199102808,0.0006119953468441963,97.00961000635289,False,False,0,0,0.0,,,,,0.0,,False,False,False,True,1,1,,,
plate_chaudron/main_sur_bord/20260823T135744Z/frame_0005.jpg,20260823T135744Z,5,2.5,acquisition_tracking,A,magsac,magsac,plate_chaudron,plate_chaudron,main_sur_bord,False,tracked,True,0.0,0.0,0.0,0.0,0.0,0.0,0.0,0.7268515814027545,21,528,525,558,13.58932099537924,94.05191300902516,24.046038000960834,151.16811500047334,True,True,66,53,0.803030303030303,0.9232766628265381,plate_chaudron,plate_vampire,0.39830508474576276,0.39375,0.2,True,False,False,False,0,1,,plate_chaudron,2.5
plate_chaudron/main_sur_bord/20260823T135744Z/frame_0006.jpg,20260823T135744Z,6,3.0,acquisition_tracking,A,magsac,magsac,plate_chaudron,plate_chaudron,main_sur_bord,False,tracked,True,0.0,0.0,0.0,0.0,0.0,0.0,0.0,0.576288283841174,27,518,530,567,13.396616996033117,90.00058899982832,24.004352002521046,146.804087999044,True,True,75,56,0.7466666666666667,0.8866745233535767,plate_chaudron,,,0.39875,0.2,True,False,False,False,0,1,,,
plate_chaudron/main_sur_bord/20260823T135744Z/frame_0007.jpg,20260823T135744Z,7,3.5,acquisition_tracking,A,magsac,magsac,plate_chaudron,,main_sur_bord,False,tracked,True,0.0,0.0,0.0,0.0,0.0,0.0,0.0,0.5398229054650164,36,519,523,564,13.295746990479529,84.98000798863359,0.0006110058166086674,98.30049599986523,False,False,0,0,0.0,,,,,0.0,,False,False,False,True,1,1,,,
plate_chaudron/main_sur_bord/20260823T135744Z/frame_0008.jpg,20260823T135744Z,8,4.0,acquisition_tracking,A,magsac,magsac,plate_chaudron,plate_chaudron,main_sur_bord,False,tracked,True,0.0,0.0,0.0,0.0,0.0,0.0,0.0,0.6483428727000604,14,515,524,564,13.156246990547515,88.2036480034003,23.97449999989476,144.6510189998662,True,True,52,48,0.9230769230769231,0.8730267286300659,plate_chaudron,,,0.3925,0.2,True,False,False,False,0,1,,,
plate_chaudron/main_sur_bord/20260823T135744Z/frame_0009.jpg,20260823T135744Z,9,4.5,acquisition_tracking,A,magsac,magsac,plate_chaudron,,main_sur_bord,False,tracked,True,0.0,0.0,0.0,0.0,0.0,0.0,0.0,0.3809517023159452,67,519,527,563,13.991357001941651,86.39698699698783,0.0007960043149068952,100.41260099387728,False,False,0,0,0.0,,,,,0.0,,False,False,False,True,1,1,,,
plate_chaudron/main_sur_bord/20260823T135744Z/frame_0010.jpg,20260823T135744Z,10,5.0,acquisition_tracking,A,magsac,magsac,plate_chaudron,plate_chaudron,main_sur_bord,False,tracked,True,0.0,0.0,0.0,0.0,0.0,0.0,0.0,0.7064897390532247,30,513,537,571,13.298747013323009,90.02832901023794,23.90359299897682,146.64710601209663,True,True,52,45,0.8653846153846154,0.9036328196525574,plate_chaudron,,,0.395,0.2,True,False,False,False,0,1,,,
plate_chaudron/main_sur_bord/20260823T135744Z/frame_0011.jpg,20260823T135744Z,11,5.5,acquisition_tracking,A,magsac,magsac,plate_chaudron,,main_sur_bord,False,tracked,True,0.0,0.0,0.0,0.0,0.0,0.0,0.0,0.7392954796650181,41,518,519,557,13.163709998480044,89.62390500528272,17.382090009050444,120.1930929964874,True,False,16,7,0.4375,0.07703551650047302,plate_bougie,,,0.0225,0.2,False,False,False,True,1,1,,,
plate_chaudron/main_sur_bord/20260823T135744Z/frame_0012.jpg,20260823T135744Z,12,6.0,acquisition_tracking,A,magsac,magsac,plate_chaudron,,main_sur_bord,False,tracked,True,0.0,0.0,0.0,0.0,0.0,0.0,0.0,0.5946286498792559,32,524,526,564,13.535153993871063,83.96104699932039,0.0005180045263841748,97.52214601030573,False,False,0,0,0.0,,,,,0.0,,False,False,False,True,2,2,,,
plate_chaudron/main_sur_bord/20260823T135744Z/frame_0013.jpg,20260823T135744Z,13,6.5,acquisition_tracking,A,magsac,magsac,plate_chaudron,,main_sur_bord,False,calibrated_roi,True,0.0,0.0,0.0,0.0,0.0,0.0,0.0,,0,327,698,841,12.478026997996494,89.56684899749234,0.0004629982868209481,102.06859800382517,False,False,0,0,0.0,,,,,0.0,,False,False,False,True,3,3,,,
plate_chaudron/main_sur_bord/20260823T135744Z/frame_0014.jpg,20260823T135744Z,14,7.0,acquisition_tracking,A,magsac,magsac,plate_chaudron,plate_chaudron,main_sur_bord,False,calibrated_roi,True,0.0,0.0,0.0,0.0,0.0,0.0,0.0,,0,327,698,841,9.1854600032093,95.64618699369021,23.924241002532654,148.05602900742088,True,True,39,31,0.7948717948717948,1.0219846963882446,plate_chaudron,,,0.35375,0.2,True,False,False,False,0,3,,,
plate_chaudron/main_sur_bord/20260823T135744Z/frame_0015.jpg,20260823T135744Z,15,7.5,acquisition_tracking,A,magsac,magsac,plate_chaudron,plate_chaudron,main_sur_bord,False,tracked,True,0.0,0.0,0.0,0.0,0.0,0.0,0.0,0.43564963757782477,157,593,563,512,13.346506006200798,94.24341199337505,23.708741005975753,150.68246699229348,True,True,33,30,0.9090909090909091,1.0214214324951172,plate_chaudron,,,0.3175,0.2,True,False,False,False,0,3,,,
plate_chaudron/main_sur_bord/20260823T135744Z/frame_0016.jpg,20260823T135744Z,16,8.0,acquisition_tracking,A,magsac,magsac,plate_chaudron,,main_sur_bord,False,calibrated_roi,True,0.0,0.0,0.0,0.0,0.0,0.0,0.0,,0,327,698,841,12.117600999772549,90.49682899785694,21.675023992429487,124.31273199035786,True,False,11,6,0.5454545454545454,0.11424249410629272,plate_bougie,,,0.0175,0.2,False,False,False,True,1,3,,,
plate_chaudron/main_sur_bord/20260823T135744Z/frame_0017.jpg,20260823T135744Z,17,8.5,acquisition_tracking,A,magsac,magsac,plate_chaudron,,main_sur_bord,False,calibrated_roi,True,0.0,0.0,0.0,0.0,0.0,0.0,0.0,,0,327,698,841,8.338036001077853,91.2357719935244,0.000500003807246685,99.60317800869234,False,False,0,0,0.0,,,,,0.0,,False,False,False,True,2,3,,,
plate_chaudron/main_sur_bord/20260823T135744Z/frame_0018.jpg,20260823T135744Z,18,9.0,acquisition_tracking,A,magsac,magsac,plate_chaudron,,main_sur_bord,False,calibrated_roi,True,0.0,0.0,0.0,0.0,0.0,0.0,0.0,,0,327,698,841,7.672537991311401,90.97280800051522,0.0005740002961829305,98.67414299515076,False,False,0,0,0.0,,,,,0.0,,False,False,False,True,3,3,,,
plate_chaudron/main_sur_bord/20260823T135744Z/frame_0019.jpg,20260823T135744Z,19,9.5,acquisition_tracking,A,magsac,magsac,plate_chaudron,,main_sur_bord,False,calibrated_roi,True,0.0,0.0,0.0,0.0,0.0,0.0,0.0,,0,327,698,841,7.364963996224105,87.34420599648729,0.0005369947757571936,94.73820799030364,False,False,0,0,0.0,,,,,0.0,,False,False,False,True,4,4,,,
plate_chaudron/occlusion_angle/20260823T135821Z/frame_0000.jpg,20260823T135821Z,0,0.0,acquisition_tracking,A,magsac,magsac,plate_chaudron,plate_chaudron,occlusion_angle,False,calibrated_roi,True,0.0,0.0,0.0,0.0,0.0,0.0,0.0,,0,327,698,841,8.857294000335969,101.36939599760808,24.21740700083319,153.75249700446147,True,True,21,18,0.8571428571428571,0.9183424711227417,plate_chaudron,,,0.24125,0.2,True,False,False,False,0,0,0.0,,
plate_chaudron/occlusion_angle/20260823T135821Z/frame_0001.jpg,20260823T135821Z,1,0.5,acquisition_tracking,A,magsac,magsac,plate_chaudron,plate_chaudron,occlusion_angle,False,tracked,True,0.0,0.0,0.0,0.0,0.0,0.0,0.0,0.46035022823825905,37,403,637,647,14.076912004384212,91.47360399947502,24.325500009581447,149.40682200540323,True,True,42,35,0.8333333333333334,0.980282187461853,plate_chaudron,,,0.42,0.2,True,False,False,False,0,0,,,
plate_chaudron/occlusion_angle/20260823T135821Z/frame_0002.jpg,20260823T135821Z,2,1.0,acquisition_tracking,A,magsac,magsac,plate_chaudron,,occlusion_angle,False,tracked,True,0.0,0.0,0.0,0.0,0.0,0.0,0.0,0.47291352496330624,124,541,506,507,12.899673994979821,82.05758899566717,0.0005740002961829305,94.98374399845488,False,False,0,0,0.0,,,,,0.0,,False,False,False,True,1,1,,,
plate_chaudron/occlusion_angle/20260823T135821Z/frame_0003.jpg,20260823T135821Z,3,1.5,acquisition_tracking,A,magsac,magsac,plate_chaudron,,occlusion_angle,False,tracked,True,0.0,0.0,0.0,0.0,0.0,0.0,0.0,0.6569109663024126,141,538,503,505,12.954766003531404,85.07426700089127,0.0005930050974711776,98.05314400000498,False,False,0,0,0.0,,,,,0.0,,False,False,False,True,2,2,,,
plate_chaudron/occlusion_angle/20260823T135821Z/frame_0004.jpg,20260823T135821Z,4,2.0,acquisition_tracking,A,magsac,magsac,plate_chaudron,,occlusion_angle,False,tracked,True,0.0,0.0,0.0,0.0,0.0,0.0,0.0,0.5494650820722342,169,530,512,514,13.2437470019795,87.30844699312001,0.0006659975042566657,100.57573099038564,False,False,0,0,0.0,,,,,0.0,,False,False,False,True,3,3,,,
plate_chaudron/occlusion_angle/20260823T135821Z/frame_0005.jpg,20260823T135821Z,5,2.5,acquisition_tracking,A,magsac,magsac,plate_chaudron,plate_chaudron,occlusion_angle,False,tracked,True,0.0,0.0,0.0,0.0,0.0,0.0,0.0,0.6726142597433704,177,527,513,515,13.125581011991017,85.96750599099323,23.660427003051154,142.05419100471772,True,True,41,36,0.8780487804878049,0.8087948560714722,plate_chaudron,,,0.3575,0.2,True,False,False,False,0,3,,plate_chaudron,2.5
plate_chaudron/occlusion_angle/20260823T135821Z/frame_0006.jpg,20260823T135821Z,6,3.0,acquisition_tracking,A,magsac,magsac,plate_chaudron,,occlusion_angle,False,tracked,True,0.0,0.0,0.0,0.0,0.0,0.0,0.0,0.4072063640655427,167,539,501,508,13.469116995111108,84.28023201122414,0.0005190086085349321,97.77442199992947,False,False,0,0,0.0,,,,,0.0,,False,False,False,True,1,3,,,
plate_chaudron/occlusion_angle/20260823T135821Z/frame_0007.jpg,20260823T135821Z,7,3.5,acquisition_tracking,A,magsac,magsac,plate_chaudron,,occlusion_angle,False,tracked,True,0.0,0.0,0.0,0.0,0.0,0.0,0.0,0.5733956159584683,136,535,514,520,12.820414995076135,88.83486900595017,0.0005180045263841748,101.67865399853326,False,False,0,0,0.0,,,,,0.0,,False,False,False,True,2,3,,,
plate_chaudron/occlusion_angle/20260823T135821Z/frame_0008.jpg,20260823T135821Z,8,4.0,acquisition_tracking,A,magsac,magsac,plate_chaudron,,occlusion_angle,False,tracked,True,0.0,0.0,0.0,0.0,0.0,0.0,0.0,0.6251837214255779,145,538,518,525,12.611730009666644,85.65896899381187,0.0005370093276724219,98.29425399948377,False,False,0,0,0.0,,,,,0.0,,False,False,False,True,3,3,,,
plate_chaudron/occlusion_angle/20260823T135821Z/frame_0009.jpg,20260823T135821Z,9,4.5,acquisition_tracking,A,magsac,magsac,plate_chaudron,,occlusion_angle,False,tracked,True,0.0,0.0,0.0,0.0,0.0,0.0,0.0,0.4775149354824617,154,518,533,539,12.891452002804726,84.77578600286506,0.0007959897629916668,97.69301500637084,False,False,0,0,0.0,,,,,0.0,,False,False,False,True,4,4,,,
plate_chaudron/occlusion_angle/20260823T135821Z/frame_0010.jpg,20260823T135821Z,10,5.0,acquisition_tracking,A,magsac,magsac,plate_chaudron,,occlusion_angle,False,tracked,True,0.0,0.0,0.0,0.0,0.0,0.0,0.0,0.7363138542248445,156,517,537,542,12.823266006307676,86.75291101098992,0.000443993485532701,99.60017800040077,False,False,0,0,0.0,,,,,0.0,,False,False,False,True,5,5,,,
plate_chaudron/occlusion_angle/20260823T135821Z/frame_0011.jpg,20260823T135821Z,11,5.5,acquisition_tracking,A,magsac,magsac,plate_chaudron,plate_chaudron,occlusion_angle,False,tracked,True,0.0,0.0,0.0,0.0,0.0,0.0,0.0,0.7121190881383996,161,515,548,552,12.978914004634134,93.61633899970911,24.097907007671893,150.03198701015208,True,True,41,35,0.8536585365853658,0.7501238584518433,plate_chaudron,plate_cellule,0.35365853658536583,0.39375,0.2,True,False,False,False,0,5,,,
plate_chaudron/occlusion_angle/20260823T135821Z/frame_0012.jpg,20260823T135821Z,12,6.0,acquisition_tracking,A,magsac,magsac,plate_chaudron,plate_chaudron,occlusion_angle,False,tracked,True,0.0,0.0,0.0,0.0,0.0,0.0,0.0,0.4375259273266923,204,539,493,508,13.330191999557428,91.98538000055123,24.13081401027739,148.82149000186473,True,True,55,44,0.8,0.8083294034004211,plate_chaudron,plate_bougie,0.38,0.395,0.2,True,False,False,False,0,5,,,
plate_chaudron/occlusion_angle/20260823T135821Z/frame_0013.jpg,20260823T135821Z,13,6.5,acquisition_tracking,A,magsac,magsac,plate_chaudron,plate_chaudron,occlusion_angle,False,tracked,True,0.0,0.0,0.0,0.0,0.0,0.0,0.0,0.48540344948251773,176,544,506,511,13.479746005032212,88.90114699897822,23.978537996299565,145.8042559970636,True,True,45,30,0.6666666666666666,0.9089006781578064,plate_chaudron,,,0.36375,0.2,True,False,False,False,0,5,,,
plate_chaudron/occlusion_angle/20260823T135821Z/frame_0014.jpg,20260823T135821Z,14,7.0,acquisition_tracking,A,magsac,magsac,plate_chaudron,plate_chaudron,occlusion_angle,False,tracked,True,0.0,0.0,0.0,0.0,0.0,0.0,0.0,0.5559753386122162,183,548,494,503,13.192580998293124,88.64870299294125,23.84218599763699,145.14107299328316,True,True,47,43,0.9148936170212766,0.8967121243476868,plate_chaudron,,,0.35625,0.2,True,False,False,False,0,5,,,
plate_chaudron/occlusion_angle/20260823T135821Z/frame_0015.jpg,20260823T135821Z,15,7.5,acquisition_tracking,A,magsac,magsac,plate_chaudron,,occlusion_angle,False,calibrated_roi,True,0.0,0.0,0.0,0.0,0.0,0.0,0.0,,0,327,698,841,13.098802999593318,93.58333999989554,0.0004440080374479294,106.70566100452561,False,False,0,0,0.0,,,,,0.0,,False,False,False,True,1,5,,,
plate_chaudron/occlusion_angle/20260823T135821Z/frame_0016.jpg,20260823T135821Z,16,8.0,acquisition_tracking,A,magsac,magsac,plate_chaudron,,occlusion_angle,False,calibrated_roi,True,0.0,0.0,0.0,0.0,0.0,0.0,0.0,,0,327,698,841,8.410035996348597,93.2298949919641,0.0006479967851191759,101.66895099973772,False,False,0,0,0.0,,,,,0.0,,False,False,False,True,2,5,,,
plate_chaudron/occlusion_angle/20260823T135821Z/frame_0017.jpg,20260823T135821Z,17,8.5,acquisition_tracking,A,magsac,magsac,plate_chaudron,plate_chaudron,occlusion_angle,False,calibrated_roi,True,0.0,0.0,0.0,0.0,0.0,0.0,0.0,,0,327,698,841,8.807628008071333,97.91694099840242,23.227391007822007,149.22891500464175,True,True,26,18,0.6923076923076923,0.8135029077529907,plate_chaudron,,,0.395,0.2,True,False,False,False,0,5,,,
plate_chaudron/occlusion_angle/20260823T135821Z/frame_0018.jpg,20260823T135821Z,18,9.0,acquisition_tracking,A,magsac,magsac,plate_chaudron,,occlusion_angle,False,tracked,True,0.0,0.0,0.0,0.0,0.0,0.0,0.0,0.372993631233824,209,486,503,524,13.247914001112804,89.71690399630461,0.0005549954948946834,102.98968800634611,False,False,0,0,0.0,,,,,0.0,,False,False,False,True,1,5,,,
plate_chaudron/occlusion_angle/20260823T135821Z/frame_0019.jpg,20260823T135821Z,19,9.5,acquisition_tracking,A,magsac,magsac,plate_chaudron,,occlusion_angle,False,tracked,True,0.0,0.0,0.0,0.0,0.0,0.0,0.0,0.544257451489034,193,446,527,564,13.127414000337012,84.23665798909497,0.0005559995770454407,97.38925700366963,False,False,0,0,0.0,,,,,0.0,,False,False,False,True,2,5,,,
plate_dague/frontal/20260823T135916Z/frame_0000.jpg,20260823T135916Z,0,0.0,acquisition_tracking,A,magsac,magsac,plate_dague,plate_dague,frontal,True,contour,False,0.912493340360046,0.9814100470393896,0.18376302083333335,1.0,0.8724662162162162,0.9995377219417501,0.5,,0,466,643,643,14.938577005523257,94.67207800480537,23.215872002765536,152.2008899919456,True,True,69,39,0.5652173913043478,1.0015407800674438,plate_dague,,,0.4225,0.2,True,False,False,False,0,0,0.0,,
plate_dague/frontal/20260823T135916Z/frame_0001.jpg,20260823T135916Z,1,0.5,acquisition_tracking,A,magsac,magsac,plate_dague,plate_dague,frontal,True,tracked,True,0.962493340360046,0.9814100470393896,0.18376302083333335,1.0,0.8724662162162162,0.9995377219417501,1.0,1.0,0,476,618,622,18.974714999785647,92.34906500205398,23.21065000433009,153.9311819942668,True,True,71,44,0.6197183098591549,1.0013108253479004,plate_dague,,,0.41625,0.2,True,False,False,False,0,0,,,
plate_dague/frontal/20260823T135916Z/frame_0002.jpg,20260823T135916Z,2,1.0,acquisition_tracking,A,magsac,magsac,plate_dague,plate_dague,frontal,True,tracked,True,0.9677480933090189,0.9861422358080745,0.1847873263888889,1.0,0.8992443324937027,1.0,0.970943394431709,0.38500485202233414,0,476,618,621,19.288714000140317,92.46098999574315,23.30027900461573,154.47014299570583,True,True,48,41,0.8541666666666666,0.8520931601524353,plate_dague,,,0.45625,0.2,True,False,False,False,0,0,,,
plate_dague/frontal/20260823T135916Z/frame_0003.jpg,20260823T135916Z,3,1.5,acquisition_tracking,A,magsac,magsac,plate_dague,plate_dague,frontal,False,tracked,True,0.0,0.0,0.0,0.0,0.0,0.0,0.0,0.40177094617153036,0,483,629,629,12.693601005594246,91.58467799716163,22.667799988994375,146.33584700641222,True,True,49,47,0.9591836734693877,0.9295462369918823,plate_dague,,,0.39875,0.2,True,False,False,False,0,0,,plate_dague,1.5
plate_dague/frontal/20260823T135916Z/frame_0004.jpg,20260823T135916Z,4,2.0,acquisition_tracking,A,magsac,magsac,plate_dague,plate_dague,frontal,True,tracked,True,0.984157197659113,0.9879621407017112,0.1864306640625,1.0,0.9542809642560266,0.9996944154890897,0.9922887283568398,0.7369318917223444,85,590,518,518,19.193066997104324,88.26325900736265,22.595854999963194,149.41526600159705,True,True,53,42,0.7924528301886793,0.9871206283569336,plate_dague,,,0.35625,0.2,True,False,False,False,0,0,,,
plate_dague/frontal/20260823T135916Z/frame_0005.jpg,20260823T135916Z,5,2.5,acquisition_tracking,A,magsac,magsac,plate_dague,,frontal,True,tracked,True,0.9557949030677205,0.985402381978929,0.18342339409722222,1.0,0.8468543046357616,1.0,0.9846061231510148,0.5414496711797957,99,587,516,520,19.38286199583672,89.19288699689787,19.57108499482274,128.17031500162557,True,False,13,6,0.46153846153846156,5.812098606838845e-05,plate_cellule,,,0.02625,0.2,False,False,False,True,1,1,,,
plate_dague/frontal/20260823T135916Z/frame_0006.jpg,20260823T135916Z,6,3.0,acquisition_tracking,A,magsac,magsac,plate_dague,plate_dague,frontal,True,tracked,True,0.9647547962492076,0.984948106110096,0.184638671875,1.0,0.8807947019867549,1.0,0.990716889194902,0.7973589667278542,92,587,520,524,19.095733994618058,88.95536800264381,22.78583600127604,150.24565299972892,True,True,63,46,0.7301587301587301,0.9578015804290771,plate_dague,,,0.36875,0.2,True,False,False,False,0,1,,,
plate_dague/frontal/20260823T135916Z/frame_0007.jpg,20260823T135916Z,7,3.5,acquisition_tracking,A,magsac,magsac,plate_dague,,frontal,True,tracked,True,0.9645785953515672,0.9854807453230023,0.1852370876736111,1.0,0.8782104391052196,1.0,0.9938176197836167,0.7484061215160209,95,589,518,520,19.162715005222708,91.54484399186913,33.87642100278754,144.60733300074935,True,False,10,6,0.6,0.03927890211343765,plate_bois,,,0.013836477987421384,0.2,False,False,False,True,1,1,,,
plate_dague/frontal/20260823T135916Z/frame_0008.jpg,20260823T135916Z,8,4.0,acquisition_tracking,A,magsac,magsac,plate_dague,plate_dague,frontal,False,tracked,True,0.0,0.0,0.0,0.0,0.0,0.0,0.0,0.5725866188848879,111,578,515,517,11.638918003882281,87.22005700110458,22.677428991300985,140.91345200722571,True,True,61,52,0.8524590163934426,0.932873547077179,plate_dague,,,0.3875,0.2,True,False,False,False,0,1,,,
plate_dague/frontal/20260823T135916Z/frame_0009.jpg,20260823T135916Z,9,4.5,acquisition_tracking,A,magsac,magsac,plate_dague,plate_dague,frontal,False,tracked,True,0.0,0.0,0.0,0.0,0.0,0.0,0.0,0.5686285341874129,99,581,503,510,11.425992008298635,86.71959600178525,22.325133002595976,139.89034399855882,True,True,48,41,0.8541666666666666,1.1716798543930054,plate_dague,,,0.335,0.2,True,False,False,False,0,1,,,
plate_dague/frontal/20260823T135916Z/frame_0010.jpg,20260823T135916Z,10,5.0,acquisition_tracking,A,magsac,magsac,plate_dague,,frontal,True,tracked,True,0.9688329512839065,0.9850959228351712,0.18084201388888888,1.0,0.9078726968174204,1.0,0.9633600022899999,0.4989153117514714,88,579,514,522,19.20669700484723,85.81600499746855,0.0005180045263841748,105.0479060068028,False,False,0,0,0.0,,,,,0.0,,False,False,False,True,1,1,,,
plate_dague/frontal/20260823T135916Z/frame_0011.jpg,20260823T135916Z,11,5.5,acquisition_tracking,A,magsac,magsac,plate_dague,,frontal,True,tracked,True,0.9953879555103382,0.9886212255805731,0.18174099392361112,1.0,0.9983235540653814,1.0,0.9922069931982089,0.7825117265815233,85,580,516,524,19.073585004662164,85.2038029988762,0.0005369947757571936,104.30318499857094,False,False,0,0,0.0,,,,,0.0,,False,False,False,True,2,2,,,
plate_dague/frontal/20260823T135916Z/frame_0012.jpg,20260823T135916Z,12,6.0,acquisition_tracking,A,magsac,magsac,plate_dague,,frontal,True,tracked,True,0.9592781369771817,0.9848461877554655,0.1811962890625,1.0,0.8565471226021685,1.0,0.996875,0.7955294528261644,83,578,519,528,18.9291599963326,82.83791999565437,0.00048200308810919523,101.79278301075101,False,False,0,0,0.0,,,,,0.0,,False,False,False,True,3,3,,,
plate_dague/frontal/20260823T135916Z/frame_0013.jpg,20260823T135916Z,13,6.5,acquisition_tracking,A,magsac,magsac,plate_dague,plate_dague,frontal,True,tracked,True,0.9924786525581624,0.9891886105760932,0.1805859375,1.0,0.9841402337228714,1.0,0.9968701095461658,0.7876158599779887,83,577,520,529,18.914715008577332,90.40030899632256,22.58098499441985,151.23163200041745,True,True,64,50,0.78125,0.9825220108032227,plate_dague,,,0.38125,0.2,True,False,False,False,0,3,,,
plate_dague/frontal/20260823T135916Z/frame_0014.jpg,20260823T135916Z,14,7.0,acquisition_tracking,A,magsac,magsac,plate_dague,plate_dague,frontal,True,tracked,True,0.9497730736525263,0.9864137005060911,0.17976236979166665,1.0,0.8172757475083057,1.0,0.9953002662362268,0.5764584811404033,99,587,512,510,19.163400007528253,85.16193300602026,22.70616999885533,146.39127301052213,True,True,51,46,0.9019607843137255,0.7076385021209717,plate_dague,,,0.375,0.2,True,False,False,False,0,3,,,
plate_dague/frontal/20260823T135916Z/frame_0015.jpg,20260823T135916Z,15,7.5,acquisition_tracking,A,magsac,magsac,plate_dague,,frontal,True,tracked,True,0.9844608549853738,0.9871938088908792,0.1746484375,1.0,0.9732441471571907,0.9976514484169993,0.9522653068711251,0.47548202580176824,111,578,509,508,19.387806998565793,84.5301570079755,0.000500003807246685,103.9429439988453,False,False,0,0,0.0,,,,,0.0,,False,False,False,True,1,3,,,
plate_dague/frontal/20260823T135916Z/frame_0016.jpg,20260823T135916Z,16,8.0,acquisition_tracking,A,magsac,magsac,plate_dague,plate_dague,frontal,False,tracked,True,0.0,0.0,0.0,0.0,0.0,0.0,0.0,0.7522720290773539,112,573,508,508,11.263492997386493,89.32373800780624,22.737539999070577,142.63457800552715,True,True,64,50,0.78125,0.9550368785858154,plate_dague,,,0.3925,0.2,True,False,False,False,0,3,,,
plate_dague/frontal/20260823T135916Z/frame_0017.jpg,20260823T135916Z,17,8.5,acquisition_tracking,A,magsac,magsac,plate_dague,plate_dague,frontal,True,tracked,True,0.983796037751028,0.9918621266260743,0.1762603081597222,1.0,0.9543568464730291,1.0,0.976481881449484,0.5389191129920853,108,585,508,504,19.1339189914288,89.05818298808299,22.468559007393196,150.047615999938,True,True,53,43,0.8113207547169812,0.9562152624130249,plate_dague,,,0.345,0.2,True,False,False,False,0,3,,,
plate_dague/frontal/20260823T135916Z/frame_0018.jpg,20260823T135916Z,18,9.0,acquisition_tracking,A,magsac,magsac,plate_dague,plate_dague,frontal,False,tracked,True,0.0,0.0,0.0,0.0,0.0,0.0,0.0,0.5621421597393677,102,586,510,508,11.58041700546164,86.36291100992821,22.801853992859833,140.51550900330767,True,True,58,53,0.9137931034482759,0.8195311427116394,plate_dague,,,0.3775,0.2,True,False,False,False,0,3,,,
plate_dague/frontal/20260823T135916Z/frame_0019.jpg,20260823T135916Z,19,9.5,acquisition_tracking,A,magsac,magsac,plate_dague,plate_dague,frontal,True,tracked,True,0.9748725177057613,0.9874117895960808,0.1740700954861111,1.0,0.9289297658862876,1.0,0.9641653935536524,0.5307753854611407,96,576,507,503,19.113789006951265,87.32264999707695,22.718207008438185,148.45217599940952,True,True,65,57,0.8769230769230769,1.0882022380828857,plate_dague,,,0.36,0.2,True,False,False,False,0,3,,,
plate_dague/main_sur_bord/20260823T135957Z/frame_0000.jpg,20260823T135957Z,0,0.0,acquisition_tracking,A,magsac,magsac,plate_dague,plate_dague,main_sur_bord,False,calibrated_roi,True,0.0,0.0,0.0,0.0,0.0,0.0,0.0,,0,327,698,841,8.351536002010107,98.60603099514265,22.75226201163605,148.94715600530617,True,True,46,38,0.8260869565217391,0.7898039817810059,plate_dague,,,0.35875,0.2,True,False,False,False,0,0,0.0,,
plate_dague/main_sur_bord/20260823T135957Z/frame_0001.jpg,20260823T135957Z,1,0.5,acquisition_tracking,A,magsac,magsac,plate_dague,,main_sur_bord,False,tracked,True,0.0,0.0,0.0,0.0,0.0,0.0,0.0,0.36248734055767456,160,593,438,463,12.465341002098285,81.63171900378074,0.0005549954948946834,94.1218930092873,False,False,0,0,0.0,,,,,0.0,,False,False,False,True,1,1,,,
plate_dague/main_sur_bord/20260823T135957Z/frame_0002.jpg,20260823T135957Z,2,1.0,acquisition_tracking,A,magsac,magsac,plate_dague,,main_sur_bord,False,calibrated_roi,True,0.0,0.0,0.0,0.0,0.0,0.0,0.0,,0,327,698,841,13.105117992381565,87.91033299348783,0.000667001586407423,101.04095199494623,False,False,0,0,0.0,,,,,0.0,,False,False,False,True,2,2,,,
plate_dague/main_sur_bord/20260823T135957Z/frame_0003.jpg,20260823T135957Z,3,1.5,acquisition_tracking,A,magsac,magsac,plate_dague,,main_sur_bord,False,calibrated_roi,True,0.0,0.0,0.0,0.0,0.0,0.0,0.0,,0,327,698,841,7.595927003421821,90.1469959935639,0.0005549954948946834,97.771754997666,False,False,0,0,0.0,,,,,0.0,,False,False,False,True,3,3,,,
plate_dague/main_sur_bord/20260823T135957Z/frame_0004.jpg,20260823T135957Z,4,2.0,acquisition_tracking,A,magsac,magsac,plate_dague,,main_sur_bord,False,calibrated_roi,True,0.0,0.0,0.0,0.0,0.0,0.0,0.0,,0,327,698,841,7.996684988029301,92.18426801089663,0.0004629982868209481,100.20937900117133,False,False,0,0,0.0,,,,,0.0,,False,False,False,True,4,4,,,
plate_dague/main_sur_bord/20260823T135957Z/frame_0005.jpg,20260823T135957Z,5,2.5,acquisition_tracking,A,magsac,magsac,plate_dague,,main_sur_bord,False,calibrated_roi,True,0.0,0.0,0.0,0.0,0.0,0.0,0.0,,0,327,698,841,8.118037003441714,94.64140998898074,0.0005740002961829305,102.78705800010357,False,False,0,0,0.0,,,,,0.0,,False,False,False,True,5,5,,,
plate_dague/main_sur_bord/20260823T135957Z/frame_0006.jpg,20260823T135957Z,6,3.0,acquisition_tracking,A,magsac,magsac,plate_dague,,main_sur_bord,False,calibrated_roi,True,0.0,0.0,0.0,0.0,0.0,0.0,0.0,,0,327,698,841,7.404650008538738,93.83635700214654,0.0005559995770454407,101.27006200491451,False,False,0,0,0.0,,,,,0.0,,False,False,False,True,6,6,,,
plate_dague/main_sur_bord/20260823T135957Z/frame_0007.jpg,20260823T135957Z,7,3.5,acquisition_tracking,A,magsac,magsac,plate_dague,,main_sur_bord,False,calibrated_roi,True,0.0,0.0,0.0,0.0,0.0,0.0,0.0,,0,327,698,841,6.597058003535494,86.97007699811365,0.0006110058166086674,93.594876001589,False,False,0,0,0.0,,,,,0.0,,False,False,False,True,7,7,,,
plate_dague/main_sur_bord/20260823T135957Z/frame_0008.jpg,20260823T135957Z,8,4.0,acquisition_tracking,A,magsac,magsac,plate_dague,,main_sur_bord,False,calibrated_roi,True,0.0,0.0,0.0,0.0,0.0,0.0,0.0,,0,327,698,841,7.154688006266952,86.86326201132033,0.0004440080374479294,94.04589400219265,False,False,0,0,0.0,,,,,0.0,,False,False,False,True,8,8,,,
plate_dague/main_sur_bord/20260823T135957Z/frame_0009.jpg,20260823T135957Z,9,4.5,acquisition_tracking,A,magsac,magsac,plate_dague,,main_sur_bord,False,calibrated_roi,True,0.0,0.0,0.0,0.0,0.0,0.0,0.0,,0,327,698,841,6.898927997099236,88.20705499965698,0.000667001586407423,95.135705996654,False,False,0,0,0.0,,,,,0.0,,False,False,False,True,9,9,,,
plate_dague/main_sur_bord/20260823T135957Z/frame_0010.jpg,20260823T135957Z,10,5.0,acquisition_tracking,A,magsac,magsac,plate_dague,,main_sur_bord,False,calibrated_roi,True,0.0,0.0,0.0,0.0,0.0,0.0,0.0,,0,327,698,841,6.913502991665155,88.2433700026013,0.0006859918357804418,95.18470500188414,False,False,0,0,0.0,,,,,0.0,,False,False,False,True,10,10,,,
plate_dague/main_sur_bord/20260823T135957Z/frame_0011.jpg,20260823T135957Z,11,5.5,acquisition_tracking,A,magsac,magsac,plate_dague,,main_sur_bord,False,calibrated_roi,True,0.0,0.0,0.0,0.0,0.0,0.0,0.0,,0,327,698,841,6.932484000572003,86.68811399547849,0.0006299960659816861,93.64941300009377,False,False,0,0,0.0,,,,,0.0,,False,False,False,True,11,11,,,
plate_dague/main_sur_bord/20260823T135957Z/frame_0012.jpg,20260823T135957Z,12,6.0,acquisition_tracking,A,magsac,magsac,plate_dague,,main_sur_bord,False,calibrated_roi,True,0.0,0.0,0.0,0.0,0.0,0.0,0.0,,0,327,698,841,6.845392010291107,89.1751639865106,0.0005930050974711776,96.04894500807859,False,False,0,0,0.0,,,,,0.0,,False,False,False,True,12,12,,,
plate_dague/main_sur_bord/20260823T135957Z/frame_0013.jpg,20260823T135957Z,13,6.5,acquisition_tracking,A,magsac,magsac,plate_dague,,main_sur_bord,False,calibrated_roi,True,0.0,0.0,0.0,0.0,0.0,0.0,0.0,,0,327,698,841,7.004779996350408,89.90403301140759,0.0004809990059584379,96.93738700298127,False,False,0,0,0.0,,,,,0.0,,False,False,False,True,13,13,,,
plate_dague/main_sur_bord/20260823T135957Z/frame_0014.jpg,20260823T135957Z,14,7.0,acquisition_tracking,A,magsac,magsac,plate_dague,,main_sur_bord,False,calibrated_roi,True,0.0,0.0,0.0,0.0,0.0,0.0,0.0,,0,327,698,841,6.895075988722965,86.75602200673893,0.000500003807246685,93.68065399758052,False,False,0,0,0.0,,,,,0.0,,False,False,False,True,14,14,,,
plate_dague/main_sur_bord/20260823T135957Z/frame_0015.jpg,20260823T135957Z,15,7.5,acquisition_tracking,A,magsac,magsac,plate_dague,,main_sur_bord,False,calibrated_roi,True,0.0,0.0,0.0,0.0,0.0,0.0,0.0,,0,327,698,841,6.851298996480182,86.44187399477232,0.0007040071068331599,93.32322800764814,False,False,0,0,0.0,,,,,0.0,,False,False,False,True,15,15,,,
plate_dague/main_sur_bord/20260823T135957Z/frame_0016.jpg,20260823T135957Z,16,8.0,acquisition_tracking,A,magsac,magsac,plate_dague,,main_sur_bord,False,calibrated_roi,True,0.0,0.0,0.0,0.0,0.0,0.0,0.0,,0,327,698,841,7.027316998573951,85.97026400093455,0.0006850023055449128,93.02672899502795,False,False,0,0,0.0,,,,,0.0,,False,False,False,True,16,16,,,
plate_dague/main_sur_bord/20260823T135957Z/frame_0017.jpg,20260823T135957Z,17,8.5,acquisition_tracking,A,magsac,magsac,plate_dague,,main_sur_bord,False,calibrated_roi,True,0.0,0.0,0.0,0.0,0.0,0.0,0.0,,0,327,698,841,6.945798988454044,88.01174101245124,0.000500003807246685,94.98600299411919,False,False,0,0,0.0,,,,,0.0,,False,False,False,True,17,17,,,
plate_dague/main_sur_bord/20260823T135957Z/frame_0018.jpg,20260823T135957Z,18,9.0,acquisition_tracking,A,magsac,magsac,plate_dague,,main_sur_bord,False,calibrated_roi,True,0.0,0.0,0.0,0.0,0.0,0.0,0.0,,0,327,698,841,6.830040001659654,86.41580000403337,0.000777989043854177,93.2758019916946,False,False,0,0,0.0,,,,,0.0,,False,False,False,True,18,18,,,
plate_dague/main_sur_bord/20260823T135957Z/frame_0019.jpg,20260823T135957Z,19,9.5,acquisition_tracking,A,magsac,magsac,plate_dague,,main_sur_bord,False,calibrated_roi,True,0.0,0.0,0.0,0.0,0.0,0.0,0.0,,0,327,698,841,6.738411000696942,88.08238799974788,0.0006299960659816861,94.84852099558339,False,False,0,0,0.0,,,,,0.0,,False,False,False,True,19,19,,,
plate_dague/occlusion_angle/20260823T140102Z/frame_0000.jpg,20260823T140102Z,0,0.0,acquisition_tracking,A,magsac,magsac,plate_dague,plate_dague,occlusion_angle,False,calibrated_roi,True,0.0,0.0,0.0,0.0,0.0,0.0,0.0,,0,327,698,841,8.066722002695315,98.30866201082245,22.73187300306745,148.4359339956427,True,True,51,37,0.7254901960784313,0.7342358827590942,plate_dague,,,0.35125,0.2,True,False,False,False,0,0,0.0,,
plate_dague/occlusion_angle/20260823T140102Z/frame_0001.jpg,20260823T140102Z,1,0.5,acquisition_tracking,A,magsac,magsac,plate_dague,plate_dague,occlusion_angle,False,tracked,True,0.0,0.0,0.0,0.0,0.0,0.0,0.0,0.48519323396717023,128,602,457,483,12.54537800559774,85.0303399929544,22.70783600397408,139.7221770021133,True,True,56,48,0.8571428571428571,0.7429203391075134,plate_dague,,,0.3325,0.2,True,False,False,False,0,0,,,
plate_dague/occlusion_angle/20260823T140102Z/frame_0002.jpg,20260823T140102Z,2,1.0,acquisition_tracking,A,magsac,magsac,plate_dague,plate_dague,occlusion_angle,False,tracked,True,0.0,0.0,0.0,0.0,0.0,0.0,0.0,0.5098733585720396,147,599,458,486,12.613915008842014,86.66240998718422,22.691799007588997,141.25439499912318,True,True,48,44,0.9166666666666666,0.7733917236328125,plate_dague,,,0.33875,0.2,True,False,False,False,0,0,,,
plate_dague/occlusion_angle/20260823T140102Z/frame_0003.jpg,20260823T140102Z,3,1.5,acquisition_tracking,A,magsac,magsac,plate_dague,plate_dague,occlusion_angle,False,tracked,True,0.0,0.0,0.0,0.0,0.0,0.0,0.0,0.6002668646104079,143,597,457,481,12.394785997457802,84.74471198860556,22.843650993308984,139.31584400415886,True,True,47,44,0.9361702127659575,0.7562144994735718,plate_dague,,,0.355,0.2,True,False,False,False,0,0,,plate_dague,1.5
plate_dague/occlusion_angle/20260823T140102Z/frame_0004.jpg,20260823T140102Z,4,2.0,acquisition_tracking,A,magsac,magsac,plate_dague,,occlusion_angle,False,tracked,True,0.0,0.0,0.0,0.0,0.0,0.0,0.0,0.46160110097700124,164,609,454,484,12.406877998728305,84.07506499497686,0.00044499756768345833,96.50605500792153,False,False,0,0,0.0,,,,,0.0,,False,False,False,True,1,1,,,
plate_dague/occlusion_angle/20260823T140102Z/frame_0005.jpg,20260823T140102Z,5,2.5,acquisition_tracking,A,magsac,magsac,plate_dague,plate_dague,occlusion_angle,False,tracked,True,0.0,0.0,0.0,0.0,0.0,0.0,0.0,0.7034702311909444,167,619,468,498,12.51222999417223,87.99688798899297,22.598615003516898,142.4170590034919,True,True,50,45,0.9,0.711048424243927,plate_dague,,,0.335,0.2,True,False,False,False,0,1,,,
plate_dague/occlusion_angle/20260823T140102Z/frame_0006.jpg,20260823T140102Z,6,3.0,acquisition_tracking,A,magsac,magsac,plate_dague,,occlusion_angle,False,calibrated_roi,True,0.0,0.0,0.0,0.0,0.0,0.0,0.0,,0,327,698,841,12.35352699586656,98.32586500851903,0.0005370093276724219,110.70287298935,False,False,0,0,0.0,,,,,0.0,,False,False,False,True,1,1,,,
plate_dague/occlusion_angle/20260823T140102Z/frame_0007.jpg,20260823T140102Z,7,3.5,acquisition_tracking,A,magsac,magsac,plate_dague,,occlusion_angle,False,calibrated_roi,True,0.0,0.0,0.0,0.0,0.0,0.0,0.0,,0,327,698,841,7.864555998821743,96.77805300452746,0.0004070025170221925,104.67016500479076,False,False,0,0,0.0,,,,,0.0,,False,False,False,True,2,2,,,
plate_dague/occlusion_angle/20260823T140102Z/frame_0008.jpg,20260823T140102Z,8,4.0,acquisition_tracking,A,magsac,magsac,plate_dague,,occlusion_angle,False,calibrated_roi,True,0.0,0.0,0.0,0.0,0.0,0.0,0.0,,0,327,698,841,8.114814991131425,97.10931198787875,22.396004002075642,127.64775998948608,True,False,10,6,0.6,0.714493989944458,plate_vampire,,,0.0125,0.2,False,False,False,True,3,3,,,
plate_dague/occlusion_angle/20260823T140102Z/frame_0009.jpg,20260823T140102Z,9,4.5,acquisition_tracking,A,magsac,magsac,plate_dague,,occlusion_angle,False,calibrated_roi,True,0.0,0.0,0.0,0.0,0.0,0.0,0.0,,0,327,698,841,8.171185007086024,94.68468799605034,0.0005740002961829305,102.88537299493328,False,False,0,0,0.0,,,,,0.0,,False,False,False,True,4,4,,,
plate_dague/occlusion_angle/20260823T140102Z/frame_0010.jpg,20260823T140102Z,10,5.0,acquisition_tracking,A,magsac,magsac,plate_dague,,occlusion_angle,False,calibrated_roi,True,0.0,0.0,0.0,0.0,0.0,0.0,0.0,,0,327,698,841,7.87442599539645,93.36221001285594,13.26896900718566,114.53360499581322,True,False,15,7,0.4666666666666667,0.44554904103279114,plate_dague,,,0.07625,0.2,False,False,False,True,5,5,,,
plate_dague/occlusion_angle/20260823T140102Z/frame_0011.jpg,20260823T140102Z,11,5.5,acquisition_tracking,A,magsac,magsac,plate_dague,plate_dague,occlusion_angle,False,calibrated_roi,True,0.0,0.0,0.0,0.0,0.0,0.0,0.0,,0,327,698,841,7.900444994447753,96.4890729956096,22.827817010693252,146.49730900418945,True,True,43,30,0.6976744186046512,0.8814741373062134,plate_dague,,,0.34125,0.2,True,False,False,False,0,5,,,
plate_dague/occlusion_angle/20260823T140102Z/frame_0012.jpg,20260823T140102Z,12,6.0,acquisition_tracking,A,magsac,magsac,plate_dague,plate_dague,occlusion_angle,False,calibrated_roi,True,0.0,0.0,0.0,0.0,0.0,0.0,0.0,,0,327,698,841,12.629396995180286,97.83432900439948,20.90161800151691,150.71161401283462,True,True,16,16,1.0,1.0573900938034058,plate_dague,,,0.2225,0.2,True,False,False,False,0,5,,,
plate_dague/occlusion_angle/20260823T140102Z/frame_0013.jpg,20260823T140102Z,13,6.5,acquisition_tracking,A,magsac,magsac,plate_dague,plate_dague,occlusion_angle,False,calibrated_roi,True,0.0,0.0,0.0,0.0,0.0,0.0,0.0,,0,327,698,841,12.313083003391512,100.91567400377244,23.27929799503181,155.87306499946862,True,True,31,25,0.8064516129032258,0.9120345711708069,plate_dague,plate_chaudron,0.30645161290322576,0.40375,0.2,True,False,False,False,0,5,,,
plate_dague/occlusion_angle/20260823T140102Z/frame_0014.jpg,20260823T140102Z,14,7.0,acquisition_tracking,A,magsac,magsac,plate_dague,,occlusion_angle,False,calibrated_roi,True,0.0,0.0,0.0,0.0,0.0,0.0,0.0,,0,327,698,841,13.22665499174036,91.82589799456764,0.0005189940566197038,105.07770100957714,False,False,0,0,0.0,,,,,0.0,,False,False,False,True,1,5,,,
plate_dague/occlusion_angle/20260823T140102Z/frame_0015.jpg,20260823T140102Z,15,7.5,acquisition_tracking,A,magsac,magsac,plate_dague,plate_dague,occlusion_angle,False,calibrated_roi,True,0.0,0.0,0.0,0.0,0.0,0.0,0.0,,0,327,698,841,8.251795996329747,98.36177200486418,23.309112002607435,149.2129499965813,True,True,40,31,0.775,0.7775200009346008,plate_dague,,,0.40875,0.2,True,False,False,False,0,5,,,
plate_dague/occlusion_angle/20260823T140102Z/frame_0016.jpg,20260823T140102Z,16,8.0,acquisition_tracking,A,magsac,magsac,plate_dague,,occlusion_angle,False,calibrated_roi,True,0.0,0.0,0.0,0.0,0.0,0.0,0.0,,0,327,698,841,12.37767499696929,90.87691899912897,0.0008149945642799139,103.28018700238317,False,False,0,0,0.0,,,,,0.0,,False,False,False,True,1,5,,,
plate_dague/occlusion_angle/20260823T140102Z/frame_0017.jpg,20260823T140102Z,17,8.5,acquisition_tracking,A,magsac,magsac,plate_dague,,occlusion_angle,False,calibrated_roi,True,0.0,0.0,0.0,0.0,0.0,0.0,0.0,,0,327,698,841,7.854259994928725,88.55453599244356,0.0004809990059584379,96.4385170082096,False,False,0,0,0.0,,,,,0.0,,False,False,False,True,2,5,,,
plate_dague/occlusion_angle/20260823T140102Z/frame_0018.jpg,20260823T140102Z,18,9.0,acquisition_tracking,A,magsac,magsac,plate_dague,,occlusion_angle,False,calibrated_roi,True,0.0,0.0,0.0,0.0,0.0,0.0,0.0,,0,327,698,841,8.0838519934332,87.5358339981176,0.0005370093276724219,95.65064900380094,False,False,0,0,0.0,,,,,0.0,,False,False,False,True,3,5,,,
plate_dague/occlusion_angle/20260823T140102Z/frame_0019.jpg,20260823T140102Z,19,9.5,acquisition_tracking,A,magsac,magsac,plate_dague,plate_dague,occlusion_angle,False,calibrated_roi,True,0.0,0.0,0.0,0.0,0.0,0.0,0.0,,0,327,698,841,8.217907001380809,95.06350199808367,22.498521997476928,145.11716399283614,True,True,25,21,0.84,0.7164952754974365,plate_dague,,,0.3275,0.2,True,False,False,False,0,5,,,
plate_vampire/frontal/20260823T135229Z/frame_0000.jpg,20260823T135229Z,0,0.0,acquisition_tracking,A,magsac,magsac,plate_vampire,plate_vampire,frontal,True,contour,False,0.9224601509267131,0.9838145095854998,0.197421875,1.0,0.9281200631911533,0.9528578225327473,0.5,,0,414,666,661,15.937464006128721,91.44258499145508,24.04933300567791,150.74307699978817,True,True,51,49,0.9607843137254902,0.860414445400238,plate_vampire,,,0.44,0.2,True,False,False,False,0,0,0.0,,
plate_vampire/frontal/20260823T135229Z/frame_0001.jpg,20260823T135229Z,1,0.5,acquisition_tracking,A,magsac,magsac,plate_vampire,plate_vampire,frontal,True,tracked,True,0.9731213321006793,0.9831852912902832,0.19495985243055555,1.0,0.9406575781876504,0.9524553479540562,0.9775581537127607,0.6215949662832829,4,423,632,629,20.415100996615365,91.65867700357921,23.949814989464357,155.2806959953159,True,True,50,48,0.96,0.7794404029846191,plate_vampire,,,0.41,0.2,True,False,False,False,0,0,,,
plate_vampire/frontal/20260823T135229Z/frame_0002.jpg,20260823T135229Z,2,1.0,acquisition_tracking,A,magsac,magsac,plate_vampire,plate_vampire,frontal,True,tracked,True,0.9704504974847593,0.9818078726530075,0.19173014322916668,1.0,0.9268098647573588,0.9586479468805436,0.9834087481146304,0.40393199602580276,5,421,632,630,20.153453006059863,91.51171399571467,24.10546300234273,155.09208501316607,True,True,52,47,0.9038461538461539,0.7626345157623291,plate_vampire,,,0.405,0.2,True,False,False,False,0,0,,,
plate_vampire/frontal/20260823T135229Z/frame_0003.jpg,20260823T135229Z,3,1.5,acquisition_tracking,A,magsac,magsac,plate_vampire,plate_vampire,frontal,True,tracked,True,0.9610676881238125,0.9847475914284587,0.19393229166666667,1.0,0.8972549019607843,0.9551242050100313,0.9581726470407558,0.4179126196580286,0,423,655,652,20.26534199831076,91.3006589980796,23.860462999437004,154.7877709963359,True,True,57,53,0.9298245614035088,0.8558061718940735,plate_vampire,,,0.4075,0.2,True,False,False,False,0,0,,plate_vampire,1.5
plate_vampire/frontal/20260823T135229Z/frame_0004.jpg,20260823T135229Z,4,2.0,acquisition_tracking,A,magsac,magsac,plate_vampire,plate_vampire,frontal,True,tracked,True,0.9670051451612173,0.9835987910628319,0.19695203993055554,1.0,0.9223674096848578,0.9519936573189367,0.9613428968925949,0.45304228442593686,0,436,631,626,20.133009005803615,90.37771601288114,24.057907998212613,153.85782900557388,True,True,55,53,0.9636363636363636,0.7048366665840149,plate_vampire,,,0.43625,0.2,True,False,False,False,0,0,,,
plate_vampire/frontal/20260823T135229Z/frame_0005.jpg,20260823T135229Z,5,2.5,acquisition_tracking,A,magsac,magsac,plate_vampire,plate_vampire,frontal,True,tracked,True,0.964138431314268,0.9838223662227392,0.19647026909722223,1.0,0.9039812646370023,0.9480642562601185,0.9818997966218389,0.5762516186417062,3,445,634,622,20.29293500527274,92.46367400919553,24.01844400446862,156.0836379940156,True,True,51,49,0.9607843137254902,0.9097416400909424,plate_vampire,,,0.43375,0.2,True,False,False,False,0,0,,,
plate_vampire/frontal/20260823T135229Z/frame_0006.jpg,20260823T135229Z,6,3.0,acquisition_tracking,A,magsac,magsac,plate_vampire,plate_vampire,frontal,True,tracked,True,0.9740025329751653,0.9861678732559085,0.19648111979166666,1.0,0.9406713505074161,0.9479702219329096,0.9818731117824774,0.3688005317062617,0,438,635,629,20.30560099228751,93.09470999869518,23.960259000887163,156.67310000571888,True,True,61,57,0.9344262295081968,0.9129409193992615,plate_vampire,,,0.4225,0.2,True,False,False,False,0,0,,,
plate_vampire/frontal/20260823T135229Z/frame_0007.jpg,20260823T135229Z,7,3.5,acquisition_tracking,A,magsac,magsac,plate_vampire,plate_vampire,frontal,False,tracked,True,0.0,0.0,0.0,0.0,0.0,0.0,0.0,0.5306309774801549,6,431,637,628,13.228562005679123,90.27060499647632,23.912389006000012,146.81602999917232,True,True,40,39,0.975,0.7474442720413208,plate_vampire,,,0.39625,0.2,True,False,False,False,0,0,,,
plate_vampire/frontal/20260823T135229Z/frame_0008.jpg,20260823T135229Z,8,4.0,acquisition_tracking,A,magsac,magsac,plate_vampire,plate_vampire,frontal,True,tracked,True,0.9360913245062856,0.9838092476129532,0.1992068142361111,1.0,0.7990726429675425,0.9474321189273762,0.9643717758777645,0.56317158338088,5,436,642,632,20.175323006697,92.16326799651142,23.84237000660505,155.50319499743637,True,True,46,45,0.9782608695652174,0.697016179561615,plate_vampire,,,0.4175,0.2,True,False,False,False,0,0,,,
plate_vampire/frontal/20260823T135229Z/frame_0009.jpg,20260823T135229Z,9,4.5,acquisition_tracking,A,magsac,magsac,plate_vampire,plate_vampire,frontal,False,tracked,True,0.0,0.0,0.0,0.0,0.0,0.0,0.0,0.4712494087579437,0,439,642,629,13.389671992626972,91.23419600655325,24.045073994784616,148.0520459881518,True,True,55,50,0.9090909090909091,0.7541460990905762,plate_vampire,,,0.4375,0.2,True,False,False,False,0,0,,,
plate_vampire/frontal/20260823T135229Z/frame_0010.jpg,20260823T135229Z,10,5.0,acquisition_tracking,A,magsac,magsac,plate_vampire,plate_vampire,frontal,False,tracked,True,0.0,0.0,0.0,0.0,0.0,0.0,0.0,0.5280334590180796,0,437,657,648,13.34259900613688,95.18266801023856,24.021648001507856,151.83318499475718,True,True,49,47,0.9591836734693877,0.9028636813163757,plate_vampire,,,0.435,0.2,True,False,False,False,0,0,,,
plate_vampire/frontal/20260823T135229Z/frame_0011.jpg,20260823T135229Z,11,5.5,acquisition_tracking,A,magsac,magsac,plate_vampire,plate_vampire,frontal,False,tracked,True,0.0,0.0,0.0,0.0,0.0,0.0,0.0,0.43675351436775,9,446,643,630,13.269988005049527,98.06718000618275,23.960648002685048,154.63186299894005,True,True,61,58,0.9508196721311475,0.8369468450546265,plate_vampire,plate_dague,0.40625,0.42625,0.2,True,False,False,False,0,0,,,
plate_vampire/frontal/20260823T135229Z/frame_0012.jpg,20260823T135229Z,12,6.0,acquisition_tracking,A,magsac,magsac,plate_vampire,plate_vampire,frontal,False,tracked,True,0.0,0.0,0.0,0.0,0.0,0.0,0.0,0.5112559496406386,0,457,648,632,13.205598996137269,90.10640199994668,23.745500002405606,146.37936399958562,True,True,51,43,0.8431372549019608,0.6526700854301453,plate_vampire,,,0.415,0.2,True,False,False,False,0,0,,,
plate_vampire/frontal/20260823T135229Z/frame_0013.jpg,20260823T135229Z,13,6.5,acquisition_tracking,A,magsac,magsac,plate_vampire,,frontal,False,tracked,True,0.0,0.0,0.0,0.0,0.0,0.0,0.0,0.5269831962938561,0,451,666,653,13.308229012181982,90.72662200196646,0.0004629982868209481,104.05853699194267,False,False,0,0,0.0,,,,,0.0,,False,False,False,True,1,1,,,
plate_vampire/frontal/20260823T135229Z/frame_0014.jpg,20260823T135229Z,14,7.0,acquisition_tracking,A,magsac,magsac,plate_vampire,,frontal,False,tracked,True,0.0,0.0,0.0,0.0,0.0,0.0,0.0,0.37907937512137696,0,451,668,654,13.429413011181168,89.8405510088196,0.0005740002961829305,103.29537199868355,False,False,0,0,0.0,,,,,0.0,,False,False,False,True,2,2,,,
plate_vampire/frontal/20260823T135229Z/frame_0015.jpg,20260823T135229Z,15,7.5,acquisition_tracking,A,magsac,magsac,plate_vampire,plate_vampire,frontal,True,tracked,True,0.9632134658426765,0.9794573783874512,0.19818522135416666,1.0,0.9279628195197521,0.9457029817964108,0.9281524926686217,0.6224504750537657,0,450,669,656,20.089768004254438,93.68761599762365,23.94144500431139,157.1023580036126,True,True,52,47,0.9038461538461539,0.6879297494888306,plate_vampire,,,0.39875,0.2,True,False,False,False,0,2,,,
plate_vampire/frontal/20260823T135229Z/frame_0016.jpg,20260823T135229Z,16,8.0,acquisition_tracking,A,magsac,magsac,plate_vampire,plate_vampire,frontal,True,tracked,True,0.9724385334645045,0.9830013234168291,0.19789388020833334,1.0,0.9372579395817195,0.9518739776759081,0.9803625377643505,0.413862373983615,1,474,641,623,20.475508004892617,91.58815699629486,23.968333000084385,155.47043600236066,True,True,59,58,0.9830508474576272,0.8416566252708435,plate_vampire,,,0.4225,0.2,True,False,False,False,0,2,,,
plate_vampire/frontal/20260823T135229Z/frame_0017.jpg,20260823T135229Z,17,8.5,acquisition_tracking,A,magsac,magsac,plate_vampire,plate_vampire,frontal,True,tracked,True,0.9681122079160647,0.9832903351634741,0.2000732421875,1.0,0.9218870843000774,0.9459593561522665,0.9805740067677654,0.4627387129778015,9,462,641,628,20.2742489927914,91.16325099603273,23.989852008526213,154.80810399458278,True,True,57,53,0.9298245614035088,0.7928048968315125,plate_vampire,,,0.43375,0.2,True,False,False,False,0,2,,,
plate_vampire/frontal/20260823T135229Z/frame_0018.jpg,20260823T135229Z,18,9.0,acquisition_tracking,A,magsac,magsac,plate_vampire,,frontal,False,calibrated_roi,True,0.0,0.0,0.0,0.0,0.0,0.0,0.0,,0,327,698,841,13.371376000577584,97.50773700943682,0.0006479967851191759,110.90287199476734,False,False,0,0,0.0,,,,,0.0,,False,False,False,True,1,2,,,
plate_vampire/frontal/20260823T135229Z/frame_0019.jpg,20260823T135229Z,19,9.5,acquisition_tracking,A,magsac,magsac,plate_vampire,plate_vampire,frontal,False,calibrated_roi,True,0.0,0.0,0.0,0.0,0.0,0.0,0.0,,0,327,698,841,9.28447800106369,98.22312399046496,23.999814002308995,150.88346500124317,True,True,55,51,0.9272727272727272,0.7709261178970337,plate_vampire,,,0.4125,0.2,True,False,False,False,0,2,,,
plate_vampire/main_sur_bord/20260823T135336Z/frame_0000.jpg,20260823T135336Z,0,0.0,acquisition_tracking,A,magsac,magsac,plate_vampire,,main_sur_bord,False,calibrated_roi,True,0.0,0.0,0.0,0.0,0.0,0.0,0.0,,0,327,698,841,8.48229500115849,91.48186100355815,0.0006490008672699332,99.99332300503738,False,False,0,0,0.0,,,,,0.0,,False,False,False,True,1,1,,,
plate_vampire/main_sur_bord/20260823T135336Z/frame_0001.jpg,20260823T135336Z,1,0.5,acquisition_tracking,A,magsac,magsac,plate_vampire,plate_vampire,main_sur_bord,False,calibrated_roi,True,0.0,0.0,0.0,0.0,0.0,0.0,0.0,,0,327,698,841,8.579091008869,100.62154399929568,23.962610997841693,152.37396099837497,True,True,39,35,0.8974358974358975,0.6752594709396362,plate_vampire,,,0.36,0.2,True,False,False,False,0,1,0.5,,
plate_vampire/main_sur_bord/20260823T135336Z/frame_0002.jpg,20260823T135336Z,2,1.0,acquisition_tracking,A,magsac,magsac,plate_vampire,,main_sur_bord,False,calibrated_roi,True,0.0,0.0,0.0,0.0,0.0,0.0,0.0,,0,327,698,841,13.322525002877228,94.88483499444555,0.0005920010153204203,108.2316000101855,False,False,0,0,0.0,,,,,0.0,,False,False,False,True,1,1,,,
plate_vampire/main_sur_bord/20260823T135336Z/frame_0003.jpg,20260823T135336Z,3,1.5,acquisition_tracking,A,magsac,magsac,plate_vampire,,main_sur_bord,False,calibrated_roi,True,0.0,0.0,0.0,0.0,0.0,0.0,0.0,,0,327,698,841,8.046554998145439,88.77051599847618,0.0004259927663952112,96.84560800087638,False,False,0,0,0.0,,,,,0.0,,False,False,False,True,2,2,,,
plate_vampire/main_sur_bord/20260823T135336Z/frame_0004.jpg,20260823T135336Z,4,2.0,acquisition_tracking,A,magsac,magsac,plate_vampire,,main_sur_bord,False,calibrated_roi,True,0.0,0.0,0.0,0.0,0.0,0.0,0.0,,0,327,698,841,7.86646299820859,88.76075700391084,0.0004079920472577214,96.65690499241464,False,False,0,0,0.0,,,,,0.0,,False,False,False,True,3,3,,,
plate_vampire/main_sur_bord/20260823T135336Z/frame_0005.jpg,20260823T135336Z,5,2.5,acquisition_tracking,A,magsac,magsac,plate_vampire,,main_sur_bord,False,calibrated_roi,True,0.0,0.0,0.0,0.0,0.0,0.0,0.0,,0,327,698,841,8.487073006108403,90.74932598741725,0.000500003807246685,99.26376900693867,False,False,0,0,0.0,,,,,0.0,,False,False,False,True,4,4,,,
plate_vampire/main_sur_bord/20260823T135336Z/frame_0006.jpg,20260823T135336Z,6,3.0,acquisition_tracking,A,magsac,magsac,plate_vampire,plate_vampire,main_sur_bord,False,calibrated_roi,True,0.0,0.0,0.0,0.0,0.0,0.0,0.0,,0,327,698,841,8.829739002976567,97.970920993248,22.9399650124833,149.88813300442416,True,True,33,26,0.7878787878787878,0.9560198783874512,plate_vampire,,,0.23125,0.2,True,False,False,False,0,4,,,
plate_vampire/main_sur_bord/20260823T135336Z/frame_0007.jpg,20260823T135336Z,7,3.5,acquisition_tracking,A,magsac,magsac,plate_vampire,,main_sur_bord,False,calibrated_roi,True,0.0,0.0,0.0,0.0,0.0,0.0,0.0,,0,327,698,841,13.51848800550215,87.42622200225014,0.0007229973562061787,100.97209901141468,False,False,0,0,0.0,,,,,0.0,,False,False,False,True,1,4,,,
plate_vampire/main_sur_bord/20260823T135336Z/frame_0008.jpg,20260823T135336Z,8,4.0,acquisition_tracking,A,magsac,magsac,plate_vampire,,main_sur_bord,False,calibrated_roi,True,0.0,0.0,0.0,0.0,0.0,0.0,0.0,,0,327,698,841,8.363258006284013,89.12353299092501,0.0008890056051313877,97.5175140047213,False,False,0,0,0.0,,,,,0.0,,False,False,False,True,2,4,,,
plate_vampire/main_sur_bord/20260823T135336Z/frame_0009.jpg,20260823T135336Z,9,4.5,acquisition_tracking,A,magsac,magsac,plate_vampire,,main_sur_bord,False,calibrated_roi,True,0.0,0.0,0.0,0.0,0.0,0.0,0.0,,0,327,698,841,8.55220299854409,92.93671000341419,0.0005740002961829305,101.517931005219,False,False,0,0,0.0,,,,,0.0,,False,False,False,True,3,4,,,
plate_vampire/main_sur_bord/20260823T135336Z/frame_0010.jpg,20260823T135336Z,10,5.0,acquisition_tracking,A,magsac,magsac,plate_vampire,,main_sur_bord,False,calibrated_roi,True,0.0,0.0,0.0,0.0,0.0,0.0,0.0,,0,327,698,841,8.857663997332565,95.05626099416986,0.0005180045263841748,103.94112799258437,False,False,0,0,0.0,,,,,0.0,,False,False,False,True,4,4,,,
plate_vampire/main_sur_bord/20260823T135336Z/frame_0011.jpg,20260823T135336Z,11,5.5,acquisition_tracking,A,magsac,magsac,plate_vampire,,main_sur_bord,False,calibrated_roi,True,0.0,0.0,0.0,0.0,0.0,0.0,0.0,,0,327,698,841,8.82688700221479,93.56152299733367,0.0005549954948946834,102.41742899233941,False,False,0,0,0.0,,,,,0.0,,False,False,False,True,5,5,,,
plate_vampire/main_sur_bord/20260823T135336Z/frame_0012.jpg,20260823T135336Z,12,6.0,acquisition_tracking,A,magsac,magsac,plate_vampire,,main_sur_bord,False,calibrated_roi,True,0.0,0.0,0.0,0.0,0.0,0.0,0.0,,0,327,698,841,8.874645995092578,93.06026600825135,0.000500003807246685,101.96280000673141,False,False,0,0,0.0,,,,,0.0,,False,False,False,True,6,6,,,
plate_vampire/main_sur_bord/20260823T135336Z/frame_0013.jpg,20260823T135336Z,13,6.5,acquisition_tracking,A,magsac,magsac,plate_vampire,,main_sur_bord,False,calibrated_roi,True,0.0,0.0,0.0,0.0,0.0,0.0,0.0,,0,327,698,841,8.466387997032143,95.68786999443546,0.0006290065357461572,104.18203599692788,False,False,0,0,0.0,,,,,0.0,,False,False,False,True,7,7,,,
plate_vampire/main_sur_bord/20260823T135336Z/frame_0014.jpg,20260823T135336Z,14,7.0,acquisition_tracking,A,magsac,magsac,plate_vampire,,main_sur_bord,False,calibrated_roi,True,0.0,0.0,0.0,0.0,0.0,0.0,0.0,,0,327,698,841,8.931497999583371,94.0344849950634,0.0005740002961829305,102.99322399077937,False,False,0,0,0.0,,,,,0.0,,False,False,False,True,8,8,,,
plate_vampire/main_sur_bord/20260823T135336Z/frame_0015.jpg,20260823T135336Z,15,7.5,acquisition_tracking,A,magsac,magsac,plate_vampire,,main_sur_bord,False,calibrated_roi,True,0.0,0.0,0.0,0.0,0.0,0.0,0.0,,0,327,698,841,8.82105401251465,93.14839499711525,0.0006659975042566657,101.997614998254,False,False,0,0,0.0,,,,,0.0,,False,False,False,True,9,9,,,
plate_vampire/main_sur_bord/20260823T135336Z/frame_0016.jpg,20260823T135336Z,16,8.0,acquisition_tracking,A,magsac,magsac,plate_vampire,,main_sur_bord,False,calibrated_roi,True,0.0,0.0,0.0,0.0,0.0,0.0,0.0,,0,327,698,841,8.942572007072158,93.06959899549838,0.000500003807246685,102.04022600373719,False,False,0,0,0.0,,,,,0.0,,False,False,False,True,10,10,,,
plate_vampire/main_sur_bord/20260823T135336Z/frame_0017.jpg,20260823T135336Z,17,8.5,acquisition_tracking,A,magsac,magsac,plate_vampire,,main_sur_bord,False,calibrated_roi,True,0.0,0.0,0.0,0.0,0.0,0.0,0.0,,0,327,698,841,8.526202000211924,88.66857200337108,0.0006479967851191759,97.22612600307912,False,False,0,0,0.0,,,,,0.0,,False,False,False,True,11,11,,,
plate_vampire/main_sur_bord/20260823T135336Z/frame_0018.jpg,20260823T135336Z,18,9.0,acquisition_tracking,A,magsac,magsac,plate_vampire,,main_sur_bord,False,calibrated_roi,True,0.0,0.0,0.0,0.0,0.0,0.0,0.0,,0,327,698,841,8.600888002547435,90.37323499796912,0.0005369947757571936,99.00273301173002,False,False,0,0,0.0,,,,,0.0,,False,False,False,True,12,12,,,
plate_vampire/main_sur_bord/20260823T135336Z/frame_0019.jpg,20260823T135336Z,19,9.5,acquisition_tracking,A,magsac,magsac,plate_vampire,,main_sur_bord,False,calibrated_roi,True,0.0,0.0,0.0,0.0,0.0,0.0,0.0,,0,327,698,841,8.744184000534005,98.34267900441773,26.45799401216209,133.57331999577582,True,False,11,6,0.5454545454545454,0.0002382806851528585,plate_bois,,,0.00801068090787717,0.2,False,False,False,True,13,13,,,
plate_vampire/occlusion_angle/20260823T135419Z/frame_0000.jpg,20260823T135419Z,0,0.0,acquisition_tracking,A,magsac,magsac,plate_vampire,plate_vampire,occlusion_angle,False,calibrated_roi,True,0.0,0.0,0.0,0.0,0.0,0.0,0.0,,0,327,698,841,8.74705299793277,99.81698999763466,23.491092986660078,153.11836599721573,True,True,31,25,0.8064516129032258,1.0308164358139038,plate_vampire,,,0.35,0.2,True,False,False,False,0,0,0.0,,
plate_vampire/occlusion_angle/20260823T135419Z/frame_0001.jpg,20260823T135419Z,1,0.5,acquisition_tracking,A,magsac,magsac,plate_vampire,,occlusion_angle,False,tracked,True,0.0,0.0,0.0,0.0,0.0,0.0,0.0,0.3734932669917173,49,384,647,673,13.19445100671146,88.8370339962421,0.0005750043783336878,102.05478100397158,False,False,0,0,0.0,,,,,0.0,,False,False,False,True,1,1,,,
plate_vampire/occlusion_angle/20260823T135419Z/frame_0002.jpg,20260823T135419Z,2,1.0,acquisition_tracking,A,magsac,magsac,plate_vampire,,occlusion_angle,False,tracked,True,0.0,0.0,0.0,0.0,0.0,0.0,0.0,0.7217356568363263,49,384,648,674,12.997229001484811,94.98072401038371,0.0005559995770454407,108.00163800013252,False,False,0,0,0.0,,,,,0.0,,False,False,False,True,2,2,,,
plate_vampire/occlusion_angle/20260823T135419Z/frame_0003.jpg,20260823T135419Z,3,1.5,acquisition_tracking,A,magsac,magsac,plate_vampire,,occlusion_angle,False,tracked,True,0.0,0.0,0.0,0.0,0.0,0.0,0.0,0.7046585316503328,49,384,649,675,13.113155000610277,92.52711899171118,0.0005740002961829305,105.66308799025137,False,False,0,0,0.0,,,,,0.0,,False,False,False,True,3,3,,,
plate_vampire/occlusion_angle/20260823T135419Z/frame_0004.jpg,20260823T135419Z,4,2.0,acquisition_tracking,A,magsac,magsac,plate_vampire,,occlusion_angle,False,tracked,True,0.0,0.0,0.0,0.0,0.0,0.0,0.0,0.7616512098973177,48,383,651,677,12.913320999359712,90.67041799426079,0.0007220078259706497,103.60672199749388,False,False,0,0,0.0,,,,,0.0,,False,False,False,True,4,4,,,
plate_vampire/occlusion_angle/20260823T135419Z/frame_0005.jpg,20260823T135419Z,5,2.5,acquisition_tracking,A,magsac,magsac,plate_vampire,,occlusion_angle,False,tracked,True,0.0,0.0,0.0,0.0,0.0,0.0,0.0,0.6987888389369262,48,382,652,678,12.95261800987646,89.88351299194619,0.00044499756768345833,102.86050099239219,False,False,0,0,0.0,,,,,0.0,,False,False,False,True,5,5,,,
plate_vampire/occlusion_angle/20260823T135419Z/frame_0006.jpg,20260823T135419Z,6,3.0,acquisition_tracking,A,magsac,magsac,plate_vampire,,occlusion_angle,False,tracked,True,0.0,0.0,0.0,0.0,0.0,0.0,0.0,0.7818419950453305,48,381,653,679,12.998154998058453,91.16952799377032,0.0006300106178969145,104.19160999299493,False,False,0,0,0.0,,,,,0.0,,False,False,False,True,6,6,,,
plate_vampire/occlusion_angle/20260823T135419Z/frame_0007.jpg,20260823T135419Z,7,3.5,acquisition_tracking,A,magsac,magsac,plate_vampire,,occlusion_angle,False,tracked,True,0.0,0.0,0.0,0.0,0.0,0.0,0.0,0.8174399274896984,48,381,654,679,13.019100006204098,89.58769899618346,0.0005549954948946834,102.63079800643027,False,False,0,0,0.0,,,,,0.0,,False,False,False,True,7,7,,,
plate_vampire/occlusion_angle/20260823T135419Z/frame_0008.jpg,20260823T135419Z,8,4.0,acquisition_tracking,A,magsac,magsac,plate_vampire,,occlusion_angle,False,tracked,True,0.0,0.0,0.0,0.0,0.0,0.0,0.0,0.8752105286967543,47,380,656,681,13.04250699467957,90.7160669885343,0.000443993485532701,103.78190700430423,False,False,0,0,0.0,,,,,0.0,,False,False,False,True,8,8,,,
plate_vampire/occlusion_angle/20260823T135419Z/frame_0009.jpg,20260823T135419Z,9,4.5,acquisition_tracking,A,magsac,magsac,plate_vampire,plate_vampire,occlusion_angle,False,tracked,True,0.0,0.0,0.0,0.0,0.0,0.0,0.0,0.8000567882064022,46,379,657,683,12.624397000763565,89.73414299543947,23.350371993728913,146.06641899445094,True,True,20,17,0.85,1.0631132125854492,plate_vampire,,,0.3125,0.2,True,False,False,False,0,8,,,
plate_vampire/occlusion_angle/20260823T135419Z/frame_0010.jpg,20260823T135419Z,10,5.0,acquisition_tracking,A,magsac,magsac,plate_vampire,plate_vampire,occlusion_angle,False,tracked,True,0.0,0.0,0.0,0.0,0.0,0.0,0.0,0.4808850234331871,30,391,626,652,13.690097999642603,89.46631000435445,23.485001001972705,146.0521789995255,True,True,53,47,0.8867924528301887,0.8285168409347534,plate_vampire,,,0.37125,0.2,True,False,False,False,0,8,,,
plate_vampire/occlusion_angle/20260823T135419Z/frame_0011.jpg,20260823T135419Z,11,5.5,acquisition_tracking,A,magsac,magsac,plate_vampire,plate_vampire,occlusion_angle,False,tracked,True,0.0,0.0,0.0,0.0,0.0,0.0,0.0,0.424846815107711,74,501,530,542,13.11232200532686,88.04646199860144,23.096019998774864,143.90785100113135,True,True,50,43,0.86,0.7893067598342896,plate_vampire,,,0.31375,0.2,True,False,False,False,0,8,,,
plate_vampire/occlusion_angle/20260823T135419Z/frame_0012.jpg,20260823T135419Z,12,6.0,acquisition_tracking,A,magsac,magsac,plate_vampire,plate_vampire,occlusion_angle,False,tracked,True,0.0,0.0,0.0,0.0,0.0,0.0,0.0,0.3735568110519399,59,496,530,548,13.195061997976154,88.72058999259025,22.85196600132622,144.60108999628574,True,True,35,29,0.8285714285714286,0.9060389399528503,plate_vampire,,,0.27875,0.2,True,False,False,False,0,8,,plate_vampire,6.0
plate_vampire/occlusion_angle/20260823T135419Z/frame_0013.jpg,20260823T135419Z,13,6.5,acquisition_tracking,A,magsac,magsac,plate_vampire,plate_vampire,occlusion_angle,False,calibrated_roi,True,0.0,0.0,0.0,0.0,0.0,0.0,0.0,,0,327,698,841,13.339690995053388,99.99847099243198,23.847796008340083,157.39550400758162,True,True,49,39,0.7959183673469388,0.8663358688354492,plate_vampire,,,0.3575,0.2,True,False,False,False,0,8,,,
plate_vampire/occlusion_angle/20260823T135419Z/frame_0014.jpg,20260823T135419Z,14,7.0,acquisition_tracking,A,magsac,magsac,plate_vampire,plate_vampire,occlusion_angle,False,tracked,True,0.0,0.0,0.0,0.0,0.0,0.0,0.0,0.40855719472363267,85,392,610,656,13.333265989786014,94.83353899850044,23.28489100909792,151.73861000221223,True,True,40,32,0.8,0.8865231275558472,plate_vampire,plate_dague,0.3421052631578947,0.3825,0.2,True,False,False,False,0,8,,,
plate_vampire/occlusion_angle/20260823T135419Z/frame_0015.jpg,20260823T135419Z,15,7.5,acquisition_tracking,A,magsac,magsac,plate_vampire,,occlusion_angle,False,tracked,True,0.0,0.0,0.0,0.0,0.0,0.0,0.0,0.39005283106239286,98,527,524,542,13.33780300046783,83.20325099339243,0.000500003807246685,96.56468201137614,False,False,0,0,0.0,,,,,0.0,,False,False,False,True,1,8,,,
plate_vampire/occlusion_angle/20260823T135419Z/frame_0016.jpg,20260823T135419Z,16,8.0,acquisition_tracking,A,magsac,magsac,plate_vampire,plate_vampire,occlusion_angle,False,tracked,True,0.0,0.0,0.0,0.0,0.0,0.0,0.0,0.5080097035903739,59,519,529,547,12.744563005981036,91.3766570010921,22.3517440026626,147.42717599438038,True,True,30,25,0.8333333333333334,0.7575039863586426,plate_vampire,,,0.27,0.2,True,False,False,False,0,8,,,
plate_vampire/occlusion_angle/20260823T135419Z/frame_0017.jpg,20260823T135419Z,17,8.5,acquisition_tracking,A,magsac,magsac,plate_vampire,,occlusion_angle,False,tracked,True,0.0,0.0,0.0,0.0,0.0,0.0,0.0,0.3539695252061748,59,532,525,529,13.063266000244766,84.02363800269086,0.0004440080374479294,97.11101499851793,False,False,0,0,0.0,,,,,0.0,,False,False,False,True,1,8,,,
plate_vampire/occlusion_angle/20260823T135419Z/frame_0018.jpg,20260823T135419Z,18,9.0,acquisition_tracking,A,magsac,magsac,plate_vampire,,occlusion_angle,False,tracked,True,0.0,0.0,0.0,0.0,0.0,0.0,0.0,0.7543158243093253,58,531,527,531,13.084803009405732,82.46956700168084,0.0005369947757571936,95.57744501216803,False,False,0,0,0.0,,,,,0.0,,False,False,False,True,2,8,,,
plate_vampire/occlusion_angle/20260823T135419Z/frame_0019.jpg,20260823T135419Z,19,9.5,acquisition_tracking,A,magsac,magsac,plate_vampire,,occlusion_angle,False,tracked,True,0.0,0.0,0.0,0.0,0.0,0.0,0.0,0.7050609612675227,57,530,528,532,12.701304003712721,84.45841498905793,0.0005740002961829305,97.18414398957975,False,False,0,0,0.0,,,,,0.0,,False,False,False,True,3,8,,,
